id	src_sha256	text	status	acc_sha	by	batch	date	note
SHOPTAB#0.0	6c74d573fabf6cd8	Kagunam Weapons	accepted	b6028db14fe6d0bf	Codex	full-20261006	2026-10-06	全量英文候選；未經母語者審閱；字模、版面及遊戲路徑另驗
SHOPTAB#0.1	32ee507216ff9948	Chizhedika Armor	accepted	ce0b1d9e2c465979	Codex	full-20261006	2026-10-06	全量英文候選；未經母語者審閱；字模、版面及遊戲路徑另驗
SHOPTAB#0.2	accbf6963956b0e5	Bokarut Contracts	accepted	dc1fed7ddd52d470	Codex	full-20261006	2026-10-06	全量英文候選；未經母語者審閱；字模、版面及遊戲路徑另驗
SHOPTAB#0.3	e5d0cabe979658f1	Airara Contracts	accepted	0cc59a56a11b74ab	Codex	full-20261006	2026-10-06	全量英文候選；未經母語者審閱；字模、版面及遊戲路徑另驗
SHOPTAB#0.4	fa469d36dcd90522	Arumadis Pharmacy	accepted	7e6ce22db89ae539	Codex	full-20261006	2026-10-06	全量英文候選；未經母語者審閱；字模、版面及遊戲路徑另驗
SHOPTAB#0.5	eb57d0df72982cf7	Skut Hospital	accepted	ea15750c7ef552b1	Codex	full-20261006	2026-10-06	全量英文候選；未經母語者審閱；字模、版面及遊戲路徑另驗
SHOPTAB#0.6	67a6223907c41b55	Lenkaru Tavern	accepted	5fc82a2010872d5b	Codex	full-20261006	2026-10-06	全量英文候選；未經母語者審閱；字模、版面及遊戲路徑另驗
SHOPTAB#0.7	ea49ce66798a0ae3	Chikajiru Aircraft	accepted	1ad545ae70aa1a45	Codex	full-20261006	2026-10-06	全量英文候選；未經母語者審閱；字模、版面及遊戲路徑另驗
SHOPTAB#1.0	ad030bc58dbd669f	Shop 0	accepted	676175180d631bca	Codex	full-20261006	2026-10-06	全量英文候選；未經母語者審閱；字模、版面及遊戲路徑另驗
SHOPTAB#1.1	de2f39ceef3f318c	Shop 1	accepted	d4a69134ae3e4f0e	Codex	full-20261006	2026-10-06	全量英文候選；未經母語者審閱；字模、版面及遊戲路徑另驗
SHOPTAB#1.2	8559054e97b9c24b	Shop 2	accepted	f58cd829c883f580	Codex	full-20261006	2026-10-06	全量英文候選；未經母語者審閱；字模、版面及遊戲路徑另驗
SHOPTAB#1.3	44fc7f12a916fd0a	Shop 3	accepted	0af03d4dcf26d548	Codex	full-20261006	2026-10-06	全量英文候選；未經母語者審閱；字模、版面及遊戲路徑另驗
SHOPTAB#1.4	0b2d5cbbe7490515	Shop 4	accepted	ef7d6edcdb48a0d3	Codex	full-20261006	2026-10-06	全量英文候選；未經母語者審閱；字模、版面及遊戲路徑另驗
SHOPTAB#1.5	47f6bc387e7bcb26	Shop 5	accepted	5331aa2cbed7153d	Codex	full-20261006	2026-10-06	全量英文候選；未經母語者審閱；字模、版面及遊戲路徑另驗
SHOPTAB#1.6	d3625a6681e4211b	Shop 6	accepted	ada48eeac6d40638	Codex	full-20261006	2026-10-06	全量英文候選；未經母語者審閱；字模、版面及遊戲路徑另驗
SHOPTAB#1.7	c339cafeadf6c231	Shop 7	accepted	1d6a6ea3753a6f68	Codex	full-20261006	2026-10-06	全量英文候選；未經母語者審閱；字模、版面及遊戲路徑另驗
SHOPTAB#2.0	ad030bc58dbd669f	Shop 0	accepted	676175180d631bca	Codex	full-20261006	2026-10-06	全量英文候選；未經母語者審閱；字模、版面及遊戲路徑另驗
SHOPTAB#2.1	de2f39ceef3f318c	Shop 1	accepted	d4a69134ae3e4f0e	Codex	full-20261006	2026-10-06	全量英文候選；未經母語者審閱；字模、版面及遊戲路徑另驗
SHOPTAB#2.2	8559054e97b9c24b	Shop 2	accepted	f58cd829c883f580	Codex	full-20261006	2026-10-06	全量英文候選；未經母語者審閱；字模、版面及遊戲路徑另驗
SHOPTAB#2.3	44fc7f12a916fd0a	Shop 3	accepted	0af03d4dcf26d548	Codex	full-20261006	2026-10-06	全量英文候選；未經母語者審閱；字模、版面及遊戲路徑另驗
SHOPTAB#2.4	0b2d5cbbe7490515	Shop 4	accepted	ef7d6edcdb48a0d3	Codex	full-20261006	2026-10-06	全量英文候選；未經母語者審閱；字模、版面及遊戲路徑另驗
SHOPTAB#2.5	47f6bc387e7bcb26	Shop 5	accepted	5331aa2cbed7153d	Codex	full-20261006	2026-10-06	全量英文候選；未經母語者審閱；字模、版面及遊戲路徑另驗
SHOPTAB#2.6	d3625a6681e4211b	Shop 6	accepted	ada48eeac6d40638	Codex	full-20261006	2026-10-06	全量英文候選；未經母語者審閱；字模、版面及遊戲路徑另驗
SHOPTAB#2.7	c339cafeadf6c231	Shop 7	accepted	1d6a6ea3753a6f68	Codex	full-20261006	2026-10-06	全量英文候選；未經母語者審閱；字模、版面及遊戲路徑另驗
SHOPTAB#3.0	48ad90d064376d3c	Bisdi Weapons	accepted	88a6f16ca440bc97	Codex	full-20261006	2026-10-06	全量英文候選；未經母語者審閱；字模、版面及遊戲路徑另驗
SHOPTAB#3.1	becc924681088c4a	Kasbigai Armor	accepted	ae3b3cc0889114db	Codex	full-20261006	2026-10-06	全量英文候選；未經母語者審閱；字模、版面及遊戲路徑另驗
SHOPTAB#3.2	f2b062ee1a61718c	Samdigai Contracts	accepted	0457f746e39c620d	Codex	full-20261006	2026-10-06	全量英文候選；未經母語者審閱；字模、版面及遊戲路徑另驗
SHOPTAB#3.3	d6521811039c7c40	Diotgu Contracts	accepted	b8af5c60b3e435e6	Codex	full-20261006	2026-10-06	全量英文候選；未經母語者審閱；字模、版面及遊戲路徑另驗
SHOPTAB#3.4	8bb1f7a7639d7a41	Liuyirei Hospital	accepted	533cc1509642c04a	Codex	full-20261006	2026-10-06	全量英文候選；未經母語者審閱；字模、版面及遊戲路徑另驗
SHOPTAB#3.5	0632a2d72502a4a6	Batno Items	accepted	060b617c3bcfae0e	Codex	full-20261006	2026-10-06	全量英文候選；未經母語者審閱；字模、版面及遊戲路徑另驗
SHOPTAB#3.6	ac34f23acb19c0d9	Caohari Tavern	accepted	d88edcc6ae7e1f19	Codex	full-20261006	2026-10-06	全量英文候選；未經母語者審閱；字模、版面及遊戲路徑另驗
SHOPTAB#3.7	c339cafeadf6c231	Shop 7	accepted	1d6a6ea3753a6f68	Codex	full-20261006	2026-10-06	全量英文候選；未經母語者審閱；字模、版面及遊戲路徑另驗
SHOPTAB#4.0	ad030bc58dbd669f	Shop 0	accepted	676175180d631bca	Codex	full-20261006	2026-10-06	全量英文候選；未經母語者審閱；字模、版面及遊戲路徑另驗
SHOPTAB#4.1	de2f39ceef3f318c	Shop 1	accepted	d4a69134ae3e4f0e	Codex	full-20261006	2026-10-06	全量英文候選；未經母語者審閱；字模、版面及遊戲路徑另驗
SHOPTAB#4.2	8559054e97b9c24b	Shop 2	accepted	f58cd829c883f580	Codex	full-20261006	2026-10-06	全量英文候選；未經母語者審閱；字模、版面及遊戲路徑另驗
SHOPTAB#4.3	44fc7f12a916fd0a	Shop 3	accepted	0af03d4dcf26d548	Codex	full-20261006	2026-10-06	全量英文候選；未經母語者審閱；字模、版面及遊戲路徑另驗
SHOPTAB#4.4	0b2d5cbbe7490515	Shop 4	accepted	ef7d6edcdb48a0d3	Codex	full-20261006	2026-10-06	全量英文候選；未經母語者審閱；字模、版面及遊戲路徑另驗
SHOPTAB#4.5	47f6bc387e7bcb26	Shop 5	accepted	5331aa2cbed7153d	Codex	full-20261006	2026-10-06	全量英文候選；未經母語者審閱；字模、版面及遊戲路徑另驗
SHOPTAB#4.6	d3625a6681e4211b	Shop 6	accepted	ada48eeac6d40638	Codex	full-20261006	2026-10-06	全量英文候選；未經母語者審閱；字模、版面及遊戲路徑另驗
SHOPTAB#4.7	c339cafeadf6c231	Shop 7	accepted	1d6a6ea3753a6f68	Codex	full-20261006	2026-10-06	全量英文候選；未經母語者審閱；字模、版面及遊戲路徑另驗
SHOPTAB#5.0	ad030bc58dbd669f	Shop 0	accepted	676175180d631bca	Codex	full-20261006	2026-10-06	全量英文候選；未經母語者審閱；字模、版面及遊戲路徑另驗
SHOPTAB#5.1	de2f39ceef3f318c	Shop 1	accepted	d4a69134ae3e4f0e	Codex	full-20261006	2026-10-06	全量英文候選；未經母語者審閱；字模、版面及遊戲路徑另驗
SHOPTAB#5.2	8559054e97b9c24b	Shop 2	accepted	f58cd829c883f580	Codex	full-20261006	2026-10-06	全量英文候選；未經母語者審閱；字模、版面及遊戲路徑另驗
SHOPTAB#5.3	44fc7f12a916fd0a	Shop 3	accepted	0af03d4dcf26d548	Codex	full-20261006	2026-10-06	全量英文候選；未經母語者審閱；字模、版面及遊戲路徑另驗
SHOPTAB#5.4	0b2d5cbbe7490515	Shop 4	accepted	ef7d6edcdb48a0d3	Codex	full-20261006	2026-10-06	全量英文候選；未經母語者審閱；字模、版面及遊戲路徑另驗
SHOPTAB#5.5	47f6bc387e7bcb26	Shop 5	accepted	5331aa2cbed7153d	Codex	full-20261006	2026-10-06	全量英文候選；未經母語者審閱；字模、版面及遊戲路徑另驗
SHOPTAB#5.6	d3625a6681e4211b	Shop 6	accepted	ada48eeac6d40638	Codex	full-20261006	2026-10-06	全量英文候選；未經母語者審閱；字模、版面及遊戲路徑另驗
SHOPTAB#5.7	c339cafeadf6c231	Shop 7	accepted	1d6a6ea3753a6f68	Codex	full-20261006	2026-10-06	全量英文候選；未經母語者審閱；字模、版面及遊戲路徑另驗
SHOPTAB#6.0	ad030bc58dbd669f	Shop 0	accepted	676175180d631bca	Codex	full-20261006	2026-10-06	全量英文候選；未經母語者審閱；字模、版面及遊戲路徑另驗
SHOPTAB#6.1	de2f39ceef3f318c	Shop 1	accepted	d4a69134ae3e4f0e	Codex	full-20261006	2026-10-06	全量英文候選；未經母語者審閱；字模、版面及遊戲路徑另驗
SHOPTAB#6.2	8559054e97b9c24b	Shop 2	accepted	f58cd829c883f580	Codex	full-20261006	2026-10-06	全量英文候選；未經母語者審閱；字模、版面及遊戲路徑另驗
SHOPTAB#6.3	44fc7f12a916fd0a	Shop 3	accepted	0af03d4dcf26d548	Codex	full-20261006	2026-10-06	全量英文候選；未經母語者審閱；字模、版面及遊戲路徑另驗
SHOPTAB#6.4	0b2d5cbbe7490515	Shop 4	accepted	ef7d6edcdb48a0d3	Codex	full-20261006	2026-10-06	全量英文候選；未經母語者審閱；字模、版面及遊戲路徑另驗
SHOPTAB#6.5	47f6bc387e7bcb26	Shop 5	accepted	5331aa2cbed7153d	Codex	full-20261006	2026-10-06	全量英文候選；未經母語者審閱；字模、版面及遊戲路徑另驗
SHOPTAB#6.6	d3625a6681e4211b	Shop 6	accepted	ada48eeac6d40638	Codex	full-20261006	2026-10-06	全量英文候選；未經母語者審閱；字模、版面及遊戲路徑另驗
SHOPTAB#6.7	c339cafeadf6c231	Shop 7	accepted	1d6a6ea3753a6f68	Codex	full-20261006	2026-10-06	全量英文候選；未經母語者審閱；字模、版面及遊戲路徑另驗
SHOPTAB#7.0	1f5d18bc01c768fa	Guisham Weapons	accepted	a0fd173cc8507765	Codex	full-20261006	2026-10-06	全量英文候選；未經母語者審閱；字模、版面及遊戲路徑另驗
SHOPTAB#7.1	a20647ba75735877	Gaibigu Armor	accepted	479975f5d116d187	Codex	full-20261006	2026-10-06	全量英文候選；未經母語者審閱；字模、版面及遊戲路徑另驗
SHOPTAB#7.2	e79aae2e2ec3ab80	Boyakori Contracts	accepted	864b9c8eec6af127	Codex	full-20261006	2026-10-06	全量英文候選；未經母語者審閱；字模、版面及遊戲路徑另驗
SHOPTAB#7.3	faf4d5a28a7d2b65	Tanogu Pharmacy	accepted	84ab158db48eb0ff	Codex	full-20261006	2026-10-06	全量英文候選；未經母語者審閱；字模、版面及遊戲路徑另驗
SHOPTAB#7.4	de80965b0ff09ff2	Zihim Items	accepted	ad721b69c886d406	Codex	full-20261006	2026-10-06	全量英文候選；未經母語者審閱；字模、版面及遊戲路徑另驗
SHOPTAB#7.5	1669819ec59183ef	Achimo Items	accepted	db54ff1babfda2e0	Codex	full-20261006	2026-10-06	全量英文候選；未經母語者審閱；字模、版面及遊戲路徑另驗
SHOPTAB#7.6	da8d1c4cbc3184d1	Chiko Tavern	accepted	8aad04b61554dd43	Codex	full-20261006	2026-10-06	全量英文候選；未經母語者審閱；字模、版面及遊戲路徑另驗
SHOPTAB#7.7	dae1ab02a473fb2a	Dioko Tanks	accepted	9c90749f46802443	Codex	full-20261006	2026-10-06	全量英文候選；未經母語者審閱；字模、版面及遊戲路徑另驗
SHOPTAB#8.0	ad030bc58dbd669f	Shop 0	accepted	676175180d631bca	Codex	full-20261006	2026-10-06	全量英文候選；未經母語者審閱；字模、版面及遊戲路徑另驗
SHOPTAB#8.1	de2f39ceef3f318c	Shop 1	accepted	d4a69134ae3e4f0e	Codex	full-20261006	2026-10-06	全量英文候選；未經母語者審閱；字模、版面及遊戲路徑另驗
SHOPTAB#8.2	8559054e97b9c24b	Shop 2	accepted	f58cd829c883f580	Codex	full-20261006	2026-10-06	全量英文候選；未經母語者審閱；字模、版面及遊戲路徑另驗
SHOPTAB#8.3	44fc7f12a916fd0a	Shop 3	accepted	0af03d4dcf26d548	Codex	full-20261006	2026-10-06	全量英文候選；未經母語者審閱；字模、版面及遊戲路徑另驗
SHOPTAB#8.4	0b2d5cbbe7490515	Shop 4	accepted	ef7d6edcdb48a0d3	Codex	full-20261006	2026-10-06	全量英文候選；未經母語者審閱；字模、版面及遊戲路徑另驗
SHOPTAB#8.5	47f6bc387e7bcb26	Shop 5	accepted	5331aa2cbed7153d	Codex	full-20261006	2026-10-06	全量英文候選；未經母語者審閱；字模、版面及遊戲路徑另驗
SHOPTAB#8.6	d3625a6681e4211b	Shop 6	accepted	ada48eeac6d40638	Codex	full-20261006	2026-10-06	全量英文候選；未經母語者審閱；字模、版面及遊戲路徑另驗
SHOPTAB#8.7	c339cafeadf6c231	Shop 7	accepted	1d6a6ea3753a6f68	Codex	full-20261006	2026-10-06	全量英文候選；未經母語者審閱；字模、版面及遊戲路徑另驗
SHOPTAB#9.0	48a2035d425f1d45	Mikiya Weapons	accepted	8f814ad7f2820ad3	Codex	full-20261006	2026-10-06	全量英文候選；未經母語者審閱；字模、版面及遊戲路徑另驗
SHOPTAB#9.1	6c70f9dd2439131c	Romaos Weapons	accepted	f724ebca13251e7d	Codex	full-20261006	2026-10-06	全量英文候選；未經母語者審閱；字模、版面及遊戲路徑另驗
SHOPTAB#9.2	6991a14c8bcbe53a	Limanoi Armor	accepted	caf36eb44716e343	Codex	full-20261006	2026-10-06	全量英文候選；未經母語者審閱；字模、版面及遊戲路徑另驗
SHOPTAB#9.3	0a4df36c23772cde	Chiais Contracts	accepted	9b71c53798519864	Codex	full-20261006	2026-10-06	全量英文候選；未經母語者審閱；字模、版面及遊戲路徑另驗
SHOPTAB#9.4	25c9cf52097271bc	Reyari Contracts	accepted	1e94f44a594b135a	Codex	full-20261006	2026-10-06	全量英文候選；未經母語者審閱；字模、版面及遊戲路徑另驗
SHOPTAB#9.5	e9759642e5cf9838	Reirashi Pharmacy	accepted	ff3b34fa3b83c702	Codex	full-20261006	2026-10-06	全量英文候選；未經母語者審閱；字模、版面及遊戲路徑另驗
SHOPTAB#9.6	19efccf9f31cc23a	Sayuta Tavern	accepted	b019d57c2114b0fc	Codex	full-20261006	2026-10-06	全量英文候選；未經母語者審閱；字模、版面及遊戲路徑另驗
SHOPTAB#9.7	c2a7f493faf34c93	Miruria Cannons	accepted	0905a176828a9093	Codex	full-20261006	2026-10-06	全量英文候選；未經母語者審閱；字模、版面及遊戲路徑另驗
SHOPTAB#10.0	ad030bc58dbd669f	Shop 0	accepted	676175180d631bca	Codex	full-20261006	2026-10-06	全量英文候選；未經母語者審閱；字模、版面及遊戲路徑另驗
SHOPTAB#10.1	de2f39ceef3f318c	Shop 1	accepted	d4a69134ae3e4f0e	Codex	full-20261006	2026-10-06	全量英文候選；未經母語者審閱；字模、版面及遊戲路徑另驗
SHOPTAB#10.2	8559054e97b9c24b	Shop 2	accepted	f58cd829c883f580	Codex	full-20261006	2026-10-06	全量英文候選；未經母語者審閱；字模、版面及遊戲路徑另驗
SHOPTAB#10.3	44fc7f12a916fd0a	Shop 3	accepted	0af03d4dcf26d548	Codex	full-20261006	2026-10-06	全量英文候選；未經母語者審閱；字模、版面及遊戲路徑另驗
SHOPTAB#10.4	0b2d5cbbe7490515	Shop 4	accepted	ef7d6edcdb48a0d3	Codex	full-20261006	2026-10-06	全量英文候選；未經母語者審閱；字模、版面及遊戲路徑另驗
SHOPTAB#10.5	47f6bc387e7bcb26	Shop 5	accepted	5331aa2cbed7153d	Codex	full-20261006	2026-10-06	全量英文候選；未經母語者審閱；字模、版面及遊戲路徑另驗
SHOPTAB#10.6	d3625a6681e4211b	Shop 6	accepted	ada48eeac6d40638	Codex	full-20261006	2026-10-06	全量英文候選；未經母語者審閱；字模、版面及遊戲路徑另驗
SHOPTAB#10.7	c339cafeadf6c231	Shop 7	accepted	1d6a6ea3753a6f68	Codex	full-20261006	2026-10-06	全量英文候選；未經母語者審閱；字模、版面及遊戲路徑另驗
SHOPTAB#11.0	69b6a83102bf8365	Rabiru Weapons	accepted	48e9fca67633c440	Codex	full-20261006	2026-10-06	全量英文候選；未經母語者審閱；字模、版面及遊戲路徑另驗
SHOPTAB#11.1	d794b8d331f8acce	Lokat Armor	accepted	d7c37f8dd0efb202	Codex	full-20261006	2026-10-06	全量英文候選；未經母語者審閱；字模、版面及遊戲路徑另驗
SHOPTAB#11.2	30d55e3fbdc3f5c8	Chisai Contracts	accepted	d10152c03075d036	Codex	full-20261006	2026-10-06	全量英文候選；未經母語者審閱；字模、版面及遊戲路徑另驗
SHOPTAB#11.3	5401e9783bc96672	Shiragu Pharmacy	accepted	6225fc8b8d5002af	Codex	full-20261006	2026-10-06	全量英文候選；未經母語者審閱；字模、版面及遊戲路徑另驗
SHOPTAB#11.4	b4ffce3a1a593245	Berue Pharmacy	accepted	8737791aff589aa3	Codex	full-20261006	2026-10-06	全量英文候選；未經母語者審閱；字模、版面及遊戲路徑另驗
SHOPTAB#11.5	92b640d011524aef	Guisoko Tavern	accepted	0fa8f92f50de661d	Codex	full-20261006	2026-10-06	全量英文候選；未經母語者審閱；字模、版面及遊戲路徑另驗
SHOPTAB#11.6	10eaa4d56bcc5c7c	Berue Tanks	accepted	241836f94828afce	Codex	full-20261006	2026-10-06	全量英文候選；未經母語者審閱；字模、版面及遊戲路徑另驗
SHOPTAB#11.7	c339cafeadf6c231	Shop 7	accepted	1d6a6ea3753a6f68	Codex	full-20261006	2026-10-06	全量英文候選；未經母語者審閱；字模、版面及遊戲路徑另驗
SHOPTAB#12.0	ad030bc58dbd669f	Shop 0	accepted	676175180d631bca	Codex	full-20261006	2026-10-06	全量英文候選；未經母語者審閱；字模、版面及遊戲路徑另驗
SHOPTAB#12.1	de2f39ceef3f318c	Shop 1	accepted	d4a69134ae3e4f0e	Codex	full-20261006	2026-10-06	全量英文候選；未經母語者審閱；字模、版面及遊戲路徑另驗
SHOPTAB#12.2	8559054e97b9c24b	Shop 2	accepted	f58cd829c883f580	Codex	full-20261006	2026-10-06	全量英文候選；未經母語者審閱；字模、版面及遊戲路徑另驗
SHOPTAB#12.3	44fc7f12a916fd0a	Shop 3	accepted	0af03d4dcf26d548	Codex	full-20261006	2026-10-06	全量英文候選；未經母語者審閱；字模、版面及遊戲路徑另驗
SHOPTAB#12.4	0b2d5cbbe7490515	Shop 4	accepted	ef7d6edcdb48a0d3	Codex	full-20261006	2026-10-06	全量英文候選；未經母語者審閱；字模、版面及遊戲路徑另驗
SHOPTAB#12.5	47f6bc387e7bcb26	Shop 5	accepted	5331aa2cbed7153d	Codex	full-20261006	2026-10-06	全量英文候選；未經母語者審閱；字模、版面及遊戲路徑另驗
SHOPTAB#12.6	d3625a6681e4211b	Shop 6	accepted	ada48eeac6d40638	Codex	full-20261006	2026-10-06	全量英文候選；未經母語者審閱；字模、版面及遊戲路徑另驗
SHOPTAB#12.7	c339cafeadf6c231	Shop 7	accepted	1d6a6ea3753a6f68	Codex	full-20261006	2026-10-06	全量英文候選；未經母語者審閱；字模、版面及遊戲路徑另驗
SHOPTAB#13.0	7aa76359af65ce2f	Miris Weapons	accepted	4d6168912ad5bec8	Codex	full-20261006	2026-10-06	全量英文候選；未經母語者審閱；字模、版面及遊戲路徑另驗
SHOPTAB#13.1	f602ce2759840530	Norimo Armor	accepted	df934e8eaa7ef1ad	Codex	full-20261006	2026-10-06	全量英文候選；未經母語者審閱；字模、版面及遊戲路徑另驗
SHOPTAB#13.2	176df8082cb7eef6	Aigaiji Contracts	accepted	6be48a5ac716e0ea	Codex	full-20261006	2026-10-06	全量英文候選；未經母語者審閱；字模、版面及遊戲路徑另驗
SHOPTAB#13.3	69eb06f7ccf8b477	Beodino Contracts	accepted	9d3713757ab7c11c	Codex	full-20261006	2026-10-06	全量英文候選；未經母語者審閱；字模、版面及遊戲路徑另驗
SHOPTAB#13.4	fe5f4be4ce8b6248	Cherenotno Pharmacy	accepted	da6c10ef7a4ff49a	Codex	full-20261006	2026-10-06	全量英文候選；未經母語者審閱；字模、版面及遊戲路徑另驗
SHOPTAB#13.5	0be96dc6f86c4491	Sahasnia Hospital	accepted	27d945d95bcf8a16	Codex	full-20261006	2026-10-06	全量英文候選；未經母語者審閱；字模、版面及遊戲路徑另驗
SHOPTAB#13.6	fd5b20e62feb5cc5	Nomini Items	accepted	e982cdee9339edc1	Codex	full-20261006	2026-10-06	全量英文候選；未經母語者審閱；字模、版面及遊戲路徑另驗
SHOPTAB#13.7	0b111b09643ee5a9	Yagaijimo Tavern	accepted	66342515700aa688	Codex	full-20261006	2026-10-06	全量英文候選；未經母語者審閱；字模、版面及遊戲路徑另驗
SHOPTAB#14.0	ad030bc58dbd669f	Shop 0	accepted	676175180d631bca	Codex	full-20261006	2026-10-06	全量英文候選；未經母語者審閱；字模、版面及遊戲路徑另驗
SHOPTAB#14.1	de2f39ceef3f318c	Shop 1	accepted	d4a69134ae3e4f0e	Codex	full-20261006	2026-10-06	全量英文候選；未經母語者審閱；字模、版面及遊戲路徑另驗
SHOPTAB#14.2	8559054e97b9c24b	Shop 2	accepted	f58cd829c883f580	Codex	full-20261006	2026-10-06	全量英文候選；未經母語者審閱；字模、版面及遊戲路徑另驗
SHOPTAB#14.3	44fc7f12a916fd0a	Shop 3	accepted	0af03d4dcf26d548	Codex	full-20261006	2026-10-06	全量英文候選；未經母語者審閱；字模、版面及遊戲路徑另驗
SHOPTAB#14.4	0b2d5cbbe7490515	Shop 4	accepted	ef7d6edcdb48a0d3	Codex	full-20261006	2026-10-06	全量英文候選；未經母語者審閱；字模、版面及遊戲路徑另驗
SHOPTAB#14.5	47f6bc387e7bcb26	Shop 5	accepted	5331aa2cbed7153d	Codex	full-20261006	2026-10-06	全量英文候選；未經母語者審閱；字模、版面及遊戲路徑另驗
SHOPTAB#14.6	d3625a6681e4211b	Shop 6	accepted	ada48eeac6d40638	Codex	full-20261006	2026-10-06	全量英文候選；未經母語者審閱；字模、版面及遊戲路徑另驗
SHOPTAB#14.7	c339cafeadf6c231	Shop 7	accepted	1d6a6ea3753a6f68	Codex	full-20261006	2026-10-06	全量英文候選；未經母語者審閱；字模、版面及遊戲路徑另驗
SHOPTAB#15.0	9c3bd698f7254724	Teraiki Weapons	accepted	74ab46cf301325f8	Codex	full-20261006	2026-10-06	全量英文候選；未經母語者審閱；字模、版面及遊戲路徑另驗
SHOPTAB#15.1	275d94f47d6f54ed	Spaishi Armor	accepted	2e00c870c37fcc60	Codex	full-20261006	2026-10-06	全量英文候選；未經母語者審閱；字模、版面及遊戲路徑另驗
SHOPTAB#15.2	b3655fe02734b58c	Misterimini Contracts	accepted	f0a4f5387fbbe3f4	Codex	full-20261006	2026-10-06	全量英文候選；未經母語者審閱；字模、版面及遊戲路徑另驗
SHOPTAB#15.3	9f3517bddd6e23d2	Hiyutnigu Pharmacy	accepted	a26369cf2614af5e	Codex	full-20261006	2026-10-06	全量英文候選；未經母語者審閱；字模、版面及遊戲路徑另驗
SHOPTAB#15.4	6be0c3b8c21e2273	Ruimiru Items	accepted	6aeb43a616096c5b	Codex	full-20261006	2026-10-06	全量英文候選；未經母語者審閱；字模、版面及遊戲路徑另驗
SHOPTAB#15.5	c97d54741386a8eb	Kojipu Tavern	accepted	ab54b7806472a715	Codex	full-20261006	2026-10-06	全量英文候選；未經母語者審閱；字模、版面及遊戲路徑另驗
SHOPTAB#15.6	7b42e445802a079a	Ruimiru Aircraft	accepted	67c8206d23a6532b	Codex	full-20261006	2026-10-06	全量英文候選；未經母語者審閱；字模、版面及遊戲路徑另驗
SHOPTAB#15.7	c339cafeadf6c231	Shop 7	accepted	1d6a6ea3753a6f68	Codex	full-20261006	2026-10-06	全量英文候選；未經母語者審閱；字模、版面及遊戲路徑另驗
SHOPTAB#16.0	ad030bc58dbd669f	Shop 0	accepted	676175180d631bca	Codex	full-20261006	2026-10-06	全量英文候選；未經母語者審閱；字模、版面及遊戲路徑另驗
SHOPTAB#16.1	de2f39ceef3f318c	Shop 1	accepted	d4a69134ae3e4f0e	Codex	full-20261006	2026-10-06	全量英文候選；未經母語者審閱；字模、版面及遊戲路徑另驗
SHOPTAB#16.2	8559054e97b9c24b	Shop 2	accepted	f58cd829c883f580	Codex	full-20261006	2026-10-06	全量英文候選；未經母語者審閱；字模、版面及遊戲路徑另驗
SHOPTAB#16.3	44fc7f12a916fd0a	Shop 3	accepted	0af03d4dcf26d548	Codex	full-20261006	2026-10-06	全量英文候選；未經母語者審閱；字模、版面及遊戲路徑另驗
SHOPTAB#16.4	0b2d5cbbe7490515	Shop 4	accepted	ef7d6edcdb48a0d3	Codex	full-20261006	2026-10-06	全量英文候選；未經母語者審閱；字模、版面及遊戲路徑另驗
SHOPTAB#16.5	47f6bc387e7bcb26	Shop 5	accepted	5331aa2cbed7153d	Codex	full-20261006	2026-10-06	全量英文候選；未經母語者審閱；字模、版面及遊戲路徑另驗
SHOPTAB#16.6	d3625a6681e4211b	Shop 6	accepted	ada48eeac6d40638	Codex	full-20261006	2026-10-06	全量英文候選；未經母語者審閱；字模、版面及遊戲路徑另驗
SHOPTAB#16.7	c339cafeadf6c231	Shop 7	accepted	1d6a6ea3753a6f68	Codex	full-20261006	2026-10-06	全量英文候選；未經母語者審閱；字模、版面及遊戲路徑另驗
SHOPTAB#17.0	ad030bc58dbd669f	Shop 0	accepted	676175180d631bca	Codex	full-20261006	2026-10-06	全量英文候選；未經母語者審閱；字模、版面及遊戲路徑另驗
SHOPTAB#17.1	de2f39ceef3f318c	Shop 1	accepted	d4a69134ae3e4f0e	Codex	full-20261006	2026-10-06	全量英文候選；未經母語者審閱；字模、版面及遊戲路徑另驗
SHOPTAB#17.2	8559054e97b9c24b	Shop 2	accepted	f58cd829c883f580	Codex	full-20261006	2026-10-06	全量英文候選；未經母語者審閱；字模、版面及遊戲路徑另驗
SHOPTAB#17.3	44fc7f12a916fd0a	Shop 3	accepted	0af03d4dcf26d548	Codex	full-20261006	2026-10-06	全量英文候選；未經母語者審閱；字模、版面及遊戲路徑另驗
SHOPTAB#17.4	0b2d5cbbe7490515	Shop 4	accepted	ef7d6edcdb48a0d3	Codex	full-20261006	2026-10-06	全量英文候選；未經母語者審閱；字模、版面及遊戲路徑另驗
SHOPTAB#17.5	47f6bc387e7bcb26	Shop 5	accepted	5331aa2cbed7153d	Codex	full-20261006	2026-10-06	全量英文候選；未經母語者審閱；字模、版面及遊戲路徑另驗
SHOPTAB#17.6	d3625a6681e4211b	Shop 6	accepted	ada48eeac6d40638	Codex	full-20261006	2026-10-06	全量英文候選；未經母語者審閱；字模、版面及遊戲路徑另驗
SHOPTAB#17.7	c339cafeadf6c231	Shop 7	accepted	1d6a6ea3753a6f68	Codex	full-20261006	2026-10-06	全量英文候選；未經母語者審閱；字模、版面及遊戲路徑另驗
SHOPTAB#18.0	ad030bc58dbd669f	Shop 0	accepted	676175180d631bca	Codex	full-20261006	2026-10-06	全量英文候選；未經母語者審閱；字模、版面及遊戲路徑另驗
SHOPTAB#18.1	de2f39ceef3f318c	Shop 1	accepted	d4a69134ae3e4f0e	Codex	full-20261006	2026-10-06	全量英文候選；未經母語者審閱；字模、版面及遊戲路徑另驗
SHOPTAB#18.2	8559054e97b9c24b	Shop 2	accepted	f58cd829c883f580	Codex	full-20261006	2026-10-06	全量英文候選；未經母語者審閱；字模、版面及遊戲路徑另驗
SHOPTAB#18.3	44fc7f12a916fd0a	Shop 3	accepted	0af03d4dcf26d548	Codex	full-20261006	2026-10-06	全量英文候選；未經母語者審閱；字模、版面及遊戲路徑另驗
SHOPTAB#18.4	0b2d5cbbe7490515	Shop 4	accepted	ef7d6edcdb48a0d3	Codex	full-20261006	2026-10-06	全量英文候選；未經母語者審閱；字模、版面及遊戲路徑另驗
SHOPTAB#18.5	47f6bc387e7bcb26	Shop 5	accepted	5331aa2cbed7153d	Codex	full-20261006	2026-10-06	全量英文候選；未經母語者審閱；字模、版面及遊戲路徑另驗
SHOPTAB#18.6	d3625a6681e4211b	Shop 6	accepted	ada48eeac6d40638	Codex	full-20261006	2026-10-06	全量英文候選；未經母語者審閱；字模、版面及遊戲路徑另驗
SHOPTAB#18.7	c339cafeadf6c231	Shop 7	accepted	1d6a6ea3753a6f68	Codex	full-20261006	2026-10-06	全量英文候選；未經母語者審閱；字模、版面及遊戲路徑另驗
SHOPTAB#19.0	ad030bc58dbd669f	Shop 0	accepted	676175180d631bca	Codex	full-20261006	2026-10-06	全量英文候選；未經母語者審閱；字模、版面及遊戲路徑另驗
SHOPTAB#19.1	de2f39ceef3f318c	Shop 1	accepted	d4a69134ae3e4f0e	Codex	full-20261006	2026-10-06	全量英文候選；未經母語者審閱；字模、版面及遊戲路徑另驗
SHOPTAB#19.2	8559054e97b9c24b	Shop 2	accepted	f58cd829c883f580	Codex	full-20261006	2026-10-06	全量英文候選；未經母語者審閱；字模、版面及遊戲路徑另驗
SHOPTAB#19.3	44fc7f12a916fd0a	Shop 3	accepted	0af03d4dcf26d548	Codex	full-20261006	2026-10-06	全量英文候選；未經母語者審閱；字模、版面及遊戲路徑另驗
SHOPTAB#19.4	0b2d5cbbe7490515	Shop 4	accepted	ef7d6edcdb48a0d3	Codex	full-20261006	2026-10-06	全量英文候選；未經母語者審閱；字模、版面及遊戲路徑另驗
SHOPTAB#19.5	47f6bc387e7bcb26	Shop 5	accepted	5331aa2cbed7153d	Codex	full-20261006	2026-10-06	全量英文候選；未經母語者審閱；字模、版面及遊戲路徑另驗
SHOPTAB#19.6	d3625a6681e4211b	Shop 6	accepted	ada48eeac6d40638	Codex	full-20261006	2026-10-06	全量英文候選；未經母語者審閱；字模、版面及遊戲路徑另驗
SHOPTAB#19.7	c339cafeadf6c231	Shop 7	accepted	1d6a6ea3753a6f68	Codex	full-20261006	2026-10-06	全量英文候選；未經母語者審閱；字模、版面及遊戲路徑另驗
SHOPTAB#20.0	ad030bc58dbd669f	Shop 0	accepted	676175180d631bca	Codex	full-20261006	2026-10-06	全量英文候選；未經母語者審閱；字模、版面及遊戲路徑另驗
SHOPTAB#20.1	de2f39ceef3f318c	Shop 1	accepted	d4a69134ae3e4f0e	Codex	full-20261006	2026-10-06	全量英文候選；未經母語者審閱；字模、版面及遊戲路徑另驗
SHOPTAB#20.2	8559054e97b9c24b	Shop 2	accepted	f58cd829c883f580	Codex	full-20261006	2026-10-06	全量英文候選；未經母語者審閱；字模、版面及遊戲路徑另驗
SHOPTAB#20.3	44fc7f12a916fd0a	Shop 3	accepted	0af03d4dcf26d548	Codex	full-20261006	2026-10-06	全量英文候選；未經母語者審閱；字模、版面及遊戲路徑另驗
SHOPTAB#20.4	0b2d5cbbe7490515	Shop 4	accepted	ef7d6edcdb48a0d3	Codex	full-20261006	2026-10-06	全量英文候選；未經母語者審閱；字模、版面及遊戲路徑另驗
SHOPTAB#20.5	47f6bc387e7bcb26	Shop 5	accepted	5331aa2cbed7153d	Codex	full-20261006	2026-10-06	全量英文候選；未經母語者審閱；字模、版面及遊戲路徑另驗
SHOPTAB#20.6	d3625a6681e4211b	Shop 6	accepted	ada48eeac6d40638	Codex	full-20261006	2026-10-06	全量英文候選；未經母語者審閱；字模、版面及遊戲路徑另驗
SHOPTAB#20.7	c339cafeadf6c231	Shop 7	accepted	1d6a6ea3753a6f68	Codex	full-20261006	2026-10-06	全量英文候選；未經母語者審閱；字模、版面及遊戲路徑另驗
SHOPTAB#21.0	ad030bc58dbd669f	Shop 0	accepted	676175180d631bca	Codex	full-20261006	2026-10-06	全量英文候選；未經母語者審閱；字模、版面及遊戲路徑另驗
SHOPTAB#21.1	de2f39ceef3f318c	Shop 1	accepted	d4a69134ae3e4f0e	Codex	full-20261006	2026-10-06	全量英文候選；未經母語者審閱；字模、版面及遊戲路徑另驗
SHOPTAB#21.2	8559054e97b9c24b	Shop 2	accepted	f58cd829c883f580	Codex	full-20261006	2026-10-06	全量英文候選；未經母語者審閱；字模、版面及遊戲路徑另驗
SHOPTAB#21.3	44fc7f12a916fd0a	Shop 3	accepted	0af03d4dcf26d548	Codex	full-20261006	2026-10-06	全量英文候選；未經母語者審閱；字模、版面及遊戲路徑另驗
SHOPTAB#21.4	0b2d5cbbe7490515	Shop 4	accepted	ef7d6edcdb48a0d3	Codex	full-20261006	2026-10-06	全量英文候選；未經母語者審閱；字模、版面及遊戲路徑另驗
SHOPTAB#21.5	47f6bc387e7bcb26	Shop 5	accepted	5331aa2cbed7153d	Codex	full-20261006	2026-10-06	全量英文候選；未經母語者審閱；字模、版面及遊戲路徑另驗
SHOPTAB#21.6	d3625a6681e4211b	Shop 6	accepted	ada48eeac6d40638	Codex	full-20261006	2026-10-06	全量英文候選；未經母語者審閱；字模、版面及遊戲路徑另驗
SHOPTAB#21.7	c339cafeadf6c231	Shop 7	accepted	1d6a6ea3753a6f68	Codex	full-20261006	2026-10-06	全量英文候選；未經母語者審閱；字模、版面及遊戲路徑另驗
SHOPTAB#22.0	ad030bc58dbd669f	Shop 0	accepted	676175180d631bca	Codex	full-20261006	2026-10-06	全量英文候選；未經母語者審閱；字模、版面及遊戲路徑另驗
SHOPTAB#22.1	de2f39ceef3f318c	Shop 1	accepted	d4a69134ae3e4f0e	Codex	full-20261006	2026-10-06	全量英文候選；未經母語者審閱；字模、版面及遊戲路徑另驗
SHOPTAB#22.2	8559054e97b9c24b	Shop 2	accepted	f58cd829c883f580	Codex	full-20261006	2026-10-06	全量英文候選；未經母語者審閱；字模、版面及遊戲路徑另驗
SHOPTAB#22.3	44fc7f12a916fd0a	Shop 3	accepted	0af03d4dcf26d548	Codex	full-20261006	2026-10-06	全量英文候選；未經母語者審閱；字模、版面及遊戲路徑另驗
SHOPTAB#22.4	0b2d5cbbe7490515	Shop 4	accepted	ef7d6edcdb48a0d3	Codex	full-20261006	2026-10-06	全量英文候選；未經母語者審閱；字模、版面及遊戲路徑另驗
SHOPTAB#22.5	47f6bc387e7bcb26	Shop 5	accepted	5331aa2cbed7153d	Codex	full-20261006	2026-10-06	全量英文候選；未經母語者審閱；字模、版面及遊戲路徑另驗
SHOPTAB#22.6	d3625a6681e4211b	Shop 6	accepted	ada48eeac6d40638	Codex	full-20261006	2026-10-06	全量英文候選；未經母語者審閱；字模、版面及遊戲路徑另驗
SHOPTAB#22.7	c339cafeadf6c231	Shop 7	accepted	1d6a6ea3753a6f68	Codex	full-20261006	2026-10-06	全量英文候選；未經母語者審閱；字模、版面及遊戲路徑另驗
SHOPTAB#23.0	3640225021f1c429	Zenmikibi Weapons	accepted	dc79f85d7814aadb	Codex	full-20261006	2026-10-06	全量英文候選；未經母語者審閱；字模、版面及遊戲路徑另驗
SHOPTAB#23.1	53d63632d93eba01	Aijima Armor	accepted	638d1a3e2edcfea1	Codex	full-20261006	2026-10-06	全量英文候選；未經母語者審閱；字模、版面及遊戲路徑另驗
SHOPTAB#23.2	2c92e2181a048058	Gukowano Contracts	accepted	dbb664d8d9a10b7e	Codex	full-20261006	2026-10-06	全量英文候選；未經母語者審閱；字模、版面及遊戲路徑另驗
SHOPTAB#23.3	d7eef92dedb3e067	Bomiaifi Pharmacy	accepted	737e7dc9dc7ec41f	Codex	full-20261006	2026-10-06	全量英文候選；未經母語者審閱；字模、版面及遊戲路徑另驗
SHOPTAB#23.4	022691b054f64d12	Inion Items	accepted	fca915cd3c4ecc4b	Codex	full-20261006	2026-10-06	全量英文候選；未經母語者審閱；字模、版面及遊戲路徑另驗
SHOPTAB#23.5	da37dbfed27a8604	Ruais Tavern	accepted	7b8d2fcbd65780a3	Codex	full-20261006	2026-10-06	全量英文候選；未經母語者審閱；字模、版面及遊戲路徑另驗
SHOPTAB#23.6	d3625a6681e4211b	Shop 6	accepted	ada48eeac6d40638	Codex	full-20261006	2026-10-06	全量英文候選；未經母語者審閱；字模、版面及遊戲路徑另驗
SHOPTAB#23.7	c339cafeadf6c231	Shop 7	accepted	1d6a6ea3753a6f68	Codex	full-20261006	2026-10-06	全量英文候選；未經母語者審閱；字模、版面及遊戲路徑另驗
SHOPTAB#24.0	ad030bc58dbd669f	Shop 0	accepted	676175180d631bca	Codex	full-20261006	2026-10-06	全量英文候選；未經母語者審閱；字模、版面及遊戲路徑另驗
SHOPTAB#24.1	de2f39ceef3f318c	Shop 1	accepted	d4a69134ae3e4f0e	Codex	full-20261006	2026-10-06	全量英文候選；未經母語者審閱；字模、版面及遊戲路徑另驗
SHOPTAB#24.2	8559054e97b9c24b	Shop 2	accepted	f58cd829c883f580	Codex	full-20261006	2026-10-06	全量英文候選；未經母語者審閱；字模、版面及遊戲路徑另驗
SHOPTAB#24.3	44fc7f12a916fd0a	Shop 3	accepted	0af03d4dcf26d548	Codex	full-20261006	2026-10-06	全量英文候選；未經母語者審閱；字模、版面及遊戲路徑另驗
SHOPTAB#24.4	0b2d5cbbe7490515	Shop 4	accepted	ef7d6edcdb48a0d3	Codex	full-20261006	2026-10-06	全量英文候選；未經母語者審閱；字模、版面及遊戲路徑另驗
SHOPTAB#24.5	47f6bc387e7bcb26	Shop 5	accepted	5331aa2cbed7153d	Codex	full-20261006	2026-10-06	全量英文候選；未經母語者審閱；字模、版面及遊戲路徑另驗
SHOPTAB#24.6	d3625a6681e4211b	Shop 6	accepted	ada48eeac6d40638	Codex	full-20261006	2026-10-06	全量英文候選；未經母語者審閱；字模、版面及遊戲路徑另驗
SHOPTAB#24.7	c339cafeadf6c231	Shop 7	accepted	1d6a6ea3753a6f68	Codex	full-20261006	2026-10-06	全量英文候選；未經母語者審閱；字模、版面及遊戲路徑另驗
SHOPTAB#25.0	f2e2cfa4b2e69376	Beira Weapons	accepted	1cb0d0920f586266	Codex	full-20261006	2026-10-06	全量英文候選；未經母語者審閱；字模、版面及遊戲路徑另驗
SHOPTAB#25.1	c5877ed418778201	Depshiruno Armor	accepted	4a511499da1de266	Codex	full-20261006	2026-10-06	全量英文候選；未經母語者審閱；字模、版面及遊戲路徑另驗
SHOPTAB#25.2	716abbdf46035b4e	Dignomis Contracts	accepted	fa29799437e6ecc9	Codex	full-20261006	2026-10-06	全量英文候選；未經母語者審閱；字模、版面及遊戲路徑另驗
SHOPTAB#25.3	10556b2aa16859e7	Waranos Contracts	accepted	2ec0d64552a88472	Codex	full-20261006	2026-10-06	全量英文候選；未經母語者審閱；字模、版面及遊戲路徑另驗
SHOPTAB#25.4	675883e5398c5d15	Chizuki Pharmacy	accepted	9ac3b50ec4cbc6a7	Codex	full-20261006	2026-10-06	全量英文候選；未經母語者審閱；字模、版面及遊戲路徑另驗
SHOPTAB#25.5	b36385c67b2c09fb	Terunis Hospital	accepted	9c6f4482ac018b71	Codex	full-20261006	2026-10-06	全量英文候選；未經母語者審閱；字模、版面及遊戲路徑另驗
SHOPTAB#25.6	e48e618b5b54e7c5	Arum Items	accepted	fa95746ff77d5ed0	Codex	full-20261006	2026-10-06	全量英文候選；未經母語者審閱；字模、版面及遊戲路徑另驗
SHOPTAB#25.7	e0c62f341ba15416	Konoen Tavern	accepted	2a505e4f671c221b	Codex	full-20261006	2026-10-06	全量英文候選；未經母語者審閱；字模、版面及遊戲路徑另驗
SHOPTAB#26.0	3f1c0c84af0b0a95	Miberi Weapons	accepted	8fcec5c8a42a5af9	Codex	full-20261006	2026-10-06	全量英文候選；未經母語者審閱；字模、版面及遊戲路徑另驗
SHOPTAB#26.1	25cb514b9e80360b	Retniru Armor	accepted	324b107a5beabc47	Codex	full-20261006	2026-10-06	全量英文候選；未經母語者審閱；字模、版面及遊戲路徑另驗
SHOPTAB#26.2	4eda364976ab92e5	Sifisima Contracts	accepted	71e7d1effd5e015d	Codex	full-20261006	2026-10-06	全量英文候選；未經母語者審閱；字模、版面及遊戲路徑另驗
SHOPTAB#26.3	a47c4cca13f529ba	Ainoit Contracts	accepted	6c68912fbe1a2d32	Codex	full-20261006	2026-10-06	全量英文候選；未經母語者審閱；字模、版面及遊戲路徑另驗
SHOPTAB#26.4	f06bf64b65b1ccb3	Mogurus Contracts	accepted	72a0eeaecb693e44	Codex	full-20261006	2026-10-06	全量英文候選；未經母語者審閱；字模、版面及遊戲路徑另驗
SHOPTAB#26.5	7c22f7c664491b7b	Guitru Pharmacy	accepted	f05092a5f2db1ee4	Codex	full-20261006	2026-10-06	全量英文候選；未經母語者審閱；字模、版面及遊戲路徑另驗
SHOPTAB#26.6	b6d55662f29060e9	Dibiaifi Items	accepted	1eb61bc643cb730d	Codex	full-20261006	2026-10-06	全量英文候選；未經母語者審閱；字模、版面及遊戲路徑另驗
SHOPTAB#26.7	09227aa300b56a90	Berimiai Tavern	accepted	2b8c80b71c033c08	Codex	full-20261006	2026-10-06	全量英文候選；未經母語者審閱；字模、版面及遊戲路徑另驗
SHOPTAB#27.0	ad030bc58dbd669f	Shop 0	accepted	676175180d631bca	Codex	full-20261006	2026-10-06	全量英文候選；未經母語者審閱；字模、版面及遊戲路徑另驗
SHOPTAB#27.1	de2f39ceef3f318c	Shop 1	accepted	d4a69134ae3e4f0e	Codex	full-20261006	2026-10-06	全量英文候選；未經母語者審閱；字模、版面及遊戲路徑另驗
SHOPTAB#27.2	8559054e97b9c24b	Shop 2	accepted	f58cd829c883f580	Codex	full-20261006	2026-10-06	全量英文候選；未經母語者審閱；字模、版面及遊戲路徑另驗
SHOPTAB#27.3	44fc7f12a916fd0a	Shop 3	accepted	0af03d4dcf26d548	Codex	full-20261006	2026-10-06	全量英文候選；未經母語者審閱；字模、版面及遊戲路徑另驗
SHOPTAB#27.4	0b2d5cbbe7490515	Shop 4	accepted	ef7d6edcdb48a0d3	Codex	full-20261006	2026-10-06	全量英文候選；未經母語者審閱；字模、版面及遊戲路徑另驗
SHOPTAB#27.5	47f6bc387e7bcb26	Shop 5	accepted	5331aa2cbed7153d	Codex	full-20261006	2026-10-06	全量英文候選；未經母語者審閱；字模、版面及遊戲路徑另驗
SHOPTAB#27.6	d3625a6681e4211b	Shop 6	accepted	ada48eeac6d40638	Codex	full-20261006	2026-10-06	全量英文候選；未經母語者審閱；字模、版面及遊戲路徑另驗
SHOPTAB#27.7	c339cafeadf6c231	Shop 7	accepted	1d6a6ea3753a6f68	Codex	full-20261006	2026-10-06	全量英文候選；未經母語者審閱；字模、版面及遊戲路徑另驗
SHOPTAB#28.0	ad030bc58dbd669f	Shop 0	accepted	676175180d631bca	Codex	full-20261006	2026-10-06	全量英文候選；未經母語者審閱；字模、版面及遊戲路徑另驗
SHOPTAB#28.1	de2f39ceef3f318c	Shop 1	accepted	d4a69134ae3e4f0e	Codex	full-20261006	2026-10-06	全量英文候選；未經母語者審閱；字模、版面及遊戲路徑另驗
SHOPTAB#28.2	8559054e97b9c24b	Shop 2	accepted	f58cd829c883f580	Codex	full-20261006	2026-10-06	全量英文候選；未經母語者審閱；字模、版面及遊戲路徑另驗
SHOPTAB#28.3	44fc7f12a916fd0a	Shop 3	accepted	0af03d4dcf26d548	Codex	full-20261006	2026-10-06	全量英文候選；未經母語者審閱；字模、版面及遊戲路徑另驗
SHOPTAB#28.4	0b2d5cbbe7490515	Shop 4	accepted	ef7d6edcdb48a0d3	Codex	full-20261006	2026-10-06	全量英文候選；未經母語者審閱；字模、版面及遊戲路徑另驗
SHOPTAB#28.5	47f6bc387e7bcb26	Shop 5	accepted	5331aa2cbed7153d	Codex	full-20261006	2026-10-06	全量英文候選；未經母語者審閱；字模、版面及遊戲路徑另驗
SHOPTAB#28.6	d3625a6681e4211b	Shop 6	accepted	ada48eeac6d40638	Codex	full-20261006	2026-10-06	全量英文候選；未經母語者審閱；字模、版面及遊戲路徑另驗
SHOPTAB#28.7	c339cafeadf6c231	Shop 7	accepted	1d6a6ea3753a6f68	Codex	full-20261006	2026-10-06	全量英文候選；未經母語者審閱；字模、版面及遊戲路徑另驗
SHOPTAB#29.0	ea21766916e9be7b	Kenrutsha Weapons	accepted	ff1b17c994a64aea	Codex	full-20261006	2026-10-06	全量英文候選；未經母語者審閱；字模、版面及遊戲路徑另驗
SHOPTAB#29.1	587bfcbeb9345a84	Aidinia Armor	accepted	54c3011dafbbf7d6	Codex	full-20261006	2026-10-06	全量英文候選；未經母語者審閱；字模、版面及遊戲路徑另驗
SHOPTAB#29.2	7ca0d7f0746ed580	Rashashant Contracts	accepted	154e8e0a139a6d07	Codex	full-20261006	2026-10-06	全量英文候選；未經母語者審閱；字模、版面及遊戲路徑另驗
SHOPTAB#29.3	88e91d8d5f30003d	Tatano Pharmacy	accepted	977fe742ef906f7f	Codex	full-20261006	2026-10-06	全量英文候選；未經母語者審閱；字模、版面及遊戲路徑另驗
SHOPTAB#29.4	c5df14d004d815a9	Chikensiya Hospital	accepted	8e3f0f1b6efe7473	Codex	full-20261006	2026-10-06	全量英文候選；未經母語者審閱；字模、版面及遊戲路徑另驗
SHOPTAB#29.5	838516da952e6aa1	Dizeigu Items	accepted	eb7dd8684ac2f676	Codex	full-20261006	2026-10-06	全量英文候選；未經母語者審閱；字模、版面及遊戲路徑另驗
SHOPTAB#29.6	b960ac1594a8c9a7	Rerimoi Tavern	accepted	85605e1b099b2041	Codex	full-20261006	2026-10-06	全量英文候選；未經母語者審閱；字模、版面及遊戲路徑另驗
SHOPTAB#29.7	42fefbf9327e1f46	Rienyuru Aircraft	accepted	fc7b3152560f1f6d	Codex	full-20261006	2026-10-06	全量英文候選；未經母語者審閱；字模、版面及遊戲路徑另驗
SHOPTAB#30.0	5611cfdb3720941d	Aireiki Weapons	accepted	007d389a2ca7a07c	Codex	full-20261006	2026-10-06	全量英文候選；未經母語者審閱；字模、版面及遊戲路徑另驗
SHOPTAB#30.1	b493018f92218a7f	Teiriti Armor	accepted	b0e4a7bb96f5cc8e	Codex	full-20261006	2026-10-06	全量英文候選；未經母語者審閱；字模、版面及遊戲路徑另驗
SHOPTAB#30.2	b482db2a097beea1	Niruto Contracts	accepted	a35eaa51e778afd6	Codex	full-20261006	2026-10-06	全量英文候選；未經母語者審閱；字模、版面及遊戲路徑另驗
SHOPTAB#30.3	31bf648e8e752d15	Jodienkio Pharmacy	accepted	38a48ec2f7311abb	Codex	full-20261006	2026-10-06	全量英文候選；未經母語者審閱；字模、版面及遊戲路徑另驗
SHOPTAB#30.4	068cf5acfc693dfe	Shachiru Items	accepted	8b1587815a53d9f3	Codex	full-20261006	2026-10-06	全量英文候選；未經母語者審閱；字模、版面及遊戲路徑另驗
SHOPTAB#30.5	3413b4f27b2f69be	Sarabashi Tavern	accepted	359d7b7441604039	Codex	full-20261006	2026-10-06	全量英文候選；未經母語者審閱；字模、版面及遊戲路徑另驗
SHOPTAB#30.6	81da966da146673e	Jodienkio Cannons	accepted	17da383e9ae89dcb	Codex	full-20261006	2026-10-06	全量英文候選；未經母語者審閱；字模、版面及遊戲路徑另驗
SHOPTAB#30.7	d3f9d1b374924ff6	Shachiru Tanks	accepted	81377e4b4cb3eb43	Codex	full-20261006	2026-10-06	全量英文候選；未經母語者審閱；字模、版面及遊戲路徑另驗
SHOPTAB#31.0	5308f23bda33740e	Mitkan Weapons	accepted	66c847baf2daa807	Codex	full-20261006	2026-10-06	全量英文候選；未經母語者審閱；字模、版面及遊戲路徑另驗
SHOPTAB#31.1	bd41840b7ec94415	Aifia Armor	accepted	75f905c03167348c	Codex	full-20261006	2026-10-06	全量英文候選；未經母語者審閱；字模、版面及遊戲路徑另驗
SHOPTAB#31.2	00299783ec61fe5c	Siguin Contracts	accepted	a8022e4ad6a4fcab	Codex	full-20261006	2026-10-06	全量英文候選；未經母語者審閱；字模、版面及遊戲路徑另驗
SHOPTAB#31.3	62fb83d56be2decd	Mioiki Contracts	accepted	b2d2802c539c48f2	Codex	full-20261006	2026-10-06	全量英文候選；未經母語者審閱；字模、版面及遊戲路徑另驗
SHOPTAB#31.4	d58522933c2be320	Matno Pharmacy	accepted	77a5e62c34177bff	Codex	full-20261006	2026-10-06	全量英文候選；未經母語者審閱；字模、版面及遊戲路徑另驗
SHOPTAB#31.5	b12bbab556de7d93	Fidiru Hospital	accepted	d92262c3dc2b6548	Codex	full-20261006	2026-10-06	全量英文候選；未經母語者審閱；字模、版面及遊戲路徑另驗
SHOPTAB#31.6	dd195a9fdcb707d6	Disaai Items	accepted	b8aedd910ff825a3	Codex	full-20261006	2026-10-06	全量英文候選；未經母語者審閱；字模、版面及遊戲路徑另驗
SHOPTAB#31.7	b2c3a8b4b3e791df	Guioin Tavern	accepted	65953c180b472239	Codex	full-20261006	2026-10-06	全量英文候選；未經母語者審閱；字模、版面及遊戲路徑另驗
SHOPTAB#32.0	92a67e2018bc916c	Nidiira Weapons	accepted	9e1493e49d89c8b0	Codex	full-20261006	2026-10-06	全量英文候選；未經母語者審閱；字模、版面及遊戲路徑另驗
SHOPTAB#32.1	d33f2f0713858814	Siribawa Armor	accepted	79b27484e1102c39	Codex	full-20261006	2026-10-06	全量英文候選；未經母語者審閱；字模、版面及遊戲路徑另驗
SHOPTAB#32.2	30e547424ae361ec	Miotchit Contracts	accepted	9fb06d851141fe1f	Codex	full-20261006	2026-10-06	全量英文候選；未經母語者審閱；字模、版面及遊戲路徑另驗
SHOPTAB#32.3	c4ee0e119cb3f0da	Rahit Contracts	accepted	0b2fa3bae1a3c989	Codex	full-20261006	2026-10-06	全量英文候選；未經母語者審閱；字模、版面及遊戲路徑另驗
SHOPTAB#32.4	160ccb53caba0c65	Aishimini Pharmacy	accepted	ccb250f277200929	Codex	full-20261006	2026-10-06	全量英文候選；未經母語者審閱；字模、版面及遊戲路徑另驗
SHOPTAB#32.5	352d149f6a298a9f	Want Tavern	accepted	6fd0a5ff6103cd9c	Codex	full-20261006	2026-10-06	全量英文候選；未經母語者審閱；字模、版面及遊戲路徑另驗
SHOPTAB#32.6	d3625a6681e4211b	Shop 6	accepted	ada48eeac6d40638	Codex	full-20261006	2026-10-06	全量英文候選；未經母語者審閱；字模、版面及遊戲路徑另驗
SHOPTAB#32.7	c339cafeadf6c231	Shop 7	accepted	1d6a6ea3753a6f68	Codex	full-20261006	2026-10-06	全量英文候選；未經母語者審閱；字模、版面及遊戲路徑另驗
SHOPTAB#33.0	ad030bc58dbd669f	Shop 0	accepted	676175180d631bca	Codex	full-20261006	2026-10-06	全量英文候選；未經母語者審閱；字模、版面及遊戲路徑另驗
SHOPTAB#33.1	de2f39ceef3f318c	Shop 1	accepted	d4a69134ae3e4f0e	Codex	full-20261006	2026-10-06	全量英文候選；未經母語者審閱；字模、版面及遊戲路徑另驗
SHOPTAB#33.2	8559054e97b9c24b	Shop 2	accepted	f58cd829c883f580	Codex	full-20261006	2026-10-06	全量英文候選；未經母語者審閱；字模、版面及遊戲路徑另驗
SHOPTAB#33.3	44fc7f12a916fd0a	Shop 3	accepted	0af03d4dcf26d548	Codex	full-20261006	2026-10-06	全量英文候選；未經母語者審閱；字模、版面及遊戲路徑另驗
SHOPTAB#33.4	0b2d5cbbe7490515	Shop 4	accepted	ef7d6edcdb48a0d3	Codex	full-20261006	2026-10-06	全量英文候選；未經母語者審閱；字模、版面及遊戲路徑另驗
SHOPTAB#33.5	47f6bc387e7bcb26	Shop 5	accepted	5331aa2cbed7153d	Codex	full-20261006	2026-10-06	全量英文候選；未經母語者審閱；字模、版面及遊戲路徑另驗
SHOPTAB#33.6	d3625a6681e4211b	Shop 6	accepted	ada48eeac6d40638	Codex	full-20261006	2026-10-06	全量英文候選；未經母語者審閱；字模、版面及遊戲路徑另驗
SHOPTAB#33.7	c339cafeadf6c231	Shop 7	accepted	1d6a6ea3753a6f68	Codex	full-20261006	2026-10-06	全量英文候選；未經母語者審閱；字模、版面及遊戲路徑另驗
SHOPTAB#34.0	ad030bc58dbd669f	Shop 0	accepted	676175180d631bca	Codex	full-20261006	2026-10-06	全量英文候選；未經母語者審閱；字模、版面及遊戲路徑另驗
SHOPTAB#34.1	de2f39ceef3f318c	Shop 1	accepted	d4a69134ae3e4f0e	Codex	full-20261006	2026-10-06	全量英文候選；未經母語者審閱；字模、版面及遊戲路徑另驗
SHOPTAB#34.2	8559054e97b9c24b	Shop 2	accepted	f58cd829c883f580	Codex	full-20261006	2026-10-06	全量英文候選；未經母語者審閱；字模、版面及遊戲路徑另驗
SHOPTAB#34.3	44fc7f12a916fd0a	Shop 3	accepted	0af03d4dcf26d548	Codex	full-20261006	2026-10-06	全量英文候選；未經母語者審閱；字模、版面及遊戲路徑另驗
SHOPTAB#34.4	0b2d5cbbe7490515	Shop 4	accepted	ef7d6edcdb48a0d3	Codex	full-20261006	2026-10-06	全量英文候選；未經母語者審閱；字模、版面及遊戲路徑另驗
SHOPTAB#34.5	47f6bc387e7bcb26	Shop 5	accepted	5331aa2cbed7153d	Codex	full-20261006	2026-10-06	全量英文候選；未經母語者審閱；字模、版面及遊戲路徑另驗
SHOPTAB#34.6	d3625a6681e4211b	Shop 6	accepted	ada48eeac6d40638	Codex	full-20261006	2026-10-06	全量英文候選；未經母語者審閱；字模、版面及遊戲路徑另驗
SHOPTAB#34.7	c339cafeadf6c231	Shop 7	accepted	1d6a6ea3753a6f68	Codex	full-20261006	2026-10-06	全量英文候選；未經母語者審閱；字模、版面及遊戲路徑另驗
SHOPTAB#35.0	426ee34761b2b7b8	Rishania Weapons	accepted	6068120cee962063	Codex	full-20261006	2026-10-06	全量英文候選；未經母語者審閱；字模、版面及遊戲路徑另驗
SHOPTAB#35.1	7a1ad73d7e39203d	Ruimia Armor	accepted	df5aff2e9d5a1c2e	Codex	full-20261006	2026-10-06	全量英文候選；未經母語者審閱；字模、版面及遊戲路徑另驗
SHOPTAB#35.2	f141688bd4629cee	Horanidien Contracts	accepted	32fcd214f63a1be7	Codex	full-20261006	2026-10-06	全量英文候選；未經母語者審閱；字模、版面及遊戲路徑另驗
SHOPTAB#35.3	0a0c7f1b7c98ae74	Hokoigu Pharmacy	accepted	1bddeb29b67b2f54	Codex	full-20261006	2026-10-06	全量英文候選；未經母語者審閱；字模、版面及遊戲路徑另驗
SHOPTAB#35.4	5ba8a6b7e16053aa	Diteii Hospital	accepted	1a86b0715b351b3d	Codex	full-20261006	2026-10-06	全量英文候選；未經母語者審閱；字模、版面及遊戲路徑另驗
SHOPTAB#35.5	49d08bfc2988c487	Berikoa Items	accepted	9ffa8f43554cee20	Codex	full-20261006	2026-10-06	全量英文候選；未經母語者審閱；字模、版面及遊戲路徑另驗
SHOPTAB#35.6	f69329ce04e085dd	Bawasant Tavern	accepted	7262cc5a6123d83b	Codex	full-20261006	2026-10-06	全量英文候選；未經母語者審閱；字模、版面及遊戲路徑另驗
SHOPTAB#35.7	a90e28fcf4106984	Berushibe Aircraft	accepted	a75a555f3b20c106	Codex	full-20261006	2026-10-06	全量英文候選；未經母語者審閱；字模、版面及遊戲路徑另驗
SHOPTAB#36.0	dfb6bc7119805495	Hinoini Weapons	accepted	3f232c7635692c91	Codex	full-20261006	2026-10-06	全量英文候選；未經母語者審閱；字模、版面及遊戲路徑另驗
SHOPTAB#36.1	7840d74f20d9206e	Saochiras Armor	accepted	2e20e1aa7eacc14a	Codex	full-20261006	2026-10-06	全量英文候選；未經母語者審閱；字模、版面及遊戲路徑另驗
SHOPTAB#36.2	461b9e0bb4550681	Teruidi Contracts	accepted	40ba64fa3692ff1c	Codex	full-20261006	2026-10-06	全量英文候選；未經母語者審閱；字模、版面及遊戲路徑另驗
SHOPTAB#36.3	dfbf7cbb1e732529	Ridikat Pharmacy	accepted	89db0a2fe7baea87	Codex	full-20261006	2026-10-06	全量英文候選；未經母語者審閱；字模、版面及遊戲路徑另驗
SHOPTAB#36.4	d983337cd5c060c1	Adakaos Pharmacy	accepted	ac8917949d76591f	Codex	full-20261006	2026-10-06	全量英文候選；未經母語者審閱；字模、版面及遊戲路徑另驗
SHOPTAB#36.5	ebc0097d0f6a4004	Shiteiya Pharmacy	accepted	6c11c9f71bbbe2b1	Codex	full-20261006	2026-10-06	全量英文候選；未經母語者審閱；字模、版面及遊戲路徑另驗
SHOPTAB#36.6	a47d1a40a4362ba4	Karasano Items	accepted	c707d0e511d0035b	Codex	full-20261006	2026-10-06	全量英文候選；未經母語者審閱；字模、版面及遊戲路徑另驗
SHOPTAB#36.7	255ad1e377e64af5	Gaikos Tavern	accepted	b6e2877798deacf7	Codex	full-20261006	2026-10-06	全量英文候選；未經母語者審閱；字模、版面及遊戲路徑另驗
SHOPTAB#37.0	7039c8f375cba332	Asashiwas Weapons	accepted	cd2338e5393cd1f8	Codex	full-20261006	2026-10-06	全量英文候選；未經母語者審閱；字模、版面及遊戲路徑另驗
SHOPTAB#37.1	de94bb34c79e9e3f	Ruiniai Armor	accepted	0560f4ce1d0f01b0	Codex	full-20261006	2026-10-06	全量英文候選；未經母語者審閱；字模、版面及遊戲路徑另驗
SHOPTAB#37.2	314a74bc08e617b5	Taragai Contracts	accepted	d92eb81edca906a2	Codex	full-20261006	2026-10-06	全量英文候選；未經母語者審閱；字模、版面及遊戲路徑另驗
SHOPTAB#37.3	535e74ab9bf47f8b	Kairas Contracts	accepted	066a54bd7c6eb9a3	Codex	full-20261006	2026-10-06	全量英文候選；未經母語者審閱；字模、版面及遊戲路徑另驗
SHOPTAB#37.4	3e0165104755690b	Dakitino Pharmacy	accepted	80b4688617f68488	Codex	full-20261006	2026-10-06	全量英文候選；未經母語者審閱；字模、版面及遊戲路徑另驗
SHOPTAB#37.5	4ad8780168ff547d	Oiidi Items	accepted	609779bd46611554	Codex	full-20261006	2026-10-06	全量英文候選；未經母語者審閱；字模、版面及遊戲路徑另驗
SHOPTAB#37.6	c7f277a2564a4422	Rikaiaban Tavern	accepted	beea2daa382442a5	Codex	full-20261006	2026-10-06	全量英文候選；未經母語者審閱；字模、版面及遊戲路徑另驗
SHOPTAB#37.7	7a0a32274ae6ab7d	Ahanje Tanks	accepted	67cc20198a992de9	Codex	full-20261006	2026-10-06	全量英文候選；未經母語者審閱；字模、版面及遊戲路徑另驗
SHOPTAB#38.0	f760a464f1d72d10	Rirutao Weapons	accepted	6a21f2bfb2441abe	Codex	full-20261006	2026-10-06	全量英文候選；未經母語者審閱；字模、版面及遊戲路徑另驗
SHOPTAB#38.1	b503013e9cd187b9	Noguhem Armor	accepted	937f39902a20d173	Codex	full-20261006	2026-10-06	全量英文候選；未經母語者審閱；字模、版面及遊戲路徑另驗
SHOPTAB#38.2	d8007f836d8c739e	Pureijiaia Contracts	accepted	a23d9b42d1b5e11f	Codex	full-20261006	2026-10-06	全量英文候選；未經母語者審閱；字模、版面及遊戲路徑另驗
SHOPTAB#38.3	0b4d9f7bea5b8400	Lunyuta Contracts	accepted	4476b100c7b7f038	Codex	full-20261006	2026-10-06	全量英文候選；未經母語者審閱；字模、版面及遊戲路徑另驗
SHOPTAB#38.4	c65dc31383a690ea	Shishirabata Items	accepted	e59659111ea0a227	Codex	full-20261006	2026-10-06	全量英文候選；未經母語者審閱；字模、版面及遊戲路徑另驗
SHOPTAB#38.5	3bb637ddcda2c2ad	Garuan Items	accepted	13ac8e2c92cbb3f9	Codex	full-20261006	2026-10-06	全量英文候選；未經母語者審閱；字模、版面及遊戲路徑另驗
SHOPTAB#38.6	ee539c2dced77941	Rarugao Tavern	accepted	f455a5b4c2cf5a4e	Codex	full-20261006	2026-10-06	全量英文候選；未經母語者審閱；字模、版面及遊戲路徑另驗
SHOPTAB#38.7	386f7c506613baf3	Rekano Cannons	accepted	f7d1bfc1470947ac	Codex	full-20261006	2026-10-06	全量英文候選；未經母語者審閱；字模、版面及遊戲路徑另驗
SHOPTAB#39.0	79842c386cfd8716	Gokaino Weapons	accepted	0060f6ba3f4ab6e5	Codex	full-20261006	2026-10-06	全量英文候選；未經母語者審閱；字模、版面及遊戲路徑另驗
SHOPTAB#39.1	aab17fa0aae2adb3	Gumuis Armor	accepted	081559f45cda378f	Codex	full-20261006	2026-10-06	全量英文候選；未經母語者審閱；字模、版面及遊戲路徑另驗
SHOPTAB#39.2	1c4a69a68cb825bc	Shinkiyu Contracts	accepted	50067770f905c193	Codex	full-20261006	2026-10-06	全量英文候選；未經母語者審閱；字模、版面及遊戲路徑另驗
SHOPTAB#39.3	d613c49e74484477	Sharara Pharmacy	accepted	a53edfc8a941841d	Codex	full-20261006	2026-10-06	全量英文候選；未經母語者審閱；字模、版面及遊戲路徑另驗
SHOPTAB#39.4	ef4364fa0c45a72f	Tenonts Items	accepted	f78319916891b9aa	Codex	full-20261006	2026-10-06	全量英文候選；未經母語者審閱；字模、版面及遊戲路徑另驗
SHOPTAB#39.5	f3339b385cd26e83	Noyurain Tavern	accepted	bf0da59c074b8c86	Codex	full-20261006	2026-10-06	全量英文候選；未經母語者審閱；字模、版面及遊戲路徑另驗
SHOPTAB#39.6	d3625a6681e4211b	Shop 6	accepted	ada48eeac6d40638	Codex	full-20261006	2026-10-06	全量英文候選；未經母語者審閱；字模、版面及遊戲路徑另驗
SHOPTAB#39.7	c339cafeadf6c231	Shop 7	accepted	1d6a6ea3753a6f68	Codex	full-20261006	2026-10-06	全量英文候選；未經母語者審閱；字模、版面及遊戲路徑另驗
SHOPTAB#40.0	987ca8fbd4cde565	Kaishifi Contracts	accepted	47e584eaea61ee2f	Codex	full-20261006	2026-10-06	全量英文候選；未經母語者審閱；字模、版面及遊戲路徑另驗
SHOPTAB#40.1	d7f880734a5cc327	Aibikin Contracts	accepted	6894adf6b63c448b	Codex	full-20261006	2026-10-06	全量英文候選；未經母語者審閱；字模、版面及遊戲路徑另驗
SHOPTAB#40.2	2a6c44b9f708baee	Kainokaino Contracts	accepted	f905e0b8796bf27e	Codex	full-20261006	2026-10-06	全量英文候選；未經母語者審閱；字模、版面及遊戲路徑另驗
SHOPTAB#40.3	7dc0411a3556b6c7	Aimirema Contracts	accepted	259a8a8731e2e385	Codex	full-20261006	2026-10-06	全量英文候選；未經母語者審閱；字模、版面及遊戲路徑另驗
SHOPTAB#40.4	599af1f44652ad76	Baiyuon Contracts	accepted	36b4b279a19662cb	Codex	full-20261006	2026-10-06	全量英文候選；未經母語者審閱；字模、版面及遊戲路徑另驗
SHOPTAB#40.5	57bb048e5872d4d1	Bominori Tavern	accepted	2f895650815bef8f	Codex	full-20261006	2026-10-06	全量英文候選；未經母語者審閱；字模、版面及遊戲路徑另驗
SHOPTAB#40.6	7b7705304eb6322f	Daten Aircraft	accepted	3cac4f054140ef42	Codex	full-20261006	2026-10-06	全量英文候選；未經母語者審閱；字模、版面及遊戲路徑另驗
SHOPTAB#40.7	a10445c4a5a2bd60	Richia Aircraft	accepted	0ec34a3793f841af	Codex	full-20261006	2026-10-06	全量英文候選；未經母語者審閱；字模、版面及遊戲路徑另驗
SHOPTAB#41.0	7031379e484122a5	Nokiaion Weapons	accepted	24451c27f050b2d0	Codex	full-20261006	2026-10-06	全量英文候選；未經母語者審閱；字模、版面及遊戲路徑另驗
SHOPTAB#41.1	b1dde27ed6fb5cd8	Kinimimo Weapons	accepted	d009dada3092b4ed	Codex	full-20261006	2026-10-06	全量英文候選；未經母語者審閱；字模、版面及遊戲路徑另驗
SHOPTAB#41.2	24c2eac7d6d60dbb	Irumi Weapons	accepted	1ff320992c2fc780	Codex	full-20261006	2026-10-06	全量英文候選；未經母語者審閱；字模、版面及遊戲路徑另驗
SHOPTAB#41.3	616c8c2f6010e5a4	Kirum Armor	accepted	0f1ec562cfe6e270	Codex	full-20261006	2026-10-06	全量英文候選；未經母語者審閱；字模、版面及遊戲路徑另驗
SHOPTAB#41.4	c9453d5e1749d867	Nombifias Armor	accepted	4d724dbc2a737eec	Codex	full-20261006	2026-10-06	全量英文候選；未經母語者審閱；字模、版面及遊戲路徑另驗
SHOPTAB#41.5	a03af8ad14dd8e38	Rinorunbi Armor	accepted	17a5a90f2264af27	Codex	full-20261006	2026-10-06	全量英文候選；未經母語者審閱；字模、版面及遊戲路徑另驗
SHOPTAB#41.6	955fdab919c1d5f4	Rabimei Contracts	accepted	2809773cabc99d65	Codex	full-20261006	2026-10-06	全量英文候選；未經母語者審閱；字模、版面及遊戲路徑另驗
SHOPTAB#41.7	a3eca0550d70ce92	Kaishiru Tavern	accepted	031b35c2d627dc85	Codex	full-20261006	2026-10-06	全量英文候選；未經母語者審閱；字模、版面及遊戲路徑另驗
SHOPTAB#42.0	8f3deda118000840	Badiki Weapons	accepted	cf3a89f28c0a8f19	Codex	full-20261006	2026-10-06	全量英文候選；未經母語者審閱；字模、版面及遊戲路徑另驗
SHOPTAB#42.1	bdcd39affbb24ba5	Midikin Armor	accepted	985d162f2e3702ed	Codex	full-20261006	2026-10-06	全量英文候選；未經母語者審閱；字模、版面及遊戲路徑另驗
SHOPTAB#42.2	2c17db8fd59c3ac0	Runyomia Contracts	accepted	75a29c35313b6297	Codex	full-20261006	2026-10-06	全量英文候選；未經母語者審閱；字模、版面及遊戲路徑另驗
SHOPTAB#42.3	79701139fa5f84e9	Haduni Pharmacy	accepted	0ab6c963482c1399	Codex	full-20261006	2026-10-06	全量英文候選；未經母語者審閱；字模、版面及遊戲路徑另驗
SHOPTAB#42.4	de987b5dbd88d909	Deguninoka Hospital	accepted	12db5985cd0d672f	Codex	full-20261006	2026-10-06	全量英文候選；未經母語者審閱；字模、版面及遊戲路徑另驗
SHOPTAB#42.5	e3f1ba2906d13e0c	Aiaira Items	accepted	0b39183101502289	Codex	full-20261006	2026-10-06	全量英文候選；未經母語者審閱；字模、版面及遊戲路徑另驗
SHOPTAB#42.6	682ab5b6389ea5d4	Banaim Tavern	accepted	be6c3088bfe18932	Codex	full-20261006	2026-10-06	全量英文候選；未經母語者審閱；字模、版面及遊戲路徑另驗
SHOPTAB#42.7	1fef44fedb6c8cb9	Kaokori Cannons	accepted	d7578bf16805cabd	Codex	full-20261006	2026-10-06	全量英文候選；未經母語者審閱；字模、版面及遊戲路徑另驗
SHOPTAB#43.0	a12fc874ab0e0aa4	Jekiagu Weapons	accepted	7f36f39661282d5a	Codex	full-20261006	2026-10-06	全量英文候選；未經母語者審閱；字模、版面及遊戲路徑另驗
SHOPTAB#43.1	29de841560a64fb6	Renoa Armor	accepted	7eda51f4e2973158	Codex	full-20261006	2026-10-06	全量英文候選；未經母語者審閱；字模、版面及遊戲路徑另驗
SHOPTAB#43.2	fe17d8ae445d7382	Noiten Contracts	accepted	737e1fd55900bf0e	Codex	full-20261006	2026-10-06	全量英文候選；未經母語者審閱；字模、版面及遊戲路徑另驗
SHOPTAB#43.3	74d68efac718b01e	Ribes Pharmacy	accepted	bb9dba98ec336fd8	Codex	full-20261006	2026-10-06	全量英文候選；未經母語者審閱；字模、版面及遊戲路徑另驗
SHOPTAB#43.4	5cbf866a0a992fc0	Rufitru Items	accepted	988596a6d17244bc	Codex	full-20261006	2026-10-06	全量英文候選；未經母語者審閱；字模、版面及遊戲路徑另驗
SHOPTAB#43.5	51bc8f7e1832dee7	Taharuni Tavern	accepted	a2f3e92f7ea97439	Codex	full-20261006	2026-10-06	全量英文候選；未經母語者審閱；字模、版面及遊戲路徑另驗
SHOPTAB#43.6	ed85d19561c210f5	Disariru Aircraft	accepted	62557e70e6b912cd	Codex	full-20261006	2026-10-06	全量英文候選；未經母語者審閱；字模、版面及遊戲路徑另驗
SHOPTAB#43.7	e48ff08172132e89	Misadi Cannons	accepted	39ce9a506f0c73e0	Codex	full-20261006	2026-10-06	全量英文候選；未經母語者審閱；字模、版面及遊戲路徑另驗
SHOPTAB#44.0	3bcaac83e8291e7d	Shareru Weapons	accepted	56c7ac4fb12bbe49	Codex	full-20261006	2026-10-06	全量英文候選；未經母語者審閱；字模、版面及遊戲路徑另驗
SHOPTAB#44.1	25fc2666d33f876f	Pujeru Weapons	accepted	a5405290f1aadbc6	Codex	full-20261006	2026-10-06	全量英文候選；未經母語者審閱；字模、版面及遊戲路徑另驗
SHOPTAB#44.2	26e31416f75914e9	Remikoa Armor	accepted	5d6b62a5ddc96e9e	Codex	full-20261006	2026-10-06	全量英文候選；未經母語者審閱；字模、版面及遊戲路徑另驗
SHOPTAB#44.3	8481e8c2cf6bba45	Shiyutans Armor	accepted	b4ca2ad4a66d19cc	Codex	full-20261006	2026-10-06	全量英文候選；未經母語者審閱；字模、版面及遊戲路徑另驗
SHOPTAB#44.4	a7101530cfdeeb6e	Notniri Contracts	accepted	1f52098a0c25da2c	Codex	full-20261006	2026-10-06	全量英文候選；未經母語者審閱；字模、版面及遊戲路徑另驗
SHOPTAB#44.5	afea3b22c4cdf505	Irirechi Contracts	accepted	665b8e2f1a0eab6f	Codex	full-20261006	2026-10-06	全量英文候選；未經母語者審閱；字模、版面及遊戲路徑另驗
SHOPTAB#44.6	68db4e8555dfd2b1	Farenon Hospital	accepted	8f28a11ccd8e830c	Codex	full-20261006	2026-10-06	全量英文候選；未經母語者審閱；字模、版面及遊戲路徑另驗
SHOPTAB#44.7	dcc89cc89dc23909	Zinida Tavern	accepted	4a5d6de1730993a6	Codex	full-20261006	2026-10-06	全量英文候選；未經母語者審閱；字模、版面及遊戲路徑另驗
SHOPTAB#45.0	d780df32642a1e2c	Borazkens Weapons	accepted	da5265d20f35379b	Codex	full-20261006	2026-10-06	全量英文候選；未經母語者審閱；字模、版面及遊戲路徑另驗
SHOPTAB#45.1	b81df3a78ac6a982	Ratateit Armor	accepted	21f4a89d90a10bb6	Codex	full-20261006	2026-10-06	全量英文候選；未經母語者審閱；字模、版面及遊戲路徑另驗
SHOPTAB#45.2	884277ff674523c4	Rashijes Contracts	accepted	f51c0161b8a1828b	Codex	full-20261006	2026-10-06	全量英文候選；未經母語者審閱；字模、版面及遊戲路徑另驗
SHOPTAB#45.3	c9f7bc36a11bd0be	Chiris Pharmacy	accepted	8d5895167be968aa	Codex	full-20261006	2026-10-06	全量英文候選；未經母語者審閱；字模、版面及遊戲路徑另驗
SHOPTAB#45.4	38d5451b99bcd289	Rarichia Hospital	accepted	4fa666b61ae4239a	Codex	full-20261006	2026-10-06	全量英文候選；未經母語者審閱；字模、版面及遊戲路徑另驗
SHOPTAB#45.5	e57e39016bdfa3cb	Soruaena Items	accepted	7520d449eed31be7	Codex	full-20261006	2026-10-06	全量英文候選；未經母語者審閱；字模、版面及遊戲路徑另驗
SHOPTAB#45.6	afa36b2b4d4d7f52	Tegusnam Tavern	accepted	cc29111acbcd3b0a	Codex	full-20261006	2026-10-06	全量英文候選；未經母語者審閱；字模、版面及遊戲路徑另驗
SHOPTAB#45.7	75066be87e16078f	Aibo Cannons	accepted	35de859575cce2f2	Codex	full-20261006	2026-10-06	全量英文候選；未經母語者審閱；字模、版面及遊戲路徑另驗
SHOPTAB#46.0	1bce67001009c748	Shiaichis Weapons	accepted	eeef064a14007bd8	Codex	full-20261006	2026-10-06	全量英文候選；未經母語者審閱；字模、版面及遊戲路徑另驗
SHOPTAB#46.1	42a7e0fbdd1be70f	Tatandis Weapons	accepted	23bf69611a48678c	Codex	full-20261006	2026-10-06	全量英文候選；未經母語者審閱；字模、版面及遊戲路徑另驗
SHOPTAB#46.2	97ab3b54901845c2	Ruizen Armor	accepted	614b31148d26c031	Codex	full-20261006	2026-10-06	全量英文候選；未經母語者審閱；字模、版面及遊戲路徑另驗
SHOPTAB#46.3	c144266333720376	Hokison Armor	accepted	2cf8f828c647de44	Codex	full-20261006	2026-10-06	全量英文候選；未經母語者審閱；字模、版面及遊戲路徑另驗
SHOPTAB#46.4	43d387df86532a07	Sayuten Contracts	accepted	97afeebce364675b	Codex	full-20261006	2026-10-06	全量英文候選；未經母語者審閱；字模、版面及遊戲路徑另驗
SHOPTAB#46.5	938f6e3f74b3299e	Yurien Pharmacy	accepted	863cdd2e7c1a50d8	Codex	full-20261006	2026-10-06	全量英文候選；未經母語者審閱；字模、版面及遊戲路徑另驗
SHOPTAB#46.6	26823e13ebde5602	Reidia Hospital	accepted	fb857e1a278e3b04	Codex	full-20261006	2026-10-06	全量英文候選；未經母語者審閱；字模、版面及遊戲路徑另驗
SHOPTAB#46.7	0083a2e4bba5e776	Shabizru Tavern	accepted	ea7473e8e87291d4	Codex	full-20261006	2026-10-06	全量英文候選；未經母語者審閱；字模、版面及遊戲路徑另驗
SHOPTAB#47.0	ad030bc58dbd669f	Shop 0	accepted	676175180d631bca	Codex	full-20261006	2026-10-06	全量英文候選；未經母語者審閱；字模、版面及遊戲路徑另驗
SHOPTAB#47.1	de2f39ceef3f318c	Shop 1	accepted	d4a69134ae3e4f0e	Codex	full-20261006	2026-10-06	全量英文候選；未經母語者審閱；字模、版面及遊戲路徑另驗
SHOPTAB#47.2	8559054e97b9c24b	Shop 2	accepted	f58cd829c883f580	Codex	full-20261006	2026-10-06	全量英文候選；未經母語者審閱；字模、版面及遊戲路徑另驗
SHOPTAB#47.3	44fc7f12a916fd0a	Shop 3	accepted	0af03d4dcf26d548	Codex	full-20261006	2026-10-06	全量英文候選；未經母語者審閱；字模、版面及遊戲路徑另驗
SHOPTAB#47.4	0b2d5cbbe7490515	Shop 4	accepted	ef7d6edcdb48a0d3	Codex	full-20261006	2026-10-06	全量英文候選；未經母語者審閱；字模、版面及遊戲路徑另驗
SHOPTAB#47.5	47f6bc387e7bcb26	Shop 5	accepted	5331aa2cbed7153d	Codex	full-20261006	2026-10-06	全量英文候選；未經母語者審閱；字模、版面及遊戲路徑另驗
SHOPTAB#47.6	d3625a6681e4211b	Shop 6	accepted	ada48eeac6d40638	Codex	full-20261006	2026-10-06	全量英文候選；未經母語者審閱；字模、版面及遊戲路徑另驗
SHOPTAB#47.7	c339cafeadf6c231	Shop 7	accepted	1d6a6ea3753a6f68	Codex	full-20261006	2026-10-06	全量英文候選；未經母語者審閱；字模、版面及遊戲路徑另驗
SHOPTAB#48.0	ad030bc58dbd669f	Shop 0	accepted	676175180d631bca	Codex	full-20261006	2026-10-06	全量英文候選；未經母語者審閱；字模、版面及遊戲路徑另驗
SHOPTAB#48.1	de2f39ceef3f318c	Shop 1	accepted	d4a69134ae3e4f0e	Codex	full-20261006	2026-10-06	全量英文候選；未經母語者審閱；字模、版面及遊戲路徑另驗
SHOPTAB#48.2	8559054e97b9c24b	Shop 2	accepted	f58cd829c883f580	Codex	full-20261006	2026-10-06	全量英文候選；未經母語者審閱；字模、版面及遊戲路徑另驗
SHOPTAB#48.3	44fc7f12a916fd0a	Shop 3	accepted	0af03d4dcf26d548	Codex	full-20261006	2026-10-06	全量英文候選；未經母語者審閱；字模、版面及遊戲路徑另驗
SHOPTAB#48.4	0b2d5cbbe7490515	Shop 4	accepted	ef7d6edcdb48a0d3	Codex	full-20261006	2026-10-06	全量英文候選；未經母語者審閱；字模、版面及遊戲路徑另驗
SHOPTAB#48.5	47f6bc387e7bcb26	Shop 5	accepted	5331aa2cbed7153d	Codex	full-20261006	2026-10-06	全量英文候選；未經母語者審閱；字模、版面及遊戲路徑另驗
SHOPTAB#48.6	d3625a6681e4211b	Shop 6	accepted	ada48eeac6d40638	Codex	full-20261006	2026-10-06	全量英文候選；未經母語者審閱；字模、版面及遊戲路徑另驗
SHOPTAB#48.7	c339cafeadf6c231	Shop 7	accepted	1d6a6ea3753a6f68	Codex	full-20261006	2026-10-06	全量英文候選；未經母語者審閱；字模、版面及遊戲路徑另驗
SHOPTAB#49.0	322c4d209c1bc43e	Bashanis Weapons	accepted	187b84053041cd57	Codex	full-20261006	2026-10-06	全量英文候選；未經母語者審閱；字模、版面及遊戲路徑另驗
SHOPTAB#49.1	c5358326a403081d	Ragunos Armor	accepted	a1a7a16c1b2cec3f	Codex	full-20261006	2026-10-06	全量英文候選；未經母語者審閱；字模、版面及遊戲路徑另驗
SHOPTAB#49.2	6bb2ac9286063aa2	Hataran Contracts	accepted	995ac946b806ceae	Codex	full-20261006	2026-10-06	全量英文候選；未經母語者審閱；字模、版面及遊戲路徑另驗
SHOPTAB#49.3	0831a0d449beba43	Tenosdi Contracts	accepted	6f4674efc3adcf52	Codex	full-20261006	2026-10-06	全量英文候選；未經母語者審閱；字模、版面及遊戲路徑另驗
SHOPTAB#49.4	10e2501025ffb8ff	Zamakiru Pharmacy	accepted	6d72706f7b0f0cd8	Codex	full-20261006	2026-10-06	全量英文候選；未經母語者審閱；字模、版面及遊戲路徑另驗
SHOPTAB#49.5	e978efe946303de1	Shagunia Hospital	accepted	4e3304ad22da86dd	Codex	full-20261006	2026-10-06	全量英文候選；未經母語者審閱；字模、版面及遊戲路徑另驗
SHOPTAB#49.6	292468d63fa9a91e	Hoit Items	accepted	bdcf2a8335139adb	Codex	full-20261006	2026-10-06	全量英文候選；未經母語者審閱；字模、版面及遊戲路徑另驗
SHOPTAB#49.7	decf118ce5d2c58a	Rainais Tavern	accepted	c8a8ea467dd41d0b	Codex	full-20261006	2026-10-06	全量英文候選；未經母語者審閱；字模、版面及遊戲路徑另驗
SHOPTAB#50.0	62e471a781946ffc	Diim Weapons	accepted	927d9b593156622d	Codex	full-20261006	2026-10-06	全量英文候選；未經母語者審閱；字模、版面及遊戲路徑另驗
SHOPTAB#50.1	feac86c6d5b4d3e0	Mitasafi Armor	accepted	e96e392573b77eb0	Codex	full-20261006	2026-10-06	全量英文候選；未經母語者審閱；字模、版面及遊戲路徑另驗
SHOPTAB#50.2	db2e69f12ba91c50	Rakas Contracts	accepted	307ca59955b42c7f	Codex	full-20261006	2026-10-06	全量英文候選；未經母語者審閱；字模、版面及遊戲路徑另驗
SHOPTAB#50.3	8c79d0f112004225	Tamerusoa Pharmacy	accepted	dfd20d89b35cfc27	Codex	full-20261006	2026-10-06	全量英文候選；未經母語者審閱；字模、版面及遊戲路徑另驗
SHOPTAB#50.4	b57da9b2b760745a	Ainon Items	accepted	6e5251585b84dc25	Codex	full-20261006	2026-10-06	全量英文候選；未經母語者審閱；字模、版面及遊戲路徑另驗
SHOPTAB#50.5	29fc134776b304b6	Magukaina Tavern	accepted	6a381e0a515c98b6	Codex	full-20261006	2026-10-06	全量英文候選；未經母語者審閱；字模、版面及遊戲路徑另驗
SHOPTAB#50.6	7bd2e4e05bcfc4d7	Nochits Tanks	accepted	d20ef980cd12d590	Codex	full-20261006	2026-10-06	全量英文候選；未經母語者審閱；字模、版面及遊戲路徑另驗
SHOPTAB#50.7	4efc436da5d3d7bd	Bidiant Cannons	accepted	15a03ec3896d4c20	Codex	full-20261006	2026-10-06	全量英文候選；未經母語者審閱；字模、版面及遊戲路徑另驗
SHOPTAB#51.0	ad030bc58dbd669f	Shop 0	accepted	676175180d631bca	Codex	full-20261006	2026-10-06	全量英文候選；未經母語者審閱；字模、版面及遊戲路徑另驗
SHOPTAB#51.1	de2f39ceef3f318c	Shop 1	accepted	d4a69134ae3e4f0e	Codex	full-20261006	2026-10-06	全量英文候選；未經母語者審閱；字模、版面及遊戲路徑另驗
SHOPTAB#51.2	8559054e97b9c24b	Shop 2	accepted	f58cd829c883f580	Codex	full-20261006	2026-10-06	全量英文候選；未經母語者審閱；字模、版面及遊戲路徑另驗
SHOPTAB#51.3	44fc7f12a916fd0a	Shop 3	accepted	0af03d4dcf26d548	Codex	full-20261006	2026-10-06	全量英文候選；未經母語者審閱；字模、版面及遊戲路徑另驗
SHOPTAB#51.4	0b2d5cbbe7490515	Shop 4	accepted	ef7d6edcdb48a0d3	Codex	full-20261006	2026-10-06	全量英文候選；未經母語者審閱；字模、版面及遊戲路徑另驗
SHOPTAB#51.5	47f6bc387e7bcb26	Shop 5	accepted	5331aa2cbed7153d	Codex	full-20261006	2026-10-06	全量英文候選；未經母語者審閱；字模、版面及遊戲路徑另驗
SHOPTAB#51.6	d3625a6681e4211b	Shop 6	accepted	ada48eeac6d40638	Codex	full-20261006	2026-10-06	全量英文候選；未經母語者審閱；字模、版面及遊戲路徑另驗
SHOPTAB#51.7	c339cafeadf6c231	Shop 7	accepted	1d6a6ea3753a6f68	Codex	full-20261006	2026-10-06	全量英文候選；未經母語者審閱；字模、版面及遊戲路徑另驗
SHOPTAB#52.0	ad030bc58dbd669f	Shop 0	accepted	676175180d631bca	Codex	full-20261006	2026-10-06	全量英文候選；未經母語者審閱；字模、版面及遊戲路徑另驗
SHOPTAB#52.1	de2f39ceef3f318c	Shop 1	accepted	d4a69134ae3e4f0e	Codex	full-20261006	2026-10-06	全量英文候選；未經母語者審閱；字模、版面及遊戲路徑另驗
SHOPTAB#52.2	8559054e97b9c24b	Shop 2	accepted	f58cd829c883f580	Codex	full-20261006	2026-10-06	全量英文候選；未經母語者審閱；字模、版面及遊戲路徑另驗
SHOPTAB#52.3	44fc7f12a916fd0a	Shop 3	accepted	0af03d4dcf26d548	Codex	full-20261006	2026-10-06	全量英文候選；未經母語者審閱；字模、版面及遊戲路徑另驗
SHOPTAB#52.4	0b2d5cbbe7490515	Shop 4	accepted	ef7d6edcdb48a0d3	Codex	full-20261006	2026-10-06	全量英文候選；未經母語者審閱；字模、版面及遊戲路徑另驗
SHOPTAB#52.5	47f6bc387e7bcb26	Shop 5	accepted	5331aa2cbed7153d	Codex	full-20261006	2026-10-06	全量英文候選；未經母語者審閱；字模、版面及遊戲路徑另驗
SHOPTAB#52.6	d3625a6681e4211b	Shop 6	accepted	ada48eeac6d40638	Codex	full-20261006	2026-10-06	全量英文候選；未經母語者審閱；字模、版面及遊戲路徑另驗
SHOPTAB#52.7	c339cafeadf6c231	Shop 7	accepted	1d6a6ea3753a6f68	Codex	full-20261006	2026-10-06	全量英文候選；未經母語者審閱；字模、版面及遊戲路徑另驗
SHOPTAB#53.0	ad030bc58dbd669f	Shop 0	accepted	676175180d631bca	Codex	full-20261006	2026-10-06	全量英文候選；未經母語者審閱；字模、版面及遊戲路徑另驗
SHOPTAB#53.1	de2f39ceef3f318c	Shop 1	accepted	d4a69134ae3e4f0e	Codex	full-20261006	2026-10-06	全量英文候選；未經母語者審閱；字模、版面及遊戲路徑另驗
SHOPTAB#53.2	8559054e97b9c24b	Shop 2	accepted	f58cd829c883f580	Codex	full-20261006	2026-10-06	全量英文候選；未經母語者審閱；字模、版面及遊戲路徑另驗
SHOPTAB#53.3	44fc7f12a916fd0a	Shop 3	accepted	0af03d4dcf26d548	Codex	full-20261006	2026-10-06	全量英文候選；未經母語者審閱；字模、版面及遊戲路徑另驗
SHOPTAB#53.4	0b2d5cbbe7490515	Shop 4	accepted	ef7d6edcdb48a0d3	Codex	full-20261006	2026-10-06	全量英文候選；未經母語者審閱；字模、版面及遊戲路徑另驗
SHOPTAB#53.5	47f6bc387e7bcb26	Shop 5	accepted	5331aa2cbed7153d	Codex	full-20261006	2026-10-06	全量英文候選；未經母語者審閱；字模、版面及遊戲路徑另驗
SHOPTAB#53.6	d3625a6681e4211b	Shop 6	accepted	ada48eeac6d40638	Codex	full-20261006	2026-10-06	全量英文候選；未經母語者審閱；字模、版面及遊戲路徑另驗
SHOPTAB#53.7	c339cafeadf6c231	Shop 7	accepted	1d6a6ea3753a6f68	Codex	full-20261006	2026-10-06	全量英文候選；未經母語者審閱；字模、版面及遊戲路徑另驗
SHOPTAB#54.0	ad030bc58dbd669f	Shop 0	accepted	676175180d631bca	Codex	full-20261006	2026-10-06	全量英文候選；未經母語者審閱；字模、版面及遊戲路徑另驗
SHOPTAB#54.1	de2f39ceef3f318c	Shop 1	accepted	d4a69134ae3e4f0e	Codex	full-20261006	2026-10-06	全量英文候選；未經母語者審閱；字模、版面及遊戲路徑另驗
SHOPTAB#54.2	8559054e97b9c24b	Shop 2	accepted	f58cd829c883f580	Codex	full-20261006	2026-10-06	全量英文候選；未經母語者審閱；字模、版面及遊戲路徑另驗
SHOPTAB#54.3	44fc7f12a916fd0a	Shop 3	accepted	0af03d4dcf26d548	Codex	full-20261006	2026-10-06	全量英文候選；未經母語者審閱；字模、版面及遊戲路徑另驗
SHOPTAB#54.4	0b2d5cbbe7490515	Shop 4	accepted	ef7d6edcdb48a0d3	Codex	full-20261006	2026-10-06	全量英文候選；未經母語者審閱；字模、版面及遊戲路徑另驗
SHOPTAB#54.5	47f6bc387e7bcb26	Shop 5	accepted	5331aa2cbed7153d	Codex	full-20261006	2026-10-06	全量英文候選；未經母語者審閱；字模、版面及遊戲路徑另驗
SHOPTAB#54.6	d3625a6681e4211b	Shop 6	accepted	ada48eeac6d40638	Codex	full-20261006	2026-10-06	全量英文候選；未經母語者審閱；字模、版面及遊戲路徑另驗
SHOPTAB#54.7	c339cafeadf6c231	Shop 7	accepted	1d6a6ea3753a6f68	Codex	full-20261006	2026-10-06	全量英文候選；未經母語者審閱；字模、版面及遊戲路徑另驗
SHOPTAB#55.0	ad030bc58dbd669f	Shop 0	accepted	676175180d631bca	Codex	full-20261006	2026-10-06	全量英文候選；未經母語者審閱；字模、版面及遊戲路徑另驗
SHOPTAB#55.1	de2f39ceef3f318c	Shop 1	accepted	d4a69134ae3e4f0e	Codex	full-20261006	2026-10-06	全量英文候選；未經母語者審閱；字模、版面及遊戲路徑另驗
SHOPTAB#55.2	8559054e97b9c24b	Shop 2	accepted	f58cd829c883f580	Codex	full-20261006	2026-10-06	全量英文候選；未經母語者審閱；字模、版面及遊戲路徑另驗
SHOPTAB#55.3	44fc7f12a916fd0a	Shop 3	accepted	0af03d4dcf26d548	Codex	full-20261006	2026-10-06	全量英文候選；未經母語者審閱；字模、版面及遊戲路徑另驗
SHOPTAB#55.4	0b2d5cbbe7490515	Shop 4	accepted	ef7d6edcdb48a0d3	Codex	full-20261006	2026-10-06	全量英文候選；未經母語者審閱；字模、版面及遊戲路徑另驗
SHOPTAB#55.5	47f6bc387e7bcb26	Shop 5	accepted	5331aa2cbed7153d	Codex	full-20261006	2026-10-06	全量英文候選；未經母語者審閱；字模、版面及遊戲路徑另驗
SHOPTAB#55.6	d3625a6681e4211b	Shop 6	accepted	ada48eeac6d40638	Codex	full-20261006	2026-10-06	全量英文候選；未經母語者審閱；字模、版面及遊戲路徑另驗
SHOPTAB#55.7	c339cafeadf6c231	Shop 7	accepted	1d6a6ea3753a6f68	Codex	full-20261006	2026-10-06	全量英文候選；未經母語者審閱；字模、版面及遊戲路徑另驗
SHOPTAB#56.0	d9d887ea4266b6ba	Rebamin Weapons	accepted	2040017043c26857	Codex	full-20261006	2026-10-06	全量英文候選；未經母語者審閱；字模、版面及遊戲路徑另驗
SHOPTAB#56.1	fe1d76216075f8bb	Betningu Armor	accepted	ae31d18779fdf39a	Codex	full-20261006	2026-10-06	全量英文候選；未經母語者審閱；字模、版面及遊戲路徑另驗
SHOPTAB#56.2	2fef28f94b605b96	Barisoas Contracts	accepted	d7a5a8620a33aa06	Codex	full-20261006	2026-10-06	全量英文候選；未經母語者審閱；字模、版面及遊戲路徑另驗
SHOPTAB#56.3	2287d103e2c71582	Makeni Pharmacy	accepted	84bc9e101b6c0065	Codex	full-20261006	2026-10-06	全量英文候選；未經母語者審閱；字模、版面及遊戲路徑另驗
SHOPTAB#56.4	c066d9e519007aac	Ratai Items	accepted	4fdb7c729ada0622	Codex	full-20261006	2026-10-06	全量英文候選；未經母語者審閱；字模、版面及遊戲路徑另驗
SHOPTAB#56.5	47e68b69bc176e7a	Chiaipu Tavern	accepted	81cda1883a8c54b4	Codex	full-20261006	2026-10-06	全量英文候選；未經母語者審閱；字模、版面及遊戲路徑另驗
SHOPTAB#56.6	c3c0a4897da7270b	Ichida Tanks	accepted	1f1e6b40f8aa6160	Codex	full-20261006	2026-10-06	全量英文候選；未經母語者審閱；字模、版面及遊戲路徑另驗
SHOPTAB#56.7	b0fedd1df9a5f2f0	Sharuchiben Cannons	accepted	d58cfb2fd338d17c	Codex	full-20261006	2026-10-06	全量英文候選；未經母語者審閱；字模、版面及遊戲路徑另驗
SHOPTAB#57.0	2872c1c1be76d0ec	Kochent Weapons	accepted	2e88a37237356497	Codex	full-20261006	2026-10-06	全量英文候選；未經母語者審閱；字模、版面及遊戲路徑另驗
SHOPTAB#57.1	5b774f2eae9b1a7b	Soairugu Armor	accepted	40e272d2bcf4726a	Codex	full-20261006	2026-10-06	全量英文候選；未經母語者審閱；字模、版面及遊戲路徑另驗
SHOPTAB#57.2	2d61ec5b04e3b323	Norin Contracts	accepted	d53e562d946944cb	Codex	full-20261006	2026-10-06	全量英文候選；未經母語者審閱；字模、版面及遊戲路徑另驗
SHOPTAB#57.3	82c74d546f11bc7b	Shirafia Tanks	accepted	d5a3a36a24f76855	Codex	full-20261006	2026-10-06	全量英文候選；未經母語者審閱；字模、版面及遊戲路徑另驗
SHOPTAB#57.4	65b44f7c67b40c3a	Mazuzaya Aircraft	accepted	e4dfecf1808d89a1	Codex	full-20261006	2026-10-06	全量英文候選；未經母語者審閱；字模、版面及遊戲路徑另驗
SHOPTAB#57.5	b83563f618bd5b92	Koshirat Tavern	accepted	d163acf3b1dddcc8	Codex	full-20261006	2026-10-06	全量英文候選；未經母語者審閱；字模、版面及遊戲路徑另驗
SHOPTAB#57.6	d3625a6681e4211b	Shop 6	accepted	ada48eeac6d40638	Codex	full-20261006	2026-10-06	全量英文候選；未經母語者審閱；字模、版面及遊戲路徑另驗
SHOPTAB#57.7	c339cafeadf6c231	Shop 7	accepted	1d6a6ea3753a6f68	Codex	full-20261006	2026-10-06	全量英文候選；未經母語者審閱；字模、版面及遊戲路徑另驗
SHOPTAB#58.0	65ae01db62f0e802	Muzekai Weapons	accepted	5ee271f676356810	Codex	full-20261006	2026-10-06	全量英文候選；未經母語者審閱；字模、版面及遊戲路徑另驗
SHOPTAB#58.1	b45fd722ac8cd239	Takarus Armor	accepted	b85b3592368b27be	Codex	full-20261006	2026-10-06	全量英文候選；未經母語者審閱；字模、版面及遊戲路徑另驗
SHOPTAB#58.2	ea10958c9500d029	Banidamia Contracts	accepted	5301f8ebd8c7703f	Codex	full-20261006	2026-10-06	全量英文候選；未經母語者審閱；字模、版面及遊戲路徑另驗
SHOPTAB#58.3	76c532d8d50a190e	Gujinoi Pharmacy	accepted	f57fa57fd801ebbc	Codex	full-20261006	2026-10-06	全量英文候選；未經母語者審閱；字模、版面及遊戲路徑另驗
SHOPTAB#58.4	a2ae075eef6a8149	Anachia Items	accepted	8d3792b1a043815d	Codex	full-20261006	2026-10-06	全量英文候選；未經母語者審閱；字模、版面及遊戲路徑另驗
SHOPTAB#58.5	2db53a5ffd8212a9	Tapuam Tavern	accepted	ba8432ac65e65e90	Codex	full-20261006	2026-10-06	全量英文候選；未經母語者審閱；字模、版面及遊戲路徑另驗
SHOPTAB#58.6	5ffab2b09d0ece38	Guzunoi Pharmacy	accepted	44013a75c6645c12	Codex	full-20261006	2026-10-06	全量英文候選；未經母語者審閱；字模、版面及遊戲路徑另驗
SHOPTAB#58.7	c339cafeadf6c231	Shop 7	accepted	1d6a6ea3753a6f68	Codex	full-20261006	2026-10-06	全量英文候選；未經母語者審閱；字模、版面及遊戲路徑另驗
SHOPTAB#59.0	343b2984ec02d5ef	Oreaji Items	accepted	0237a3a8b95e5616	Codex	full-20261006	2026-10-06	全量英文候選；未經母語者審閱；字模、版面及遊戲路徑另驗
SHOPTAB#59.1	c089ddfbdfd8cb42	Runyaki Items	accepted	698419699b90a07d	Codex	full-20261006	2026-10-06	全量英文候選；未經母語者審閱；字模、版面及遊戲路徑另驗
SHOPTAB#59.2	36da9f8ab1c4a7e2	Koruen Items	accepted	9c88df71ff653ee0	Codex	full-20261006	2026-10-06	全量英文候選；未經母語者審閱；字模、版面及遊戲路徑另驗
SHOPTAB#59.3	ed6818d362aca5fc	Niteiya Items	accepted	9a1fb18ba3759e95	Codex	full-20261006	2026-10-06	全量英文候選；未經母語者審閱；字模、版面及遊戲路徑另驗
SHOPTAB#59.4	8d3deabc76f46364	Gumiata Items	accepted	c5a7ec303f54db61	Codex	full-20261006	2026-10-06	全量英文候選；未經母語者審閱；字模、版面及遊戲路徑另驗
SHOPTAB#59.5	b3835822fac1c7d0	Reshini Items	accepted	760ab2718cdd238d	Codex	full-20261006	2026-10-06	全量英文候選；未經母語者審閱；字模、版面及遊戲路徑另驗
SHOPTAB#59.6	8402c383a7b9b2d9	Raribii Items	accepted	17150cce63435bda	Codex	full-20261006	2026-10-06	全量英文候選；未經母語者審閱；字模、版面及遊戲路徑另驗
SHOPTAB#59.7	cc0c21b147f276a5	Runoraji Tavern	accepted	60ccbc4e9aebf4e0	Codex	full-20261006	2026-10-06	全量英文候選；未經母語者審閱；字模、版面及遊戲路徑另驗
SHOPTAB#60.0	4d9bd225ebe9d492	Oratfi Weapons	accepted	c6c295e011e0d0a5	Codex	full-20261006	2026-10-06	全量英文候選；未經母語者審閱；字模、版面及遊戲路徑另驗
SHOPTAB#60.1	9f207bb65492beae	Mashadigu Armor	accepted	fc798af52371025d	Codex	full-20261006	2026-10-06	全量英文候選；未經母語者審閱；字模、版面及遊戲路徑另驗
SHOPTAB#60.2	1c023f4c2b3b4e96	Runjini Contracts	accepted	84db2bd50d8cb1ac	Codex	full-20261006	2026-10-06	全量英文候選；未經母語者審閱；字模、版面及遊戲路徑另驗
SHOPTAB#60.3	e2cc3368c0467239	Yukadigu Pharmacy	accepted	706a82f283b3c937	Codex	full-20261006	2026-10-06	全量英文候選；未經母語者審閱；字模、版面及遊戲路徑另驗
SHOPTAB#60.4	6214d423edb7c1a3	Harabas Items	accepted	415c4835ce3a9f4e	Codex	full-20261006	2026-10-06	全量英文候選；未經母語者審閱；字模、版面及遊戲路徑另驗
SHOPTAB#60.5	3ce4b6d11bb09a78	Chishifiorun Tavern	accepted	c563606de89f03e0	Codex	full-20261006	2026-10-06	全量英文候選；未經母語者審閱；字模、版面及遊戲路徑另驗
SHOPTAB#60.6	cb1bd1d93011ee99	Harabas Aircraft	accepted	53cea43106c1e431	Codex	full-20261006	2026-10-06	全量英文候選；未經母語者審閱；字模、版面及遊戲路徑另驗
SHOPTAB#60.7	81702a741648e94d	Kunostbait	accepted	a518e9c7a78bd9b3	Codex	full-20261006	2026-10-06	全量英文候選；未經母語者審閱；字模、版面及遊戲路徑另驗
SHOPTAB#61.0	56791ee25a2881e1	Ridinan Weapons	accepted	07c068f0e4f2826e	Codex	full-20261006	2026-10-06	全量英文候選；未經母語者審閱；字模、版面及遊戲路徑另驗
SHOPTAB#61.1	bd7c2ec27ee0d291	Raranbait Armor	accepted	9e4feb5c47a901e0	Codex	full-20261006	2026-10-06	全量英文候選；未經母語者審閱；字模、版面及遊戲路徑另驗
SHOPTAB#61.2	9a3c2e09da694432	Raranbait Contracts	accepted	3435129c2f832f7a	Codex	full-20261006	2026-10-06	全量英文候選；未經母語者審閱；字模、版面及遊戲路徑另驗
SHOPTAB#61.3	3e4335b820c6fc4f	Raranbait Pharmacy	accepted	cf1c7b41ab1ae377	Codex	full-20261006	2026-10-06	全量英文候選；未經母語者審閱；字模、版面及遊戲路徑另驗
SHOPTAB#61.4	f3c3c97b1399270a	Raranbait Items	accepted	18a9d9e53afc2ca2	Codex	full-20261006	2026-10-06	全量英文候選；未經母語者審閱；字模、版面及遊戲路徑另驗
SHOPTAB#61.5	9b6d17cdc1753bc8	Baiajishi Tavern	accepted	f023e548a9a1b5bf	Codex	full-20261006	2026-10-06	全量英文候選；未經母語者審閱；字模、版面及遊戲路徑另驗
SHOPTAB#61.6	d3625a6681e4211b	Shop 6	accepted	ada48eeac6d40638	Codex	full-20261006	2026-10-06	全量英文候選；未經母語者審閱；字模、版面及遊戲路徑另驗
SHOPTAB#61.7	c339cafeadf6c231	Shop 7	accepted	1d6a6ea3753a6f68	Codex	full-20261006	2026-10-06	全量英文候選；未經母語者審閱；字模、版面及遊戲路徑另驗
SHOPTAB#62.0	75f49caa6a0ed201	Rikobat Weapons	accepted	565c39e4f59eda80	Codex	full-20261006	2026-10-06	全量英文候選；未經母語者審閱；字模、版面及遊戲路徑另驗
SHOPTAB#62.1	3b016d32a39ac416	Rikobat Armor	accepted	8df040c2b14d933d	Codex	full-20261006	2026-10-06	全量英文候選；未經母語者審閱；字模、版面及遊戲路徑另驗
SHOPTAB#62.2	66122b8251621a65	Rikobat Contracts	accepted	0d608e7823aeb293	Codex	full-20261006	2026-10-06	全量英文候選；未經母語者審閱；字模、版面及遊戲路徑另驗
SHOPTAB#62.3	10a9c34d0ae0d6d8	Rikobat Pharmacy	accepted	864722ac4dfe8fde	Codex	full-20261006	2026-10-06	全量英文候選；未經母語者審閱；字模、版面及遊戲路徑另驗
SHOPTAB#62.4	8006548464074c0a	Rikobat Items	accepted	a16879f6236e4174	Codex	full-20261006	2026-10-06	全量英文候選；未經母語者審閱；字模、版面及遊戲路徑另驗
SHOPTAB#62.5	a732d71a2354b917	Sonidii Tavern	accepted	ea9b99132aff25a1	Codex	full-20261006	2026-10-06	全量英文候選；未經母語者審閱；字模、版面及遊戲路徑另驗
SHOPTAB#62.6	d3625a6681e4211b	Shop 6	accepted	ada48eeac6d40638	Codex	full-20261006	2026-10-06	全量英文候選；未經母語者審閱；字模、版面及遊戲路徑另驗
SHOPTAB#62.7	c339cafeadf6c231	Shop 7	accepted	1d6a6ea3753a6f68	Codex	full-20261006	2026-10-06	全量英文候選；未經母語者審閱；字模、版面及遊戲路徑另驗
SHOPTAB#63.0	0a259c0324e33def	Naikifi Weapons	accepted	d672ca7826d9a96e	Codex	full-20261006	2026-10-06	全量英文候選；未經母語者審閱；字模、版面及遊戲路徑另驗
SHOPTAB#63.1	00469230ced51238	Tarino Armor	accepted	2d725007f3c4adf1	Codex	full-20261006	2026-10-06	全量英文候選；未經母語者審閱；字模、版面及遊戲路徑另驗
SHOPTAB#63.2	613d5dd595f12091	Kasharu Contracts	accepted	5ab1c8ac5cfac3e6	Codex	full-20261006	2026-10-06	全量英文候選；未經母語者審閱；字模、版面及遊戲路徑另驗
SHOPTAB#63.3	ddca01852b28f980	Shionihan Pharmacy	accepted	8810a88cdbb3a11f	Codex	full-20261006	2026-10-06	全量英文候選；未經母語者審閱；字模、版面及遊戲路徑另驗
SHOPTAB#63.4	dd820aa65115167b	Ranaimiri Items	accepted	7bafb5dddcf36347	Codex	full-20261006	2026-10-06	全量英文候選；未經母語者審閱；字模、版面及遊戲路徑另驗
SHOPTAB#63.5	c0de7071c8d48c02	Kiboeru Tavern	accepted	a558068fba05b6b1	Codex	full-20261006	2026-10-06	全量英文候選；未經母語者審閱；字模、版面及遊戲路徑另驗
SHOPTAB#63.6	897933f974b287fc	Ranaimiri Aircraft	accepted	5959264664f0e5d5	Codex	full-20261006	2026-10-06	全量英文候選；未經母語者審閱；字模、版面及遊戲路徑另驗
SHOPTAB#63.7	c339cafeadf6c231	Shop 7	accepted	1d6a6ea3753a6f68	Codex	full-20261006	2026-10-06	全量英文候選；未經母語者審閱；字模、版面及遊戲路徑另驗
SHOPTAB#64.0	ad030bc58dbd669f	Shop 0	accepted	676175180d631bca	Codex	full-20261006	2026-10-06	全量英文候選；未經母語者審閱；字模、版面及遊戲路徑另驗
SHOPTAB#64.1	de2f39ceef3f318c	Shop 1	accepted	d4a69134ae3e4f0e	Codex	full-20261006	2026-10-06	全量英文候選；未經母語者審閱；字模、版面及遊戲路徑另驗
SHOPTAB#64.2	8559054e97b9c24b	Shop 2	accepted	f58cd829c883f580	Codex	full-20261006	2026-10-06	全量英文候選；未經母語者審閱；字模、版面及遊戲路徑另驗
SHOPTAB#64.3	44fc7f12a916fd0a	Shop 3	accepted	0af03d4dcf26d548	Codex	full-20261006	2026-10-06	全量英文候選；未經母語者審閱；字模、版面及遊戲路徑另驗
SHOPTAB#64.4	0b2d5cbbe7490515	Shop 4	accepted	ef7d6edcdb48a0d3	Codex	full-20261006	2026-10-06	全量英文候選；未經母語者審閱；字模、版面及遊戲路徑另驗
SHOPTAB#64.5	47f6bc387e7bcb26	Shop 5	accepted	5331aa2cbed7153d	Codex	full-20261006	2026-10-06	全量英文候選；未經母語者審閱；字模、版面及遊戲路徑另驗
SHOPTAB#64.6	d3625a6681e4211b	Shop 6	accepted	ada48eeac6d40638	Codex	full-20261006	2026-10-06	全量英文候選；未經母語者審閱；字模、版面及遊戲路徑另驗
SHOPTAB#64.7	c339cafeadf6c231	Shop 7	accepted	1d6a6ea3753a6f68	Codex	full-20261006	2026-10-06	全量英文候選；未經母語者審閱；字模、版面及遊戲路徑另驗
SHOPTAB#65.0	9f3812484e290ebc	Shaibishi Weapons	accepted	8668d8628adc1048	Codex	full-20261006	2026-10-06	全量英文候選；未經母語者審閱；字模、版面及遊戲路徑另驗
SHOPTAB#65.1	0efc0fbcb7847a53	Runyanirea Armor	accepted	b1cda0383f6ab6c1	Codex	full-20261006	2026-10-06	全量英文候選；未經母語者審閱；字模、版面及遊戲路徑另驗
SHOPTAB#65.2	1c2fd27dada85f1c	Kiaitba Contracts	accepted	0359a6302256d440	Codex	full-20261006	2026-10-06	全量英文候選；未經母語者審閱；字模、版面及遊戲路徑另驗
SHOPTAB#65.3	e6a608a95a6363d4	Midienji Pharmacy	accepted	4deefad6178b8efa	Codex	full-20261006	2026-10-06	全量英文候選；未經母語者審閱；字模、版面及遊戲路徑另驗
SHOPTAB#65.4	734de781381d0fbb	Yuenom Items	accepted	ffa87954a941c32c	Codex	full-20261006	2026-10-06	全量英文候選；未經母語者審閱；字模、版面及遊戲路徑另驗
SHOPTAB#65.5	0b3f6ccf9e2b821f	Techidinos Tavern	accepted	a7f60bf0a6867106	Codex	full-20261006	2026-10-06	全量英文候選；未經母語者審閱；字模、版面及遊戲路徑另驗
SHOPTAB#65.6	ed209c2edc363abb	Kuramno Cannons	accepted	1a52727ae8c57814	Codex	full-20261006	2026-10-06	全量英文候選；未經母語者審閱；字模、版面及遊戲路徑另驗
SHOPTAB#65.7	c339cafeadf6c231	Shop 7	accepted	1d6a6ea3753a6f68	Codex	full-20261006	2026-10-06	全量英文候選；未經母語者審閱；字模、版面及遊戲路徑另驗
SHOPTAB#66.0	ad030bc58dbd669f	Shop 0	accepted	676175180d631bca	Codex	full-20261006	2026-10-06	全量英文候選；未經母語者審閱；字模、版面及遊戲路徑另驗
SHOPTAB#66.1	de2f39ceef3f318c	Shop 1	accepted	d4a69134ae3e4f0e	Codex	full-20261006	2026-10-06	全量英文候選；未經母語者審閱；字模、版面及遊戲路徑另驗
SHOPTAB#66.2	8559054e97b9c24b	Shop 2	accepted	f58cd829c883f580	Codex	full-20261006	2026-10-06	全量英文候選；未經母語者審閱；字模、版面及遊戲路徑另驗
SHOPTAB#66.3	44fc7f12a916fd0a	Shop 3	accepted	0af03d4dcf26d548	Codex	full-20261006	2026-10-06	全量英文候選；未經母語者審閱；字模、版面及遊戲路徑另驗
SHOPTAB#66.4	0b2d5cbbe7490515	Shop 4	accepted	ef7d6edcdb48a0d3	Codex	full-20261006	2026-10-06	全量英文候選；未經母語者審閱；字模、版面及遊戲路徑另驗
SHOPTAB#66.5	47f6bc387e7bcb26	Shop 5	accepted	5331aa2cbed7153d	Codex	full-20261006	2026-10-06	全量英文候選；未經母語者審閱；字模、版面及遊戲路徑另驗
SHOPTAB#66.6	d3625a6681e4211b	Shop 6	accepted	ada48eeac6d40638	Codex	full-20261006	2026-10-06	全量英文候選；未經母語者審閱；字模、版面及遊戲路徑另驗
SHOPTAB#66.7	c339cafeadf6c231	Shop 7	accepted	1d6a6ea3753a6f68	Codex	full-20261006	2026-10-06	全量英文候選；未經母語者審閱；字模、版面及遊戲路徑另驗
SHOPTAB#67.0	4588f36f7f84eeee	Nosfi Weapons	accepted	0376447f1803e6e4	Codex	full-20261006	2026-10-06	全量英文候選；未經母語者審閱；字模、版面及遊戲路徑另驗
SHOPTAB#67.1	e1e6fdbd970897a0	Didiwas Armor	accepted	3bb96ad3e15560d1	Codex	full-20261006	2026-10-06	全量英文候選；未經母語者審閱；字模、版面及遊戲路徑另驗
SHOPTAB#67.2	9545e5a7ddb1f31e	Magurishi Contracts	accepted	1754b01d22092635	Codex	full-20261006	2026-10-06	全量英文候選；未經母語者審閱；字模、版面及遊戲路徑另驗
SHOPTAB#67.3	70c6ccf143bd66c8	Tesukamiru Contracts	accepted	38d56b08b3ecb736	Codex	full-20261006	2026-10-06	全量英文候選；未經母語者審閱；字模、版面及遊戲路徑另驗
SHOPTAB#67.4	a7b563a41d750dae	Notritan Pharmacy	accepted	a5820d5b0e24d6c7	Codex	full-20261006	2026-10-06	全量英文候選；未經母語者審閱；字模、版面及遊戲路徑另驗
SHOPTAB#67.5	0c8803eeefa2d421	Jebaiyano Items	accepted	8158e0167f400a06	Codex	full-20261006	2026-10-06	全量英文候選；未經母語者審閱；字模、版面及遊戲路徑另驗
SHOPTAB#67.6	6e87a29f95acbe1b	Runrafiaken Tavern	accepted	9e3ecaeecbad70c9	Codex	full-20261006	2026-10-06	全量英文候選；未經母語者審閱；字模、版面及遊戲路徑另驗
SHOPTAB#67.7	df70d07711cbe9e8	Jebaiyano Tanks	accepted	aaa1f9dd111f76e1	Codex	full-20261006	2026-10-06	全量英文候選；未經母語者審閱；字模、版面及遊戲路徑另驗
SHOPTAB#68.0	ad030bc58dbd669f	Shop 0	accepted	676175180d631bca	Codex	full-20261006	2026-10-06	全量英文候選；未經母語者審閱；字模、版面及遊戲路徑另驗
SHOPTAB#68.1	de2f39ceef3f318c	Shop 1	accepted	d4a69134ae3e4f0e	Codex	full-20261006	2026-10-06	全量英文候選；未經母語者審閱；字模、版面及遊戲路徑另驗
SHOPTAB#68.2	8559054e97b9c24b	Shop 2	accepted	f58cd829c883f580	Codex	full-20261006	2026-10-06	全量英文候選；未經母語者審閱；字模、版面及遊戲路徑另驗
SHOPTAB#68.3	44fc7f12a916fd0a	Shop 3	accepted	0af03d4dcf26d548	Codex	full-20261006	2026-10-06	全量英文候選；未經母語者審閱；字模、版面及遊戲路徑另驗
SHOPTAB#68.4	0b2d5cbbe7490515	Shop 4	accepted	ef7d6edcdb48a0d3	Codex	full-20261006	2026-10-06	全量英文候選；未經母語者審閱；字模、版面及遊戲路徑另驗
SHOPTAB#68.5	47f6bc387e7bcb26	Shop 5	accepted	5331aa2cbed7153d	Codex	full-20261006	2026-10-06	全量英文候選；未經母語者審閱；字模、版面及遊戲路徑另驗
SHOPTAB#68.6	d3625a6681e4211b	Shop 6	accepted	ada48eeac6d40638	Codex	full-20261006	2026-10-06	全量英文候選；未經母語者審閱；字模、版面及遊戲路徑另驗
SHOPTAB#68.7	c339cafeadf6c231	Shop 7	accepted	1d6a6ea3753a6f68	Codex	full-20261006	2026-10-06	全量英文候選；未經母語者審閱；字模、版面及遊戲路徑另驗
SHOPTAB#69.0	ad030bc58dbd669f	Shop 0	accepted	676175180d631bca	Codex	full-20261006	2026-10-06	全量英文候選；未經母語者審閱；字模、版面及遊戲路徑另驗
SHOPTAB#69.1	de2f39ceef3f318c	Shop 1	accepted	d4a69134ae3e4f0e	Codex	full-20261006	2026-10-06	全量英文候選；未經母語者審閱；字模、版面及遊戲路徑另驗
SHOPTAB#69.2	8559054e97b9c24b	Shop 2	accepted	f58cd829c883f580	Codex	full-20261006	2026-10-06	全量英文候選；未經母語者審閱；字模、版面及遊戲路徑另驗
SHOPTAB#69.3	44fc7f12a916fd0a	Shop 3	accepted	0af03d4dcf26d548	Codex	full-20261006	2026-10-06	全量英文候選；未經母語者審閱；字模、版面及遊戲路徑另驗
SHOPTAB#69.4	0b2d5cbbe7490515	Shop 4	accepted	ef7d6edcdb48a0d3	Codex	full-20261006	2026-10-06	全量英文候選；未經母語者審閱；字模、版面及遊戲路徑另驗
SHOPTAB#69.5	47f6bc387e7bcb26	Shop 5	accepted	5331aa2cbed7153d	Codex	full-20261006	2026-10-06	全量英文候選；未經母語者審閱；字模、版面及遊戲路徑另驗
SHOPTAB#69.6	d3625a6681e4211b	Shop 6	accepted	ada48eeac6d40638	Codex	full-20261006	2026-10-06	全量英文候選；未經母語者審閱；字模、版面及遊戲路徑另驗
SHOPTAB#69.7	c339cafeadf6c231	Shop 7	accepted	1d6a6ea3753a6f68	Codex	full-20261006	2026-10-06	全量英文候選；未經母語者審閱；字模、版面及遊戲路徑另驗
SHOPTAB#70.0	c962b35e882ba915	Hitkenon Weapons	accepted	902ffd9851a79bbe	Codex	full-20261006	2026-10-06	全量英文候選；未經母語者審閱；字模、版面及遊戲路徑另驗
SHOPTAB#70.1	fa61279c1237944f	Sakiajhi Armor	accepted	a775bf2cf7a12e2a	Codex	full-20261006	2026-10-06	全量英文候選；未經母語者審閱；字模、版面及遊戲路徑另驗
SHOPTAB#70.2	7758063b8dde1c8b	Bireita Contracts	accepted	c66c74bae4379096	Codex	full-20261006	2026-10-06	全量英文候選；未經母語者審閱；字模、版面及遊戲路徑另驗
SHOPTAB#70.3	5365e643aec105b6	Hojimun Contracts	accepted	a1aebd850f0607e5	Codex	full-20261006	2026-10-06	全量英文候選；未經母語者審閱；字模、版面及遊戲路徑另驗
SHOPTAB#70.4	c3eb27626fb95156	Aipu Pharmacy	accepted	0f7c212397c6bf0e	Codex	full-20261006	2026-10-06	全量英文候選；未經母語者審閱；字模、版面及遊戲路徑另驗
SHOPTAB#70.5	ae2040cb8cebb5ac	Borerumo Items	accepted	5dfdee4dfa55b490	Codex	full-20261006	2026-10-06	全量英文候選；未經母語者審閱；字模、版面及遊戲路徑另驗
SHOPTAB#70.6	c8cedfe82258cb7f	Kamkam Tavern	accepted	3ba2bb343b79789a	Codex	full-20261006	2026-10-06	全量英文候選；未經母語者審閱；字模、版面及遊戲路徑另驗
SHOPTAB#70.7	383bd9cfc9f480da	Shifiamit Cannons	accepted	6cb079bfa42b02e2	Codex	full-20261006	2026-10-06	全量英文候選；未經母語者審閱；字模、版面及遊戲路徑另驗
SHOPTAB#71.0	d07772a2592503a3	Chitadai Weapons	accepted	38ec418bdc30710a	Codex	full-20261006	2026-10-06	全量英文候選；未經母語者審閱；字模、版面及遊戲路徑另驗
SHOPTAB#71.1	a25b21135906f89f	Badaran City Armor	accepted	0218adabde7063e0	Codex	full-20261006	2026-10-06	全量英文候選；未經母語者審閱；字模、版面及遊戲路徑另驗
SHOPTAB#71.2	e4a3e360026d937f	Badaran City Contracts	accepted	db6732e6d99530b5	Codex	full-20261006	2026-10-06	全量英文候選；未經母語者審閱；字模、版面及遊戲路徑另驗
SHOPTAB#71.3	823cfb68ce73ff44	Chitadai Pharmacy	accepted	e8b53996eb28bac7	Codex	full-20261006	2026-10-06	全量英文候選；未經母語者審閱；字模、版面及遊戲路徑另驗
SHOPTAB#71.4	687840b6fec49419	Chishiria Hospital	accepted	f82ea5d79ab6ab87	Codex	full-20261006	2026-10-06	全量英文候選；未經母語者審閱；字模、版面及遊戲路徑另驗
SHOPTAB#71.5	68a584b89b5f6e88	Badaran City Items	accepted	d9af7edf5f98d51f	Codex	full-20261006	2026-10-06	全量英文候選；未經母語者審閱；字模、版面及遊戲路徑另驗
SHOPTAB#71.6	b770c14a204a63e6	Shigomia Tavern	accepted	bd3aec7723b8a1d9	Codex	full-20261006	2026-10-06	全量英文候選；未經母語者審閱；字模、版面及遊戲路徑另驗
SHOPTAB#71.7	c339cafeadf6c231	Shop 7	accepted	1d6a6ea3753a6f68	Codex	full-20261006	2026-10-06	全量英文候選；未經母語者審閱；字模、版面及遊戲路徑另驗
SHOPTAB#72.0	ad030bc58dbd669f	Shop 0	accepted	676175180d631bca	Codex	full-20261006	2026-10-06	全量英文候選；未經母語者審閱；字模、版面及遊戲路徑另驗
SHOPTAB#72.1	de2f39ceef3f318c	Shop 1	accepted	d4a69134ae3e4f0e	Codex	full-20261006	2026-10-06	全量英文候選；未經母語者審閱；字模、版面及遊戲路徑另驗
SHOPTAB#72.2	8559054e97b9c24b	Shop 2	accepted	f58cd829c883f580	Codex	full-20261006	2026-10-06	全量英文候選；未經母語者審閱；字模、版面及遊戲路徑另驗
SHOPTAB#72.3	44fc7f12a916fd0a	Shop 3	accepted	0af03d4dcf26d548	Codex	full-20261006	2026-10-06	全量英文候選；未經母語者審閱；字模、版面及遊戲路徑另驗
SHOPTAB#72.4	0b2d5cbbe7490515	Shop 4	accepted	ef7d6edcdb48a0d3	Codex	full-20261006	2026-10-06	全量英文候選；未經母語者審閱；字模、版面及遊戲路徑另驗
SHOPTAB#72.5	47f6bc387e7bcb26	Shop 5	accepted	5331aa2cbed7153d	Codex	full-20261006	2026-10-06	全量英文候選；未經母語者審閱；字模、版面及遊戲路徑另驗
SHOPTAB#72.6	d3625a6681e4211b	Shop 6	accepted	ada48eeac6d40638	Codex	full-20261006	2026-10-06	全量英文候選；未經母語者審閱；字模、版面及遊戲路徑另驗
SHOPTAB#72.7	c339cafeadf6c231	Shop 7	accepted	1d6a6ea3753a6f68	Codex	full-20261006	2026-10-06	全量英文候選；未經母語者審閱；字模、版面及遊戲路徑另驗
SHOPTAB#73.0	2138bbcf36a4871e	Jemta Weapons	accepted	558f73356a336d35	Codex	full-20261006	2026-10-06	全量英文候選；未經母語者審閱；字模、版面及遊戲路徑另驗
SHOPTAB#73.1	5df9e8ce39a8c394	Bareru Armor	accepted	91b76af25fc033bb	Codex	full-20261006	2026-10-06	全量英文候選；未經母語者審閱；字模、版面及遊戲路徑另驗
SHOPTAB#73.2	f1e9dfd4d5b36680	Sawaya Contracts	accepted	42b785b923060532	Codex	full-20261006	2026-10-06	全量英文候選；未經母語者審閱；字模、版面及遊戲路徑另驗
SHOPTAB#73.3	07db3ec07a0e0b06	Akaora Pharmacy	accepted	76d000c40f5c6ab9	Codex	full-20261006	2026-10-06	全量英文候選；未經母語者審閱；字模、版面及遊戲路徑另驗
SHOPTAB#73.4	ca36a54209b6ef58	Ramokiain Aircraft	accepted	e270e1a91659a90e	Codex	full-20261006	2026-10-06	全量英文候選；未經母語者審閱；字模、版面及遊戲路徑另驗
SHOPTAB#73.5	2b2927f0ed9fd5ce	Biinojichia Tavern	accepted	b880fe8387dcef34	Codex	full-20261006	2026-10-06	全量英文候選；未經母語者審閱；字模、版面及遊戲路徑另驗
SHOPTAB#73.6	d3625a6681e4211b	Shop 6	accepted	ada48eeac6d40638	Codex	full-20261006	2026-10-06	全量英文候選；未經母語者審閱；字模、版面及遊戲路徑另驗
SHOPTAB#73.7	c339cafeadf6c231	Shop 7	accepted	1d6a6ea3753a6f68	Codex	full-20261006	2026-10-06	全量英文候選；未經母語者審閱；字模、版面及遊戲路徑另驗
SHOPTAB#74.0	7c4ff1cfb27502e0	Bisamat Weapons	accepted	362c10b8e5677731	Codex	full-20261006	2026-10-06	全量英文候選；未經母語者審閱；字模、版面及遊戲路徑另驗
SHOPTAB#74.1	f950ffd1950c6377	Runyais Armor	accepted	f32fafbb809bc7ff	Codex	full-20261006	2026-10-06	全量英文候選；未經母語者審閱；字模、版面及遊戲路徑另驗
SHOPTAB#74.2	629068ba723ab95f	Badayakia Contracts	accepted	94dcbf8ac328631c	Codex	full-20261006	2026-10-06	全量英文候選；未經母語者審閱；字模、版面及遊戲路徑另驗
SHOPTAB#74.3	10ebff07b6fc8e56	Migaiwa Pharmacy	accepted	eb461c99dac9ee0a	Codex	full-20261006	2026-10-06	全量英文候選；未經母語者審閱；字模、版面及遊戲路徑另驗
SHOPTAB#74.4	2439396d7cfaa527	Kaimude Hospital	accepted	5da5f45a81398593	Codex	full-20261006	2026-10-06	全量英文候選；未經母語者審閱；字模、版面及遊戲路徑另驗
SHOPTAB#74.5	3ce92d7ccb1f2df6	Ruchias Items	accepted	842ce2387956d27c	Codex	full-20261006	2026-10-06	全量英文候選；未經母語者審閱；字模、版面及遊戲路徑另驗
SHOPTAB#74.6	8224829ada3cbf1d	Sfino Tavern	accepted	5e52cf2827d93ad9	Codex	full-20261006	2026-10-06	全量英文候選；未經母語者審閱；字模、版面及遊戲路徑另驗
SHOPTAB#74.7	9f531d0c85353b1f	Rachinais Tanks	accepted	b3fe8757e7721ca1	Codex	full-20261006	2026-10-06	全量英文候選；未經母語者審閱；字模、版面及遊戲路徑另驗
SHOPTAB#75.0	b461c0c5681c45b4	Bajiichin Weapons	accepted	475b92aab15c8fdb	Codex	full-20261006	2026-10-06	全量英文候選；未經母語者審閱；字模、版面及遊戲路徑另驗
SHOPTAB#75.1	d10fecf4a8c99e01	Remias City Armor	accepted	a7b0ceb525e02b98	Codex	full-20261006	2026-10-06	全量英文候選；未經母語者審閱；字模、版面及遊戲路徑另驗
SHOPTAB#75.2	2ac6448963601c28	Bajiichin Contracts	accepted	4e87a328d917f39b	Codex	full-20261006	2026-10-06	全量英文候選；未經母語者審閱；字模、版面及遊戲路徑另驗
SHOPTAB#75.3	f157d556382bbd9d	Nasares Hospital	accepted	da72ad0ade00c369	Codex	full-20261006	2026-10-06	全量英文候選；未經母語者審閱；字模、版面及遊戲路徑另驗
SHOPTAB#75.4	8f0e5683fa0e3746	Waiarai Pharmacy	accepted	7eff8616c69bc425	Codex	full-20261006	2026-10-06	全量英文候選；未經母語者審閱；字模、版面及遊戲路徑另驗
SHOPTAB#75.5	6e625d841f1c8257	Norejida Tavern	accepted	19d19b149cc2ae0e	Codex	full-20261006	2026-10-06	全量英文候選；未經母語者審閱；字模、版面及遊戲路徑另驗
SHOPTAB#75.6	d3625a6681e4211b	Shop 6	accepted	ada48eeac6d40638	Codex	full-20261006	2026-10-06	全量英文候選；未經母語者審閱；字模、版面及遊戲路徑另驗
SHOPTAB#75.7	c339cafeadf6c231	Shop 7	accepted	1d6a6ea3753a6f68	Codex	full-20261006	2026-10-06	全量英文候選；未經母語者審閱；字模、版面及遊戲路徑另驗
SHOPTAB#76.0	ad030bc58dbd669f	Shop 0	accepted	676175180d631bca	Codex	full-20261006	2026-10-06	全量英文候選；未經母語者審閱；字模、版面及遊戲路徑另驗
SHOPTAB#76.1	de2f39ceef3f318c	Shop 1	accepted	d4a69134ae3e4f0e	Codex	full-20261006	2026-10-06	全量英文候選；未經母語者審閱；字模、版面及遊戲路徑另驗
SHOPTAB#76.2	8559054e97b9c24b	Shop 2	accepted	f58cd829c883f580	Codex	full-20261006	2026-10-06	全量英文候選；未經母語者審閱；字模、版面及遊戲路徑另驗
SHOPTAB#76.3	44fc7f12a916fd0a	Shop 3	accepted	0af03d4dcf26d548	Codex	full-20261006	2026-10-06	全量英文候選；未經母語者審閱；字模、版面及遊戲路徑另驗
SHOPTAB#76.4	0b2d5cbbe7490515	Shop 4	accepted	ef7d6edcdb48a0d3	Codex	full-20261006	2026-10-06	全量英文候選；未經母語者審閱；字模、版面及遊戲路徑另驗
SHOPTAB#76.5	47f6bc387e7bcb26	Shop 5	accepted	5331aa2cbed7153d	Codex	full-20261006	2026-10-06	全量英文候選；未經母語者審閱；字模、版面及遊戲路徑另驗
SHOPTAB#76.6	d3625a6681e4211b	Shop 6	accepted	ada48eeac6d40638	Codex	full-20261006	2026-10-06	全量英文候選；未經母語者審閱；字模、版面及遊戲路徑另驗
SHOPTAB#76.7	c339cafeadf6c231	Shop 7	accepted	1d6a6ea3753a6f68	Codex	full-20261006	2026-10-06	全量英文候選；未經母語者審閱；字模、版面及遊戲路徑另驗
SHOPTAB#77.0	ad030bc58dbd669f	Shop 0	accepted	676175180d631bca	Codex	full-20261006	2026-10-06	全量英文候選；未經母語者審閱；字模、版面及遊戲路徑另驗
SHOPTAB#77.1	de2f39ceef3f318c	Shop 1	accepted	d4a69134ae3e4f0e	Codex	full-20261006	2026-10-06	全量英文候選；未經母語者審閱；字模、版面及遊戲路徑另驗
SHOPTAB#77.2	8559054e97b9c24b	Shop 2	accepted	f58cd829c883f580	Codex	full-20261006	2026-10-06	全量英文候選；未經母語者審閱；字模、版面及遊戲路徑另驗
SHOPTAB#77.3	44fc7f12a916fd0a	Shop 3	accepted	0af03d4dcf26d548	Codex	full-20261006	2026-10-06	全量英文候選；未經母語者審閱；字模、版面及遊戲路徑另驗
SHOPTAB#77.4	0b2d5cbbe7490515	Shop 4	accepted	ef7d6edcdb48a0d3	Codex	full-20261006	2026-10-06	全量英文候選；未經母語者審閱；字模、版面及遊戲路徑另驗
SHOPTAB#77.5	47f6bc387e7bcb26	Shop 5	accepted	5331aa2cbed7153d	Codex	full-20261006	2026-10-06	全量英文候選；未經母語者審閱；字模、版面及遊戲路徑另驗
SHOPTAB#77.6	d3625a6681e4211b	Shop 6	accepted	ada48eeac6d40638	Codex	full-20261006	2026-10-06	全量英文候選；未經母語者審閱；字模、版面及遊戲路徑另驗
SHOPTAB#77.7	c339cafeadf6c231	Shop 7	accepted	1d6a6ea3753a6f68	Codex	full-20261006	2026-10-06	全量英文候選；未經母語者審閱；字模、版面及遊戲路徑另驗
SHOPTAB#78.0	48985380b7c1f0cd	Puruda Weapons	accepted	ca87dd7616f27f2b	Codex	full-20261006	2026-10-06	全量英文候選；未經母語者審閱；字模、版面及遊戲路徑另驗
SHOPTAB#78.1	1896b9a625b33f24	Sajiwabas Armor	accepted	59e46e697731d89d	Codex	full-20261006	2026-10-06	全量英文候選；未經母語者審閱；字模、版面及遊戲路徑另驗
SHOPTAB#78.2	5614c40240c8dd30	Tatnoda Contracts	accepted	7d64b168abb7ca96	Codex	full-20261006	2026-10-06	全量英文候選；未經母語者審閱；字模、版面及遊戲路徑另驗
SHOPTAB#78.3	9aec382579adaaf0	Bandia Pharmacy	accepted	f6ed59484fb3506f	Codex	full-20261006	2026-10-06	全量英文候選；未經母語者審閱；字模、版面及遊戲路徑另驗
SHOPTAB#78.4	09d994f83f7db2ca	Tekejia Items	accepted	a7a0884bf506995e	Codex	full-20261006	2026-10-06	全量英文候選；未經母語者審閱；字模、版面及遊戲路徑另驗
SHOPTAB#78.5	6126b0ac7266b3a5	Sareyachi Tavern	accepted	8764127f7f181869	Codex	full-20261006	2026-10-06	全量英文候選；未經母語者審閱；字模、版面及遊戲路徑另驗
SHOPTAB#78.6	d3625a6681e4211b	Shop 6	accepted	ada48eeac6d40638	Codex	full-20261006	2026-10-06	全量英文候選；未經母語者審閱；字模、版面及遊戲路徑另驗
SHOPTAB#78.7	c339cafeadf6c231	Shop 7	accepted	1d6a6ea3753a6f68	Codex	full-20261006	2026-10-06	全量英文候選；未經母語者審閱；字模、版面及遊戲路徑另驗
SHOPTAB#79.0	84663bb3521c350d	Kaniwa Contracts	accepted	0540fc8c9af70225	Codex	full-20261006	2026-10-06	全量英文候選；未經母語者審閱；字模、版面及遊戲路徑另驗
SHOPTAB#79.1	14117df9b7fecbe6	Kohaidru Contracts	accepted	ad1fb2a07f114b81	Codex	full-20261006	2026-10-06	全量英文候選；未經母語者審閱；字模、版面及遊戲路徑另驗
SHOPTAB#79.2	a00e4d4bfb2216d1	Aramoni Cannons	accepted	70e85f648c1b893b	Codex	full-20261006	2026-10-06	全量英文候選；未經母語者審閱；字模、版面及遊戲路徑另驗
SHOPTAB#79.3	e1678ef5e22a0b51	Jepran Tanks	accepted	66d639a416c68398	Codex	full-20261006	2026-10-06	全量英文候選；未經母語者審閱；字模、版面及遊戲路徑另驗
SHOPTAB#79.4	f5df2e1a70cfed69	Brunran City Pharmacy	accepted	5cb11f1c4d349c5e	Codex	full-20261006	2026-10-06	全量英文候選；未經母語者審閱；字模、版面及遊戲路徑另驗
SHOPTAB#79.5	64cb77dbc1f9edac	Brunran City Items	accepted	acd2212c86636817	Codex	full-20261006	2026-10-06	全量英文候選；未經母語者審閱；字模、版面及遊戲路徑另驗
SHOPTAB#79.6	16e95593aeae4cab	Kipru Tavern	accepted	67b2cd8be94e0a7a	Codex	full-20261006	2026-10-06	全量英文候選；未經母語者審閱；字模、版面及遊戲路徑另驗
SHOPTAB#79.7	c339cafeadf6c231	Shop 7	accepted	1d6a6ea3753a6f68	Codex	full-20261006	2026-10-06	全量英文候選；未經母語者審閱；字模、版面及遊戲路徑另驗
SHOPTAB#80.0	7777a1b3082ecd75	Orian Weapons	accepted	68fd5ec2357079af	Codex	full-20261006	2026-10-06	全量英文候選；未經母語者審閱；字模、版面及遊戲路徑另驗
SHOPTAB#80.1	89aa42ab444ae4f9	Chishidashiru Armor	accepted	c589bc9a542850db	Codex	full-20261006	2026-10-06	全量英文候選；未經母語者審閱；字模、版面及遊戲路徑另驗
SHOPTAB#80.2	543c0fb838672b97	Somidinai Contracts	accepted	9fc5cea7d2f92b39	Codex	full-20261006	2026-10-06	全量英文候選；未經母語者審閱；字模、版面及遊戲路徑另驗
SHOPTAB#80.3	ac62d6197f118df2	Aman City Pharmacy	accepted	5278dbb7b68d1229	Codex	full-20261006	2026-10-06	全量英文候選；未經母語者審閱；字模、版面及遊戲路徑另驗
SHOPTAB#80.4	ef927a56014daaa8	Aman City Items	accepted	514db44896e63ec0	Codex	full-20261006	2026-10-06	全量英文候選；未經母語者審閱；字模、版面及遊戲路徑另驗
SHOPTAB#80.5	496d2ed8ed422c48	Naitanao Tavern	accepted	c794d9b111cc2ca6	Codex	full-20261006	2026-10-06	全量英文候選；未經母語者審閱；字模、版面及遊戲路徑另驗
SHOPTAB#80.6	d3625a6681e4211b	Shop 6	accepted	ada48eeac6d40638	Codex	full-20261006	2026-10-06	全量英文候選；未經母語者審閱；字模、版面及遊戲路徑另驗
SHOPTAB#80.7	c339cafeadf6c231	Shop 7	accepted	1d6a6ea3753a6f68	Codex	full-20261006	2026-10-06	全量英文候選；未經母語者審閱；字模、版面及遊戲路徑另驗
SHOPTAB#81.0	61e5dc35d602601c	Diitap Weapons	accepted	a8fc9af240cfc92c	Codex	full-20261006	2026-10-06	全量英文候選；未經母語者審閱；字模、版面及遊戲路徑另驗
SHOPTAB#81.1	0be3b85c7ea2c4b3	Aimos Weapons	accepted	28d3f1ea0cd8fa88	Codex	full-20261006	2026-10-06	全量英文候選；未經母語者審閱；字模、版面及遊戲路徑另驗
SHOPTAB#81.2	553acc12c3735eb8	Tandi Armor	accepted	2ffa5baa0032e39a	Codex	full-20261006	2026-10-06	全量英文候選；未經母語者審閱；字模、版面及遊戲路徑另驗
SHOPTAB#81.3	90392ae1949d1d5b	Shishijida Armor	accepted	1d57611ac4c190bc	Codex	full-20261006	2026-10-06	全量英文候選；未經母語者審閱；字模、版面及遊戲路徑另驗
SHOPTAB#81.4	39f9495c4203aaeb	Gaije Contracts	accepted	b70ca1467c3d03cc	Codex	full-20261006	2026-10-06	全量英文候選；未經母語者審閱；字模、版面及遊戲路徑另驗
SHOPTAB#81.5	f010a02bfd662644	Diiri Hospital	accepted	fd06657bf78fb121	Codex	full-20261006	2026-10-06	全量英文候選；未經母語者審閱；字模、版面及遊戲路徑另驗
SHOPTAB#81.6	1999c098e8dca640	Areim Aircraft	accepted	b16da31fa3b43469	Codex	full-20261006	2026-10-06	全量英文候選；未經母語者審閱；字模、版面及遊戲路徑另驗
SHOPTAB#81.7	50dea9eda36ccb60	Homis Tavern	accepted	82bcb6ea06c66838	Codex	full-20261006	2026-10-06	全量英文候選；未經母語者審閱；字模、版面及遊戲路徑另驗
SHOPTAB#82.0	11842774b3884628	Amirant Fortress Tavern	accepted	cce0e138ad1dfeb2	Codex	full-20261006	2026-10-06	全量英文候選；未經母語者審閱；字模、版面及遊戲路徑另驗
SHOPTAB#82.1	de2f39ceef3f318c	Shop 1	accepted	d4a69134ae3e4f0e	Codex	full-20261006	2026-10-06	全量英文候選；未經母語者審閱；字模、版面及遊戲路徑另驗
SHOPTAB#82.2	8559054e97b9c24b	Shop 2	accepted	f58cd829c883f580	Codex	full-20261006	2026-10-06	全量英文候選；未經母語者審閱；字模、版面及遊戲路徑另驗
SHOPTAB#82.3	44fc7f12a916fd0a	Shop 3	accepted	0af03d4dcf26d548	Codex	full-20261006	2026-10-06	全量英文候選；未經母語者審閱；字模、版面及遊戲路徑另驗
SHOPTAB#82.4	0b2d5cbbe7490515	Shop 4	accepted	ef7d6edcdb48a0d3	Codex	full-20261006	2026-10-06	全量英文候選；未經母語者審閱；字模、版面及遊戲路徑另驗
SHOPTAB#82.5	47f6bc387e7bcb26	Shop 5	accepted	5331aa2cbed7153d	Codex	full-20261006	2026-10-06	全量英文候選；未經母語者審閱；字模、版面及遊戲路徑另驗
SHOPTAB#82.6	d3625a6681e4211b	Shop 6	accepted	ada48eeac6d40638	Codex	full-20261006	2026-10-06	全量英文候選；未經母語者審閱；字模、版面及遊戲路徑另驗
SHOPTAB#82.7	c339cafeadf6c231	Shop 7	accepted	1d6a6ea3753a6f68	Codex	full-20261006	2026-10-06	全量英文候選；未經母語者審閱；字模、版面及遊戲路徑另驗
SHOPTAB#83.0	f9dac9bfef493fb2	Sasis Weapons	accepted	239ef1fac54b87ff	Codex	full-20261006	2026-10-06	全量英文候選；未經母語者審閱；字模、版面及遊戲路徑另驗
SHOPTAB#83.1	23d405a7795cbdf8	Yutshaji Armor	accepted	955ad5c5fee59f74	Codex	full-20261006	2026-10-06	全量英文候選；未經母語者審閱；字模、版面及遊戲路徑另驗
SHOPTAB#83.2	96541a7add360b09	Berioka Contracts	accepted	974fb1694ef09f7c	Codex	full-20261006	2026-10-06	全量英文候選；未經母語者審閱；字模、版面及遊戲路徑另驗
SHOPTAB#83.3	66685ae1ec8f4206	Nokiara Contracts	accepted	69b44dac283a4ef7	Codex	full-20261006	2026-10-06	全量英文候選；未經母語者審閱；字模、版面及遊戲路徑另驗
SHOPTAB#83.4	7fd8739d01dccde8	Guria City Pharmacy	accepted	d566242a603c972d	Codex	full-20261006	2026-10-06	全量英文候選；未經母語者審閱；字模、版面及遊戲路徑另驗
SHOPTAB#83.5	62b1646c22405ec3	Guria City Items	accepted	fc15d57e2dbaa719	Codex	full-20261006	2026-10-06	全量英文候選；未經母語者審閱；字模、版面及遊戲路徑另驗
SHOPTAB#83.6	9a625ddee9b281ea	Riwa Tavern	accepted	5cfa52e2b9d612b2	Codex	full-20261006	2026-10-06	全量英文候選；未經母語者審閱；字模、版面及遊戲路徑另驗
SHOPTAB#83.7	c339cafeadf6c231	Shop 7	accepted	1d6a6ea3753a6f68	Codex	full-20261006	2026-10-06	全量英文候選；未經母語者審閱；字模、版面及遊戲路徑另驗
SHOPTAB#84.0	ad030bc58dbd669f	Shop 0	accepted	676175180d631bca	Codex	full-20261006	2026-10-06	全量英文候選；未經母語者審閱；字模、版面及遊戲路徑另驗
SHOPTAB#84.1	de2f39ceef3f318c	Shop 1	accepted	d4a69134ae3e4f0e	Codex	full-20261006	2026-10-06	全量英文候選；未經母語者審閱；字模、版面及遊戲路徑另驗
SHOPTAB#84.2	8559054e97b9c24b	Shop 2	accepted	f58cd829c883f580	Codex	full-20261006	2026-10-06	全量英文候選；未經母語者審閱；字模、版面及遊戲路徑另驗
SHOPTAB#84.3	44fc7f12a916fd0a	Shop 3	accepted	0af03d4dcf26d548	Codex	full-20261006	2026-10-06	全量英文候選；未經母語者審閱；字模、版面及遊戲路徑另驗
SHOPTAB#84.4	0b2d5cbbe7490515	Shop 4	accepted	ef7d6edcdb48a0d3	Codex	full-20261006	2026-10-06	全量英文候選；未經母語者審閱；字模、版面及遊戲路徑另驗
SHOPTAB#84.5	47f6bc387e7bcb26	Shop 5	accepted	5331aa2cbed7153d	Codex	full-20261006	2026-10-06	全量英文候選；未經母語者審閱；字模、版面及遊戲路徑另驗
SHOPTAB#84.6	d3625a6681e4211b	Shop 6	accepted	ada48eeac6d40638	Codex	full-20261006	2026-10-06	全量英文候選；未經母語者審閱；字模、版面及遊戲路徑另驗
SHOPTAB#84.7	c339cafeadf6c231	Shop 7	accepted	1d6a6ea3753a6f68	Codex	full-20261006	2026-10-06	全量英文候選；未經母語者審閱；字模、版面及遊戲路徑另驗
SHOPTAB#85.0	ad030bc58dbd669f	Shop 0	accepted	676175180d631bca	Codex	full-20261006	2026-10-06	全量英文候選；未經母語者審閱；字模、版面及遊戲路徑另驗
SHOPTAB#85.1	de2f39ceef3f318c	Shop 1	accepted	d4a69134ae3e4f0e	Codex	full-20261006	2026-10-06	全量英文候選；未經母語者審閱；字模、版面及遊戲路徑另驗
SHOPTAB#85.2	8559054e97b9c24b	Shop 2	accepted	f58cd829c883f580	Codex	full-20261006	2026-10-06	全量英文候選；未經母語者審閱；字模、版面及遊戲路徑另驗
SHOPTAB#85.3	44fc7f12a916fd0a	Shop 3	accepted	0af03d4dcf26d548	Codex	full-20261006	2026-10-06	全量英文候選；未經母語者審閱；字模、版面及遊戲路徑另驗
SHOPTAB#85.4	0b2d5cbbe7490515	Shop 4	accepted	ef7d6edcdb48a0d3	Codex	full-20261006	2026-10-06	全量英文候選；未經母語者審閱；字模、版面及遊戲路徑另驗
SHOPTAB#85.5	47f6bc387e7bcb26	Shop 5	accepted	5331aa2cbed7153d	Codex	full-20261006	2026-10-06	全量英文候選；未經母語者審閱；字模、版面及遊戲路徑另驗
SHOPTAB#85.6	d3625a6681e4211b	Shop 6	accepted	ada48eeac6d40638	Codex	full-20261006	2026-10-06	全量英文候選；未經母語者審閱；字模、版面及遊戲路徑另驗
SHOPTAB#85.7	c339cafeadf6c231	Shop 7	accepted	1d6a6ea3753a6f68	Codex	full-20261006	2026-10-06	全量英文候選；未經母語者審閱；字模、版面及遊戲路徑另驗
SHOPTAB#86.0	ad030bc58dbd669f	Shop 0	accepted	676175180d631bca	Codex	full-20261006	2026-10-06	全量英文候選；未經母語者審閱；字模、版面及遊戲路徑另驗
SHOPTAB#86.1	de2f39ceef3f318c	Shop 1	accepted	d4a69134ae3e4f0e	Codex	full-20261006	2026-10-06	全量英文候選；未經母語者審閱；字模、版面及遊戲路徑另驗
SHOPTAB#86.2	8559054e97b9c24b	Shop 2	accepted	f58cd829c883f580	Codex	full-20261006	2026-10-06	全量英文候選；未經母語者審閱；字模、版面及遊戲路徑另驗
SHOPTAB#86.3	44fc7f12a916fd0a	Shop 3	accepted	0af03d4dcf26d548	Codex	full-20261006	2026-10-06	全量英文候選；未經母語者審閱；字模、版面及遊戲路徑另驗
SHOPTAB#86.4	0b2d5cbbe7490515	Shop 4	accepted	ef7d6edcdb48a0d3	Codex	full-20261006	2026-10-06	全量英文候選；未經母語者審閱；字模、版面及遊戲路徑另驗
SHOPTAB#86.5	47f6bc387e7bcb26	Shop 5	accepted	5331aa2cbed7153d	Codex	full-20261006	2026-10-06	全量英文候選；未經母語者審閱；字模、版面及遊戲路徑另驗
SHOPTAB#86.6	d3625a6681e4211b	Shop 6	accepted	ada48eeac6d40638	Codex	full-20261006	2026-10-06	全量英文候選；未經母語者審閱；字模、版面及遊戲路徑另驗
SHOPTAB#86.7	c339cafeadf6c231	Shop 7	accepted	1d6a6ea3753a6f68	Codex	full-20261006	2026-10-06	全量英文候選；未經母語者審閱；字模、版面及遊戲路徑另驗
SHOPTAB#87.0	24bd7cf7beb1733d	Mikasat Weapons	accepted	cffe4a787c315a82	Codex	full-20261006	2026-10-06	全量英文候選；未經母語者審閱；字模、版面及遊戲路徑另驗
SHOPTAB#87.1	fc67f9c710e1f7ba	Hiachiru Armor	accepted	81e6810aa67de275	Codex	full-20261006	2026-10-06	全量英文候選；未經母語者審閱；字模、版面及遊戲路徑另驗
SHOPTAB#87.2	266baa2f40f67b42	Mureishin Pharmacy	accepted	234c998cf76bde27	Codex	full-20261006	2026-10-06	全量英文候選；未經母語者審閱；字模、版面及遊戲路徑另驗
SHOPTAB#87.3	c8eb2afddb17b4e4	Yurika Tavern	accepted	4eb508f3750e2a50	Codex	full-20261006	2026-10-06	全量英文候選；未經母語者審閱；字模、版面及遊戲路徑另驗
SHOPTAB#87.4	0b2d5cbbe7490515	Shop 4	accepted	ef7d6edcdb48a0d3	Codex	full-20261006	2026-10-06	全量英文候選；未經母語者審閱；字模、版面及遊戲路徑另驗
SHOPTAB#87.5	47f6bc387e7bcb26	Shop 5	accepted	5331aa2cbed7153d	Codex	full-20261006	2026-10-06	全量英文候選；未經母語者審閱；字模、版面及遊戲路徑另驗
SHOPTAB#87.6	d3625a6681e4211b	Shop 6	accepted	ada48eeac6d40638	Codex	full-20261006	2026-10-06	全量英文候選；未經母語者審閱；字模、版面及遊戲路徑另驗
SHOPTAB#87.7	c339cafeadf6c231	Shop 7	accepted	1d6a6ea3753a6f68	Codex	full-20261006	2026-10-06	全量英文候選；未經母語者審閱；字模、版面及遊戲路徑另驗
SHOPTAB#88.0	ad030bc58dbd669f	Shop 0	accepted	676175180d631bca	Codex	full-20261006	2026-10-06	全量英文候選；未經母語者審閱；字模、版面及遊戲路徑另驗
SHOPTAB#88.1	de2f39ceef3f318c	Shop 1	accepted	d4a69134ae3e4f0e	Codex	full-20261006	2026-10-06	全量英文候選；未經母語者審閱；字模、版面及遊戲路徑另驗
SHOPTAB#88.2	8559054e97b9c24b	Shop 2	accepted	f58cd829c883f580	Codex	full-20261006	2026-10-06	全量英文候選；未經母語者審閱；字模、版面及遊戲路徑另驗
SHOPTAB#88.3	44fc7f12a916fd0a	Shop 3	accepted	0af03d4dcf26d548	Codex	full-20261006	2026-10-06	全量英文候選；未經母語者審閱；字模、版面及遊戲路徑另驗
SHOPTAB#88.4	0b2d5cbbe7490515	Shop 4	accepted	ef7d6edcdb48a0d3	Codex	full-20261006	2026-10-06	全量英文候選；未經母語者審閱；字模、版面及遊戲路徑另驗
SHOPTAB#88.5	47f6bc387e7bcb26	Shop 5	accepted	5331aa2cbed7153d	Codex	full-20261006	2026-10-06	全量英文候選；未經母語者審閱；字模、版面及遊戲路徑另驗
SHOPTAB#88.6	d3625a6681e4211b	Shop 6	accepted	ada48eeac6d40638	Codex	full-20261006	2026-10-06	全量英文候選；未經母語者審閱；字模、版面及遊戲路徑另驗
SHOPTAB#88.7	c339cafeadf6c231	Shop 7	accepted	1d6a6ea3753a6f68	Codex	full-20261006	2026-10-06	全量英文候選；未經母語者審閱；字模、版面及遊戲路徑另驗
SHOPTAB#89.0	5e750bacb95adc7b	Itaberu Cannons	accepted	7c7ea51fcf1f4828	Codex	full-20261006	2026-10-06	全量英文候選；未經母語者審閱；字模、版面及遊戲路徑另驗
SHOPTAB#89.1	b167a6f156d29231	Itshiru Cannons	accepted	8a23146e71d09c84	Codex	full-20261006	2026-10-06	全量英文候選；未經母語者審閱；字模、版面及遊戲路徑另驗
SHOPTAB#89.2	267bcf7ccf8b0243	Merisarei Cannons	accepted	dbf518be11b27d34	Codex	full-20261006	2026-10-06	全量英文候選；未經母語者審閱；字模、版面及遊戲路徑另驗
SHOPTAB#89.3	2dcc407215fe9d67	Dinaijigai Cannons	accepted	e17766282e543f20	Codex	full-20261006	2026-10-06	全量英文候選；未經母語者審閱；字模、版面及遊戲路徑另驗
SHOPTAB#89.4	00fa1e5da67c8b1d	Deshai Cannons	accepted	32cd4421a765ee3c	Codex	full-20261006	2026-10-06	全量英文候選；未經母語者審閱；字模、版面及遊戲路徑另驗
SHOPTAB#89.5	b54698e0fdbdf83c	Kajii Cannons	accepted	a84d6492904e14b2	Codex	full-20261006	2026-10-06	全量英文候選；未經母語者審閱；字模、版面及遊戲路徑另驗
SHOPTAB#89.6	3ed8f5327471df20	Lorios Cannons	accepted	35a1d35e0ef99002	Codex	full-20261006	2026-10-06	全量英文候選；未經母語者審閱；字模、版面及遊戲路徑另驗
SHOPTAB#89.7	c389bd28733c10bf	Akias Tavern	accepted	f1299571f016cba2	Codex	full-20261006	2026-10-06	全量英文候選；未經母語者審閱；字模、版面及遊戲路徑另驗
SHOPTAB#90.0	25b25334999e4c66	Lorikadia Aircraft	accepted	a765d2752198768c	Codex	full-20261006	2026-10-06	全量英文候選；未經母語者審閱；字模、版面及遊戲路徑另驗
SHOPTAB#90.1	b29498a34648dc7f	Ratchiken Aircraft	accepted	f077dde6ecb99890	Codex	full-20261006	2026-10-06	全量英文候選；未經母語者審閱；字模、版面及遊戲路徑另驗
SHOPTAB#90.2	36a881447d119894	Mariajia Aircraft	accepted	9d43176721239406	Codex	full-20261006	2026-10-06	全量英文候選；未經母語者審閱；字模、版面及遊戲路徑另驗
SHOPTAB#90.3	c2c6ac9eafb50f8c	Naguit Aircraft	accepted	a589d18af3c73b1a	Codex	full-20261006	2026-10-06	全量英文候選；未經母語者審閱；字模、版面及遊戲路徑另驗
SHOPTAB#90.4	7d28c2f731aa0f98	Bashibe Aircraft	accepted	c8d4cc36ffc00ce8	Codex	full-20261006	2026-10-06	全量英文候選；未經母語者審閱；字模、版面及遊戲路徑另驗
SHOPTAB#90.5	912c4989c16da543	Dinaoao Aircraft	accepted	a0e6d42e9a56ed84	Codex	full-20261006	2026-10-06	全量英文候選；未經母語者審閱；字模、版面及遊戲路徑另驗
SHOPTAB#90.6	9afe944a8504dff1	Lagias Aircraft	accepted	5d78f694868e0e96	Codex	full-20261006	2026-10-06	全量英文候選；未經母語者審閱；字模、版面及遊戲路徑另驗
SHOPTAB#90.7	ad28a76d4e6856e3	Koshibino Tavern	accepted	5d3431b162e8d2f3	Codex	full-20261006	2026-10-06	全量英文候選；未經母語者審閱；字模、版面及遊戲路徑另驗
SHOPTAB#91.0	50554d2353b4a018	Lochirida Tanks	accepted	798a499090877659	Codex	full-20261006	2026-10-06	全量英文候選；未經母語者審閱；字模、版面及遊戲路徑另驗
SHOPTAB#91.1	89fd3cc7e278652a	Kaiwanai Tanks	accepted	8e1c1fb6e1f70aab	Codex	full-20261006	2026-10-06	全量英文候選；未經母語者審閱；字模、版面及遊戲路徑另驗
SHOPTAB#91.2	59b12ecc3092c8fe	Nashims Tanks	accepted	a2a02dd38584aee1	Codex	full-20261006	2026-10-06	全量英文候選；未經母語者審閱；字模、版面及遊戲路徑另驗
SHOPTAB#91.3	dc905545b5b547e4	Imboi Tanks	accepted	f8ac9eb6e19ac55f	Codex	full-20261006	2026-10-06	全量英文候選；未經母語者審閱；字模、版面及遊戲路徑另驗
SHOPTAB#91.4	87ac619c25e3ca56	Runoije Tanks	accepted	50d21cee7790ffa1	Codex	full-20261006	2026-10-06	全量英文候選；未經母語者審閱；字模、版面及遊戲路徑另驗
SHOPTAB#91.5	f1c5d241078fd1bf	Lajishina Tanks	accepted	68d1ef36068cbd83	Codex	full-20261006	2026-10-06	全量英文候選；未經母語者審閱；字模、版面及遊戲路徑另驗
SHOPTAB#91.6	4ad8bc359f2e8aab	Aronii Tanks	accepted	80576c303321ec48	Codex	full-20261006	2026-10-06	全量英文候選；未經母語者審閱；字模、版面及遊戲路徑另驗
SHOPTAB#91.7	9c3ce0bdefa9baee	Hidimis Tavern	accepted	7f48abf054938a59	Codex	full-20261006	2026-10-06	全量英文候選；未經母語者審閱；字模、版面及遊戲路徑另驗
SHOPTAB#92.0	a3ea17ceec99b11b	Romiyuro Pharmacy	accepted	d5aab6e38cb4ecf7	Codex	full-20261006	2026-10-06	全量英文候選；未經母語者審閱；字模、版面及遊戲路徑另驗
SHOPTAB#92.1	6425080bdb1698a3	Haririje Pharmacy	accepted	ea9c4ceb5e2d2e01	Codex	full-20261006	2026-10-06	全量英文候選；未經母語者審閱；字模、版面及遊戲路徑另驗
SHOPTAB#92.2	469c57fe42f28ffa	Diadiyuru Items	accepted	62969f930ade4060	Codex	full-20261006	2026-10-06	全量英文候選；未經母語者審閱；字模、版面及遊戲路徑另驗
SHOPTAB#92.3	dc996a3a5aa19ed3	Idachia Items	accepted	f67e0703f2b02fbf	Codex	full-20261006	2026-10-06	全量英文候選；未經母語者審閱；字模、版面及遊戲路徑另驗
SHOPTAB#92.4	2e4f311af1ef6cc0	Tayube Items	accepted	64e5e111c5c7f735	Codex	full-20261006	2026-10-06	全量英文候選；未經母語者審閱；字模、版面及遊戲路徑另驗
SHOPTAB#92.5	9b9a677001ca9bf5	Rubewas Items	accepted	a13a5ca9b5f7bb69	Codex	full-20261006	2026-10-06	全量英文候選；未經母語者審閱；字模、版面及遊戲路徑另驗
SHOPTAB#92.6	ae476636622c4661	Biairuka Hospital	accepted	97ac92dd64e1a0a1	Codex	full-20261006	2026-10-06	全量英文候選；未經母語者審閱；字模、版面及遊戲路徑另驗
SHOPTAB#92.7	621876a3f47cb4ff	Katain Tavern	accepted	8f1e09c820598f54	Codex	full-20261006	2026-10-06	全量英文候選；未經母語者審閱；字模、版面及遊戲路徑另驗
SHOPTAB#93.0	3d8d3e2e16851d7d	Sharajaita Contracts	accepted	0d05d195a569890c	Codex	full-20261006	2026-10-06	全量英文候選；未經母語者審閱；字模、版面及遊戲路徑另驗
SHOPTAB#93.1	d3e35748abc1c45c	Tatabiru Contracts	accepted	90882ccffa589be0	Codex	full-20261006	2026-10-06	全量英文候選；未經母語者審閱；字模、版面及遊戲路徑另驗
SHOPTAB#93.2	439e979dec216b36	Habashi Contracts	accepted	8a71b78c9ec59cd5	Codex	full-20261006	2026-10-06	全量英文候選；未經母語者審閱；字模、版面及遊戲路徑另驗
SHOPTAB#93.3	e966452978db3da9	Mirenai Contracts	accepted	c6f9ed6c9571d31b	Codex	full-20261006	2026-10-06	全量英文候選；未經母語者審閱；字模、版面及遊戲路徑另驗
SHOPTAB#93.4	a47f6ab75f242dd1	Diretain Contracts	accepted	2ddaef5c1c7d2dea	Codex	full-20261006	2026-10-06	全量英文候選；未經母語者審閱；字模、版面及遊戲路徑另驗
SHOPTAB#93.5	3a996b58d6eb4000	Zarotamo Contracts	accepted	f311b6b82f773cdd	Codex	full-20261006	2026-10-06	全量英文候選；未經母語者審閱；字模、版面及遊戲路徑另驗
SHOPTAB#93.6	53320cb30ef7d749	Ramro Hospital	accepted	201b3358f345781b	Codex	full-20261006	2026-10-06	全量英文候選；未經母語者審閱；字模、版面及遊戲路徑另驗
SHOPTAB#93.7	81ddee94746383db	Idaisro Tavern	accepted	b4c75942ab652b44	Codex	full-20261006	2026-10-06	全量英文候選；未經母語者審閱；字模、版面及遊戲路徑另驗
SHOPTAB#94.0	ea8b43927ca0072e	Kadejishigai Contracts	accepted	db7ac2a7d03a7d0f	Codex	full-20261006	2026-10-06	全量英文候選；未經母語者審閱；字模、版面及遊戲路徑另驗
SHOPTAB#94.1	82f941e003704678	Labanailunta Contracts	accepted	09977bcf178dfefb	Codex	full-20261006	2026-10-06	全量英文候選；未經母語者審閱；字模、版面及遊戲路徑另驗
SHOPTAB#94.2	5f976061dd886dbf	Gurunstaya Contracts	accepted	b78a4d306c5cf018	Codex	full-20261006	2026-10-06	全量英文候選；未經母語者審閱；字模、版面及遊戲路徑另驗
SHOPTAB#94.3	0fde96b74160985b	Beru Contracts	accepted	ea58f3b5d27b29fa	Codex	full-20261006	2026-10-06	全量英文候選；未經母語者審閱；字模、版面及遊戲路徑另驗
SHOPTAB#94.4	21f12fe1b8ae16bb	Soaten Contracts	accepted	13d1d736299c68a8	Codex	full-20261006	2026-10-06	全量英文候選；未經母語者審閱；字模、版面及遊戲路徑另驗
SHOPTAB#94.5	c2fe7010e8ad40df	Furaken Contracts	accepted	4debb5df152110d5	Codex	full-20261006	2026-10-06	全量英文候選；未經母語者審閱；字模、版面及遊戲路徑另驗
SHOPTAB#94.6	7856b2f93cd09b05	Reyea Hospital	accepted	30988bc3aa1ad3d3	Codex	full-20261006	2026-10-06	全量英文候選；未經母語者審閱；字模、版面及遊戲路徑另驗
SHOPTAB#94.7	f6916d1fc40f0484	Kadedaru Tavern	accepted	d56da01c74a039a3	Codex	full-20261006	2026-10-06	全量英文候選；未經母語者審閱；字模、版面及遊戲路徑另驗
SHOPTAB#95.0	b9228e1de3159168	Runjerufa Armor	accepted	d0b539a293aa7da1	Codex	full-20261006	2026-10-06	全量英文候選；未經母語者審閱；字模、版面及遊戲路徑另驗
SHOPTAB#95.1	c482bb0ab0246025	Runiharufa Armor	accepted	e95d5437d3fe40d3	Codex	full-20261006	2026-10-06	全量英文候選；未經母語者審閱；字模、版面及遊戲路徑另驗
SHOPTAB#95.2	bd728df45f3b0616	Arumadis Armor	accepted	b78db55aab1c6dc5	Codex	full-20261006	2026-10-06	全量英文候選；未經母語者審閱；字模、版面及遊戲路徑另驗
SHOPTAB#95.3	a5b79db9b4bc4bc5	Dechiguruno Armor	accepted	b11675e6fdb01dc5	Codex	full-20261006	2026-10-06	全量英文候選；未經母語者審閱；字模、版面及遊戲路徑另驗
SHOPTAB#95.4	56804641671db671	Purimachis Armor	accepted	45d24f132cf9e019	Codex	full-20261006	2026-10-06	全量英文候選；未經母語者審閱；字模、版面及遊戲路徑另驗
SHOPTAB#95.5	680fc76ccbfe90b0	Chishisa Armor	accepted	4883dc8ddf300d54	Codex	full-20261006	2026-10-06	全量英文候選；未經母語者審閱；字模、版面及遊戲路徑另驗
SHOPTAB#95.6	398cb06bea413f99	Seinair Armor	accepted	4794bc8d0ecf518f	Codex	full-20261006	2026-10-06	全量英文候選；未經母語者審閱；字模、版面及遊戲路徑另驗
SHOPTAB#95.7	8bffdfe757aa8918	Harenskut Tavern	accepted	1fa8c758a9b0f309	Codex	full-20261006	2026-10-06	全量英文候選；未經母語者審閱；字模、版面及遊戲路徑另驗
SHOPTAB#96.0	e6988455a38b24e0	Seinair Weapons	accepted	66e4d9606dd0dd10	Codex	full-20261006	2026-10-06	全量英文候選；未經母語者審閱；字模、版面及遊戲路徑另驗
SHOPTAB#96.1	a5d87024426effaf	Gurlonnik Weapons	accepted	4d328a0e1f615ba6	Codex	full-20261006	2026-10-06	全量英文候選；未經母語者審閱；字模、版面及遊戲路徑另驗
SHOPTAB#96.2	18aea4b0e45da252	Heribaran Weapons	accepted	883cc25b71d5236f	Codex	full-20261006	2026-10-06	全量英文候選；未經母語者審閱；字模、版面及遊戲路徑另驗
SHOPTAB#96.3	5152dcfdf1a03f6b	Rushiru Weapons	accepted	58adc552ba21c7ad	Codex	full-20261006	2026-10-06	全量英文候選；未經母語者審閱；字模、版面及遊戲路徑另驗
SHOPTAB#96.4	3cbb8407b10a14eb	Rudis Weapons	accepted	68a86f6371ab484a	Codex	full-20261006	2026-10-06	全量英文候選；未經母語者審閱；字模、版面及遊戲路徑另驗
SHOPTAB#96.5	79635d8651a8e682	Barendair Weapons	accepted	0bae521f43828012	Codex	full-20261006	2026-10-06	全量英文候選；未經母語者審閱；字模、版面及遊戲路徑另驗
SHOPTAB#96.6	3ccafdbc43545a1b	Ramidi Weapons	accepted	58a9c7e2d200b2a9	Codex	full-20261006	2026-10-06	全量英文候選；未經母語者審閱；字模、版面及遊戲路徑另驗
SHOPTAB#96.7	27490d88f9827130	Seishiru Tavern	accepted	8ae1b94ff9a72352	Codex	full-20261006	2026-10-06	全量英文候選；未經母語者審閱；字模、版面及遊戲路徑另驗
SHOPTAB#97.0	7356d28340b8b50d	Chut Weapons	accepted	4a36baeacedf8e91	Codex	full-20261006	2026-10-06	全量英文候選；未經母語者審閱；字模、版面及遊戲路徑另驗
SHOPTAB#97.1	e22bfb205f86a628	Burat Armor	accepted	c96ceec07556dea8	Codex	full-20261006	2026-10-06	全量英文候選；未經母語者審閱；字模、版面及遊戲路徑另驗
SHOPTAB#97.2	bbcb054046bcc8a5	Ruredmo Contracts	accepted	aec81a30248562df	Codex	full-20261006	2026-10-06	全量英文候選；未經母語者審閱；字模、版面及遊戲路徑另驗
SHOPTAB#97.3	f860f8489aa71d0f	Rimasno Aircraft	accepted	fdeb92944e77d230	Codex	full-20261006	2026-10-06	全量英文候選；未經母語者審閱；字模、版面及遊戲路徑另驗
SHOPTAB#97.4	14d8d137710f0078	Naidano Tanks	accepted	e0be3af01c386700	Codex	full-20261006	2026-10-06	全量英文候選；未經母語者審閱；字模、版面及遊戲路徑另驗
SHOPTAB#97.5	7ed3e525379b4c6d	Bonda Cannons	accepted	8f203c252ca123b7	Codex	full-20261006	2026-10-06	全量英文候選；未經母語者審閱；字模、版面及遊戲路徑另驗
SHOPTAB#97.6	a7344617d2d7707f	Ridaka Hospital	accepted	4325065a30443ffb	Codex	full-20261006	2026-10-06	全量英文候選；未經母語者審閱；字模、版面及遊戲路徑另驗
SHOPTAB#97.7	7a6e5eddbc3a934c	Shadmo Tavern	accepted	9591d789afe2e3d2	Codex	full-20261006	2026-10-06	全量英文候選；未經母語者審閱；字模、版面及遊戲路徑另驗
SHOPTAB#98.0	ad030bc58dbd669f	Shop 0	accepted	676175180d631bca	Codex	full-20261006	2026-10-06	全量英文候選；未經母語者審閱；字模、版面及遊戲路徑另驗
SHOPTAB#98.1	de2f39ceef3f318c	Shop 1	accepted	d4a69134ae3e4f0e	Codex	full-20261006	2026-10-06	全量英文候選；未經母語者審閱；字模、版面及遊戲路徑另驗
SHOPTAB#98.2	8559054e97b9c24b	Shop 2	accepted	f58cd829c883f580	Codex	full-20261006	2026-10-06	全量英文候選；未經母語者審閱；字模、版面及遊戲路徑另驗
SHOPTAB#98.3	44fc7f12a916fd0a	Shop 3	accepted	0af03d4dcf26d548	Codex	full-20261006	2026-10-06	全量英文候選；未經母語者審閱；字模、版面及遊戲路徑另驗
SHOPTAB#98.4	0b2d5cbbe7490515	Shop 4	accepted	ef7d6edcdb48a0d3	Codex	full-20261006	2026-10-06	全量英文候選；未經母語者審閱；字模、版面及遊戲路徑另驗
SHOPTAB#98.5	47f6bc387e7bcb26	Shop 5	accepted	5331aa2cbed7153d	Codex	full-20261006	2026-10-06	全量英文候選；未經母語者審閱；字模、版面及遊戲路徑另驗
SHOPTAB#98.6	d3625a6681e4211b	Shop 6	accepted	ada48eeac6d40638	Codex	full-20261006	2026-10-06	全量英文候選；未經母語者審閱；字模、版面及遊戲路徑另驗
SHOPTAB#98.7	c339cafeadf6c231	Shop 7	accepted	1d6a6ea3753a6f68	Codex	full-20261006	2026-10-06	全量英文候選；未經母語者審閱；字模、版面及遊戲路徑另驗
