id	source_catalog_sha256	source	source_png_sha256	candidate	candidate_sha256	output	output_sha256	status	render_method	visual_alignment	rights
ARROW.GRP:0	16d379976619d7c59360095d05255635cb57ae72a1f8dabf52d396894c64c555	workplace/re-img/out/GRP/ARROW.GRP_000.png	c15e0b41f5501ec5b9cad820fd8f78c50f026a5c14ea8020338829060b543a3a	workplace/ai-hd/generated/16d379976619d7c5-v1.png	28f438f8ca78c55c93138878fc2074ff61b092d82f26be32c35aa178e203c042	workplace/ai-hd/technical/full-theme/x2/GRP/ARROW.GRP_000.png	f956b64b42b19d008a02bc3c97f7027b622e22b30d96858db100b9347a8aae65	format-pass	candidate RGB resized; exact original alpha	requires review	local-only; original-derived; no public distribution
ARROW.GRP:1	9aa635cca1bde7329d5daddaf79b265b1570d84818ff0e32c4861b89f25db0d9	workplace/re-img/out/GRP/ARROW.GRP_001.png	a105073b9a167aca5ec3a3a293318f9c4b0cf2437147c64bc12d19ecb1778c00	workplace/ai-hd/generated/9aa635cca1bde732-v1.png	0719543bf3a98d49d388b315950f34167ab3d7d681d75944869fb569dbd7499d	workplace/ai-hd/technical/full-theme/x2/GRP/ARROW.GRP_001.png	f582d1a42cb9d3b70b9820a0e9ad8bfc7f0defed58ea0789ec4fbc2e181492d9	format-pass	candidate RGB resized; exact original alpha	requires review	local-only; original-derived; no public distribution
ARROW.GRP:2	a2e78a1ef0432dbcba7f88fc886504b273cb7753cc6ed9b5df0d579c7c73387a	workplace/re-img/out/GRP/ARROW.GRP_002.png	84a79082af56d04846daa6c7bbafa1e5b199fa0fe27c6d243147125ee0ad9309	workplace/ai-hd/generated/a2e78a1ef0432dbc-v1.png	bf540aaecd8edc3d92cf6e18d0f68ba4a269f294de8b07dce037b5d73ff93d8c	workplace/ai-hd/technical/full-theme/x2/GRP/ARROW.GRP_002.png	ba37f54ecc7b8cf7e6c00083fff0e12b1d783d7d5357750cc0f6936941dd3a11	format-pass	candidate RGB resized; exact original alpha	requires review	local-only; original-derived; no public distribution
ARROW.GRP:3	9d21b7943a33b60e92d79795c3a1bc382485aeedcf5bc093ad2509de54af1d35	workplace/re-img/out/GRP/ARROW.GRP_003.png	4d392076b8da36da33f4a4c585d17ac47e3a9052417e8ec8bec3ed417a925874	workplace/ai-hd/generated/9d21b7943a33b60e-v1.png	90d50183953ebae94e4f198e99ec0698a2dc4fcc68866f10d727982bda483fc9	workplace/ai-hd/technical/full-theme/x2/GRP/ARROW.GRP_003.png	896812fc840efb6335bd0e876e8161aa2dca8fc4955422a8edf4cf9461bd3f94	format-pass	candidate RGB resized; exact original alpha	requires review	local-only; original-derived; no public distribution
ARROW.GRP:4	8570a5050459bc389e7334d290bbcb26e575569e711dee62b26c82221c6ca63b	workplace/re-img/out/GRP/ARROW.GRP_004.png	fa9b8de53b45caf99bfedefce80cbe76e2f95c4b90ac6eea84a765c4935b6fa0	workplace/ai-hd/generated/8570a5050459bc38-v1.png	bde88938209e1d56f0bbaa76d9c15e2a9dea0ac4e80509e2bb1263cc3ae9771e	workplace/ai-hd/technical/full-theme/x2/GRP/ARROW.GRP_004.png	49d687e39edafbd3e35d4d1a8652ac4cbe8e614dccba2410922ece9ddf4c0d3b	format-pass	candidate RGB resized; exact original alpha	requires review	local-only; original-derived; no public distribution
ARROW.GRP:5	bc04234b1e7aaed567173832cf8ae598870a6f95ac931dcf199f712ccc24b544	workplace/re-img/out/GRP/ARROW.GRP_005.png	3015604fb21c1475be9cfbdb5e9ce61804cf6ee2036bfaf02e0abb5e698986e4	workplace/ai-hd/generated/bc04234b1e7aaed5-v1.png	f129fdd25bd0660ca16c6ee48a6c0795828d51871138fc2cff71187467de369c	workplace/ai-hd/technical/full-theme/x2/GRP/ARROW.GRP_005.png	734401fed0390d064a11a4782f9e989c7c7a29167b0f7fa6896af4b91eb58d1c	format-pass	candidate RGB resized; exact original alpha	requires review	local-only; original-derived; no public distribution
ARROW.GRP:6	43c86fb444386141ee4e69c1bb535e73ade918ca134df80028b0c45dd3cb1fd4	workplace/re-img/out/GRP/ARROW.GRP_006.png	86b643edd1d3aea71f9b078962fffd6a9ee90c6e57dcfeee906e9937d7e38931	workplace/ai-hd/generated/43c86fb444386141-v1.png	998aee7051f3185ae35321a596213c6973b440a2925f4ab012e62bb5cdae42fd	workplace/ai-hd/technical/full-theme/x2/GRP/ARROW.GRP_006.png	287cf1a472fa60b508182d4454787a74028970e11fdd39b4e1c894ffabde2173	format-pass	candidate RGB resized; exact original alpha	requires review	local-only; original-derived; no public distribution
ARROW.GRP:7	a58da5c77ea3e3578f3005032fedbb858289e58b298ad45eca0969050437e9e6	workplace/re-img/out/GRP/ARROW.GRP_007.png	e3b9801c86b66c8f9aae9354c93aad20b0056c235808a45563572ded5d143c14	workplace/ai-hd/generated/a58da5c77ea3e357-v1.png	19a07de6209ed2eb3be0932153c2888bd701f45b3e80cacae3c33fd35623ec4c	workplace/ai-hd/technical/full-theme/x2/GRP/ARROW.GRP_007.png	1c27131b63fe14f82a85ed644744338d60615de785fe624867e0e93aa980c071	format-pass	candidate RGB resized; exact original alpha	requires review	local-only; original-derived; no public distribution
BC32.MRG:0	78da7194b4b293a4caf1c996228c41f6b4228f1fc22bb6987b17bd989457ee9f	workplace/re-img/out/MRG/BC32.MRG/BC32.MRG_000.png	2370a018aac9d9aa1877fed957e79bd458921481cb0da9e7454a83198c213df4	workplace/ai-hd/BC32_000-candidate-v1.png	f429e78f4583b76116797a1f7d418f78fec52ef7e8d9524045dfed13e71a1036	workplace/ai-hd/technical/full-theme/x2/MRG/BC32.MRG/BC32.MRG_000.png	f61cce8ebde32c50a7aedc99037024950835b32563bb7c89af5a363ddcaa20d5	format-pass	candidate RGB resized; exact original alpha	requires review	local-only; original-derived; no public distribution
BC32.MRG:1	3764a137ef14c84a7440c8c3fbb269fb8f3f2ec73fa56390020624e44b6805a0	workplace/re-img/out/MRG/BC32.MRG/BC32.MRG_001.png	348737fcd0a8132716c3f9047b65328d9b1fcf04e49928fbf482266e99704dcb	workplace/ai-hd/generated/3764a137ef14c84a-v1.png	a587b60aecdf521c70a4a4d1d711e422317dbfc831017786d9d9a3537ac34fe3	workplace/ai-hd/technical/full-theme/x2/MRG/BC32.MRG/BC32.MRG_001.png	01dccf119a82e3ac5a171c42f822efd8ae9beaef662211902840e599c12a1571	format-pass	candidate RGB resized; exact original alpha	requires review	local-only; original-derived; no public distribution
BC32.MRG:10	9f0d2fad650772158670244c7b8eab5843596d321eebd398309953fdd218f3b6	workplace/re-img/out/MRG/BC32.MRG/BC32.MRG_010.png	b885d8695d33c182360a6b2f08a6676e1065055c4cc9d139ed1df558bc5242a0	workplace/ai-hd/generated/9f0d2fad65077215-v1.png	bed69d16780234b25cab73ceaaa7d9e6615dc335e1e3dc140fb0327403aab05c	workplace/ai-hd/technical/full-theme/x2/MRG/BC32.MRG/BC32.MRG_010.png	9f464f2affc3fcafee63baa933f559c91f3e014bd0038421f5706f5282efef61	format-pass	candidate RGB resized; exact original alpha	requires review	local-only; original-derived; no public distribution
BC32.MRG:100	3a4ea6cd37eecb837c3e432fe1e233435de481e79d197e62e9b16871bcbc3c2f	workplace/re-img/out/MRG/BC32.MRG/BC32.MRG_100.png	46c3ab010536e03246fec9c1d74b2564befd6252a8867eabaaf0bab029b081eb	workplace/ai-hd/generated/3a4ea6cd37eecb83-v1.png	5001553ff32ce85ba02589dd3cd8efbefe78e4b1cd4605645c1b51ce4adde377	workplace/ai-hd/technical/full-theme/x2/MRG/BC32.MRG/BC32.MRG_100.png	880942d29a530ebf99babd9c8a52cdfe2a2f419d14914d72f0b32a6d98b4bcd9	format-pass	candidate RGB resized; exact original alpha	requires review	local-only; original-derived; no public distribution
BC32.MRG:102;BC32.MRG:103	409a567fd34f40fb380b413c196534b516c157a8c0d2b45390f319647dd8e19f	workplace/re-img/out/MRG/BC32.MRG/BC32.MRG_102.png	67a2041619339988e3ab25919f39bf3222e8da74fd0684533efb5acf5c00f7bb	workplace/ai-hd/generated/409a567fd34f40fb-v1.png	2ab0d9861607c9c2cc033699c6d2f8771c3a5a759269f1198a7689c5b1d44f78	workplace/ai-hd/technical/full-theme/x2/MRG/BC32.MRG/BC32.MRG_102.png	734e75c550a9e1874c04812e735f538ab0b0ad37a024adb0f243a1fbf7b32e82	format-pass	candidate RGB resized; exact original alpha	requires review	local-only; original-derived; no public distribution
BC32.MRG:108	e76136d2fe1f9b7e82f10f3153796d0e2790e113f5eaffae95482004b48f9665	workplace/re-img/out/MRG/BC32.MRG/BC32.MRG_108.png	69a35ebc794422445eb7ff6ab2e811df85d68da47e051341fe544ec084055705	workplace/ai-hd/generated/e76136d2fe1f9b7e-v1.png	6b794124bd60006c2f07753b4dd88358f3379a3db53a6435f696ae210066df2a	workplace/ai-hd/technical/full-theme/x2/MRG/BC32.MRG/BC32.MRG_108.png	bcfc8d38e9dd2443ce462d3fd04769f54656def3a07717731b83b8689225f7fb	format-pass	candidate RGB resized; exact original alpha	requires review	local-only; original-derived; no public distribution
BC32.MRG:109	32a154f3b659dbb00e2136503a902ffb0f28dbea7957f343877348cb3ad6751f	workplace/re-img/out/MRG/BC32.MRG/BC32.MRG_109.png	a367e92da104745542c1bd30df0923e5ceb0b4e7550861b7275f32ce0e6f6e8f	workplace/ai-hd/generated/32a154f3b659dbb0-v1.png	4ab7d7bce9d669d932f74f7c40628bf2a140df9e31e5cace7870a0324421fa19	workplace/ai-hd/technical/full-theme/x2/MRG/BC32.MRG/BC32.MRG_109.png	560bafcfba30d526562c45f8272f6a39772b24050bc0e3e0e17195d8c0f28a0c	format-pass	candidate RGB resized; exact original alpha	requires review	local-only; original-derived; no public distribution
BC32.MRG:11	6840a5207c6f39dfb0c70f47abc9f2cb3885b539b4a6142ce238bd29ccae008c	workplace/re-img/out/MRG/BC32.MRG/BC32.MRG_011.png	037973d18bd3f397b7409888f7a84ea5bccb1d79b444908963e1ae0c42c74caf	workplace/ai-hd/generated/6840a5207c6f39df-v1.png	4d57fdec9a86a5eabd29aa069c280f14c8522eaee302ecf51d7f16cf9f1c3072	workplace/ai-hd/technical/full-theme/x2/MRG/BC32.MRG/BC32.MRG_011.png	44373800926cc405e5ea7152ad13fbdbaecf8001278921d0c1820c4d2a665bd2	format-pass	candidate RGB resized; exact original alpha	requires review	local-only; original-derived; no public distribution
BC32.MRG:111;BC32.MRG:117	bf602d78754bccb7319fb2363c11faaf0a460603aa8a1ea63a2bcb632bb78834	workplace/re-img/out/MRG/BC32.MRG/BC32.MRG_111.png	f915a2dc2980e9e6c3901f93ad83a84f4fc4381d091e0a2bb12257af2a8163f3	workplace/ai-hd/generated/bf602d78754bccb7-v1.png	530e053edb51c7d09aa0983286cc927495dbb6616db0169a49164c9a1a6c7d01	workplace/ai-hd/technical/full-theme/x2/MRG/BC32.MRG/BC32.MRG_111.png	4b7cfdce82b684d510302051b032fe28db5782d7fdd7c7c3cc187320a92e701f	format-pass	candidate RGB resized; exact original alpha	requires review	local-only; original-derived; no public distribution
BC32.MRG:112;BC32.MRG:118	be95b262dc79ff9c1f6d816ffc13a16c60da893377681b2f07df48ff28a94041	workplace/re-img/out/MRG/BC32.MRG/BC32.MRG_112.png	50903332d19f05e6848c227509f8e49b29c26f423ae4261618dd5b39729cb132	workplace/ai-hd/generated/be95b262dc79ff9c-v1.png	51d35585a37ae962a82adb21a26d604d304d94a16b89e45aeb2f3dba9d21b321	workplace/ai-hd/technical/full-theme/x2/MRG/BC32.MRG/BC32.MRG_112.png	b0bf4dc48327ee8639a518ad7b426a0b56299160a2de9df4209c1f6e2e525582	format-pass	candidate RGB resized; exact original alpha	requires review	local-only; original-derived; no public distribution
BC32.MRG:114	c21f57c17fc11537d3d7269f9871217c21c954a17f774a9303067789710bc2e5	workplace/re-img/out/MRG/BC32.MRG/BC32.MRG_114.png	8967e0db91f3083e2e7509429278fb4a0662a1ff5eb43c89cdcdb67b70acc099	workplace/ai-hd/generated/c21f57c17fc11537-v1.png	06a5a72458197c511f2ff510672f6d3f2bb9d51fe61c8ea44b6e3b712f44acd6	workplace/ai-hd/technical/full-theme/x2/MRG/BC32.MRG/BC32.MRG_114.png	cef2f75980c6e49513ba82f5279c6bfc19e5d322c97090d09aa4e3a9262114bf	format-pass	candidate RGB resized; exact original alpha	requires review	local-only; original-derived; no public distribution
BC32.MRG:115	794001b1420c03dfd40ad0c458dd43e3c1b01de538c7cba46bc3c6c8bf2822e8	workplace/re-img/out/MRG/BC32.MRG/BC32.MRG_115.png	6bec4afcf874dd3ca993c4b32f591277b81fd41c7f51f2c42a307c4a3ce4c8ba	workplace/ai-hd/generated/794001b1420c03df-v1.png	d71f6c2377d62fb249824248cec27aa6519f47fa0e80cd5df56c14572ba3e28a	workplace/ai-hd/technical/full-theme/x2/MRG/BC32.MRG/BC32.MRG_115.png	5ca991ccec468460c4adda687630a398370630dbcdd95d345661e3429273d380	format-pass	candidate RGB resized; exact original alpha	requires review	local-only; original-derived; no public distribution
BC32.MRG:12	9972ed556b9aaaaa008c21b845fdd05724a1d39cd3fb6404ca9ed01c706e1f4e	workplace/re-img/out/MRG/BC32.MRG/BC32.MRG_012.png	7d82963e37aa9e885604b70d5fc5a3f58872cc6c14fd4f6fbf048c796a1a0fde	workplace/ai-hd/generated/9972ed556b9aaaaa-v1.png	ea94e4f03dbb0b803d5b5b35edd604b52e55d123c1f5f38ea808a3d5480f43b4	workplace/ai-hd/technical/full-theme/x2/MRG/BC32.MRG/BC32.MRG_012.png	f6a13090584e5c97f0166ed3f48553f4bd954ab0bed70ced102c323b328796b9	format-pass	candidate RGB resized; exact original alpha	requires review	local-only; original-derived; no public distribution
BC32.MRG:120	9b68f77fba1f8a7d04fc4f7dac163cc54b6edbcc0b813e79c02ee65367be8315	workplace/re-img/out/MRG/BC32.MRG/BC32.MRG_120.png	74582f32346c5c89aa9c63d6160720e3d71701712c443c8c70944b0e09e68e07	workplace/ai-hd/generated/9b68f77fba1f8a7d-v1.png	3ad1d624492881c22c3f63665b57e7e191fea99ca3bdbd67d7b4451b9c5b6e28	workplace/ai-hd/technical/full-theme/x2/MRG/BC32.MRG/BC32.MRG_120.png	0caa3eded04bb56edfb82b2fb3eb0ed7623244876ea93b63434c55b01294ce3b	format-pass	candidate RGB resized; exact original alpha	requires review	local-only; original-derived; no public distribution
BC32.MRG:121	50afc43910a9293c02b28d6b50dbdf29b13307f7ed7738b9300fc12606594b66	workplace/re-img/out/MRG/BC32.MRG/BC32.MRG_121.png	1771e7525566e74290e4160406166a781d620b9afe136bcbff1e5918b76ac912	workplace/ai-hd/generated/50afc43910a9293c-v1.png	0076eba002fec5106da13288e406c0ebd8d5aead3581eff979017907e78c51c5	workplace/ai-hd/technical/full-theme/x2/MRG/BC32.MRG/BC32.MRG_121.png	236448d921384f65104aa421a6f730f4387e879f051ecfe2ef1d0eeccb200b43	format-pass	candidate RGB resized; exact original alpha	requires review	local-only; original-derived; no public distribution
BC32.MRG:123	419b6f87a8bd808ce413b974e40e0ebe0a9c5ccfaaca8a4b261eaff63508a61a	workplace/re-img/out/MRG/BC32.MRG/BC32.MRG_123.png	6d6fc1ebc7b1d048ad592915501c07cf6f96f9648024c8536ad13c7f9b66c796	workplace/ai-hd/generated/419b6f87a8bd808c-v1.png	2561bc9f4e160e9c19d18128af8afe6b596917c69100ad7ded899e97c22ad559	workplace/ai-hd/technical/full-theme/x2/MRG/BC32.MRG/BC32.MRG_123.png	a72ae91463a56724d67e706b5e024d468189538beecdbbc2735536877f3df134	format-pass	candidate RGB resized; exact original alpha	requires review	local-only; original-derived; no public distribution
BC32.MRG:124	6a85de2794919bb4835c6e17ebd8c94a02479c88460dcb14931b0594b2046908	workplace/re-img/out/MRG/BC32.MRG/BC32.MRG_124.png	fe5d0f275876de104996f6ad7d1ce763b788eebb44960fa90fd55d15618e8769	workplace/ai-hd/generated/6a85de2794919bb4-v1.png	c34086e719fb66a39e2a6561fd08b92de38fb225772692c531c1c7d0b0610fdd	workplace/ai-hd/technical/full-theme/x2/MRG/BC32.MRG/BC32.MRG_124.png	fab6c8808249ebb978bd3955cca0974cae997b6b5f716368d04d6db940e312d9	format-pass	candidate RGB resized; exact original alpha	requires review	local-only; original-derived; no public distribution
BC32.MRG:126	e7968e256467a4cf77debd8f82c6211e7ef838a4654a0a304434cb1222906976	workplace/re-img/out/MRG/BC32.MRG/BC32.MRG_126.png	047977095c2e3aacc3dcb7f80d1a6c1fe64e453d38203d4e4003b8b9f89fa5cf	workplace/ai-hd/generated/e7968e256467a4cf-v1.png	df62786fe5d5bb345f031d022ec185e1f7f363b4339924ec9a047f1d25277c1d	workplace/ai-hd/technical/full-theme/x2/MRG/BC32.MRG/BC32.MRG_126.png	6e6f8a66d686d97b1b49022d241684f9e1abd8881300b3c27c833d117d2c2dbd	format-pass	candidate RGB resized; exact original alpha	requires review	local-only; original-derived; no public distribution
BC32.MRG:127	fcf15a44bc6a79b59413e9ec3912ce784803222d377a1142248b32cd657ab8db	workplace/re-img/out/MRG/BC32.MRG/BC32.MRG_127.png	4cbb5a312fe52d120a508e54b9d003def16cf0a128a9f87fbdc79feeb1733c36	workplace/ai-hd/generated/fcf15a44bc6a79b5-v1.png	75050c43216e33c408b7ca5855ebc08d53b4922d953f8e803f0dfbb70a1b53e4	workplace/ai-hd/technical/full-theme/x2/MRG/BC32.MRG/BC32.MRG_127.png	5e16e2a318459d5cc0e1da707c43ef6997549a26745ffab8a00268a67cc81ff5	format-pass	candidate RGB resized; exact original alpha	requires review	local-only; original-derived; no public distribution
BC32.MRG:129	73fadfa4cbfb4499e64fba1c5589dbb131fbb50dc584e77245c43417e1e8b6f1	workplace/re-img/out/MRG/BC32.MRG/BC32.MRG_129.png	4ccda32c21d9ba8be238d5a72f05efd32d91aed992160e01d27eb0e291e20494	workplace/ai-hd/generated/73fadfa4cbfb4499-v1.png	6dcd6a6b37d54afa4228c527f942e3744c0481efab441b47249e5f5621c57398	workplace/ai-hd/technical/full-theme/x2/MRG/BC32.MRG/BC32.MRG_129.png	327c9a142ca0843f854324f659bfb42da8ef4d1a64f19d318639c16a45af76e0	format-pass	candidate RGB resized; exact original alpha	requires review	local-only; original-derived; no public distribution
BC32.MRG:13	327ee0530e5680cdb4ffe60533bdc741ab853811ae0fab94fb535a26c90edb91	workplace/re-img/out/MRG/BC32.MRG/BC32.MRG_013.png	cbd47cb03165f9422e6ce9549c9b1fc005578e480560ac2aa49ec4956f40edea	workplace/ai-hd/generated/327ee0530e5680cd-v1.png	2401df7387615c79ed3b2d7c31cba35cfdce436e7714cff4609e09e200ecd3f6	workplace/ai-hd/technical/full-theme/x2/MRG/BC32.MRG/BC32.MRG_013.png	85423c3c6418c01aa5dd7159aad9138827d3315ac20176dd2bf6ef4c61b7b0fc	format-pass	candidate RGB resized; exact original alpha	requires review	local-only; original-derived; no public distribution
BC32.MRG:130	e19e345912ac890e48da96dd78338f58130094340d87c1b0fb58eb752c1b8d43	workplace/re-img/out/MRG/BC32.MRG/BC32.MRG_130.png	3d6d98f4e881fe7308e6db02ba475c3e1e725627740635ab8354b71f0fa89e93	workplace/ai-hd/generated/e19e345912ac890e-v1.png	a96851a9d2d52d3789cd0e30948819abf68d8201cffcda7ab929683807c7262c	workplace/ai-hd/technical/full-theme/x2/MRG/BC32.MRG/BC32.MRG_130.png	b4f6ef7a4a7c0838a69993356daad4708720f0d4d19261e1ae9874c7265fbec2	format-pass	candidate RGB resized; exact original alpha	requires review	local-only; original-derived; no public distribution
BC32.MRG:132	4bb67a49c2f1aba22c4cba0cbe2e8015cd2f9074311b15e9e91a07d73c714cc1	workplace/re-img/out/MRG/BC32.MRG/BC32.MRG_132.png	75bf0745dc72e0d4142884a2bf7987b91cbcda82b5f53d754e0cef1e3863c266	workplace/ai-hd/generated/4bb67a49c2f1aba2-v1.png	5a805bbca0f2e4b5622801804df958d647cd06487bb97e1c224590af02dc5762	workplace/ai-hd/technical/full-theme/x2/MRG/BC32.MRG/BC32.MRG_132.png	812bf783051cf10f1db46164a38ff3b7f18f834eaceb014e6df9fb40470eb155	format-pass	candidate RGB resized; exact original alpha	requires review	local-only; original-derived; no public distribution
BC32.MRG:133	2da6f99e94bfa9db5659efc32ca7c530172d20c111ac34e22853196e93dc66a4	workplace/re-img/out/MRG/BC32.MRG/BC32.MRG_133.png	29872ca67d18f42d5695db70c507783772dad5a314836056f0f56c574844c711	workplace/ai-hd/generated/2da6f99e94bfa9db-v1.png	efa895aecece124848930f3c5bd3275befea9a9a8e030af100800f989c01f1de	workplace/ai-hd/technical/full-theme/x2/MRG/BC32.MRG/BC32.MRG_133.png	c000987d32ca163f9b6d7ca8eedc86f027840d08e654ded0f780a8f8b9ac4074	format-pass	candidate RGB resized; exact original alpha	requires review	local-only; original-derived; no public distribution
BC32.MRG:135	e99525244db5ca363b9efb1f9f16fc01880a3d37ed5cf339c23eef330ab5f66d	workplace/re-img/out/MRG/BC32.MRG/BC32.MRG_135.png	5751d9e0bab50218d4ee6a1607823ebd257d7b7daeebd13c35d442b7f7879280	workplace/ai-hd/generated/e99525244db5ca36-v1.png	a7632c0df5257c01b50d2e26758ef96bc862f800927f05f1877a1bee2c04ac18	workplace/ai-hd/technical/full-theme/x2/MRG/BC32.MRG/BC32.MRG_135.png	a17db3f0b38b8da250565cbb2c3d77c7fe21d8f16c83dad1a1d1086411bc49b8	format-pass	candidate RGB resized; exact original alpha	requires review	local-only; original-derived; no public distribution
BC32.MRG:136	746b2caa56305cd8d977b396a8246999203dd7d022a087c8a6969aa12d0c0975	workplace/re-img/out/MRG/BC32.MRG/BC32.MRG_136.png	64249acdbdbcb8e80264ab17b1b320294839e196430e299fefb45b5bffe402e4	workplace/ai-hd/generated/746b2caa56305cd8-v1.png	3c9387cad09259d7b4ca34e2453955dbba53d7693b57c0e0f25daca7fcdff383	workplace/ai-hd/technical/full-theme/x2/MRG/BC32.MRG/BC32.MRG_136.png	210b5a48870b50d5f9c32875258370e8978d856cc0e74dbaed5dda62fab5f9fa	format-pass	candidate RGB resized; exact original alpha	requires review	local-only; original-derived; no public distribution
BC32.MRG:138	1db0f8944ee8e2f4675c335c0b15ad9baeb51fd06e09a1dc7e1dfd2a0753bc55	workplace/re-img/out/MRG/BC32.MRG/BC32.MRG_138.png	b9abc2344427fd44d99390f4bb1aabb99a43594f3987e070159d8e226d985413	workplace/ai-hd/generated/1db0f8944ee8e2f4-v1.png	691fc51a7f3332a3bae2384cf83c9d02707bf1d65ca18d495fd2220145c1fcec	workplace/ai-hd/technical/full-theme/x2/MRG/BC32.MRG/BC32.MRG_138.png	ec92000b3816a767596b00a87dbf68d820d8551ef4e8996303e2e165f94d059f	format-pass	candidate RGB resized; exact original alpha	requires review	local-only; original-derived; no public distribution
BC32.MRG:139	4612d086ea6955566de697caf62e188e86d7118b530cfa86f9969d49908907eb	workplace/re-img/out/MRG/BC32.MRG/BC32.MRG_139.png	b75ba62ae180591f3c07e880ca5d56be96f5e04ba2686c062d408a86eaf11994	workplace/ai-hd/generated/4612d086ea695556-v1.png	93c3c56ca692c934b3c9d8ef287f72c4b710a6c889976267ee42202135cf7d28	workplace/ai-hd/technical/full-theme/x2/MRG/BC32.MRG/BC32.MRG_139.png	b749c8767deb93638d0fe4e2dde2ee001e69324bc2c114cfd8a02a927db555d3	format-pass	candidate RGB resized; exact original alpha	requires review	local-only; original-derived; no public distribution
BC32.MRG:14	92fc5c5221f0a376ce5328d0e9b52e42d6b0f2f747c909a79d7a53506087036b	workplace/re-img/out/MRG/BC32.MRG/BC32.MRG_014.png	bd477916e4547d894c7f030b248d9c689983523f85bce329f9206d7450a521ce	workplace/ai-hd/generated/92fc5c5221f0a376-v1.png	8f9699ca5097b490b361abe34f4b829eb6a3d2d4e3b17a97fecab76004062c1c	workplace/ai-hd/technical/full-theme/x2/MRG/BC32.MRG/BC32.MRG_014.png	97e0013629c8e53c4539ca0ec2a07d5979813e2249e39be89a76b3f4326137fd	format-pass	candidate RGB resized; exact original alpha	requires review	local-only; original-derived; no public distribution
BC32.MRG:15	06b1c6a6785652125b5b5ae7a5d0158098a1cf56103aa54cbb20f9cdcd265940	workplace/re-img/out/MRG/BC32.MRG/BC32.MRG_015.png	03d3e215d53cf9612a83a5c40dd7b56e83e07058b78fadcc517fe1bb725abcfe	workplace/ai-hd/generated/06b1c6a678565212-v1.png	6b2a616572a9b118f630779570271dfb52b219045f0d3093fe020eefb48e1f6b	workplace/ai-hd/technical/full-theme/x2/MRG/BC32.MRG/BC32.MRG_015.png	cb5b79d8e57114a153e4e91cb3515495e46ac99844c6c49e4869404f3ea9a494	format-pass	candidate RGB resized; exact original alpha	requires review	local-only; original-derived; no public distribution
BC32.MRG:16	c8f4e461e74f5688039932be458b97c74ba16c56a7e9a1097673029c381a53e1	workplace/re-img/out/MRG/BC32.MRG/BC32.MRG_016.png	e84de01aa61afa69c31f7bbc89542fe2011575c64a955b3c7de104c9f6490cec	workplace/ai-hd/generated/c8f4e461e74f5688-v1.png	4c589d4fb654c6047db5aa2cb9bfdb4491e3e5015ee29c4379dc6e0a3de45c53	workplace/ai-hd/technical/full-theme/x2/MRG/BC32.MRG/BC32.MRG_016.png	a7307fd6a8be4c09516db5811551d714028c2059dbd3f17ae037f54f625f14fc	format-pass	candidate RGB resized; exact original alpha	requires review	local-only; original-derived; no public distribution
BC32.MRG:17	ef2abcb46b62ae62aa18ac62a63a21cc1788a84b6d73c3b14bb66dcd5a816ce2	workplace/re-img/out/MRG/BC32.MRG/BC32.MRG_017.png	ad1a9c8ebfd60ed34e222cc13f7016a0f0210b9754aabe66cdf099d61f44adf8	workplace/ai-hd/generated/ef2abcb46b62ae62-v1.png	d6cb6783287efabbf165d0e06887070cd5c1f0c1a9538fe2b38d45b02d69bb4f	workplace/ai-hd/technical/full-theme/x2/MRG/BC32.MRG/BC32.MRG_017.png	cf75360026236ca6162efa0551736e2c90ae480133b536c58ccf2d7c17c6ae25	format-pass	candidate RGB resized; exact original alpha	requires review	local-only; original-derived; no public distribution
BC32.MRG:18	c903756d6d2693fd2ddfd92bc1309776dfc5c717676976e0a40941f7f34ae080	workplace/re-img/out/MRG/BC32.MRG/BC32.MRG_018.png	d93c842e197ce903d993653b7663f1b007b7788714d2cd1a2140b45bc61e2a6a	workplace/ai-hd/generated/c903756d6d2693fd-v1.png	20598e041d5f2d7291b1f52eb6f488df646c4bf89c55cac3af8a8c0d3c7308a2	workplace/ai-hd/technical/full-theme/x2/MRG/BC32.MRG/BC32.MRG_018.png	b2ff785d8e4da15a59a8e8c225da25ebc49cd8f4b7525515921fb5d092257335	format-pass	candidate RGB resized; exact original alpha	requires review	local-only; original-derived; no public distribution
BC32.MRG:19	4497b1d0f49eee86f387ebe37964079924a0b6c0269afc87e96795adc0a97bb6	workplace/re-img/out/MRG/BC32.MRG/BC32.MRG_019.png	84e8d7ea50c6e035de225f94a9165ab9b08ceb21ec299db51c0d82286c04ab02	workplace/ai-hd/generated/4497b1d0f49eee86-v1.png	5e49ec79a182542c61462853d6b03bb442f338471f1a33fed74af9b8143004ee	workplace/ai-hd/technical/full-theme/x2/MRG/BC32.MRG/BC32.MRG_019.png	3f3ad2212f830711132a96f4b690fcbd986e5699537a32b96628acdac40369c7	format-pass	candidate RGB resized; exact original alpha	requires review	local-only; original-derived; no public distribution
BC32.MRG:2	00914612fbd4eb537c62e2b8490cd333194e5ed5d30081d9bfc245f6d1385097	workplace/re-img/out/MRG/BC32.MRG/BC32.MRG_002.png	45bda45949c32f19057a0072f2b98ee3b5aaf083fbbd1f87da1dadcce785f005	workplace/ai-hd/generated/00914612fbd4eb53-v1.png	dc0c12e8953bf613e05e4dfd8c053a660010160200b13b2e3a6b466d6c2fbf3b	workplace/ai-hd/technical/full-theme/x2/MRG/BC32.MRG/BC32.MRG_002.png	5325155ba867696d4bd61d88039270909094426b56ec874581905ff50b14dbda	format-pass	candidate RGB resized; exact original alpha	requires review	local-only; original-derived; no public distribution
BC32.MRG:20	99cbb00ab36619f25cfac4100cc9d85b7900a3754123050dcf6ce390b7a559fb	workplace/re-img/out/MRG/BC32.MRG/BC32.MRG_020.png	6a3e77d0b20298cb4b9d306d692ff98ef732928e3c0501fd7d4c8102913e2677	workplace/ai-hd/generated/99cbb00ab36619f2-v1.png	5ad72f7554e0d88548e269272693d93b8619eef54e802cc825bf3285e5b66298	workplace/ai-hd/technical/full-theme/x2/MRG/BC32.MRG/BC32.MRG_020.png	44d59904e552f0b9f81f5d6d2f15c95e358ff4bba542250008c86072d8917d64	format-pass	candidate RGB resized; exact original alpha	requires review	local-only; original-derived; no public distribution
BC32.MRG:21	f8ad58128dac3df051b614e7c7893b47419cf81da67c69a10cf67809ed3f7fdc	workplace/re-img/out/MRG/BC32.MRG/BC32.MRG_021.png	48ebdf5b2f67d49e645ad14d6ecd32c8e7bc78ed5ef4f63269c21b61e3314856	workplace/ai-hd/generated/f8ad58128dac3df0-v1.png	6eb3a0572048c494f112eefd263f7a1e4a7ca42ee954205cd3357b41f75db5e1	workplace/ai-hd/technical/full-theme/x2/MRG/BC32.MRG/BC32.MRG_021.png	7b1c3af3fca339f2f7fad35466f28bdb3912bd33791b4a096767f3a9e732a868	format-pass	candidate RGB resized; exact original alpha	requires review	local-only; original-derived; no public distribution
BC32.MRG:22	a2c01cba1f7db98b6794300022bceac08e256f168f781c1aeaab9d1753f5ce6c	workplace/re-img/out/MRG/BC32.MRG/BC32.MRG_022.png	1c5cf7f47d2407cffa5ff7db3a208163c5fefb658ee5054eae352ee042d315c5	workplace/ai-hd/generated/a2c01cba1f7db98b-v1.png	4acf9cf776be87539b730ba577d6fdadfb6433546bcd98cc226fd8dbb3b9d237	workplace/ai-hd/technical/full-theme/x2/MRG/BC32.MRG/BC32.MRG_022.png	eadab0e98aa1ced55e12e97ed0f1aeb090312cfeda6b4afbb1e328a61b856770	format-pass	candidate RGB resized; exact original alpha	requires review	local-only; original-derived; no public distribution
BC32.MRG:23	37601bcc1a2e3b2feb51e390360b1a32fa0379c22ab5a89663e989875b4a21c8	workplace/re-img/out/MRG/BC32.MRG/BC32.MRG_023.png	f5fc2fcd26bb375d532eda3fd81fe5daf29d33129cc2c48626384e1fb5d1464f	workplace/ai-hd/generated/37601bcc1a2e3b2f-v1.png	8011d9f032ad056b945a92330eb202de15b02c851ea39efc90228cf582afd4b3	workplace/ai-hd/technical/full-theme/x2/MRG/BC32.MRG/BC32.MRG_023.png	a90b69c157114a2a6609d7a43f84358fb9c53e6cf9964580268669fbbf3f6cbd	format-pass	candidate RGB resized; exact original alpha	requires review	local-only; original-derived; no public distribution
BC32.MRG:24	dfd4fbd4184f33cbf71c3642879c7d4e0fe9c1cd56361ae6457b0ab14d9dacd8	workplace/re-img/out/MRG/BC32.MRG/BC32.MRG_024.png	b774281b2e30c829e77e918ba1501a0f81b568afb2ea8e7cc7846d7f95dee408	workplace/ai-hd/generated/dfd4fbd4184f33cb-v1.png	e811600be7701f4285d35c713bd88fc81cc0aa8bb4d1f853ad2ac7e7ea6075f3	workplace/ai-hd/technical/full-theme/x2/MRG/BC32.MRG/BC32.MRG_024.png	dcdef8b67e9826a6ac704c25990637ceaf64cf4eb8c4b9f0b8529f3107c31de9	format-pass	candidate RGB resized; exact original alpha	requires review	local-only; original-derived; no public distribution
BC32.MRG:25	2ac34e8e770d1074e0f0561449c7283a55b7f6ce970267a3bf2d41e9dabef078	workplace/re-img/out/MRG/BC32.MRG/BC32.MRG_025.png	17e6f1cb84c1a7cc02a9c59e729cfd09821a1e94a2462ef6c4941d8438bd8817	workplace/ai-hd/generated/2ac34e8e770d1074-v1.png	2a681110ccf980ffcd69f81e5ea0bd23d37b8c873fc93696a6518b4651995308	workplace/ai-hd/technical/full-theme/x2/MRG/BC32.MRG/BC32.MRG_025.png	095c557c60acaa900409b38746d9374d966218ec2274316ff959914369618c1b	format-pass	candidate RGB resized; exact original alpha	requires review	local-only; original-derived; no public distribution
BC32.MRG:26	2e4df92770f8e53d4a896129fbb51b308a62f75c12472fc92baa07e26901080c	workplace/re-img/out/MRG/BC32.MRG/BC32.MRG_026.png	9d3d8310a818c5ccafe66ee9c645fcd823e6f83f52d379bfd73cd854e357ef68	workplace/ai-hd/generated/2e4df92770f8e53d-v1.png	64a4b9b490a48f945acda3a9550e10ed609794ba1d4a8551ed0b70acb91e5a74	workplace/ai-hd/technical/full-theme/x2/MRG/BC32.MRG/BC32.MRG_026.png	45ba1c8328bb1c53ceac6a1cbec5e88cb55d17d35b9254c49942b077b0bda2e9	format-pass	candidate RGB resized; exact original alpha	requires review	local-only; original-derived; no public distribution
BC32.MRG:27	df4f937d4ce4e79ea4dbdfe98821272e81f556e4061dcebe5867b3eac7906310	workplace/re-img/out/MRG/BC32.MRG/BC32.MRG_027.png	4044d26650f3e86ee4ae8ff58c7ba20b1414310b9a885cbd6ea69c76591d2119	workplace/ai-hd/generated/df4f937d4ce4e79e-v2.png	01714fd31ce914dc43b24c82198298fa72c7f3d5d9a3cff7744a2ecc674f6f02	workplace/ai-hd/technical/full-theme/x2/MRG/BC32.MRG/BC32.MRG_027.png	abe682f1737f712ee78701f60a47a1dc666780a01284f57bb89b68288e2a88e4	format-pass	candidate RGB resized; exact original alpha	requires review	local-only; original-derived; no public distribution
BC32.MRG:28	b1352c86b06970f2368783e263efa93829ec7d99262d02cf8d368c2217023234	workplace/re-img/out/MRG/BC32.MRG/BC32.MRG_028.png	12ee946250d64c59a6f83c684d6f15d5c9bb214032fde23b05e68cbb9ae544f3	workplace/ai-hd/generated/b1352c86b06970f2-v1.png	5412cb49b5fb32123f969a8558be7c756f5adf7749748171cd679af261d43509	workplace/ai-hd/technical/full-theme/x2/MRG/BC32.MRG/BC32.MRG_028.png	1cf661de7d18c84c12da84f1e60d3f1220b3d047fe41ba5620264971b6bd928b	format-pass	candidate RGB resized; exact original alpha	requires review	local-only; original-derived; no public distribution
BC32.MRG:29	3e97319a8ff4d241fde8525e08b22a5c50f936a17579437f73ce604ec6f25a6b	workplace/re-img/out/MRG/BC32.MRG/BC32.MRG_029.png	1b8dcc89ae62b8b26d8fd9438782e1d2a38af058a3dcc9c53c869cbf908baa7c	workplace/ai-hd/generated/3e97319a8ff4d241-v1.png	9d38785ab5be25939eb8cef3ac4126c5c42ec6998d82c73fabc216e189d55a28	workplace/ai-hd/technical/full-theme/x2/MRG/BC32.MRG/BC32.MRG_029.png	3e9b09c7c8e7cb324c2f81835aefc10f99a06356aff7859286849f26cb19258b	format-pass	candidate RGB resized; exact original alpha	requires review	local-only; original-derived; no public distribution
BC32.MRG:3	00eac55f7cc3afe384c3deb19048edfc3db228d82ba02faabac9464df70cd075	workplace/re-img/out/MRG/BC32.MRG/BC32.MRG_003.png	1723f22ecc154dfa35fbb995558ccbee228a0ffd03e397a93e936ddb1636591f	workplace/ai-hd/generated/00eac55f7cc3afe3-v1.png	a3cb9787d8f0ec29d1868960f999e087655ef06ae4485c13695697a78acb8172	workplace/ai-hd/technical/full-theme/x2/MRG/BC32.MRG/BC32.MRG_003.png	fc130293f74db626a53784188d3dba3660c7aa5a2705ef49b5a40771a3abff97	format-pass	candidate RGB resized; exact original alpha	requires review	local-only; original-derived; no public distribution
BC32.MRG:30	ee77b026df08e2c1a1ffd19072c840183af695ab81f9b1f7f272de01514f23ce	workplace/re-img/out/MRG/BC32.MRG/BC32.MRG_030.png	bfa8c0d32288208ae154866fd48b678b80cd58a009aca1c1e52a0ab17663ed8c	workplace/ai-hd/generated/ee77b026df08e2c1-v1.png	a1037e01816b4358a3307a1455d73657c4b3cf193da5d8f54ad3a67a8d03d470	workplace/ai-hd/technical/full-theme/x2/MRG/BC32.MRG/BC32.MRG_030.png	c0a003ffc4027c0ee82655169e1f412196b5f81cb35575ce84fbec3e0623f01a	format-pass	candidate RGB resized; exact original alpha	requires review	local-only; original-derived; no public distribution
BC32.MRG:31	028420e6c3471468d6604c724a1d01279b48018a59ce831446c7aead82868b8a	workplace/re-img/out/MRG/BC32.MRG/BC32.MRG_031.png	f1f1ac695a6aff8688bea8fdd9a331139dfa7e6626a9e8d977aba7ecc0b19ba8	workplace/ai-hd/generated/028420e6c3471468-v1.png	9d94d969ba43acf934cb19b37a5c7468b41e744cc0ed488a96c44e09afe7429b	workplace/ai-hd/technical/full-theme/x2/MRG/BC32.MRG/BC32.MRG_031.png	89f5a11801b13fd6e4fc9583d0f7f5427145c3700e8aa3b3860028fba498dd41	format-pass	candidate RGB resized; exact original alpha	requires review	local-only; original-derived; no public distribution
BC32.MRG:32	7309378c2328d0d7fdf3865a93786830167984c666ea98d8658f2f598be2065b	workplace/re-img/out/MRG/BC32.MRG/BC32.MRG_032.png	9b691fef9d82c5bdfa6de3dd6332fecb5f5e810d811e4cd69aea2ebd5aec2924	workplace/ai-hd/generated/7309378c2328d0d7-v1.png	827acaa774dd2ba26a8f270d32479da1d3799ce02b31c385e709cc5683537b50	workplace/ai-hd/technical/full-theme/x2/MRG/BC32.MRG/BC32.MRG_032.png	f6c00da1aa5005a88868f1611be1d5ca103ebf95ce9ede22555b04ff904fc1b2	format-pass	candidate RGB resized; exact original alpha	requires review	local-only; original-derived; no public distribution
BC32.MRG:33	f8d34e803028d22527390c3f7bad504e78b6957bd66c46c2a931d7c9133c7af5	workplace/re-img/out/MRG/BC32.MRG/BC32.MRG_033.png	643b5b05d3a4040358d88ec2690fb964e66557291fa567e83d324b44f0680db4	workplace/ai-hd/generated/f8d34e803028d225-v1.png	dfc1517a27fdda5eac4932338672a7c189f41998a1e5682c85a445ae00952b60	workplace/ai-hd/technical/full-theme/x2/MRG/BC32.MRG/BC32.MRG_033.png	522fae80b226d46a7b6dc5881c0704ace21b3771f42174f2098a19fda59b3b49	format-pass	candidate RGB resized; exact original alpha	requires review	local-only; original-derived; no public distribution
BC32.MRG:34	f3a790449a6e13bef39a16d644fe4dcca94dbfdedb1a3ff0562035816273eb9e	workplace/re-img/out/MRG/BC32.MRG/BC32.MRG_034.png	b297521a8b268dc391b6637faad55bbfbe118c582707700e8b81bddd0beac490	workplace/ai-hd/generated/f3a790449a6e13be-v1.png	853640dbf0487764ab6df0586585de00c06e1c7edaec7bd32ed7f2d631fb6901	workplace/ai-hd/technical/full-theme/x2/MRG/BC32.MRG/BC32.MRG_034.png	c119c30e67f6c26ad39313a6303d06488d878d92c3ed67bce0ec52be4fb615f9	format-pass	candidate RGB resized; exact original alpha	requires review	local-only; original-derived; no public distribution
BC32.MRG:35	0ce7fe03b99564a0325c2c4e9915d138e9588c25f3e45519caeb096585616d5c	workplace/re-img/out/MRG/BC32.MRG/BC32.MRG_035.png	746391f2ba62a3ef86373e93ae4682657c66f0163007d7c4f97ec2bc6103c457	workplace/ai-hd/generated/0ce7fe03b99564a0-v1.png	b92b5a0c79192becf03ca20a7858aa78c6eb6a2d6f21640cc735f20fe4a85b27	workplace/ai-hd/technical/full-theme/x2/MRG/BC32.MRG/BC32.MRG_035.png	1e86ecd50df871704aa8227eb712e21076c5489c7a74bc9089d4f2682841b682	format-pass	candidate RGB resized; exact original alpha	requires review	local-only; original-derived; no public distribution
BC32.MRG:36	625f4e3877e7e4797a6976970538256420d707f87870f2ed1a5965f3009197be	workplace/re-img/out/MRG/BC32.MRG/BC32.MRG_036.png	f14991530a88f2cc652e08948d4ea59d0263be4041cc2a3c999965ae5bb31118	workplace/ai-hd/generated/625f4e3877e7e479-v1.png	c053ee136ce9803188793815007f079a17f07f5b19456f8a32544f4bb1741594	workplace/ai-hd/technical/full-theme/x2/MRG/BC32.MRG/BC32.MRG_036.png	0be2de88a0a8b086e21455398232911980b8a35a01d94e0dbb356ba557d9e89e	format-pass	candidate RGB resized; exact original alpha	requires review	local-only; original-derived; no public distribution
BC32.MRG:37	c1bd6ae82057df10b009f23f45a88a4892a0d6006d27307d8921f58859098d92	workplace/re-img/out/MRG/BC32.MRG/BC32.MRG_037.png	be08b28cd7610bca47104359fe0189dabf97b07387cbf9cd49c66ece7ce24250	workplace/ai-hd/generated/c1bd6ae82057df10-v1.png	206fd438d7471d234711d2229f766c2fcc7e320530acc9028902a699229fffe0	workplace/ai-hd/technical/full-theme/x2/MRG/BC32.MRG/BC32.MRG_037.png	2db82bbf0b4750a11d54f5d3f763f8353aa1c366e326517a5aa6cda93813b782	format-pass	candidate RGB resized; exact original alpha	requires review	local-only; original-derived; no public distribution
BC32.MRG:38	87b74c5488f6ef8af1253b577428d29bd1b6c8e126ca093834287166ca241f65	workplace/re-img/out/MRG/BC32.MRG/BC32.MRG_038.png	525b7fe0ced40af0dfb246bb1d0c271566dae3bb8a40774760f2cbdc2dfeef61	workplace/ai-hd/generated/87b74c5488f6ef8a-v1.png	b836368f81c3304e0c24186c948137cc058215e37ba7f3c710501737a5ba0c61	workplace/ai-hd/technical/full-theme/x2/MRG/BC32.MRG/BC32.MRG_038.png	6d468e3f667c01df752eb44796426055365b72874111fa892e0cda30fc617aa1	format-pass	candidate RGB resized; exact original alpha	requires review	local-only; original-derived; no public distribution
BC32.MRG:39	41d069bf9fc9d006244310f596e4263d0799862af7d2a77a88bde1b022495ccf	workplace/re-img/out/MRG/BC32.MRG/BC32.MRG_039.png	7759666f19aedc3611bdbf43d96bed2a071a6f61b0f942d09d6e5f08c1916448	workplace/ai-hd/generated/41d069bf9fc9d006-v1.png	9c3e8868ef50875c228cf000b6404bca13265ef24da1c3563e969a85914bfc0c	workplace/ai-hd/technical/full-theme/x2/MRG/BC32.MRG/BC32.MRG_039.png	75d8f5890ca412025eac4d385ce6eef4b4161566c2f0945dd85c40a91b2ad852	format-pass	candidate RGB resized; exact original alpha	requires review	local-only; original-derived; no public distribution
BC32.MRG:4	c51359c4bd97daea1e71fa88727564f2fd136f338a477a8e35a97e2858b4571a	workplace/re-img/out/MRG/BC32.MRG/BC32.MRG_004.png	a2807e13be18951ad6c9ac20f18d6ebc42eea1cc40af3475d855304029c3db93	workplace/ai-hd/generated/c51359c4bd97daea-v1.png	6ddb6ecbcf4b29a6e4f284df7dfd7cd8be02e6739d296ed3ce0abef4dd59fdb0	workplace/ai-hd/technical/full-theme/x2/MRG/BC32.MRG/BC32.MRG_004.png	8724e7a8117efe7ee81752b9720eddbd0036b97bc8deeece8e6ef4782ce38a09	format-pass	candidate RGB resized; exact original alpha	requires review	local-only; original-derived; no public distribution
BC32.MRG:40	993a08f25196923534ab85865e454992c8fcc0e1b404f56e267b7367927fbbdf	workplace/re-img/out/MRG/BC32.MRG/BC32.MRG_040.png	8570237a01977b4e92f5659f2dc134642c680baa4a2b8fe85f8e099707c7aa3a	workplace/ai-hd/generated/993a08f251969235-v1.png	3ceef918bccd9a7074b7a626d1780167e22743b912ad9c2b94063483521fa523	workplace/ai-hd/technical/full-theme/x2/MRG/BC32.MRG/BC32.MRG_040.png	56405618a44148dea328ba8fabfa552bcce91e6c3615240d058b0118cbf03f75	format-pass	candidate RGB resized; exact original alpha	requires review	local-only; original-derived; no public distribution
BC32.MRG:41	130e743e0c1f7f6c1a7438630f4c3fa22691ce625c8174172caf3ca7c58f9e34	workplace/re-img/out/MRG/BC32.MRG/BC32.MRG_041.png	f8e49a997724e318a0e356b0ae62e597bf8741e085331b4924b791c1b1ac8b28	workplace/ai-hd/generated/130e743e0c1f7f6c-v1.png	8934e5c537db5c243b31d1201129605203639e564040cd74e69cf11c689fcdcc	workplace/ai-hd/technical/full-theme/x2/MRG/BC32.MRG/BC32.MRG_041.png	796859941e2fcdc1fa139c72ddf7e8a8b1bde3903cbd82d91ded1d5ad6a794dc	format-pass	candidate RGB resized; exact original alpha	requires review	local-only; original-derived; no public distribution
BC32.MRG:42	c262409db6f9a2fc5bd5cbc20b600e1adc1f09efa2fba603c1ee7058cf432984	workplace/re-img/out/MRG/BC32.MRG/BC32.MRG_042.png	f99a83ecd1e41dde160dc15ad8241a75a3557c03066c5915d82d0639542dc4e6	workplace/ai-hd/generated/c262409db6f9a2fc-v1.png	452b0b855f2cd952eed43df5a62c8446760ebb917ea848fa837667da3a5ad2d1	workplace/ai-hd/technical/full-theme/x2/MRG/BC32.MRG/BC32.MRG_042.png	467510008315ec498b69bb2a20ceb27c351d200b7586a1908503a236867062f6	format-pass	candidate RGB resized; exact original alpha	requires review	local-only; original-derived; no public distribution
BC32.MRG:43	2f205b1bd91a68beeb7bae70c02f56881d7f5183b3ec75a0f61d37210488f215	workplace/re-img/out/MRG/BC32.MRG/BC32.MRG_043.png	4a68e198e499b4d9dd2b1875217f6dbdd27662fb4da09adae8cb0c5dc87f9fce	workplace/ai-hd/generated/2f205b1bd91a68be-v1.png	7a8c4ef93028b4374715c59b500a444092d9d16d122dab78ebbf2b011c384c5a	workplace/ai-hd/technical/full-theme/x2/MRG/BC32.MRG/BC32.MRG_043.png	df65ece49ade169850e2824fae4f83ce00b09c3d41c2708d53d56948e38a419d	format-pass	candidate RGB resized; exact original alpha	requires review	local-only; original-derived; no public distribution
BC32.MRG:44	82906f32524d21cf5aecaef11bafa10f1b32a8ba0f0f64a1378c78db971debb9	workplace/re-img/out/MRG/BC32.MRG/BC32.MRG_044.png	99a162cd661a55888c28cba6287c9e3238f61be88fa741241184570109db465f	workplace/ai-hd/generated/82906f32524d21cf-v1.png	c0c8610322c5dd17185ac501579cb144a8abe179d284487944d8566ce3ae6cd9	workplace/ai-hd/technical/full-theme/x2/MRG/BC32.MRG/BC32.MRG_044.png	0a1be6c271a15f49bbc02b346ead6fb68bacf3cf4e1cfa49036b532b469f3af5	format-pass	candidate RGB resized; exact original alpha	requires review	local-only; original-derived; no public distribution
BC32.MRG:45	a1c2824a4ee9298f6377812d7e5517f07afbcc08b96d7f12093141602fcda06a	workplace/re-img/out/MRG/BC32.MRG/BC32.MRG_045.png	c576009851864582e7c509e293c749d016f1ef71c3a905962153473c9443208e	workplace/ai-hd/generated/a1c2824a4ee9298f-v1.png	1991c0f35289aa53b82f5660f882aba0c2cbb5dc735e729051dea17fa780a803	workplace/ai-hd/technical/full-theme/x2/MRG/BC32.MRG/BC32.MRG_045.png	4e6dc6696adb6b50e8ba860234809a8105a85cfbede7a0c8a83922b8a09443d0	format-pass	candidate RGB resized; exact original alpha	requires review	local-only; original-derived; no public distribution
BC32.MRG:46	6eea6efdc071f3e158fbfcd84cc0d2f8fec7a1fac9ff807aceee14a13ec4545d	workplace/re-img/out/MRG/BC32.MRG/BC32.MRG_046.png	1aceb3b0475f4ef7910ba3ea39972f25120322322886822a9ed020c941711eb8	workplace/ai-hd/generated/6eea6efdc071f3e1-v1.png	98934f00db1cd2e52e0bdc94ed18a01c530af2429bbabc0d4f23818b5edcf334	workplace/ai-hd/technical/full-theme/x2/MRG/BC32.MRG/BC32.MRG_046.png	f40309bfd5f2e963d9b173e5edf7154dcf32d25e0819d0390353c58ea22acbc9	format-pass	candidate RGB resized; exact original alpha	requires review	local-only; original-derived; no public distribution
BC32.MRG:47	87ea1c9a5bcae062fa762f3b828506e1912e4b13cc0b4cacdf7d1541d3275c23	workplace/re-img/out/MRG/BC32.MRG/BC32.MRG_047.png	0d6afa4890ae6e788c04be8321ee82b3f0d531244142ab42ed9bb8ac8a6a2bcf	workplace/ai-hd/generated/87ea1c9a5bcae062-v1.png	080389cddb1d2389d0b9525e7be0cc56f60c8ad5d2467c1df470b1930b1c85f5	workplace/ai-hd/technical/full-theme/x2/MRG/BC32.MRG/BC32.MRG_047.png	969c7a381110d1ca73b57dd844f346790eea1b5d6f0422932dd86b5f9f469b78	format-pass	candidate RGB resized; exact original alpha	requires review	local-only; original-derived; no public distribution
BC32.MRG:48	ef176f3855b729e7eb6de114fa596adc1498ce15fdcbfcf64cd7925878f1d690	workplace/re-img/out/MRG/BC32.MRG/BC32.MRG_048.png	a9507a84f8d8b59b58eb1ea2c8ee8e7b0ccb6b0b34b9a113e1e94f12032e23f4	workplace/ai-hd/generated/ef176f3855b729e7-v1.png	e5ad9accfc85e68294d38fb9bc25282dd7c8480e4d9889fca67eb818f78664ad	workplace/ai-hd/technical/full-theme/x2/MRG/BC32.MRG/BC32.MRG_048.png	06751cffe14bc1836a71d7711671562aea6c8f3f9c10032b4e300f982701398c	format-pass	candidate RGB resized; exact original alpha	requires review	local-only; original-derived; no public distribution
BC32.MRG:49	36876ee6ca01a89ceded6690530537eb9b963fbca66c2b452faa4224daca86bb	workplace/re-img/out/MRG/BC32.MRG/BC32.MRG_049.png	cf5b330fe4a29c9cb1f5fc3a83556859c091bcb065be2a03f5899f3941e379d0	workplace/ai-hd/generated/36876ee6ca01a89c-v1.png	2e9de0823d3d69ddc53e109a030c5c5cf4fae99b4a366b8dd4995b9cde1a8ffb	workplace/ai-hd/technical/full-theme/x2/MRG/BC32.MRG/BC32.MRG_049.png	7e04de9fa2de2684436c4d9e1986ebf6e56ba25014228ab0f423ade142ee18da	format-pass	candidate RGB resized; exact original alpha	requires review	local-only; original-derived; no public distribution
BC32.MRG:5	7a9b085ce6d8c612149f8c18b6d971b2677d129aa667631536f8a2390d856d60	workplace/re-img/out/MRG/BC32.MRG/BC32.MRG_005.png	a3710dad70fa31c2a415f2e23af34f35a0f1724d5ef5bb8b595b1b9de5a2eb85	workplace/ai-hd/generated/7a9b085ce6d8c612-v1.png	3a60bc4a9a5c62e7c0c55d487bcf40c30542e6265c7d12c012590246d812fc8e	workplace/ai-hd/technical/full-theme/x2/MRG/BC32.MRG/BC32.MRG_005.png	e5cf043f3a048e8747508094b092f98240b4ff8f3faa671d98fbdc7fb070b14a	format-pass	candidate RGB resized; exact original alpha	requires review	local-only; original-derived; no public distribution
BC32.MRG:50	1c59ab7103992bd5818ad50d9012cec6c5f0030ce95ea85f9edf35c27875ad08	workplace/re-img/out/MRG/BC32.MRG/BC32.MRG_050.png	7ff38bc3d9361b202acc8fcfb61145d424103742c099f14a9288956e9f994a14	workplace/ai-hd/generated/1c59ab7103992bd5-v1.png	1db4d90e35146d011ceed7fdb677fa7daa98e03392dce71481d9b5d87d1a401e	workplace/ai-hd/technical/full-theme/x2/MRG/BC32.MRG/BC32.MRG_050.png	0578939353bf4b50bc0209da9c2c102e17b3a5288cbac9c70adb03bc77d5204a	format-pass	candidate RGB resized; exact original alpha	requires review	local-only; original-derived; no public distribution
BC32.MRG:51	59671966a91f4f34cadb81bac890d9ccae5886f7ebcb414cc200a1a1dfc62755	workplace/re-img/out/MRG/BC32.MRG/BC32.MRG_051.png	14f86d9345055bd44f92380b804c148baaaed3b9fb42126b79587ff9ad73b67a	workplace/ai-hd/generated/59671966a91f4f34-v1.png	2236110cd2a161cd288a4aa3192f496a5f9f2ea73e3810f8d4513b5e98ad6c3c	workplace/ai-hd/technical/full-theme/x2/MRG/BC32.MRG/BC32.MRG_051.png	92bd90263b82cddc401886c2c82fd86de4728cb1f5bb3a2eff32cdccd4874a88	format-pass	candidate RGB resized; exact original alpha	requires review	local-only; original-derived; no public distribution
BC32.MRG:52	109e1c4b4f71ab3eacc46166c9d00fc433aa66eb103af7f5dfe69ccd58e76ca0	workplace/re-img/out/MRG/BC32.MRG/BC32.MRG_052.png	2b8f5d421da7d848baf51d1b7217b596bf5df60a8e6acb40e233ecc761022108	workplace/ai-hd/generated/109e1c4b4f71ab3e-v1.png	6357b7ba5f50e3d5d90908c134a74616745fac9d75c50d8c207dcb05bae8070b	workplace/ai-hd/technical/full-theme/x2/MRG/BC32.MRG/BC32.MRG_052.png	fcbf77b120f8eb076844fb1039cb4aa3201625a3a71d38415afc0fd98f21f6f1	format-pass	candidate RGB resized; exact original alpha	requires review	local-only; original-derived; no public distribution
BC32.MRG:53	3e1fd89ddd73e82a69d96381d32571b743aa71b75ebfe612ede01e8ce30f2583	workplace/re-img/out/MRG/BC32.MRG/BC32.MRG_053.png	cb4a654cc7fad5d7fe8bcbba61645be944dabad0b34e9850bd2236d168a3efe1	workplace/ai-hd/generated/3e1fd89ddd73e82a-v1.png	4fcc561eecd0d531b2a635a6a5cbf6855355683ffc7ba281e2d9f94c96404b38	workplace/ai-hd/technical/full-theme/x2/MRG/BC32.MRG/BC32.MRG_053.png	d1922d77e75895fe6d572e30e6c355eb1c80ba18f62c219b0aab0f2ef8b3cae3	format-pass	candidate RGB resized; exact original alpha	requires review	local-only; original-derived; no public distribution
BC32.MRG:54	7f7ccaf5941cd34729a47e8d9884ddeff10db262c729586290de380c0d95ec77	workplace/re-img/out/MRG/BC32.MRG/BC32.MRG_054.png	6432d3e163555b9a231ad930ebcc4927cbe13ea476fd87f00d88f485999ed2ee	workplace/ai-hd/generated/7f7ccaf5941cd347-v1.png	ec9eb0f6a6c050281d3cd0d1940170afbde01497c4bff784d5d21520a8e0c437	workplace/ai-hd/technical/full-theme/x2/MRG/BC32.MRG/BC32.MRG_054.png	6a9f8ac13a7451626559beb01cd5ac02abfbc5aced8b3363655c1e13f8eb528e	format-pass	candidate RGB resized; exact original alpha	requires review	local-only; original-derived; no public distribution
BC32.MRG:55	7a0819ba78568fe7850c91d1cad25194ba43a80640758f14b2381282e64a789a	workplace/re-img/out/MRG/BC32.MRG/BC32.MRG_055.png	ff4af8c5ed8d2f1da543b601725a07747d7da8a18e04aa5ec3dfb452cdd674ee	workplace/ai-hd/generated/7a0819ba78568fe7-v1.png	6aae69e82e06bc0546d35ff1c28c356630214dfd7412cd77f9ed7f6c475278d5	workplace/ai-hd/technical/full-theme/x2/MRG/BC32.MRG/BC32.MRG_055.png	b94d57c76c9ce8f331dac6f71ab413201aa54c2f0248c47e614b181f6faa68a7	format-pass	candidate RGB resized; exact original alpha	requires review	local-only; original-derived; no public distribution
BC32.MRG:56	b38c80c743bd3334afdc052b5c135c3e1862196b92e648a724f51acea6ea46fd	workplace/re-img/out/MRG/BC32.MRG/BC32.MRG_056.png	3f6abe58b8071d25bd0932318bae845bc09ea97662be6471a46b22f278a30378	workplace/ai-hd/generated/b38c80c743bd3334-v1.png	f0227b8e98012339178100bcb9eecacc8643009e981e743e40437f77f53b11d0	workplace/ai-hd/technical/full-theme/x2/MRG/BC32.MRG/BC32.MRG_056.png	d01430945b81eb5505ad1c8682b75285dcc6dda3924851992d4c8b2618bce652	format-pass	candidate RGB resized; exact original alpha	requires review	local-only; original-derived; no public distribution
BC32.MRG:57	6adf9d478ca72ee8772f60d3178eb97671ad6c2dc4b9f9238e8ebd55034f89b0	workplace/re-img/out/MRG/BC32.MRG/BC32.MRG_057.png	0153ffb7fd66e2bf63403cb88275ece3229173b59fe79b5a5b3a9b40b40cc30d	workplace/ai-hd/generated/6adf9d478ca72ee8-v1.png	7fb88de062d1f498fe6fe9a609c1ef4e2a232f69149ce5b4d6dbae7869ed2a83	workplace/ai-hd/technical/full-theme/x2/MRG/BC32.MRG/BC32.MRG_057.png	927a332249acb0d23cf6bc794fdad5cc2ef188a4a97b2d5efe7dd9af2cf1c909	format-pass	candidate RGB resized; exact original alpha	requires review	local-only; original-derived; no public distribution
BC32.MRG:58	cce703cb22d24a7df9c183f4303083206581943587c601a1892b709c9669eeb5	workplace/re-img/out/MRG/BC32.MRG/BC32.MRG_058.png	d948d07953ed5bf827dd6658bc8dfd8d16b3041f0581408a0833d9d48399f674	workplace/ai-hd/generated/cce703cb22d24a7d-v1.png	95c42373d6adb4e66c79d2116a0957c8a017a6fb138f2bb981ca4b4035a30b16	workplace/ai-hd/technical/full-theme/x2/MRG/BC32.MRG/BC32.MRG_058.png	6170ca448af3211d5e7f8e326af4c213bae282a94a74a5125150a54f93e0c1e1	format-pass	candidate RGB resized; exact original alpha	requires review	local-only; original-derived; no public distribution
BC32.MRG:59	a5b782fe513688abf43cb69c65c65ed7a60adbec7b9f2c6b259d5ef055b00984	workplace/re-img/out/MRG/BC32.MRG/BC32.MRG_059.png	16ca67de22f03741352711b6413e13f8ed1b9b585bd6450dfd994e3b7e7005ef	workplace/ai-hd/generated/a5b782fe513688ab-v1.png	2c4d34bb38b1c68c5e195e364bccb45651827e29c64e8fd0653b4ef0ec963637	workplace/ai-hd/technical/full-theme/x2/MRG/BC32.MRG/BC32.MRG_059.png	2b7f03ba942c48f07b6a0f07d23dc78d5c8b7c258aa719cdfd365772dd758725	format-pass	candidate RGB resized; exact original alpha	requires review	local-only; original-derived; no public distribution
BC32.MRG:6	6585b0abe165c439a01564521fef7f64b71a85c8141c54e6f3791f30d3fcfe87	workplace/re-img/out/MRG/BC32.MRG/BC32.MRG_006.png	18600abba25a6dbe6b5c5d1756abe4f811fa61ec519411b847767bf23bbd2f70	workplace/ai-hd/generated/6585b0abe165c439-v1.png	3ff5d472c1bfba60e5414b677ba5cad8697ce98eebe9eeb1407190680a9890b5	workplace/ai-hd/technical/full-theme/x2/MRG/BC32.MRG/BC32.MRG_006.png	7f2fbb059762864cd4a2d1f1b1c426f9f66664a1966733d4125dc5d27ce7e1f7	format-pass	candidate RGB resized; exact original alpha	requires review	local-only; original-derived; no public distribution
BC32.MRG:60	32a38f4160a37ba9b2453565473fbeb059edaf7d85f4b5690beef349ea3dcc3b	workplace/re-img/out/MRG/BC32.MRG/BC32.MRG_060.png	286b734b8799a382adf84af0b12f6700ad44203e0216b311979f0bdbbc5ee501	workplace/ai-hd/generated/32a38f4160a37ba9-v1.png	c1c48ebfe7a665f2bdd1ba427d2adc9fbf6b87812348c2fb572dfde16f3901f7	workplace/ai-hd/technical/full-theme/x2/MRG/BC32.MRG/BC32.MRG_060.png	bc6871942bcc58101cde6c05e9f10c931d73603e4492235e97b8a96ea35c4689	format-pass	candidate RGB resized; exact original alpha	requires review	local-only; original-derived; no public distribution
BC32.MRG:61	207f0844208b8f73c428791959504ae43354f2e37c5fa8a547a21b4725ed55f2	workplace/re-img/out/MRG/BC32.MRG/BC32.MRG_061.png	6715f2a9c12bb1c16782efa95b56b235ef66d5bbb9c69aa196832426672d5d9c	workplace/ai-hd/generated/207f0844208b8f73-v1.png	70b29c37296e5f62937143df8156d39540d78d26efc116cc47cb5d47179034f3	workplace/ai-hd/technical/full-theme/x2/MRG/BC32.MRG/BC32.MRG_061.png	c197d77b5bf34c174b79e81c14bc5d66ff1d57cd5c4c99b18c63bb82227a5dfa	format-pass	candidate RGB resized; exact original alpha	requires review	local-only; original-derived; no public distribution
BC32.MRG:62	35ad3b2afa69f6d325fc4e01bf275ec75b14c229092993b8828d0a6e5f81c7b4	workplace/re-img/out/MRG/BC32.MRG/BC32.MRG_062.png	74cca39ae74e217ccc144f5d8752837aa655bed99a94f97868a1793f2c31ad71	workplace/ai-hd/generated/35ad3b2afa69f6d3-v1.png	851b51be16c7f7d1f7bf315773cb6c8b93929257e8ddc924c03ed49220bf1131	workplace/ai-hd/technical/full-theme/x2/MRG/BC32.MRG/BC32.MRG_062.png	54618b87f8af26b0ca4da68f43c8f3e906b9bd8d6a4c2cd74942e28472ded2d8	format-pass	candidate RGB resized; exact original alpha	requires review	local-only; original-derived; no public distribution
BC32.MRG:63	6d28fc839f7d31cd3c85c360af16a28f5ce13c434d91feb74450827917f42eff	workplace/re-img/out/MRG/BC32.MRG/BC32.MRG_063.png	1552f7a57a497ef74a5a6e9edea9275d3c0c3b23c60e13e9a34cdb6156d0a317	workplace/ai-hd/generated/6d28fc839f7d31cd-v1.png	3c7a8090d32b64a7be47d9701a8a1895b536ed90b2b6cefa1c5f807c009d2251	workplace/ai-hd/technical/full-theme/x2/MRG/BC32.MRG/BC32.MRG_063.png	3a4e2850aacb6b450b9adc3832e94efc793ecdd2ca480007d819735e65d880d0	format-pass	candidate RGB resized; exact original alpha	requires review	local-only; original-derived; no public distribution
BC32.MRG:64	4f06f5554251f6e9af6faa9d716f370c7a0367e258c8f9ceb9840c7ebcc7dc6a	workplace/re-img/out/MRG/BC32.MRG/BC32.MRG_064.png	3fef3d605a99876f59fec4e7f126bd00b79563dc229d36a88d886809e6820ae4	workplace/ai-hd/generated/4f06f5554251f6e9-v1.png	7a3b68f2e8a574f1016593e5b3b8499d70cb69922ad0e57c16bd28657f959cdc	workplace/ai-hd/technical/full-theme/x2/MRG/BC32.MRG/BC32.MRG_064.png	04aa11f2bd60df9b916bac89a77e18a9da1ee8764c32bc174da2a800cd4cae8b	format-pass	candidate RGB resized; exact original alpha	requires review	local-only; original-derived; no public distribution
BC32.MRG:65	d71cac711b90576b665d7692267e00fc3543691f136452cb839f16035ada494f	workplace/re-img/out/MRG/BC32.MRG/BC32.MRG_065.png	2a6aa2ccc0c579ddaedc7c5df3cf716321800005bea634ca37e404db87657829	workplace/ai-hd/generated/d71cac711b90576b-v1.png	46e3012ee02ca3b191e4426077578f764e0843d438daf1da766d86de0a6d20fa	workplace/ai-hd/technical/full-theme/x2/MRG/BC32.MRG/BC32.MRG_065.png	ee2f45140ae1a8d8e9e3e91ddc6a1159099a88dad4f100c9e2ce95c04ced1df4	format-pass	candidate RGB resized; exact original alpha	requires review	local-only; original-derived; no public distribution
BC32.MRG:66	74ffec054cdf3e8023ae6946c3354e3bffaa97ae2c159e78c862232ad487c625	workplace/re-img/out/MRG/BC32.MRG/BC32.MRG_066.png	054f437b8f47aa546468317a140350d470ff9ba37c6ca6a0023eb79fe3470e3c	workplace/ai-hd/generated/74ffec054cdf3e80-v1.png	3912ad50826df73b2fe0a01d0fc5b55e6d358637f9f5fa1d7726b948bb802a99	workplace/ai-hd/technical/full-theme/x2/MRG/BC32.MRG/BC32.MRG_066.png	ca9ec53a8fb820d96fb0d106130a7e53becef5279f9a3a6e767a6e7ae5073e51	format-pass	candidate RGB resized; exact original alpha	requires review	local-only; original-derived; no public distribution
BC32.MRG:67	7440e6602a705e233f86e838bd391b3dd1cdaec3f38512e4ecd2d59c48f93f34	workplace/re-img/out/MRG/BC32.MRG/BC32.MRG_067.png	d63b4f1a13b6bbd9b1e1d57802e3b3f9b5ab43735bbe378f0aa775ae9d3f3e35	workplace/ai-hd/generated/7440e6602a705e23-v1.png	fa369ca019686feb55b683ae3d6cd0ecadd2aa69758cab4ec7f6d63a2b70b2ae	workplace/ai-hd/technical/full-theme/x2/MRG/BC32.MRG/BC32.MRG_067.png	3ea3c7d5b3ef07f52a5e524abcf1cbf3a6cb39466ddf0efbecbaafc2ebae19c3	format-pass	candidate RGB resized; exact original alpha	requires review	local-only; original-derived; no public distribution
BC32.MRG:68	32b2f34fdf9adc635b94383bcc462c825179145a07be6c2cc31d431b423fac65	workplace/re-img/out/MRG/BC32.MRG/BC32.MRG_068.png	5d839c72ff89db805e742e9cd53f08100155fc01a26d1d087cfb44605804530f	workplace/ai-hd/generated/32b2f34fdf9adc63-v1.png	86ed1c6f243243443fa8409401d08a9cae280dfd39d1e263cf134b0df3eb392d	workplace/ai-hd/technical/full-theme/x2/MRG/BC32.MRG/BC32.MRG_068.png	f9e76b9b3ccad0642dbff887e3a1fb88c2e1aa5e39c282499b3a9f96fe5e1676	format-pass	candidate RGB resized; exact original alpha	requires review	local-only; original-derived; no public distribution
BC32.MRG:69	1657af0615a1ab0646c85411c2298554343d10efc30bc3176542fb20f52ba872	workplace/re-img/out/MRG/BC32.MRG/BC32.MRG_069.png	b20a9d50a3f07ef692a947113996b6adafbcae195699dace98e59ea7630cb2e5	workplace/ai-hd/generated/1657af0615a1ab06-v1.png	29fb3ae6dd3acef0fa371a27442b0a7bd92ba3940aabff8b4e578a49e003da9b	workplace/ai-hd/technical/full-theme/x2/MRG/BC32.MRG/BC32.MRG_069.png	719c2244400d3c50c7afe093d92bbbb5567ea995d78180c76324bfa28fea0ce2	format-pass	candidate RGB resized; exact original alpha	requires review	local-only; original-derived; no public distribution
BC32.MRG:7	970a8bba0e2745b9aa5bff1093b876d52e5cc6128b36e89d0bcaaa229babcbd8	workplace/re-img/out/MRG/BC32.MRG/BC32.MRG_007.png	97800c2f0e0b98041aaa5b9fa40f625c06129688bbdf48d3fb1d75edd8524c73	workplace/ai-hd/generated/970a8bba0e2745b9-v1.png	998b93eacdd698726796eaf1d3968699bc1e5cd5f8defad4c946d015f24c859c	workplace/ai-hd/technical/full-theme/x2/MRG/BC32.MRG/BC32.MRG_007.png	cf125021d2e7ebc47da9eb42ef54600cd8759d90d5a34037af5e3319bd8ce339	format-pass	candidate RGB resized; exact original alpha	requires review	local-only; original-derived; no public distribution
BC32.MRG:70	88c8e0b7ea0ceddbf8938edf108c6cb3f7b7442c54a7b8306c5c7dd8a0bf3e7e	workplace/re-img/out/MRG/BC32.MRG/BC32.MRG_070.png	66cfae86a00863fbf7b7cda64e472284a2408450b4ad9db3cea8f0bee7695618	workplace/ai-hd/generated/88c8e0b7ea0ceddb-v2.png	80b4f82b6980baa63514fe430993d1fa3c2cdcf91dabbff31e42d1edf0305a58	workplace/ai-hd/technical/full-theme/x2/MRG/BC32.MRG/BC32.MRG_070.png	9fbed555d894c695c56467221938b9e0261792db9c18c168dcdb868fc66085b1	format-pass	candidate RGB resized; exact original alpha	requires review	local-only; original-derived; no public distribution
BC32.MRG:71	c97e7287b3af2cba76dc4b43f12c2d76090fe0e3e570ea14b07569525fac9316	workplace/re-img/out/MRG/BC32.MRG/BC32.MRG_071.png	3d535c152750a0536540e05e3966a2cb917d361a04f0793c4c2603800b54f65e	workplace/ai-hd/generated/c97e7287b3af2cba-v1.png	c5daea8a0f6ca67c36a6040815d9921dbbc9f5a6ea8a859c3b4557d997437896	workplace/ai-hd/technical/full-theme/x2/MRG/BC32.MRG/BC32.MRG_071.png	702f2ccdff1ca6a4c05b8ac146218affacb03c89834f6c4a02e0f64bcce898c6	format-pass	candidate RGB resized; exact original alpha	requires review	local-only; original-derived; no public distribution
BC32.MRG:72	15a4ac9d3526a489561a188526975a3da0bef926094bbb5fb4c3f2eb0905cf48	workplace/re-img/out/MRG/BC32.MRG/BC32.MRG_072.png	76c99c3ff7143228a9d8e150ff79fea73f28b9a49486e496720e90b0a2d5f75e	workplace/ai-hd/generated/15a4ac9d3526a489-v1.png	8fc9a7ce060c81c18d723735e0aba32a053667c3c75e7e9ab47e20f51af83194	workplace/ai-hd/technical/full-theme/x2/MRG/BC32.MRG/BC32.MRG_072.png	9696a044779e1c09188403e76bf0d90adeb3d177e17fd6ccd05df4e606b520c2	format-pass	candidate RGB resized; exact original alpha	requires review	local-only; original-derived; no public distribution
BC32.MRG:73	da62959387ebd799a27432bfd2bde43f1147d843aad64efbc2ed8b1a30ab84ef	workplace/re-img/out/MRG/BC32.MRG/BC32.MRG_073.png	e31109ce4eaa9dbdd1d9092c4a9173b0309db93d6be4298d83ebccaa30a297af	workplace/ai-hd/generated/da62959387ebd799-v1.png	bca2989de1bba9e2209300e8e535e2f774f3ae914efb273a4f5a3530771945c9	workplace/ai-hd/technical/full-theme/x2/MRG/BC32.MRG/BC32.MRG_073.png	0167975d501f994c4d8befaa2657c8dbdeab20fa4a6f2b493009e704582c5e17	format-pass	candidate RGB resized; exact original alpha	requires review	local-only; original-derived; no public distribution
BC32.MRG:75	4c2c769f4d607d3150372052840a83c63ad466249d742c159d7844ddbe2af377	workplace/re-img/out/MRG/BC32.MRG/BC32.MRG_075.png	0d4801ba58aac46f449cd444c3de0bfa5bb7b8fc842c221811a586d86bd0a5d3	workplace/ai-hd/generated/4c2c769f4d607d31-v1.png	e9d32934f8c565806097402fb398a2c69067d0a4965a39b9b6d0db88536eacba	workplace/ai-hd/technical/full-theme/x2/MRG/BC32.MRG/BC32.MRG_075.png	1bc44596b1591230b83f82b8fd645a7487a2e55d46fc69982fac813bf5eedf3f	format-pass	candidate RGB resized; exact original alpha	requires review	local-only; original-derived; no public distribution
BC32.MRG:76	f0c137b310243cc46b9624eda80051565f63f8223f461d30f8f056b0df7738c0	workplace/re-img/out/MRG/BC32.MRG/BC32.MRG_076.png	575c085e750b776b19c916e2bfd507cb88539100eb0b03b628464ddb8352b491	workplace/ai-hd/generated/f0c137b310243cc4-v1.png	a42caa4ee4ca370b0dda514c70d996d0ae0d7bd2948a4c272dad678ed7bd9905	workplace/ai-hd/technical/full-theme/x2/MRG/BC32.MRG/BC32.MRG_076.png	f8abcce93abc267419e2fb968e34892dcf785c21ce2e9dc675d870e8418acd6e	format-pass	candidate RGB resized; exact original alpha	requires review	local-only; original-derived; no public distribution
BC32.MRG:78	5ebc608ee59ea554ea1c400e5d31b3ba557d11f2d50f9ee549955d7b780916f5	workplace/re-img/out/MRG/BC32.MRG/BC32.MRG_078.png	b5fbbddc9126687991314813b851deca100fc7196879a997b8bdcbf22955b9a4	workplace/ai-hd/generated/5ebc608ee59ea554-v1.png	500ddbcfa0c31331959ac627fd53618d887edcb1e28ebbc66a06c3d277df3142	workplace/ai-hd/technical/full-theme/x2/MRG/BC32.MRG/BC32.MRG_078.png	69f91e6686802f1fdbaaa0c3f4491cc4553a164aff903a56eaec11bb4c44eb3c	format-pass	candidate RGB resized; exact original alpha	requires review	local-only; original-derived; no public distribution
BC32.MRG:79	c72f3c470ab06345db9abef8f4f8cbebc14f9b8c9717096529c778a6609476d1	workplace/re-img/out/MRG/BC32.MRG/BC32.MRG_079.png	6de8e8ada16fef280ee400c092d71a3a23e7d87ef3499c22832f672092f4e494	workplace/ai-hd/generated/c72f3c470ab06345-v1.png	f340026810e16887a66104ffda8e164544fd25b11e9afe1173466b3e0044dbe2	workplace/ai-hd/technical/full-theme/x2/MRG/BC32.MRG/BC32.MRG_079.png	6df0cae1506a2b708c0177bba50e92fd20793f3b1d05cf78fbc0e7d75514785a	format-pass	candidate RGB resized; exact original alpha	requires review	local-only; original-derived; no public distribution
BC32.MRG:8	b3dbc04b88b709f09a362aa494cf541e3d116e6675b5f3a78becb6f9a8e3331a	workplace/re-img/out/MRG/BC32.MRG/BC32.MRG_008.png	17cc17fc35ebe2d7d85a5e1c6fb387abb3a177e42b4bae4fe1ba82378a14394e	workplace/ai-hd/generated/b3dbc04b88b709f0-v1.png	bc96547efdc2b2d3e21ac6aeb30b4b21df6f7e729c9b3d9abe07a925afc1e38e	workplace/ai-hd/technical/full-theme/x2/MRG/BC32.MRG/BC32.MRG_008.png	954249881c115b1a0e7a917a13f375a2a65f2d600d3de83efdbeeb33bbfbf738	format-pass	candidate RGB resized; exact original alpha	requires review	local-only; original-derived; no public distribution
BC32.MRG:81	0c97ca99b2b7aa0ece53a745b658fa5ea47653f8ac637f0763f78d658c0c809a	workplace/re-img/out/MRG/BC32.MRG/BC32.MRG_081.png	a93c99ed7ef346eb0451e458e41a54cee4db3d1553da6f2047c4191a8510277e	workplace/ai-hd/generated/0c97ca99b2b7aa0e-v1.png	379b2e2e7ae495900bcc219171acf3404b51df3c847d738b52baf01b2abb572c	workplace/ai-hd/technical/full-theme/x2/MRG/BC32.MRG/BC32.MRG_081.png	5e01ae0113fdabf2e7f5304ac595ca02c1d046f957f350495c76c864de18d456	format-pass	candidate RGB resized; exact original alpha	requires review	local-only; original-derived; no public distribution
BC32.MRG:82	4090c2c3f2d61b118bb600042fe1886ffe9c20fd4026d5a3dc5d02f2c38a4712	workplace/re-img/out/MRG/BC32.MRG/BC32.MRG_082.png	2769f6efaa322f925d264ee93a735afbcebc3e0c4ff83b20d9be945042cff13f	workplace/ai-hd/generated/4090c2c3f2d61b11-v1.png	87a175b0c24b008aa7c51935e099a830509ce4f165e720b63e3e3c3acc34f49a	workplace/ai-hd/technical/full-theme/x2/MRG/BC32.MRG/BC32.MRG_082.png	8a6d5daf3247ba29d6aa8e90630a4e9ead86cc0a038ba19a5100f6e4f86d40c4	format-pass	candidate RGB resized; exact original alpha	requires review	local-only; original-derived; no public distribution
BC32.MRG:84	10989298a74814e6f8c8985f4ee5ee1247cf27c4d42c367864dd7ae974e5329e	workplace/re-img/out/MRG/BC32.MRG/BC32.MRG_084.png	618eed180e7e86807a8819c004df89210a3f3a5b644348aedf7551b45dbaceab	workplace/ai-hd/generated/10989298a74814e6-v1.png	6c7a90ecacc9aa4320738e16488ee1bed9b96f8c009c414d36ddbd60953506e2	workplace/ai-hd/technical/full-theme/x2/MRG/BC32.MRG/BC32.MRG_084.png	262a4549c8910da2c5042d7e9a40cdd0e6beddb859fe23a031f4d540327bf825	format-pass	candidate RGB resized; exact original alpha	requires review	local-only; original-derived; no public distribution
BC32.MRG:85	3a73b4d7275a6f19639b1a52db26fdc092250db04862aff047c7a4da34dd2396	workplace/re-img/out/MRG/BC32.MRG/BC32.MRG_085.png	78bfc313c64ec61c094f77747049236bc2671a6b6677216abf426edef403de25	workplace/ai-hd/generated/3a73b4d7275a6f19-v1.png	65ea8e04cb52d5e653528cbe34ae1f782534372ce1974f6cdc1123af2335f659	workplace/ai-hd/technical/full-theme/x2/MRG/BC32.MRG/BC32.MRG_085.png	2cb98f76b194a8a8bbd47bb1795004d69bb85bd15ede9db941d538b6d8bd0698	format-pass	candidate RGB resized; exact original alpha	requires review	local-only; original-derived; no public distribution
BC32.MRG:87;BC32.MRG:105	e56a0a296e4d0a797eb542043e5b22e1e4c28ae329a37e7ed73bacf733ef3327	workplace/re-img/out/MRG/BC32.MRG/BC32.MRG_087.png	de05292968c7eaae4d965f1f94e24e14c3217b30139f76b3933d392087e40325	workplace/ai-hd/generated/e56a0a296e4d0a79-v1.png	aa3f5f1b4f57d776e3b42aa7fe757a248a88ed87727228ca41c25eb9dfed4530	workplace/ai-hd/technical/full-theme/x2/MRG/BC32.MRG/BC32.MRG_087.png	9bf393bdadaf39bc00aac550a1aeaa0e0b696303060f2cc2aac898318246d23e	format-pass	candidate RGB resized; exact original alpha	requires review	local-only; original-derived; no public distribution
BC32.MRG:88;BC32.MRG:106	51690d2e44323e3d7db27bd3c88f5ed6ca2777e9e729546eaf38db1ee2b3bebd	workplace/re-img/out/MRG/BC32.MRG/BC32.MRG_088.png	a8a7191fccb5f78ebab962dc4395e76e968c9f544b8f2e3cea595b63f50d137c	workplace/ai-hd/generated/51690d2e44323e3d-v1.png	5770cbbb9a9c1f57477676e90e02e1c9e380393d6b51123ffae7e1b5b5416aa2	workplace/ai-hd/technical/full-theme/x2/MRG/BC32.MRG/BC32.MRG_088.png	e2d46e5ae4004136dc358ce37b858a5a75ea1bfed0bc6cec6ae71cce599b88e0	format-pass	candidate RGB resized; exact original alpha	requires review	local-only; original-derived; no public distribution
BC32.MRG:9	d5c3500049957d67051b9795e58ac36034d4c7bc0104337207a85c188df42e53	workplace/re-img/out/MRG/BC32.MRG/BC32.MRG_009.png	a12a6676469a21edbb8fc1064571e7b9acae0e194aaf112bbf18e80186c22561	workplace/ai-hd/generated/d5c3500049957d67-v1.png	f899eddab7cafc86a446c1da37777c54b578957bab36d78cac981f27448c30e3	workplace/ai-hd/technical/full-theme/x2/MRG/BC32.MRG/BC32.MRG_009.png	9c8b1b162dd9db98a00a2748e08b7bc225ad006100efeb3586b5aea5cb39ee27	format-pass	candidate RGB resized; exact original alpha	requires review	local-only; original-derived; no public distribution
BC32.MRG:90	9c53a7eca6502aa925c835433676b738de7de72b365363b8b842d19701d173dd	workplace/re-img/out/MRG/BC32.MRG/BC32.MRG_090.png	06f2c2cb3beb1367be35feab282e30926d267fd017aa58e4cf2c4aee007ae9e4	workplace/ai-hd/generated/9c53a7eca6502aa9-v1.png	185aefed0f7c89d98fba542f12b64de3a19d8af2e5891ce0dd3f7fcb53209a67	workplace/ai-hd/technical/full-theme/x2/MRG/BC32.MRG/BC32.MRG_090.png	2580e9c0cfdb2daf8d91be895cdc875f8ac2c5c5400d3c7a669a96a1bc7c2cc6	format-pass	candidate RGB resized; exact original alpha	requires review	local-only; original-derived; no public distribution
BC32.MRG:91	34f89a4460e40b3420b704731e3a27d7fac9043809fecb957601a78f30216085	workplace/re-img/out/MRG/BC32.MRG/BC32.MRG_091.png	1e10012e2ca2d92a33b135495d5cbac6632c183afc4d7fefc819b54b3a0e495c	workplace/ai-hd/generated/34f89a4460e40b34-v1.png	7591857910e87a077e306bcd71da83f52232964f7486ddbc4ff8361562279c51	workplace/ai-hd/technical/full-theme/x2/MRG/BC32.MRG/BC32.MRG_091.png	92aed1a51bfefe9892d66077a6e562798b658092045bc7d130c3c510c1daec05	format-pass	candidate RGB resized; exact original alpha	requires review	local-only; original-derived; no public distribution
BC32.MRG:93	3dd49f52770b67d7fef9462308e12db5267b6f6e48bdee692b85534074178300	workplace/re-img/out/MRG/BC32.MRG/BC32.MRG_093.png	ea55c68b949f20d2838b6308df1220fa223ff8033f678ac7242116cd6dbdec2f	workplace/ai-hd/generated/3dd49f52770b67d7-v1.png	11541dc4860cd1632c77b0633f131d3c40135185cd59eb091f25a0b04dc4963e	workplace/ai-hd/technical/full-theme/x2/MRG/BC32.MRG/BC32.MRG_093.png	68003cc98ae72fca4f0a78ce4f52b28671054c45a4c632ba8d5c6df1a7b9db22	format-pass	candidate RGB resized; exact original alpha	requires review	local-only; original-derived; no public distribution
BC32.MRG:94	6d58976948865383881ac14ad68933c06318b6d5852edce31f5cf0efced82890	workplace/re-img/out/MRG/BC32.MRG/BC32.MRG_094.png	884349e4fd54c056ef94971970a0e2d5913d620758753565c76d3cc976f6edc7	workplace/ai-hd/generated/6d58976948865383-v1.png	44b453d4174f55c001ed256e17403d6a6312d7d563b32c442426fd07ff56ddeb	workplace/ai-hd/technical/full-theme/x2/MRG/BC32.MRG/BC32.MRG_094.png	8f18d90e283f106669e8eb90c7906a0b11e11fae95aae05b967c2238c7c3bba0	format-pass	candidate RGB resized; exact original alpha	requires review	local-only; original-derived; no public distribution
BC32.MRG:96	69c6c6ec94005af4c92c0d8b389997caa094bc339000adcb9ba9837630cb48eb	workplace/re-img/out/MRG/BC32.MRG/BC32.MRG_096.png	099effcbfdc8e3a1218d32de136b5cdc68ff731d0a45c2875e2484643b155b96	workplace/ai-hd/generated/69c6c6ec94005af4-v1.png	9a5d4f5482df3248ec6c08537a2e7e2b2b759750f42789f679b0418de7f9714c	workplace/ai-hd/technical/full-theme/x2/MRG/BC32.MRG/BC32.MRG_096.png	8ba243e1b4727f1a545dd1c1c75c77f81a0d90b615ea4a74ae5775c0e0c207a4	format-pass	candidate RGB resized; exact original alpha	requires review	local-only; original-derived; no public distribution
BC32.MRG:97	03bbc07f11ee63a10ca99de3275f2a9b12a22dae841947ddd003c124e9fe71f6	workplace/re-img/out/MRG/BC32.MRG/BC32.MRG_097.png	65901b274b8d0ed0fe45e37bfa2996101ac31a4d6dd08b8010da26f622256333	workplace/ai-hd/generated/03bbc07f11ee63a1-v1.png	8c138fefd941228c8a30f9883a94e80f5c05aa43232e478a9dba14644c6541db	workplace/ai-hd/technical/full-theme/x2/MRG/BC32.MRG/BC32.MRG_097.png	31b58e5053321f22887b3b6746779b501fb9fbf5a5dc061f01cdf87ae6c9a4b2	format-pass	candidate RGB resized; exact original alpha	requires review	local-only; original-derived; no public distribution
BC32.MRG:99	c9154caf4a9a583d83799cb9ff2c872f06b383ced3f76b42ba7312acac044420	workplace/re-img/out/MRG/BC32.MRG/BC32.MRG_099.png	b02dd474a1d5e1883b9eaaa7cadb8cd95a9ab77cbd01c73c672b34a7dd07f93a	workplace/ai-hd/generated/c9154caf4a9a583d-v1.png	9ae1a871cea134cbf664c38a66a41aeadab70c418e66a6cdd68277fb89384c23	workplace/ai-hd/technical/full-theme/x2/MRG/BC32.MRG/BC32.MRG_099.png	2cc6bad377d99d16bc24293d3b1a9733a4564d721349b10d6e6e45a387dcd0f8	format-pass	candidate RGB resized; exact original alpha	requires review	local-only; original-derived; no public distribution
BOMB.MRG:0	95981f8b836839ebe2e39172f6f4dadf1f222beb69e93c0fa9fd2430d31c666d	workplace/re-img/out/MRG/BOMB.MRG/BOMB.MRG_000.png	2f6acf39af55b92beb59d66dd2a4002b8b1323d524236ae3058a99cc157b7608	workplace/ai-hd/generated/95981f8b836839eb-v1.png	be13b6ec579eed3ec4281a3ddc7f696264e99c24b235c3328845ebe613b709b2	workplace/ai-hd/technical/full-theme/x2/MRG/BOMB.MRG/BOMB.MRG_000.png	13bbf88a325fe2d45b6e423918a8d0f42b148aa74c6f4d4535f587d0182ae072	format-pass	candidate RGB resized; exact original alpha	requires review	local-only; original-derived; no public distribution
BOMB.MRG:1	d8bb59fce2881182a372ed51fead94fba293f53227a5b4b53ab98eaa1ac07019	workplace/re-img/out/MRG/BOMB.MRG/BOMB.MRG_001.png	17a2385ad93393d92430eb418ffa21f052e0994b4ab198af3353248e97432333	workplace/ai-hd/generated/d8bb59fce2881182-v1.png	fe4f1c99151036d5ff59b54cfdf2a3655887d60a11deabd0e461c710bfda168d	workplace/ai-hd/technical/full-theme/x2/MRG/BOMB.MRG/BOMB.MRG_001.png	33b52b38490101fc261a87a7a5ff0da8487cf7dc5a2fad32c3a52b7a752db3bd	format-pass	candidate RGB resized; exact original alpha	requires review	local-only; original-derived; no public distribution
BOMB.MRG:2	4fe1641f5393059be6ffd45784a84c9ff463a6b445126a9d323ad86d3e3707b7	workplace/re-img/out/MRG/BOMB.MRG/BOMB.MRG_002.png	854fa69b907b05372e70606b82d6e4a4c4fad7f821195529581296b253a87cd0	workplace/ai-hd/generated/4fe1641f5393059b-v1.png	37632c51f2725c37addeaaf7a7af8a836fab9d4b651fdaf13cc8050de383da17	workplace/ai-hd/technical/full-theme/x2/MRG/BOMB.MRG/BOMB.MRG_002.png	565681212b651c1354d7e92c10ccffb83537a83f4d137a52715f003e7c49bb65	format-pass	candidate RGB resized; exact original alpha	requires review	local-only; original-derived; no public distribution
BOMB.MRG:3	0d6e7d9017dd65badec66a92d8a7a708fedd3f0f8917ec4786eb57f9f8c653e7	workplace/re-img/out/MRG/BOMB.MRG/BOMB.MRG_003.png	f2299311dbd16bcd6b9f10cd320e0c62edaaa51c11e01fa02896c3a029d08fd8	workplace/ai-hd/generated/0d6e7d9017dd65ba-v1.png	f919d28a60f96c2db2cf99a295e3e59724ab6e5fad8d448c8c967f377d7aefad	workplace/ai-hd/technical/full-theme/x2/MRG/BOMB.MRG/BOMB.MRG_003.png	2f586f7eacff41a5f0cd988ab42b8320f9d8e35eed229490432bda07132c5715	format-pass	candidate RGB resized; exact original alpha	requires review	local-only; original-derived; no public distribution
BSTAGE.MRG:0	43a7d11c722efdfed53ad0a93d10f7dda07eb4fb4fec496c58bcea32edbb8937	workplace/re-img/out/MRG/BSTAGE.MRG/BSTAGE.MRG_000.png	e3d8e41369f963e70434aa1d3b097d1d6674547a0e2445dc76dbd289d88c9b0b	workplace/ai-hd/BSTAGE000-candidate-v1.png	7cada2d4ca698f13c243b6f0a07d9f08f7a5a7445737985944bbe0e5c81ccd59	workplace/ai-hd/technical/full-theme/x2/MRG/BSTAGE.MRG/BSTAGE.MRG_000.png	52524d91db3bfc996d43c0d1f49138297c8dea9516e27b56653fbbd75cd9ceda	format-pass	candidate RGB resized; exact original alpha	requires review	local-only; original-derived; no public distribution
BSTAGE.MRG:1	2ffb72e92b592af3c8cd93a468dbbd5a60b4e4411e163d88a1dc638d0f748601	workplace/re-img/out/MRG/BSTAGE.MRG/BSTAGE.MRG_001.png	5b191751df8a3eb6e9fd5aafaf4e6beefbb787ecd63f4de680b5dc6b24c8a1f3	workplace/ai-hd/generated/2ffb72e92b592af3-v1.png	939db2bbf937a011109d7614e009eae81953ddbaa888e9a38959252c1b9544b0	workplace/ai-hd/technical/full-theme/x2/MRG/BSTAGE.MRG/BSTAGE.MRG_001.png	17a30db0c2c44db7bbf9d26d8581a45d3ef7b43b66789265e60b8fa21d79f91c	format-pass	candidate RGB resized; exact original alpha	requires review	local-only; original-derived; no public distribution
BSTAGE.MRG:2	178b6fea55ae432fa16ff627fb7127f3dee6fc58716c50a83e088b86f61f14b2	workplace/re-img/out/MRG/BSTAGE.MRG/BSTAGE.MRG_002.png	37e53592967762bf6bde2ead140945cf97e19e265d33a9cfa290744bca39f4b0	workplace/ai-hd/generated/178b6fea55ae432f-v1.png	4cbf3f1bf8cf33c59ec8470e7af8e41ae5add59503d7360ad11c4f34b3a26478	workplace/ai-hd/technical/full-theme/x2/MRG/BSTAGE.MRG/BSTAGE.MRG_002.png	dcb616a658c265daa2563929aa43db3b0ba62c6bc3744cb11b3f75aa79ca1770	format-pass	candidate RGB resized; exact original alpha	requires review	local-only; original-derived; no public distribution
BSTAGE.MRG:3	7a2966d7587482bbb108b6db790a6aa78d9fe328f3b68fa0a547d7ca6a2403d3	workplace/re-img/out/MRG/BSTAGE.MRG/BSTAGE.MRG_003.png	f01f8ae0b1ad3f1e50d77515dceacc69b6a5c63a70c628507f33adcc77aae3ec	workplace/ai-hd/generated/7a2966d7587482bb-v1.png	21833ac43969f2ec1752526eb01191dd6d3f4b12f0fd9fc58c690ecf3e5c2f11	workplace/ai-hd/technical/full-theme/x2/MRG/BSTAGE.MRG/BSTAGE.MRG_003.png	003a3e06c401b1f6fdf81aaed8d1ca69b6bc3051f332321a710a301cf1a9c982	format-pass	candidate RGB resized; exact original alpha	requires review	local-only; original-derived; no public distribution
BSTAGE.MRG:4	b132ede9dc48ca9a367485de64caa4298a275b67e9922213c800ab8015a4f113	workplace/re-img/out/MRG/BSTAGE.MRG/BSTAGE.MRG_004.png	54d53139f687d022f6c2c2cba4643f60ec010f02934a33cf115b8d82e6037761	workplace/ai-hd/generated/b132ede9dc48ca9a-v1.png	781bdcc7dff25ec33d2fad7ef5df3ea36ccd94914862a9c3f545752eb7c5e9eb	workplace/ai-hd/technical/full-theme/x2/MRG/BSTAGE.MRG/BSTAGE.MRG_004.png	fd0fba3908787f57bf0e10820e2e67d53bd31967b9f84542587fbdf8322ca6fd	format-pass	candidate RGB resized; exact original alpha	requires review	local-only; original-derived; no public distribution
BSTAGE.MRG:5	766a5d57d626f9c3ae7380a8a5411566d3f49f011a5866e78a1c7c63f5983623	workplace/re-img/out/MRG/BSTAGE.MRG/BSTAGE.MRG_005.png	9c0237180e22d7c63ccb1eb848af0c730e01d52d7cafd67806c7460b646866b9	workplace/ai-hd/generated/766a5d57d626f9c3-v1.png	e8adb4482f4b44d6569747275cf5ac927068bdfe07cf6bbc1a0a85dbcda81120	workplace/ai-hd/technical/full-theme/x2/MRG/BSTAGE.MRG/BSTAGE.MRG_005.png	0023949baefeda86ba579dc33c49232fc8694e100127f2a1aa5ff42348f1c4a4	format-pass	candidate RGB resized; exact original alpha	requires review	local-only; original-derived; no public distribution
BSTAGE.MRG:6	2e72359a97692b234a3de2b9d08d38e69a9ed364106f11d9126d28b2e31b549b	workplace/re-img/out/MRG/BSTAGE.MRG/BSTAGE.MRG_006.png	ac8bab90fdd52323fa391f6215ba363f7259251c18e151e5879b3d687b029370	workplace/ai-hd/generated/2e72359a97692b23-v1.png	ddba32bc7558acd2053e157d793b0fea6262777d65f6df058cb95bdcf8a11dbb	workplace/ai-hd/technical/full-theme/x2/MRG/BSTAGE.MRG/BSTAGE.MRG_006.png	87357c63f7138dce535d4af14359f3f351893b30db939f02e0dbdcf63374be4e	format-pass	candidate RGB resized; exact original alpha	requires review	local-only; original-derived; no public distribution
BSTAGE.MRG:7	0fdc2d21e0d4edf6c58f028f74723a8dc40244f8fc88a6b58c9370b5ef5e5125	workplace/re-img/out/MRG/BSTAGE.MRG/BSTAGE.MRG_007.png	7f1a6403341d6ee1d551613d6dfcd33a9a7a619aef694959b1322e7478fca03a	workplace/ai-hd/generated/0fdc2d21e0d4edf6-v1.png	33a3d63bae2f057a33184de0dae018ebca34c4da520acdd07cace3877d1214bf	workplace/ai-hd/technical/full-theme/x2/MRG/BSTAGE.MRG/BSTAGE.MRG_007.png	6c8e748ed344b0bb87c7b22e80caf34cbac09066c94f648d83c8d15dd5647367	format-pass	candidate RGB resized; exact original alpha	requires review	local-only; original-derived; no public distribution
BUTTON.MRG:0	ca4ad232bf0eaf5bd2747a2a8e49107af7fbf02d6997cbcc0df8d5ef7d240942	workplace/re-img/out/MRG/BUTTON.MRG/BUTTON.MRG_000.png	fd923bd3a5e8088defb63261c31e06f77947d5fa6db7835c7f9b35fa59bb9265	workplace/ai-hd/BUTTON000-candidate-v1.png	ab612863c505c1092abda92e8a81fcfcccb74f699bfaa3128388e33730499a43	workplace/ai-hd/technical/full-theme/x2/MRG/BUTTON.MRG/BUTTON.MRG_000.png	3eaca992e928a545f858501734772af195af262999b7f665714a0ddfb30f8c24	format-pass	candidate RGB resized; exact original alpha	requires review	local-only; original-derived; no public distribution
BUTTON.MRG:1	793620f74419ace13a27582ad2398da8a18b7cac6b6c9006d9dfe95103f7dfe9	workplace/re-img/out/MRG/BUTTON.MRG/BUTTON.MRG_001.png	c762cc6f7ffeeab6bad9dbb94a3245bc52324dc0d66fde0ad9a252866fb6b4f0	workplace/ai-hd/generated/793620f74419ace1-v1.png	6a0da2f52554b261f8b339e9b4c537816ddd631574f48bc00bfbe747f9727df7	workplace/ai-hd/technical/full-theme/x2/MRG/BUTTON.MRG/BUTTON.MRG_001.png	748afed48bf45be3bfeda1a5eeab1b6eda2b00d93dab72bb4ac8c61c0df1554d	format-pass	candidate RGB resized; exact original alpha	requires review	local-only; original-derived; no public distribution
BUTTON.MRG:10	d623a285f3b4028e63fc33eef279e75924bfc140d82026f8287c52e5ca840897	workplace/re-img/out/MRG/BUTTON.MRG/BUTTON.MRG_010.png	56df227d9d34fd18877ce465d0716f6223b1e99353bdac6241474d3e6da34941	workplace/ai-hd/generated/d623a285f3b4028e-v1.png	17141f17c715f392e7f290f791f709e26e6bed15c601097c71f329b59379fb45	workplace/ai-hd/technical/full-theme/x2/MRG/BUTTON.MRG/BUTTON.MRG_010.png	903facb853b61b163cc0bc3b423a95aa4f6bd23e907d567501823aa365c03ca4	format-pass	candidate RGB resized; exact original alpha	requires review	local-only; original-derived; no public distribution
BUTTON.MRG:11	6f49ffa459869bea615f006e60d0b7a6ae5db0c673c8dbfcb06f8c1c491d7bf4	workplace/re-img/out/MRG/BUTTON.MRG/BUTTON.MRG_011.png	da49eb575ae578ff381cb7f4e6c7771164fb7707968d167efaaa68d78ca74371	workplace/ai-hd/generated/6f49ffa459869bea-v1.png	1844343bae3cadc82c8f177e00ca47efb759de947ffd8b9be28469a1b19edb4c	workplace/ai-hd/technical/full-theme/x2/MRG/BUTTON.MRG/BUTTON.MRG_011.png	929f6a3532a8fcc884ca3fb92db1a5a3eaa91726ce2d4b8a00fda927842fab95	format-pass	candidate RGB resized; exact original alpha	requires review	local-only; original-derived; no public distribution
BUTTON.MRG:12	1ffed6a8659013278d44af7598767a93989581b7ab5f95679d8bfe194ac59c40	workplace/re-img/out/MRG/BUTTON.MRG/BUTTON.MRG_012.png	46e8c471a1f4b595ca19443e471043515600bf53f0da76b82bc6031c30671414	workplace/ai-hd/generated/1ffed6a865901327-v1.png	97e7655a440d3c12cd5d4a2ba35527cea0c67ba0e1b25f7635c3755de4e57461	workplace/ai-hd/technical/full-theme/x2/MRG/BUTTON.MRG/BUTTON.MRG_012.png	03f71e8026b6dba2d91d40019d7c72ec20d9007423e208bab088d4b41f2fc5e5	format-pass	candidate RGB resized; exact original alpha	requires review	local-only; original-derived; no public distribution
BUTTON.MRG:13	6b0eebbc46e202ccfbf06eafe365459681f1024321f6b4685ef9bba717776f53	workplace/re-img/out/MRG/BUTTON.MRG/BUTTON.MRG_013.png	637153eef21b75c7ca31b7476bf47deea205441381084079e578d2615269f883	workplace/ai-hd/generated/6b0eebbc46e202cc-v1.png	99ff0b1eb95e6f82f784dcacc16ca61abba1527bb872bc260a0237bebd5de046	workplace/ai-hd/technical/full-theme/x2/MRG/BUTTON.MRG/BUTTON.MRG_013.png	27d1e111e34327cb3496f679021fc29dc0bdac2164165030e74fad7b976b69e3	format-pass	candidate RGB resized; exact original alpha	requires review	local-only; original-derived; no public distribution
BUTTON.MRG:14	ab637bfd5873a4ffdacb834ebedd30179d81d34fb3a73cc5fd3bfb4cea5fca69	workplace/re-img/out/MRG/BUTTON.MRG/BUTTON.MRG_014.png	d4dfa95652a7a04d60bed4de5181514e1a8d5cb62dd417789bad4bbed7a870f5	workplace/ai-hd/generated/ab637bfd5873a4ff-v1.png	c8df8f22f58bcc407737d6ff70feb7886d99d7440178413a4ee7da134ee9009e	workplace/ai-hd/technical/full-theme/x2/MRG/BUTTON.MRG/BUTTON.MRG_014.png	9648d0dbdaae37c78154b32a7a6312e355a0523c76e60d5ad4a075871a22737a	format-pass	candidate RGB resized; exact original alpha	requires review	local-only; original-derived; no public distribution
BUTTON.MRG:15	32c660bc1fc520e6cb855bca81e3f2593f13f0ca9013fd23c1bbe797a70d8459	workplace/re-img/out/MRG/BUTTON.MRG/BUTTON.MRG_015.png	0266ff0b9a9758afc8519e20b19522e23a2b99472a2620ff2ed9cad0a18c2c9a	workplace/ai-hd/generated/32c660bc1fc520e6-v1.png	689ab5190f985e6a389207fcea51bf7010ca244f0d3f3d2ba74f1337b8e3370c	workplace/ai-hd/technical/full-theme/x2/MRG/BUTTON.MRG/BUTTON.MRG_015.png	a76207dcfc489692f8f913d24702a1463473088a32c112f2736d905845c766b0	format-pass	candidate RGB resized; exact original alpha	requires review	local-only; original-derived; no public distribution
BUTTON.MRG:16	377370b57eb0358c4de6120960cfec89b8f776a1f8bf2ea9f450637c5211296a	workplace/re-img/out/MRG/BUTTON.MRG/BUTTON.MRG_016.png	c22aae03a26e2921e9c06e1412afa35b2bc913761726fc0e3044fe21441680bb	workplace/ai-hd/generated/377370b57eb0358c-v1.png	dfccd75238e4aa90ccea9793a823a2b3bc1907e88d405082b758c4a7638086c2	workplace/ai-hd/technical/full-theme/x2/MRG/BUTTON.MRG/BUTTON.MRG_016.png	e6256f64e87a4d7ea3b0fb4fbe850d9ab0466f2c7a53cd672054bdeb7f457959	format-pass	candidate RGB resized; exact original alpha	requires review	local-only; original-derived; no public distribution
BUTTON.MRG:17	b5c24ec74a7cc4bffc15522cf52dd081ddcf893546a0b318622c00b9d51940a1	workplace/re-img/out/MRG/BUTTON.MRG/BUTTON.MRG_017.png	31962d69d882e918a708d6400f39e9e775f7208d5a00b4a11504c6931358857a	workplace/ai-hd/generated/b5c24ec74a7cc4bf-v1.png	204b2a473f57d8f4161a6b804664c9d692dd5b4c7bf34c2bb688f92598188239	workplace/ai-hd/technical/full-theme/x2/MRG/BUTTON.MRG/BUTTON.MRG_017.png	8dce746960c0536011ac04da2ae64aad8f02103fe9eef384ab0b436154f77bfe	format-pass	candidate RGB resized; exact original alpha	requires review	local-only; original-derived; no public distribution
BUTTON.MRG:18	854e475ba9fc87c8031f87f857e02687bf5f55e2daade42c8bf64223faa6487f	workplace/re-img/out/MRG/BUTTON.MRG/BUTTON.MRG_018.png	432028b76d810f81f0dbd77fc0fb22ca881a3fef90c619076027838f9b491659	workplace/ai-hd/generated/854e475ba9fc87c8-v1.png	5097181ad611ada0d94e7b8799da9f597382f413544887e9217ef9cd230d36c6	workplace/ai-hd/technical/full-theme/x2/MRG/BUTTON.MRG/BUTTON.MRG_018.png	32ae22aa5198563eda2947371058eba20d10f788d9ac0c3edde8cb985efd138a	format-pass	candidate RGB resized; exact original alpha	requires review	local-only; original-derived; no public distribution
BUTTON.MRG:19	96f2cc94dad305702b6cfea38c5c2b4c51e86490a2525d3323bd1384f27947a7	workplace/re-img/out/MRG/BUTTON.MRG/BUTTON.MRG_019.png	cd9200b26c07e6884e18387d0ee2602dcb0e78c2d4040fb6b8be6414abe5376c	workplace/ai-hd/generated/96f2cc94dad30570-v1.png	f83198c89b89e16e3114720d67301a0bed4cfc7a5e676797f164bf48014406e3	workplace/ai-hd/technical/full-theme/x2/MRG/BUTTON.MRG/BUTTON.MRG_019.png	e3039a44763e43478fb3a9e1adad260441c57320b1b16b7e0d566b6c4e55c5cc	format-pass	candidate RGB resized; exact original alpha	requires review	local-only; original-derived; no public distribution
BUTTON.MRG:2	605d3859cf66eda3db2a5573de47eb84d73079278687687fded4e9c0f42fef82	workplace/re-img/out/MRG/BUTTON.MRG/BUTTON.MRG_002.png	d465602dc208cf3c5deeeedc3f3c226ffd7f0507290453e7751e5e09f8bf5e5f	workplace/ai-hd/generated/605d3859cf66eda3-v1.png	0a4d6e2e11f8705b06f06dee97650f0cd6239c864a80e697333dee5bb2eef23b	workplace/ai-hd/technical/full-theme/x2/MRG/BUTTON.MRG/BUTTON.MRG_002.png	1486ea9b0088e22480221c7d1abfe3fd07f29251263929db36dfbfedf26123d7	format-pass	candidate RGB resized; exact original alpha	requires review	local-only; original-derived; no public distribution
BUTTON.MRG:20	1b1ef92b7c9c782fac0d3ddf0a9aea1019184681e037f5c9db24f478301551c6	workplace/re-img/out/MRG/BUTTON.MRG/BUTTON.MRG_020.png	be88f8ef3f835fcf88c972fe8b2d2e541d3bf0f648fd6170ef133412336e27c3	workplace/ai-hd/generated/1b1ef92b7c9c782f-v1.png	ff41240c8a9cc2356b8c9b8e158228a5f16fd56cfe4358e158a61c3f198852bb	workplace/ai-hd/technical/full-theme/x2/MRG/BUTTON.MRG/BUTTON.MRG_020.png	179c164e13790409821700aca183511337e90289c4a36a184773f760d46c74be	format-pass	candidate RGB resized; exact original alpha	requires review	local-only; original-derived; no public distribution
BUTTON.MRG:3	6c3f719dbdb7fe4e7192f57b16606bcf051ace664540caf37a046c52da45f485	workplace/re-img/out/MRG/BUTTON.MRG/BUTTON.MRG_003.png	10d60c08d17510464f3a19aeea8f49a8cc229e01e4338ea5f79cdc714295162a	workplace/ai-hd/generated/6c3f719dbdb7fe4e-v1.png	552b8e75db90c3ec3ff3a2e2e91dd465aead422aed049291baae294a02a98709	workplace/ai-hd/technical/full-theme/x2/MRG/BUTTON.MRG/BUTTON.MRG_003.png	f65e730f2d7273a050a90416ba6a79601dc15fafd1dd43b59ba97811389a8a2a	format-pass	candidate RGB resized; exact original alpha	requires review	local-only; original-derived; no public distribution
BUTTON.MRG:4	3334922bed346a3faff0757976060001fb96f9d8a29ab0b2f338284966adf0ab	workplace/re-img/out/MRG/BUTTON.MRG/BUTTON.MRG_004.png	d6acd321fd851b7191e7b832fe63196dc945ee8f70d8375ad82a7c85514f11ff	workplace/ai-hd/generated/3334922bed346a3f-v1.png	20f705dcf9986c03acdade63a2f36c16fbeb2170b4279c334934dbd3074e3861	workplace/ai-hd/technical/full-theme/x2/MRG/BUTTON.MRG/BUTTON.MRG_004.png	2da36d1514fe8f483f6b8211c071336b3e3e47cd145060c71918f952dff64060	format-pass	candidate RGB resized; exact original alpha	requires review	local-only; original-derived; no public distribution
BUTTON.MRG:5	957e114ba15f5640ae259389ebdb2aa1c352278029160ad77ef9c1aef7286402	workplace/re-img/out/MRG/BUTTON.MRG/BUTTON.MRG_005.png	966dd253744de7f0409595eb547e3d9b343a2210b380177591894f76b0a51c5a	workplace/ai-hd/generated/957e114ba15f5640-v1.png	7e87b114a75761709c7f1d6b16b4fb43c88a2bf0e84b493012247d0c8cf9ce5c	workplace/ai-hd/technical/full-theme/x2/MRG/BUTTON.MRG/BUTTON.MRG_005.png	f9ab165f80ff641528381897929d95a870083c89a8db344dc76cc8cd94935b3d	format-pass	candidate RGB resized; exact original alpha	requires review	local-only; original-derived; no public distribution
BUTTON.MRG:6	ff47b671a2ae1f1a2f37717bc7a0dae933fb90292aec2339a320ecda51e25985	workplace/re-img/out/MRG/BUTTON.MRG/BUTTON.MRG_006.png	907f54ba9251fc5e4c72e506d157054d70cc8c292335aa98a9a61d430711a260	workplace/ai-hd/generated/ff47b671a2ae1f1a-v1.png	d409def4bcd98f8b277cb8f0f2ffe365187edcc0cdb72e80bf67c1dd133dc28c	workplace/ai-hd/technical/full-theme/x2/MRG/BUTTON.MRG/BUTTON.MRG_006.png	7e23e4f7ddaa56b34b75e0ca948ef332308f67100e753c80de5484b30149e686	format-pass	candidate RGB resized; exact original alpha	requires review	local-only; original-derived; no public distribution
BUTTON.MRG:7	9d8b6ac1180b30f57b537b6e4a22135c7a6a51f122e4e3ef83c8192421ccde02	workplace/re-img/out/MRG/BUTTON.MRG/BUTTON.MRG_007.png	0641078218c92ae2e99144115c4f98129b96ecf1b588f5cbb8e9372d272df49b	workplace/ai-hd/generated/9d8b6ac1180b30f5-v1.png	ea2ac9b2bed2d8eaf9b567af9ede706ef8cf8f5b4a23da770fd6d215ccfd8048	workplace/ai-hd/technical/full-theme/x2/MRG/BUTTON.MRG/BUTTON.MRG_007.png	125876e584638db47b61171dd1303897f26b16922960213b1ae32cf585c67d9a	format-pass	candidate RGB resized; exact original alpha	requires review	local-only; original-derived; no public distribution
BUTTON.MRG:8	de8dfde1016890875048d9d31db6ea9ae29fa9225dce4629bcc07a3091a158b0	workplace/re-img/out/MRG/BUTTON.MRG/BUTTON.MRG_008.png	8675534a9221514bed6bc7cb8286ee540f683261fd98a9a9910d8fef2f297a4a	workplace/ai-hd/generated/de8dfde101689087-v1.png	fe9e832dab6df58dcab62d8187999c12b512b554e15225b754d3dfb9e2dc7fcf	workplace/ai-hd/technical/full-theme/x2/MRG/BUTTON.MRG/BUTTON.MRG_008.png	d03b8cf1a188ae95955ce6f59d0d7910b95f4b2368069bd5b96ae193e733175e	format-pass	candidate RGB resized; exact original alpha	requires review	local-only; original-derived; no public distribution
BUTTON.MRG:9	00b5bdc1bf8696133e44d19f0e970e2dd11853918baf9d85fc6c942c125dbeca	workplace/re-img/out/MRG/BUTTON.MRG/BUTTON.MRG_009.png	7a58b6aff09a16e62373e876435ecc61fbbbf0e69b7ac30c5e485b5b24aa017b	workplace/ai-hd/generated/00b5bdc1bf869613-v1.png	769be16128fd1cc0b541fa0b509e53324d14a9140b23af02c8e85488a8a31b1e	workplace/ai-hd/technical/full-theme/x2/MRG/BUTTON.MRG/BUTTON.MRG_009.png	b81e7201c837cedf2b101add7c005ce9fb3b797de34172c2297986f00218ae75	format-pass	candidate RGB resized; exact original alpha	requires review	local-only; original-derived; no public distribution
CANNON.MRG:0	45addaf967c7ea9304aec46ca4143b8090dbf70a57f3173c6cad26577d780b77	workplace/re-img/out/MRG/CANNON.MRG/CANNON.MRG_000.png	a53ef6193fb29b94dfaa1a704c3e4ee9ea960ab1d4d1a9aa3757a84223c09545	workplace/ai-hd/generated/45addaf967c7ea93-v1.png	43569b17d6f233253ee572d5dd439cf3fa7047b3926d3a5d81455810f9f919b8	workplace/ai-hd/technical/full-theme/x2/MRG/CANNON.MRG/CANNON.MRG_000.png	bcb2e507737827c52af1399a9e7ec49ac50a07755e585d638abe3680af2a264e	format-pass	candidate RGB resized; exact original alpha	requires review	local-only; original-derived; no public distribution
CANNON.MRG:1	d1d3c5c5fb614290b0d00114e491de475b596a657c09179114054901634dbecd	workplace/re-img/out/MRG/CANNON.MRG/CANNON.MRG_001.png	dcd631ee636b69e108df754090990f3fbcdcef7a9aaaae602382373ffeee2ed1	workplace/ai-hd/generated/d1d3c5c5fb614290-v1.png	de218135a1d29e36905c0a9d5fc2ce7df78e3778ac6190a39e1d46ec3ead452e	workplace/ai-hd/technical/full-theme/x2/MRG/CANNON.MRG/CANNON.MRG_001.png	e8a6fcb16912ef5efc5ca1fc8248e8b9918cf9046bd6eb6119915b467f399c41	format-pass	candidate RGB resized; exact original alpha	requires review	local-only; original-derived; no public distribution
CANNON.MRG:2	969e1bfb2ab66f158ffae087e19f68b372d265c96ee4b949823adc331651b52b	workplace/re-img/out/MRG/CANNON.MRG/CANNON.MRG_002.png	abb678407a441f8fa3446da380788d1ea0d36164d8efce3d089d6cba06ba57db	workplace/ai-hd/generated/969e1bfb2ab66f15-v1.png	5e483dc2d212280454e4ff78285f3a4bcff7d02928b39f106dc8d1271c738fd0	workplace/ai-hd/technical/full-theme/x2/MRG/CANNON.MRG/CANNON.MRG_002.png	64d4dda28c8017b873119c1cf04f6c8c3f592eed699b3bbcffcc7eebe34cdca0	format-pass	candidate RGB resized; exact original alpha	requires review	local-only; original-derived; no public distribution
CANNON.MRG:3	4c0263866ccbf1113445a98fee4958fb10c3b04b1c11ba5b528bbf78578c66fe	workplace/re-img/out/MRG/CANNON.MRG/CANNON.MRG_003.png	adbac4aac0318db3686ed842844e7d889e125c164945df2afa3880d27d61787d	workplace/ai-hd/generated/4c0263866ccbf111-v1.png	e41c7939ca5863dd986bbc423b8d60fc0d248d0d492d3b5c830130d1c2d6d04e	workplace/ai-hd/technical/full-theme/x2/MRG/CANNON.MRG/CANNON.MRG_003.png	a86c21a01adef355cd0adf9fb7b88a6d2a0d741a7dd950aba443cbb70e38b2fe	format-pass	candidate RGB resized; exact original alpha	requires review	local-only; original-derived; no public distribution
CANNON.MRG:4	5cb65b16bcf34814fb86466c06cacfcded25381c4ab2869b9c8a6fc017bd8a69	workplace/re-img/out/MRG/CANNON.MRG/CANNON.MRG_004.png	d364ce73dc10439a801e0f3fcbe5ade58a6958639a71cfe013dd036c5ccd8950	workplace/ai-hd/generated/5cb65b16bcf34814-v1.png	965a12d95e0055029b9cbbf7696f4f4c031dc9478ca631b798e2bc6ff351b041	workplace/ai-hd/technical/full-theme/x2/MRG/CANNON.MRG/CANNON.MRG_004.png	1293aa719759a589dea8cf5eaed14d1947352c6c9b303f9f20c38e89459ec6e7	format-pass	candidate RGB resized; exact original alpha	requires review	local-only; original-derived; no public distribution
CANNON.MRG:5	3b040d21245a8841d443e5ef9ac4462b953fd9a848b59d4e4032842c7f8712bb	workplace/re-img/out/MRG/CANNON.MRG/CANNON.MRG_005.png	03ded0d690e1847bfe520e675aba03986b92df813db3afdf6d67475dec871a05	workplace/ai-hd/generated/3b040d21245a8841-v1.png	f451592a58cddeb73f0693f1b1c86f04c2304f89028f7e57753d8cd1273895c7	workplace/ai-hd/technical/full-theme/x2/MRG/CANNON.MRG/CANNON.MRG_005.png	fe13457196763d63c5ff9d8a97ab6dbd928dba5c13160efa2da58c05a21138dd	format-pass	candidate RGB resized; exact original alpha	requires review	local-only; original-derived; no public distribution
CANNON.MRG:6	7cb984e81eda2b53df8ff96c5589522b4e7c5c602b3726b137182d3946f31bae	workplace/re-img/out/MRG/CANNON.MRG/CANNON.MRG_006.png	866368ebe10cfcf8ed31241c7967602f4b557483616c0c87e80b3f1437973acc	workplace/ai-hd/generated/7cb984e81eda2b53-v1.png	05a3b351342f764a4c9d0c04c0f7857d9ec169baac35be7022261a56bccdc19b	workplace/ai-hd/technical/full-theme/x2/MRG/CANNON.MRG/CANNON.MRG_006.png	51feae3faaf09aa55fff4b7747127dc563e499a2e354b2be4e6395a75af8af50	format-pass	candidate RGB resized; exact original alpha	requires review	local-only; original-derived; no public distribution
CANNON.MRG:7	e177b568cc6db377d5c6024841cfda7d438dcbe9c73d8fac837a27beb3b84107	workplace/re-img/out/MRG/CANNON.MRG/CANNON.MRG_007.png	4c15ddf10549e19b76a9feef349cd79915926943635a78b183153f8b55c91c0a	workplace/ai-hd/generated/e177b568cc6db377-v1.png	504daa3c2d16bef539e8026b80befcffdc9c1d0f042d7d11ca4b7abb1f27a21a	workplace/ai-hd/technical/full-theme/x2/MRG/CANNON.MRG/CANNON.MRG_007.png	893db0bd55c6512ae98e01a3c0a81e4d944047bc38f897c4047ead43175a4bed	format-pass	candidate RGB resized; exact original alpha	requires review	local-only; original-derived; no public distribution
COIN.BIN:0	01dcaaa096bf037d15a4f88bcb3bb7c5eead8cf43dfa38fe092679dfba72cb4c	workplace/re-img/out/BIN/COIN.BIN_000.png	90017b7c2bff43b314fe76af99085a29a967a1eb8a09cc7b16afc1956edb2433	workplace/ai-hd/generated/01dcaaa096bf037d-v1.png	8c7b9953e6e08dd3d0e88852f18aca0865b5cd85cc69a1bcce9e2caf6f70e486	workplace/ai-hd/technical/full-theme/x2/BIN/COIN.BIN_000.png	af67dcaeff2e43bf10ddb261b4ac51114095481c73a282675ada803e125e1038	format-pass	candidate RGB resized; exact original alpha	requires review	local-only; original-derived; no public distribution
COIN.BIN:1	4a05b5b701a719181b7b5bddd931e51a8185d9145e3ada802e4522217c53d7d2	workplace/re-img/out/BIN/COIN.BIN_001.png	9366fadf27d18572a50c8df4ff32bf6e1f23a38c76f0d9da39f44238689c138f	workplace/ai-hd/generated/4a05b5b701a71918-v1.png	4459d922e2a7792459b1e8fd743c34ec6fe31c4a04b97bc2de35ac2b70c1be03	workplace/ai-hd/technical/full-theme/x2/BIN/COIN.BIN_001.png	ea9063ac1f438fd4e0da5bcc3f74ebf282fd80533ffd61e4cfc61170e4229786	format-pass	candidate RGB resized; exact original alpha	requires review	local-only; original-derived; no public distribution
COIN.BIN:10	a0b4712e321d01e26adce45f03829c165da4fdf271150fb20e1db14e827a9de3	workplace/re-img/out/BIN/COIN.BIN_010.png	bf284b4b4e6694c127ef827ef91e3a62bf2c65588cb305a5614bd32f87bb2bf9	workplace/ai-hd/generated/a0b4712e321d01e2-v1.png	7f03187977205563b684d8db400bde618767a9048f544fd423ea39f1256f43ce	workplace/ai-hd/technical/full-theme/x2/BIN/COIN.BIN_010.png	5035b6c7420178fde3e3cd9fe783fc8edc0ad7350ea179a5b38295508b6a34c3	format-pass	candidate RGB resized; exact original alpha	requires review	local-only; original-derived; no public distribution
COIN.BIN:11	fbd1e6f205c32f6148ebab441b554994337ae63c4a9bf02324bdb97c383c7f35	workplace/re-img/out/BIN/COIN.BIN_011.png	d0c8dd25f443302fbace1e8a4b67775f0dafbb9c26aad7f549f0e8b32f1c7e3e	workplace/ai-hd/generated/fbd1e6f205c32f61-v1.png	33e618227032b764fa882e962e204b885272bc72e13508f73ba0d6adcc0d454f	workplace/ai-hd/technical/full-theme/x2/BIN/COIN.BIN_011.png	4bd0f9c2da5bf9112fe61c7019371b25724795a306a55c755d896f7911e78341	format-pass	candidate RGB resized; exact original alpha	requires review	local-only; original-derived; no public distribution
COIN.BIN:13	c7f094d3f0caf590accfa4c1279b1e682f56c5dacbc20fa7f7e40e56a5ceda05	workplace/re-img/out/BIN/COIN.BIN_013.png	a0fef62924bf28afb143c63f919c4777ee775907cb2719745ce45f2bf91a0963	workplace/ai-hd/generated/c7f094d3f0caf590-v1.png	9122391d6ed2f3ba67e6b69df94c6876f6a8f0fd0e2d1e4fe430380c7dfeb0a8	workplace/ai-hd/technical/full-theme/x2/BIN/COIN.BIN_013.png	aee482d628db62a0e74abc85232527e71ab1e310d45df8963f6f83e8c996a6d1	format-pass	candidate RGB resized; exact original alpha	requires review	local-only; original-derived; no public distribution
COIN.BIN:14	e4e5fdb76cbe5116de3a25bddf0bc747888d4234a3046d76072dfe554ef44ac3	workplace/re-img/out/BIN/COIN.BIN_014.png	decd35981d80c4305c9141a230f3728159068c9b101139525ee24d1937858bbf	workplace/ai-hd/generated/e4e5fdb76cbe5116-v1.png	f89f6b6d3c9a344ba58a9472d3b907eb8d496887a7a90d1c4d89f5a278d253fd	workplace/ai-hd/technical/full-theme/x2/BIN/COIN.BIN_014.png	b3c6d7d378156dec65a6a3e84ee496be9e7b47744acfb0cdc3f75ad09434238a	format-pass	candidate RGB resized; exact original alpha	requires review	local-only; original-derived; no public distribution
COIN.BIN:15	9db059d5f57db24e8b12347059c93e3a0fa0961e9df051a6406562d486d6bb88	workplace/re-img/out/BIN/COIN.BIN_015.png	2d8509d1030223c47da3b39dc174d2edb421de4f9abc62f08d1dfd08c4763dad	workplace/ai-hd/generated/9db059d5f57db24e-v1.png	c78456c7474bed2f5c572a56637298d31b6d00f157365f9ba8839db53dbcf702	workplace/ai-hd/technical/full-theme/x2/BIN/COIN.BIN_015.png	51974bfe71f037ea875d25168df0d4cf9a5909e6bc67ff524d844943ecc036d9	format-pass	candidate RGB resized; exact original alpha	requires review	local-only; original-derived; no public distribution
COIN.BIN:2	5f335529c3f4d742e94d74d0ca8c9d2197dc6b4eb421fd0fa4ed8302cd01d9c5	workplace/re-img/out/BIN/COIN.BIN_002.png	88aab94794b18f16a113aea04e5d4685ff4d036cbfd96e2486a7d7104d652218	workplace/ai-hd/generated/5f335529c3f4d742-v1.png	0db6c802723b9331dd54b3b88b94c952a510612f618ee1b1d3a019459753b501	workplace/ai-hd/technical/full-theme/x2/BIN/COIN.BIN_002.png	75019f3457d687f89143209f547bac18d815661a2dddfe03231af06764057394	format-pass	candidate RGB resized; exact original alpha	requires review	local-only; original-derived; no public distribution
COIN.BIN:3	3c5d9559661298cb508d6bd68d4f91ed794950d53fe1d0623456205061e71e29	workplace/re-img/out/BIN/COIN.BIN_003.png	441d080911957d03e9be959dbe20bf636695ef74519165af124477df8c6b1168	workplace/ai-hd/generated/3c5d9559661298cb-v1.png	5ee8803d822bd18e744967ea826f0afc12e9faf4d8e5f8d067be272ce3b21d0d	workplace/ai-hd/technical/full-theme/x2/BIN/COIN.BIN_003.png	cc743a151c8a061367e0ce28b2af35d1ca0a389816a4495751a42aafeccdfa4b	format-pass	candidate RGB resized; exact original alpha	requires review	local-only; original-derived; no public distribution
COIN.BIN:4;COIN.BIN:12	1fb6cde2a7b8e8576a3f1197f8cf19683e40fa9271c22655bcc711a73359c125	workplace/re-img/out/BIN/COIN.BIN_004.png	558bf13bc090c1d5e50a48a693eac66c26059e75f3003280a676cfe52cabefdc	workplace/ai-hd/generated/1fb6cde2a7b8e857-v1.png	51673ec3d2691d19cee41f301704951916bc61d3ee0e54902096a5ea5ef4dd03	workplace/ai-hd/technical/full-theme/x2/BIN/COIN.BIN_004.png	b4b3fa726d576bf17e1bc9d8e6f60f46f248bc2b2def6570c3640fc551165c3d	format-pass	candidate RGB resized; exact original alpha	requires review	local-only; original-derived; no public distribution
COIN.BIN:5	abaa540af49e33198549cbb3a45f4cbb0921f87de24d7283e169a4b95782c15f	workplace/re-img/out/BIN/COIN.BIN_005.png	fba3fc75dcb23f353bcbf20ad3d44ecf40f0c96914c82c8f25cedeb1ff25839f	workplace/ai-hd/generated/abaa540af49e3319-v1.png	3f28e15e23b583d47adf4266dd6a11fa4dd320443b520a97dd852c8f47673e26	workplace/ai-hd/technical/full-theme/x2/BIN/COIN.BIN_005.png	415daa34e2b45cccdc6d7e1c4992350eef9c1879bcf7b30f2fbe443a3b450c86	format-pass	candidate RGB resized; exact original alpha	requires review	local-only; original-derived; no public distribution
COIN.BIN:6	da69ebcdfd36af21f4f7c8320a8b41789daaa25e1ca5fcda77a2311b62f89986	workplace/re-img/out/BIN/COIN.BIN_006.png	ace260627fe5e78bba35b46c0cb7338ac9983e44695967dd9dca694d4aa87732	workplace/ai-hd/generated/da69ebcdfd36af21-v1.png	e82a4d72b9fda9e0d26a236d0dbbf46ec2655ad44e3b22576abc4f3c92e9f38a	workplace/ai-hd/technical/full-theme/x2/BIN/COIN.BIN_006.png	b8c122c160c4845fcd58183b077f98368cb4e26468d463723b6728ab1ba122c7	format-pass	candidate RGB resized; exact original alpha	requires review	local-only; original-derived; no public distribution
COIN.BIN:7	e843e3a1aa7c27e5ae148296d21695ae549ccdd3ab4fbbfa4d8fc6976bf867da	workplace/re-img/out/BIN/COIN.BIN_007.png	36731e3eda77b5c222bf2060f36b2d045ecab0a6af11cd7c9e54d63bff4e1608	workplace/ai-hd/generated/e843e3a1aa7c27e5-v1.png	6ebdc3e9add9ce5d3db7a15f4fd90ae337af92cc2d648156eaa62054d0d4c92f	workplace/ai-hd/technical/full-theme/x2/BIN/COIN.BIN_007.png	6fdab0efcb5c9490cf0bcdda7626a26ff171da7fe8b4f6ee5949e50c900d29ae	format-pass	candidate RGB resized; exact original alpha	requires review	local-only; original-derived; no public distribution
COIN.BIN:8	9efc57c6675e10ef0e2093a7b400cbf25fe53f505d604de62365627c62c56931	workplace/re-img/out/BIN/COIN.BIN_008.png	adb890a0b0c24f231858485a3f49b6eebb74849c4779a1c0e0f0815af4d6ca87	workplace/ai-hd/generated/9efc57c6675e10ef-v1.png	e83fa8581ba788dfe3190a660dbe83e63e8fedf738a17b5430620f4a8215af9d	workplace/ai-hd/technical/full-theme/x2/BIN/COIN.BIN_008.png	262b1934971d47449058bfb4db06d1e5b2ae19ffbc21bb1a060d081a6482f0f8	format-pass	candidate RGB resized; exact original alpha	requires review	local-only; original-derived; no public distribution
COIN.BIN:9	9a944722521b613c436b704e71e8e7ae456f6e7533447c09a495c164a5767115	workplace/re-img/out/BIN/COIN.BIN_009.png	1cf397bb77b491a1e4e711ffa12116d3d0c4c6aa1c3a51c458705287dad7542c	workplace/ai-hd/generated/9a944722521b613c-v1.png	d68f25ce46e0f1a934778fa6309e2a01125c25acccb34b8c6c57b6560a7a82a3	workplace/ai-hd/technical/full-theme/x2/BIN/COIN.BIN_009.png	f32f30662cef1ca7f5f6c5647b770a9478a8c44e45d277eedb395bc1ce781a6d	format-pass	candidate RGB resized; exact original alpha	requires review	local-only; original-derived; no public distribution
CURSOR.MRG:0	ef4e68e1c3dbe8b3537a45865207de7181b794769edcc1d66a4f764f2ae9c6ef	workplace/re-img/out/MRG/CURSOR.MRG/CURSOR.MRG_000.png	b56153fc64666de74f039b9e5a18d8fe2624fdaa0e1300594317cddbe330b123	workplace/ai-hd/generated/ef4e68e1c3dbe8b3-v1.png	1feca77b59deaea7d5725722a0558112b582aa4288fed1786f715567286b5b4a	workplace/ai-hd/technical/full-theme/x2/MRG/CURSOR.MRG/CURSOR.MRG_000.png	18c2eadc487438db17ccfbf0ddd6188689c68c6f83cd92a0e7ff861516592ba4	format-pass	candidate RGB resized; exact original alpha	requires review	local-only; original-derived; no public distribution
DEAD.MRG:0	521470124a8b9d592ddfc18b381b8720db8d054e00377f873669df1d6707c19e	workplace/re-img/out/MRG/DEAD.MRG/DEAD.MRG_000.png	dee354ac96ea326ecb560af02094be3451571ecc64e66e5b3301953d42682bcd	workplace/ai-hd/generated/521470124a8b9d59-v1.png	459972732a5775ae34d4ca310be948220c490e4109c9f95bddc97a555b78fcce	workplace/ai-hd/technical/full-theme/x2/MRG/DEAD.MRG/DEAD.MRG_000.png	0343ddcedb524325e4730473ecba4e6eea28e3d7207fd1c1c6b102a19a50bf35	format-pass	candidate RGB resized; exact original alpha	requires review	local-only; original-derived; no public distribution
DEAD.MRG:1	2e0c9d86060b7fa5ec646a1c421cdb9d6a019ea34e37df053045079cc8a4bf20	workplace/re-img/out/MRG/DEAD.MRG/DEAD.MRG_001.png	c3f510e013a44af0dda9664636cd0a33945e6822dc9c72cb35a44a0d62e5542f	workplace/ai-hd/generated/2e0c9d86060b7fa5-v1.png	e1182e986961f7b6a8ae0888c3085220cbdc2669fa57c1ef11074c6eb32e8789	workplace/ai-hd/technical/full-theme/x2/MRG/DEAD.MRG/DEAD.MRG_001.png	3e560fe572671bbc291525b64c88e0e2180cc250f741332aa97cf60835b2ad18	format-pass	candidate RGB resized; exact original alpha	requires review	local-only; original-derived; no public distribution
DEAD.MRG:10	87dd9b5f7ef80e2ee5681154ab7efb50f550dea796d90ce96d00caef406d666f	workplace/re-img/out/MRG/DEAD.MRG/DEAD.MRG_010.png	f55e29dcbf8e16a8f8a946a1771d34e445a8d78f052654f8b2fdae7edc1bad7e	workplace/ai-hd/generated/87dd9b5f7ef80e2e-v1.png	0a303a3a154e7701d30c7719fdc99ecb247d70c21bd2521993ee6e78e7964334	workplace/ai-hd/technical/full-theme/x2/MRG/DEAD.MRG/DEAD.MRG_010.png	0ae795ef7cf9cd532f4b514c6ccb4c69d9f9d0ee9a8796efd45860177e645599	format-pass	candidate RGB resized; exact original alpha	requires review	local-only; original-derived; no public distribution
DEAD.MRG:11	7c96ffbdece86afbd7203d0f81bf747584f5bdc3cac627c40cedfab17c3eb529	workplace/re-img/out/MRG/DEAD.MRG/DEAD.MRG_011.png	cf157b44f6d21c449ac1154bba7202d3ec45cb3a136e5e61ae3e3a9edca3688d	workplace/ai-hd/generated/7c96ffbdece86afb-v1.png	69edb685f7a9c1c406b3d687cb9d74a37a3059df98ea4de172aa2065c521607f	workplace/ai-hd/technical/full-theme/x2/MRG/DEAD.MRG/DEAD.MRG_011.png	2cf9dc8a02914329c5fa6d08e0684bf24f1284721586cb90a720783e5ac47478	format-pass	candidate RGB resized; exact original alpha	requires review	local-only; original-derived; no public distribution
DEAD.MRG:12	59e17dae2b8130753f95a71a372cd7749d90f1d82b2929d73013ac79f30bb826	workplace/re-img/out/MRG/DEAD.MRG/DEAD.MRG_012.png	d69f4c99bc76f0159b198d240efd3196b08318ccd5037e851e801b0a76d523ac	workplace/ai-hd/generated/59e17dae2b813075-v1.png	892bf4c9352997152638949372630f4734626599d27abd535bbd0492c00758c0	workplace/ai-hd/technical/full-theme/x2/MRG/DEAD.MRG/DEAD.MRG_012.png	b52d7b9a409cf5db1bbb6bfe7e8793977bde159fa94b3fd8ba14243b4def1df3	format-pass	candidate RGB resized; exact original alpha	requires review	local-only; original-derived; no public distribution
DEAD.MRG:13	de9f9ccfa9d42aa2de526d8896621a0c26cdfa9400cbe6d85f2f1d82eb80b2af	workplace/re-img/out/MRG/DEAD.MRG/DEAD.MRG_013.png	3c5212321aef1f59a2257748591a1f8e80187d25546a5effb2884189655a6f5c	workplace/ai-hd/generated/de9f9ccfa9d42aa2-v1.png	43f903c817ac2861bb9368a19a56461073901a8d491f5ac48c1e9fe8e35c2c89	workplace/ai-hd/technical/full-theme/x2/MRG/DEAD.MRG/DEAD.MRG_013.png	08c269cec691726fc2867d150e2ab33811fa2af0681f9cc25863a785ffe1802c	format-pass	candidate RGB resized; exact original alpha	requires review	local-only; original-derived; no public distribution
DEAD.MRG:14	f2c33e795dbb8a424d018da563018cb62a80d8b3b904b365440f1fe25d50e153	workplace/re-img/out/MRG/DEAD.MRG/DEAD.MRG_014.png	267d32245908fadce7a71c2f563e01677eea294c6429fbfdccc0431ae099563f	workplace/ai-hd/generated/f2c33e795dbb8a42-v1.png	b7beffcc10f9b530e13dbbbf9b253a7f1d911168886caebdc4084779eb04934c	workplace/ai-hd/technical/full-theme/x2/MRG/DEAD.MRG/DEAD.MRG_014.png	05fa6efe6635a05690cf74a2db626ea7890f3d91093e6633c1f58c78bc51c09e	format-pass	candidate RGB resized; exact original alpha	requires review	local-only; original-derived; no public distribution
DEAD.MRG:15	422514a2103aeadaa5c196d12062011725f7e107c9d83760b8cc6befcd21b7ad	workplace/re-img/out/MRG/DEAD.MRG/DEAD.MRG_015.png	403f29fea0352b699db1c37a293a9029506763cf48bc36c9473a61eb0ebf68c3	workplace/ai-hd/generated/422514a2103aeada-v1.png	16d60d6acfd9c41ddbf5b7cb7a7fb5333dd0749b0be8b5f65dfa906d13ed6610	workplace/ai-hd/technical/full-theme/x2/MRG/DEAD.MRG/DEAD.MRG_015.png	ea21ba514bf73ad8a28937dbbc76378f827532577d01b5edbafda8766ad1f4ad	format-pass	candidate RGB resized; exact original alpha	requires review	local-only; original-derived; no public distribution
DEAD.MRG:16	4061cc706617a29c68bffb63d9f91a4fbe1d23833c53d7c0ba76b00b2201a2d4	workplace/re-img/out/MRG/DEAD.MRG/DEAD.MRG_016.png	37be58d73fb5eea1c56af39d156847109d13b673a39a75b77039e10748c9fa9e	workplace/ai-hd/generated/4061cc706617a29c-v1.png	182bc7353fe8887fe5c190f4bd033304bcb4568386b87683e5b5af3508c470e0	workplace/ai-hd/technical/full-theme/x2/MRG/DEAD.MRG/DEAD.MRG_016.png	23840c30a5d8a86079ff7e09235e0d0ce070703d85b767be9a80753324acea8f	format-pass	candidate RGB resized; exact original alpha	requires review	local-only; original-derived; no public distribution
DEAD.MRG:17	6d99a1b959598bc18f9c93f9ec242510ef1e73c8a72b87d9aef618e84390710b	workplace/re-img/out/MRG/DEAD.MRG/DEAD.MRG_017.png	9842e0385953f7e5833d087814197ee7a3db298cae96943c6117f6662e7bb280	workplace/ai-hd/generated/6d99a1b959598bc1-v1.png	c715b721cedcba21b0d92cc539eebe98e73c4c8b9c7005192123dfb1ceccc89c	workplace/ai-hd/technical/full-theme/x2/MRG/DEAD.MRG/DEAD.MRG_017.png	239990c88abbb1a401f7fe253dcb2b1fca3780c4a129a45e8725996341dc6a1d	format-pass	candidate RGB resized; exact original alpha	requires review	local-only; original-derived; no public distribution
DEAD.MRG:18	8795a9e78d4d327d05db3e6c1a70723f41ff8ab564fc66e08e655188737a60e4	workplace/re-img/out/MRG/DEAD.MRG/DEAD.MRG_018.png	3d71866474a07b6dee80e6cd0d8b95a9c92496b53846e5c34580e98dd13f8741	workplace/ai-hd/generated/8795a9e78d4d327d-v1.png	c1c0ec774d9c9042dd7dc7aaa2532fccb4f9a193fd20e0b6d51abadfbdbaae16	workplace/ai-hd/technical/full-theme/x2/MRG/DEAD.MRG/DEAD.MRG_018.png	b3e909d743baa161b6fe975392907fbdd26643c20096446cd2bda40537f6d470	format-pass	candidate RGB resized; exact original alpha	requires review	local-only; original-derived; no public distribution
DEAD.MRG:2	60659ecdb633e9c8cfaf56b94cfb4ac3313cd57ac408ded2f77d18e4fe963b86	workplace/re-img/out/MRG/DEAD.MRG/DEAD.MRG_002.png	57bfe8e82f31acc37a947aa7c03b48cc9a317f6d2b01cd83841ff637c08b57a2	workplace/ai-hd/generated/60659ecdb633e9c8-v1.png	fe9bfde25a899c0883c1c13136200c1b69b7da9e46d815cf1c223e3b3c82a422	workplace/ai-hd/technical/full-theme/x2/MRG/DEAD.MRG/DEAD.MRG_002.png	fe2fb2e868fe648e8de0ad5991fa0e3130bd3f3c1d901e2129ba09c7bec5f6ac	format-pass	candidate RGB resized; exact original alpha	requires review	local-only; original-derived; no public distribution
DEAD.MRG:3	881beb461e82d5b75e31cc33eee81b6b8a39a9e9ba43a3a87e093474e730027b	workplace/re-img/out/MRG/DEAD.MRG/DEAD.MRG_003.png	079abe53ae93132eeeccf7dc2910079d1d81f4fb5cf7d6968f0f6d4df5eae7a0	workplace/ai-hd/generated/881beb461e82d5b7-v1.png	7eeb6b14b0bef63bf44d2822afcdc624ae78e4b00547df554004adb9c57e7519	workplace/ai-hd/technical/full-theme/x2/MRG/DEAD.MRG/DEAD.MRG_003.png	823ecaf2c4ef9607da6aa4b6a7b506935f4c142bdf4f393c8e7864b357e21c57	format-pass	candidate RGB resized; exact original alpha	requires review	local-only; original-derived; no public distribution
DEAD.MRG:4	e5049189f9ad2dfde8c1025b86839a6b0b869b70274df93a960cdef494c29468	workplace/re-img/out/MRG/DEAD.MRG/DEAD.MRG_004.png	0724174523e3705e0a2eee5359daed0398eb8d73a681d36b657b2a97717eac85	workplace/ai-hd/generated/e5049189f9ad2dfd-v1.png	882a45527601b0a85422ea74773f0be8df16ca0539cdd83a48651e3fce34ddd5	workplace/ai-hd/technical/full-theme/x2/MRG/DEAD.MRG/DEAD.MRG_004.png	69b618537eb86a20c0b6b3b97b443690fa68a9c2b753f995f105d002d73fd065	format-pass	candidate RGB resized; exact original alpha	requires review	local-only; original-derived; no public distribution
DEAD.MRG:5	b8889972f226a519b78ee8e2d6381a751afc01edbd64d8a26251c7e9c97a4851	workplace/re-img/out/MRG/DEAD.MRG/DEAD.MRG_005.png	732f7fae50c22112b4b69ba8906d9bd7ef963d5d5bb4a63a552bb4b7dbe9a12f	workplace/ai-hd/generated/b8889972f226a519-v1.png	27ded641c1e58f74ba771201822d0e7485216357540bece482864558938d90ab	workplace/ai-hd/technical/full-theme/x2/MRG/DEAD.MRG/DEAD.MRG_005.png	a0719ad657afa024aad9b523636140093a35d69cbcf93b418896b676c3e85a4c	format-pass	candidate RGB resized; exact original alpha	requires review	local-only; original-derived; no public distribution
DEAD.MRG:6	49cc7aeb77d6863e1eef286a8be571d7881f4d020e23263280974d11a98aa0b6	workplace/re-img/out/MRG/DEAD.MRG/DEAD.MRG_006.png	7752700380a540792d7b6b3fb7a720e7d38e8b739361eec79571ef6d3fe68f10	workplace/ai-hd/generated/49cc7aeb77d6863e-v1.png	3a4748d1c8f2e8cf49a928b0fd132c05cf8015eaea6043f4c971fd51a94cdac0	workplace/ai-hd/technical/full-theme/x2/MRG/DEAD.MRG/DEAD.MRG_006.png	8cb976c4feffc4611d5de7560df96d6eeee5db677dbe9c380628b845edda2207	format-pass	candidate RGB resized; exact original alpha	requires review	local-only; original-derived; no public distribution
DEAD.MRG:7	96dd952ed156d108260326b8b8b7a09439c9065ba654a43f59354a5a1e087bf4	workplace/re-img/out/MRG/DEAD.MRG/DEAD.MRG_007.png	d25aba37182cdec6add92298aa93ced27f89ff668230ab92ffadaa3f766751b1	workplace/ai-hd/generated/96dd952ed156d108-v1.png	fb0e7f94f7ec33c9fbe28736d8c4689e3a271cf2e40bd503e2bf95643cc4e656	workplace/ai-hd/technical/full-theme/x2/MRG/DEAD.MRG/DEAD.MRG_007.png	97bde8d52b774683ff6bddf81f44e7062170bd516eb2bac57609cf079fa715f8	format-pass	candidate RGB resized; exact original alpha	requires review	local-only; original-derived; no public distribution
DEAD.MRG:8	dafa11251c73e0fff3d1dbbc1da6c401e940b6eed3de27f0a19e11fb8a08d5e1	workplace/re-img/out/MRG/DEAD.MRG/DEAD.MRG_008.png	5e62415032f4f53499260339f2de500e96ec52d407df2c9f4659fdb003ce6e48	workplace/ai-hd/generated/dafa11251c73e0ff-v1.png	76422a49a7f75a22e666bec54465cef63d509088f10a20534bc2fd291f8c494f	workplace/ai-hd/technical/full-theme/x2/MRG/DEAD.MRG/DEAD.MRG_008.png	14b940d27f2aa70cc790cdbc7024cd62f09759cff6f177fde34a4898dc8eabfd	format-pass	candidate RGB resized; exact original alpha	requires review	local-only; original-derived; no public distribution
DEAD.MRG:9	16d6b150af4209bed5cf4ef800e764ababaee46dd8ad9b89d0166869574db9af	workplace/re-img/out/MRG/DEAD.MRG/DEAD.MRG_009.png	c1f97f4f8f2a0fff6882f93696986cb1167e7f0bb62bf0da5c4a15506aeaffac	workplace/ai-hd/generated/16d6b150af4209be-v1.png	b89a86112dba001ddd48275735423a5c97df4a28e18da0eada2bdb844d74b567	workplace/ai-hd/technical/full-theme/x2/MRG/DEAD.MRG/DEAD.MRG_009.png	185db02f1a137eb588d7b1b5cf72083d57fbd61ea2d20a588038d5ed863464b3	format-pass	candidate RGB resized; exact original alpha	requires review	local-only; original-derived; no public distribution
ED0.GS	32ea40062c7099bfff0021576f893e7e65ac58492b3c394bbcc647f0260042d9	workplace/re-img/out/GS/ED0.GS.png	bd6c9f7a11687189fd2fccbaa296faf828aa21c95b0894cb605096da2174886f	workplace/ai-hd/ED0-candidate-v1.png	48a51f096fb6ed9e9a689d88dced6377bd5fb959f1f961bd5f7fbdc1de46b79e	workplace/ai-hd/technical/full-theme/x2/GS/ED0.GS.png	c42858fa6fb9d09c2bae453b8db3054685c32b8542eb2c2f2583c271eae50d3d	format-pass	candidate RGB resized; exact original alpha	requires review	local-only; original-derived; no public distribution
ED1.GS	64a320ea81bf976aa7ecd96862e63a797b192a32835d34f26ca2ce9949cbb803	workplace/re-img/out/GS/ED1.GS.png	468b1d19c6b30b99a8243e1156c6f0ed9c0eab77e2c4f4720f05c8e8cc4e87f8	workplace/ai-hd/generated/64a320ea81bf976a-v1.png	a3a958f9962759b7c895cecb983231eab3ca7608bd61e92be0c84498d4b4ec9e	workplace/ai-hd/technical/full-theme/x2/GS/ED1.GS.png	b29b0af5e5e19ce85295bfe40c598fa258ac367f1e3799cbb7be2605b6b777f2	format-pass	candidate RGB resized; exact original alpha	requires review	local-only; original-derived; no public distribution
ED2.GS	fa552d237a4fab9e23df2fdf91b5360c0ed9339a096458ea406ee785b9c4ba61	workplace/re-img/out/GS/ED2.GS.png	4904234a0a7ef8d91babbeca082a2c48cfd1b8b9a47a15f76be529ebcc73d444	workplace/ai-hd/generated/fa552d237a4fab9e-v1.png	8a279d8ac811cb0eecc9da2208b0fe3dd9ac01891a2ae610cc659beaded57bba	workplace/ai-hd/technical/full-theme/x2/GS/ED2.GS.png	1dbb9052ba293b0b76a3324fe95d06c05c21ff0a4517caff8e857fbd10da7fd6	format-pass	candidate RGB resized; exact original alpha	requires review	local-only; original-derived; no public distribution
ED3.GS	5fe0879c8d9b4343f3a191b4d17aeb02d340509850356d6b9f3f4f06f19a1d31	workplace/re-img/out/GS/ED3.GS.png	9bc833d027dda105fea6ade84030b755ffc32ae4ad242dff92450416f4a0283b	workplace/ai-hd/generated/5fe0879c8d9b4343-v1.png	cb8408365f4d9767dbb5af506909d70367761e9a2f170b0e063a8852b101f6af	workplace/ai-hd/technical/full-theme/x2/GS/ED3.GS.png	01dc1c62202071c8be954c86fdaced8463d7838c403d7b8a2b2d44f0d069c638	format-pass	candidate RGB resized; exact original alpha	requires review	local-only; original-derived; no public distribution
ED4.GS	e10dab1d851c170e8caed9b73686377b2a06efca5eb1317308d1dff683d43115	workplace/re-img/out/GS/ED4.GS.png	0f88f2f0e136c96d0592fcccb7581230c017e32c152a1239d0ef5585988738dd	workplace/ai-hd/generated/e10dab1d851c170e-v1.png	45292dca0f1c2752d25a4c77c066263a1eef7272fedb8c8fed639e4e2cb1e553	workplace/ai-hd/technical/full-theme/x2/GS/ED4.GS.png	78b62e96fe5f9fc6cae2b091d3438cded4f05a70d325c9b7a94df23d1dc2e8a1	format-pass	candidate RGB resized; exact original alpha	requires review	local-only; original-derived; no public distribution
ED5.GS	854cd68ebc6f62e1ce0d3b5dbeab8cc3eae97367457a3946f8188042c345ba7d	workplace/re-img/out/GS/ED5.GS.png	d3a10f294d54366d5ea43f1a7ac0410a99865b41df90a97ca6f638f934fc7bfe	workplace/ai-hd/generated/854cd68ebc6f62e1-v1.png	da7f59586bed7585b4675f9dea1b9c9eda0865516ba51cf5ca920d0c24318283	workplace/ai-hd/technical/full-theme/x2/GS/ED5.GS.png	cce594b21faf549efa7c9054b7da3eeefc829c8400b6eacb1e18a951a3c5d428	format-pass	candidate RGB resized; exact original alpha	requires review	local-only; original-derived; no public distribution
ED6.GS	db771a2d3c03d76b41460f42c1c0d8cdd059354702e773d1f37d5b7ae661edd8	workplace/re-img/out/GS/ED6.GS.png	8c94bcb64c41c8921eb86a9de5e45061ae729ab6b9b9fa701bcaaef6237f63cd	workplace/ai-hd/generated/db771a2d3c03d76b-v1.png	7ab17fe5746e2b7bcbb2136a4d6e63bd9fa96e8172331336ed87ff8a1388ed6a	workplace/ai-hd/technical/full-theme/x2/GS/ED6.GS.png	993e90175820a0b385999fb5d8adb97cb146b50ed733bee1709d9509eb4f570b	format-pass	candidate RGB resized; exact original alpha	requires review	local-only; original-derived; no public distribution
ED7.GS	219127b3f33e6657a0216b142e3fb7f40ca5e22df7f1cd150a5351c2ff90f443	workplace/re-img/out/GS/ED7.GS.png	ea238ec0d745405470bc875132ae58ee32c6784f3cd8b1ee21e522e25b540917	workplace/ai-hd/generated/219127b3f33e6657-v1.png	296c2376081fa2f610c8b0da7fab23af1b66ce5fc230e50f10c175f5473fd4bd	workplace/ai-hd/technical/full-theme/x2/GS/ED7.GS.png	3385a4c796485d21a05812be8bc6055c6e0c13856782f4e4fb061acf5c5539fc	format-pass	candidate RGB resized; exact original alpha	requires review	local-only; original-derived; no public distribution
EXIST.MRG:0	4496fdfc041dd2319d9d36bca3c0eb15e7d71b353b7cebe784aa87d83de53b4f	workplace/re-img/out/MRG/EXIST.MRG/EXIST.MRG_000.png	5156bf6c3600041fff3ae16dc17c2279a6e6d90a4f5330766c5088cf93779c27	workplace/ai-hd/generated/4496fdfc041dd231-v1.png	9e431d3eda43499700ead41a93635aca624e80d9c848244366e4af426dfa325a	workplace/ai-hd/technical/full-theme/x2/MRG/EXIST.MRG/EXIST.MRG_000.png	6d84b4bdfb7bb16f2694b857629f9b99549895c99c4762cc455f5b2eb4098932	format-pass	candidate RGB resized; exact original alpha	requires review	local-only; original-derived; no public distribution
EXIST.MRG:1	18ee9e52376cfc29288030ade7f5144a8387671056a5af25798716c4c08d5669	workplace/re-img/out/MRG/EXIST.MRG/EXIST.MRG_001.png	b6b0a63b80b144199829dbff42989d8d3847ba31513ef63846946f0b7cd8fda9	workplace/ai-hd/generated/18ee9e52376cfc29-v1.png	9b50cfaf6e6276f2c02a2d4944f4fa8eb946f4a6a42c70d17ced505c2e8931e1	workplace/ai-hd/technical/full-theme/x2/MRG/EXIST.MRG/EXIST.MRG_001.png	1ee2ad39def280b2bfb2c14c6652eb7f29cb77ebed77feabd073eab9ca3926b5	format-pass	candidate RGB resized; exact original alpha	requires review	local-only; original-derived; no public distribution
EXIST.MRG:2;EXIST.MRG:tail	b3670adfcac8dc4cf4d1357b69cf27bd06fe240f5bd2db22c40d3cfce096499c	workplace/re-img/out/MRG/EXIST.MRG/EXIST.MRG_002.png	f90191fd79299810a3fe53335b8bb2e8e35e75d38e33fa4ceadf6cf56fffe950	workplace/ai-hd/generated/b3670adfcac8dc4c-v1.png	d8bbf46dbe68e2b76dd5cec06499f3630509d66c9035ab6fd5645085c2acf45c	workplace/ai-hd/technical/full-theme/x2/MRG/EXIST.MRG/EXIST.MRG_002.png	016dd3b11ea8088d679511805115a6302fbb2df18ba6128443c1a79e757e874a	format-pass	candidate RGB resized; exact original alpha	requires review	local-only; original-derived; no public distribution
FACE.MRG:0	73c4af8634b16ee5cac411a5c8fd0a5089c8b10a93fe59c265bcbe93a16427ea	workplace/re-img/out/MRG/FACE.MRG/FACE.MRG_000.png	7d1463b491b79bf330b98c0ddb49f1a1abd264d44c1d804aa0061555eba9c36d	workplace/ai-hd/FACE000-candidate-v1.png	c5c2f54ab88a19f6500a8ce4bb929d002cb78c2187a7b329b53b774cad2f8f8e	workplace/ai-hd/technical/full-theme/x2/MRG/FACE.MRG/FACE.MRG_000.png	f6ead032ff979823d547b8467f1843a1e771b654e0b788238218113a4d9c1689	format-pass	candidate RGB resized; exact original alpha	requires review	local-only; original-derived; no public distribution
FACE.MRG:1	64f118bf8ec85934f7616ff7c6c32883e70a347c401388d281e48228fcbdc76c	workplace/re-img/out/MRG/FACE.MRG/FACE.MRG_001.png	a21a4ae61e17fcc8ce8e5096054cea7f5f7d6caf2214d4fd60be2ef63d57f8a8	workplace/ai-hd/generated/64f118bf8ec85934-v1.png	53b26a88400642a5af7f534660e9aadfe85b31e43bc20d574c00c67bed979b7f	workplace/ai-hd/technical/full-theme/x2/MRG/FACE.MRG/FACE.MRG_001.png	281cddbf2cf09037d513c70ba08b9500b2ec16dabc6b47cfb639f0e862175e2f	format-pass	candidate RGB resized; exact original alpha	requires review	local-only; original-derived; no public distribution
FACE.MRG:10	0c2d7a0314a2b4119400b856c59fbfdfe99abb1941cb84282309197da71c095f	workplace/re-img/out/MRG/FACE.MRG/FACE.MRG_010.png	b58815477f833aacd88aa7d833a820ce6f9ea339137bbe5d7328c0ae2530121a	workplace/ai-hd/generated/0c2d7a0314a2b411-v1.png	f43134b280191fb9b7d70e296ba361ee5ef9b06c78d9b3f2a64b38655dc8ba1e	workplace/ai-hd/technical/full-theme/x2/MRG/FACE.MRG/FACE.MRG_010.png	368c867bc12132cab942ee0e529b59c6ab7685478be368a0c85c051ef9c6666f	format-pass	candidate RGB resized; exact original alpha	requires review	local-only; original-derived; no public distribution
FACE.MRG:11	ca15c1857cc7523202670938e1d679a6952f72a53516b92bdf9d7156e834afd4	workplace/re-img/out/MRG/FACE.MRG/FACE.MRG_011.png	bf7332df3f3f29ed653387dabe409fd689c245c4d6380dcd282584d1e518c7ad	workplace/ai-hd/generated/ca15c1857cc75232-v1.png	b3e7c9a2ca61b8fa4f6fb3ddb475121ded813ff0bd3b1a750a8e4495c612e37d	workplace/ai-hd/technical/full-theme/x2/MRG/FACE.MRG/FACE.MRG_011.png	0fbd9d4811086611651ab55167cde92caa84ca5fec5cb0ccc9d987d8612283ea	format-pass	candidate RGB resized; exact original alpha	requires review	local-only; original-derived; no public distribution
FACE.MRG:12	2a1b8aede2790cc1353bc51d4011b98616090aee9e482789e2b37361c90766b8	workplace/re-img/out/MRG/FACE.MRG/FACE.MRG_012.png	7137d7be178b18a7d5debff3fa65549d98da4aa318df6d15feb1f52a6090c5a4	workplace/ai-hd/generated/2a1b8aede2790cc1-v1.png	5208dcfe7d8c40716044f9109456faad844e226de1d3a7ec6a4324bb91f85ed9	workplace/ai-hd/technical/full-theme/x2/MRG/FACE.MRG/FACE.MRG_012.png	b0433c7215c098daa1ca2dc3ec072479ce5ab1d2ca1afaca7af1a7232d990154	format-pass	candidate RGB resized; exact original alpha	requires review	local-only; original-derived; no public distribution
FACE.MRG:13	d3aee4bf8977a296bbbf887241dedbabecde99a9b6fb0306e609778963a67118	workplace/re-img/out/MRG/FACE.MRG/FACE.MRG_013.png	140c002804cd7036c01058b4127fabbd1f25804c58d8cc4f2850abe567ce1fbe	workplace/ai-hd/generated/d3aee4bf8977a296-v1.png	157cc98a2b8f79842e4639267716483c13846040d311adac344b7fa4f5fdeb1d	workplace/ai-hd/technical/full-theme/x2/MRG/FACE.MRG/FACE.MRG_013.png	e10ebfb8428c979c12f046bae9f651e4e6ebb52da1a841196255ce3e7338ad3a	format-pass	candidate RGB resized; exact original alpha	requires review	local-only; original-derived; no public distribution
FACE.MRG:14	9f4a9810a6758a3cf421865e4bfccd1f48400be66b06e301f8f632cf721de010	workplace/re-img/out/MRG/FACE.MRG/FACE.MRG_014.png	f9fde74dd12d728a727246a206002564396cc538e6ae5223e16db3e9fdc2b1c1	workplace/ai-hd/generated/9f4a9810a6758a3c-v1.png	fe2144eb0c38c565892572a19934f0f73f8aabacd77ae15bd81eb6d32b6433da	workplace/ai-hd/technical/full-theme/x2/MRG/FACE.MRG/FACE.MRG_014.png	6e133974c2a2a3189b5e9a9ac7c81a829d0b7ff6ad8df98d37d2d5dd2f0bfa57	format-pass	candidate RGB resized; exact original alpha	requires review	local-only; original-derived; no public distribution
FACE.MRG:15	febf42e1ca30e2503fc3145fa10a15975d2e5bd36fcdbb1151332c3f4696ec41	workplace/re-img/out/MRG/FACE.MRG/FACE.MRG_015.png	f42a7e79ef3967a828a4a9514a312857043567203e23ab664896710ccca528a8	workplace/ai-hd/generated/febf42e1ca30e250-v1.png	87ad960be7889ab4eef8bee33d0bbe1fc5328abe2c2ae9b450e5210e71a67113	workplace/ai-hd/technical/full-theme/x2/MRG/FACE.MRG/FACE.MRG_015.png	b3452cfacd64b559b6be7973261f223f3bcba38f97f8ef2a4888120b0e997254	format-pass	candidate RGB resized; exact original alpha	requires review	local-only; original-derived; no public distribution
FACE.MRG:16	cf0e496e1f83de8d17eed2bd8b7485059daa01313a659bc39e9543e7568403bf	workplace/re-img/out/MRG/FACE.MRG/FACE.MRG_016.png	1b2dec681ba617fcbd33cd997da0937a67874a4d2aad408107603877b8f0eda0	workplace/ai-hd/generated/cf0e496e1f83de8d-v1.png	0e6104bebea0500049c8828298934d0a72664a8b9cf917eec741119266eac417	workplace/ai-hd/technical/full-theme/x2/MRG/FACE.MRG/FACE.MRG_016.png	e13df49cc627a279f92ba32db29d6bbded40f54908464dd1741b61809e76e89b	format-pass	candidate RGB resized; exact original alpha	requires review	local-only; original-derived; no public distribution
FACE.MRG:17	ba85d87eb862a04222604375854af824205243365e20dfe88afbf243fa039d9d	workplace/re-img/out/MRG/FACE.MRG/FACE.MRG_017.png	c2adfbedbc2ebc4eafc08d01b7a7fd30b5a520d3ed6d2f28ccb1f1ac7c7a5e6c	workplace/ai-hd/generated/ba85d87eb862a042-v1.png	308369a05ddacf946825cef00ee2dc3c01bbaa90a6326ab0f8ec512190e905eb	workplace/ai-hd/technical/full-theme/x2/MRG/FACE.MRG/FACE.MRG_017.png	f12c9d269a9209af3134489befcab86ea329a4ec34457d6222ab13dd633604c7	format-pass	candidate RGB resized; exact original alpha	requires review	local-only; original-derived; no public distribution
FACE.MRG:18	07e0bc8ab3397cd313ad8dfe774335d4ae9d93dce72550434a296fab8ec194ba	workplace/re-img/out/MRG/FACE.MRG/FACE.MRG_018.png	892ab79684b658441f4056dcfd7cf74e89d93d526273abb6856a1101d96af5d7	workplace/ai-hd/generated/07e0bc8ab3397cd3-v1.png	4f7b9d1bbe974354bac804d4012b8fe14ec075cd71c3a0b73ba09e16b5107086	workplace/ai-hd/technical/full-theme/x2/MRG/FACE.MRG/FACE.MRG_018.png	b2d85e9e44e2b0261a79189734d582b10301eb1b030e669d42749be4e3e58bf1	format-pass	candidate RGB resized; exact original alpha	requires review	local-only; original-derived; no public distribution
FACE.MRG:19	2204eabd85c0d442dcdd7cd5eb1a73616513c08fda38c0e16bf4f148dadeb62c	workplace/re-img/out/MRG/FACE.MRG/FACE.MRG_019.png	873edf1256bcf5c929dc76f5fd2f0baeb0ea921d0b2171b156bf88debc20ea88	workplace/ai-hd/generated/2204eabd85c0d442-v1.png	363227b1a3abe3da9c48dade25e7a9a158b7b71af053383759ed19d043ab2b0f	workplace/ai-hd/technical/full-theme/x2/MRG/FACE.MRG/FACE.MRG_019.png	f2d0ac065586277640cf287375587b71496045ef93fc50806b7de2bb6d0dcbb8	format-pass	candidate RGB resized; exact original alpha	requires review	local-only; original-derived; no public distribution
FACE.MRG:2	626a20f88752784f74045f38ff23df66629043dae042956e2a2d861926ab2e95	workplace/re-img/out/MRG/FACE.MRG/FACE.MRG_002.png	b4972d61b9882480208f8157d04f67908b57ab1e56a4e696906261eeb8603a79	workplace/ai-hd/generated/626a20f88752784f-v1.png	fd0ec3e8ce80e663cae1fcdcaa242e44777577c55615488fec98bd83cda4b84e	workplace/ai-hd/technical/full-theme/x2/MRG/FACE.MRG/FACE.MRG_002.png	636cf0deab3b3ff11a1115f800e4700a2d228c744285fad240bda1013d90ee00	format-pass	candidate RGB resized; exact original alpha	requires review	local-only; original-derived; no public distribution
FACE.MRG:20	1a2e9100d6714e028f8b93fd714a80f8f3e7c546334d47c17f87eac980a16fa1	workplace/re-img/out/MRG/FACE.MRG/FACE.MRG_020.png	a1b6fb08e16487d4967b6ed921a862ec51563ffec5a6e882ee0d845cb0b6de50	workplace/ai-hd/generated/1a2e9100d6714e02-v2.png	6879691c8fb5087fda95cc67e238ed97f57dd32774d3bca3dee14204071a7268	workplace/ai-hd/technical/full-theme/x2/MRG/FACE.MRG/FACE.MRG_020.png	c2816b24a212db626abd2c57d4cd14451e0f2c08bd047827f30c7a61d776d09d	format-pass	candidate RGB resized; exact original alpha	requires review	local-only; original-derived; no public distribution
FACE.MRG:21	2e9d736cd633b12d5c35783648702e0784ef9846b200dcef973488a2d757f51a	workplace/re-img/out/MRG/FACE.MRG/FACE.MRG_021.png	6ffee11151c59f8933946f95715082c5aa039dcd26afbac91fc469db82a841de	workplace/ai-hd/generated/2e9d736cd633b12d-v1.png	82d00ee8e24760ced6f17cbc1d05b7ae19c1a80033264670b8e512acfed279d0	workplace/ai-hd/technical/full-theme/x2/MRG/FACE.MRG/FACE.MRG_021.png	2c9f454f034bdd54c5100ab57ff9c2c3b2ddefe45eaab541d71120f11fffbbed	format-pass	candidate RGB resized; exact original alpha	requires review	local-only; original-derived; no public distribution
FACE.MRG:22	3d143679493d6f27ca21cc75fcae3bf93d0c0a16429d2f39bceaef2771addb4e	workplace/re-img/out/MRG/FACE.MRG/FACE.MRG_022.png	060ce28e8921be65b4aab1277efad19bd6b9803db3190a880d93662d7d68c2b1	workplace/ai-hd/generated/3d143679493d6f27-v1.png	c66252a07a078fdbfe31a72cd4859832df0a9649086016bc6cb015d3d654775d	workplace/ai-hd/technical/full-theme/x2/MRG/FACE.MRG/FACE.MRG_022.png	1d90fbb8a6e41e1d2713801500136c1cff1888eac507fbba312bb97be9f24c91	format-pass	candidate RGB resized; exact original alpha	requires review	local-only; original-derived; no public distribution
FACE.MRG:23	11cb08013b6e3989a12cbe4e6e4623dad718c927cc267dcdc8797f4912fb9047	workplace/re-img/out/MRG/FACE.MRG/FACE.MRG_023.png	087c5a455c24c55214b35c83bf213d360f5d7860e66c58c784d91f0e6a2046ee	workplace/ai-hd/generated/11cb08013b6e3989-v1.png	8bfabab1c080a7b35cfe93b54cd839d96811ab93cb983608e33c123a0dc6098e	workplace/ai-hd/technical/full-theme/x2/MRG/FACE.MRG/FACE.MRG_023.png	650d3ead1ecc337f1fa6f6419996782c579cba201f3671cdcf04f9ea5907ba2b	format-pass	candidate RGB resized; exact original alpha	requires review	local-only; original-derived; no public distribution
FACE.MRG:24	5ed31b72d13e3fde1521d0da758f9f75f2c0abca9e3e62b447c86481563e0398	workplace/re-img/out/MRG/FACE.MRG/FACE.MRG_024.png	cbbdafe3e1836ed47c902cc8d6ddb33cee5ba49044c4e3cb8ee6ce3c28f57c52	workplace/ai-hd/generated/5ed31b72d13e3fde-v1.png	9684e0b3843303d27ed2f169972fd7c298d5507df787ea1e4dff88b1fa57d74d	workplace/ai-hd/technical/full-theme/x2/MRG/FACE.MRG/FACE.MRG_024.png	80c7cb7b12473bbe0e1fbe6fbe5fe059cb693ff0d0222dfa673fcb6a196c428b	format-pass	candidate RGB resized; exact original alpha	requires review	local-only; original-derived; no public distribution
FACE.MRG:25	21d7a17242500d7864223563012f93ab7ff1304a0ef323eced579dfb3af34805	workplace/re-img/out/MRG/FACE.MRG/FACE.MRG_025.png	c9aca133314b1acac4b5f779aaaef4e696c2f789b0da049193c50b7deb6b07d5	workplace/ai-hd/generated/21d7a17242500d78-v1.png	5a32f8a6cc7a7ba077fa32a7c3152ced12483c667c49f44db50ffacccfaf67b0	workplace/ai-hd/technical/full-theme/x2/MRG/FACE.MRG/FACE.MRG_025.png	ea66866c1931401ec210dd4aaf50e1ada25178d52db120749c4db58ce6dc73b1	format-pass	candidate RGB resized; exact original alpha	requires review	local-only; original-derived; no public distribution
FACE.MRG:26	32bf038ccf4d609a035c7d6bebe8924fc3b04858ff22e498c71c7222db7badca	workplace/re-img/out/MRG/FACE.MRG/FACE.MRG_026.png	a7f399437334d4e0317fb5e12b207d86149d92e93938fcff0c305ab72a59d8d7	workplace/ai-hd/generated/32bf038ccf4d609a-v1.png	0de2de027aba67e4018070c0c76d5e0d5610ce0d58879879c674e9fde9257045	workplace/ai-hd/technical/full-theme/x2/MRG/FACE.MRG/FACE.MRG_026.png	a1325189b8d517df2b11a52e953e73acd51a32ae6e1cd621c1ef3d79a187b76c	format-pass	candidate RGB resized; exact original alpha	requires review	local-only; original-derived; no public distribution
FACE.MRG:27	badc35f32c3405849ebd1acbf9208f50b948ad0dca92da32c80f33d696779208	workplace/re-img/out/MRG/FACE.MRG/FACE.MRG_027.png	0cc3dbc30ec7bf45b84d1fbd4bf2fb8f0b350e2158327ec7d6dab1018c834238	workplace/ai-hd/generated/badc35f32c340584-v1.png	0b70cc2db59431a7e808043924456e6f757ce9cb478fa73ad10fec748fd8cfb0	workplace/ai-hd/technical/full-theme/x2/MRG/FACE.MRG/FACE.MRG_027.png	e2a749f7d124be7e9eb92341b48231c4862a8c667d74793d5b27d24f7d12b6ba	format-pass	candidate RGB resized; exact original alpha	requires review	local-only; original-derived; no public distribution
FACE.MRG:28	17f154630ff041b4feb589adbec6c87ed56cc6f385b2a0604144c1719431f316	workplace/re-img/out/MRG/FACE.MRG/FACE.MRG_028.png	c0d2d6ae28293c90b3adc9f1899048bbe79100443d2d7d30349d9f9588d59718	workplace/ai-hd/generated/17f154630ff041b4-v1.png	b048a71354b6d810ce1d626ce3f1a70cd01566d3cc19e7597d4cfd942c1b9150	workplace/ai-hd/technical/full-theme/x2/MRG/FACE.MRG/FACE.MRG_028.png	0e801b75c042056a644dc1e9f865405c2851033e2f845593ffdeae3100b53c5f	format-pass	candidate RGB resized; exact original alpha	requires review	local-only; original-derived; no public distribution
FACE.MRG:29	266a3d79592f54bf08d15f44f89100a5585a08bb9301a79ed1684d4b1ebc7432	workplace/re-img/out/MRG/FACE.MRG/FACE.MRG_029.png	2fe988e16a7b2c84b1b1d70625a8b50a1fc1b16c1e2c4cb8972c503a550a7aba	workplace/ai-hd/generated/266a3d79592f54bf-v1.png	a8fb9b8f8e69b029c52e4e6324185d7770386479a26434a89f257e38fe9b5c60	workplace/ai-hd/technical/full-theme/x2/MRG/FACE.MRG/FACE.MRG_029.png	36cdf38734b53f70c8fe76e75212bf211071a78b33143dd35d06b4b831bfabfe	format-pass	candidate RGB resized; exact original alpha	requires review	local-only; original-derived; no public distribution
FACE.MRG:3	7bd82c5fab0daf831b9d804974a651c62875913b3b0aa9ff85bcb13099779540	workplace/re-img/out/MRG/FACE.MRG/FACE.MRG_003.png	2459c38d0bb029126d6ee931b0a33925b2134417ed95ec726a2c596a4d5d98d1	workplace/ai-hd/generated/7bd82c5fab0daf83-v1.png	4e6fb3183a3566825be652c6e0355cee8fd3071e34fc6f2793abe90e23ca406c	workplace/ai-hd/technical/full-theme/x2/MRG/FACE.MRG/FACE.MRG_003.png	96d8a98a484fee568a3b96918b151ca44bc5ba6309e998807be160594d391b1f	format-pass	candidate RGB resized; exact original alpha	requires review	local-only; original-derived; no public distribution
FACE.MRG:30	108795ef967067ece09277fe78b2fdd0fe63f315912a091942dc583284eb013f	workplace/re-img/out/MRG/FACE.MRG/FACE.MRG_030.png	a15a154d8bf9b428257873360c2f22023fe1644def944c4f65eb66b48142b1fe	workplace/ai-hd/generated/108795ef967067ec-v1.png	62efab3473f7645d82216d00cc491d483ac2ba60734de31cfc0339e9bfb66908	workplace/ai-hd/technical/full-theme/x2/MRG/FACE.MRG/FACE.MRG_030.png	70f69bbf0766edc75c6878e40379aed0a42b291f5a07372e4ba18ca15cd0e8c2	format-pass	candidate RGB resized; exact original alpha	requires review	local-only; original-derived; no public distribution
FACE.MRG:31	a50914616d040255ce433127d7a8f64436c94f8564075c240003e4b6e23917c2	workplace/re-img/out/MRG/FACE.MRG/FACE.MRG_031.png	08423a746b046f00cf026ad14d5bfeabb5d4d8dc6dff43b22a8eaf8f48d601dc	workplace/ai-hd/generated/a50914616d040255-v1.png	b5a914d3ac935c9195c9610c63902bcbb43b03091406de9963b6d1803a2510a1	workplace/ai-hd/technical/full-theme/x2/MRG/FACE.MRG/FACE.MRG_031.png	068fbc65e6b39231e5ed85b7a26c1821be197ae1fd648b0639a28d857b4d4f0c	format-pass	candidate RGB resized; exact original alpha	requires review	local-only; original-derived; no public distribution
FACE.MRG:32	81b44b9ba8b4ae7ac8a83267d8f5a1c9c7700c466a4aaf6740fcb6150aa4a1fd	workplace/re-img/out/MRG/FACE.MRG/FACE.MRG_032.png	e6809c6321e6112e3424268ec86089b34311c095caf75c4075339fa60875b06b	workplace/ai-hd/generated/81b44b9ba8b4ae7a-v1.png	9666a21d0b12df293aa356b702c7e05075dfab5c5aba03d2b5c826ef50a34ae2	workplace/ai-hd/technical/full-theme/x2/MRG/FACE.MRG/FACE.MRG_032.png	ebb32bfe3e343f9c3cd4863cbf07f023b96ff6b3536343e8a1a449b748d517dd	format-pass	candidate RGB resized; exact original alpha	requires review	local-only; original-derived; no public distribution
FACE.MRG:33	78a68f6add18375ce084fdbf9a812c53479723e9c5c8a58e9b2217e0c8c8465b	workplace/re-img/out/MRG/FACE.MRG/FACE.MRG_033.png	b6f27a7e8dc79c9d0c321a04836d4ed6c3bbc3ac659caeaa2b77de274f51ef81	workplace/ai-hd/generated/78a68f6add18375c-v1.png	73c6c548dfe05cfd137655ba70216412285e75220c2638d97d639a3658d2ab55	workplace/ai-hd/technical/full-theme/x2/MRG/FACE.MRG/FACE.MRG_033.png	abe88acb7615fc0440e9f22e3fd9aaafc24df3b1423b028b355120773b03f70c	format-pass	candidate RGB resized; exact original alpha	requires review	local-only; original-derived; no public distribution
FACE.MRG:34	fb077909f601ca19a0f1488a1edd081f9b0cd0b87aa6cac435945faa288eaa4d	workplace/re-img/out/MRG/FACE.MRG/FACE.MRG_034.png	d31ae7c876c1b1b8bf8f359d60b868da289e8317be077fad67d9059c3747de0c	workplace/ai-hd/generated/fb077909f601ca19-v1.png	ec5bc03cb4645f6670d4f56f9a69b0a071ad2ae091495430525a79396cd83a71	workplace/ai-hd/technical/full-theme/x2/MRG/FACE.MRG/FACE.MRG_034.png	6840becc5897407ed92e1760431103143758b87fcb6932cfcfbfc16fcc808fab	format-pass	candidate RGB resized; exact original alpha	requires review	local-only; original-derived; no public distribution
FACE.MRG:35	487e8bdbd375736301b05b28500aeca9bb6ee35fd200df01d5309672345e19f8	workplace/re-img/out/MRG/FACE.MRG/FACE.MRG_035.png	cc9ee9d32a18b25cc5e2d5f3b9bf3964f164f3e573c762958bfac0e5bea1d435	workplace/ai-hd/generated/487e8bdbd3757363-v2.png	4ea91edc1d04eca0c4754e2880bc38662d0d25df5ac07ff74743005ac66c9ebe	workplace/ai-hd/technical/full-theme/x2/MRG/FACE.MRG/FACE.MRG_035.png	826f3c65afa5dcd31863f0f8123c3029be637c0e3bd557e468ed66efacb88c93	format-pass	AI portrait with exact accepted HD chest-badge rectangle	requires review	local-only; original-derived; no public distribution
FACE.MRG:36	cc1ce14964738c16738ee6370e4e39b19a7214ab9d4c19742353b5ab343cbb9c	workplace/re-img/out/MRG/FACE.MRG/FACE.MRG_036.png	11040bfe48cbc8e2fce44b7075e762a7c3c975f9edbb0f02b467519be05da50a	workplace/ai-hd/generated/cc1ce14964738c16-v2.png	41e9f6a3593c0f6237155401d20973a12dfba8f07a277c69b839ed6d072e8a35	workplace/ai-hd/technical/full-theme/x2/MRG/FACE.MRG/FACE.MRG_036.png	3546e59622520b66c846dd399e485da8817b11c90e429a60681d603f159ad54a	format-pass	candidate RGB resized; exact original alpha	requires review	local-only; original-derived; no public distribution
FACE.MRG:37	7aa1d2ea69bc32d4a7079b839b1f6537102862adf6bba54b8f6b8cb8db953ad7	workplace/re-img/out/MRG/FACE.MRG/FACE.MRG_037.png	1ef352045b7552c8abc3067433c45211ba9dddb6bc3227c78156ee3b5a1473e8	workplace/ai-hd/generated/7aa1d2ea69bc32d4-v1.png	cd4b20f53149198ded8b311dc69204640170cba4a0f174bbe6926589b61dc29d	workplace/ai-hd/technical/full-theme/x2/MRG/FACE.MRG/FACE.MRG_037.png	b14e44dcfd66a6d86b6862496411c23c1948d2c5ca25c270677ff3396326ddab	format-pass	candidate RGB resized; exact original alpha	requires review	local-only; original-derived; no public distribution
FACE.MRG:38	8c1422a1d67c60c0cffe39d687288e75892e00eee2c15fe340065b3b8d252dd8	workplace/re-img/out/MRG/FACE.MRG/FACE.MRG_038.png	5e8b5a014c4aa5620cea48e0c71f0414e2f9e28ae0bfe9db47b22eb6600346d5	workplace/ai-hd/generated/8c1422a1d67c60c0-v1.png	af65933ca0334f8c172d19ec86d541992986cf7bdad837e6f97e2f94f0d00f9e	workplace/ai-hd/technical/full-theme/x2/MRG/FACE.MRG/FACE.MRG_038.png	efe9b1d816dc47a2fef25a996b26643e3072443d4090cefc7afc7f93514e42d3	format-pass	candidate RGB resized; exact original alpha	requires review	local-only; original-derived; no public distribution
FACE.MRG:39	a21207422d819072ea26792b2f9e3423e9980d67e5dc78df1f4e8f0fb33608db	workplace/re-img/out/MRG/FACE.MRG/FACE.MRG_039.png	15007858d56959008f721e0d595f4883801652c796603d472938c43db7757e38	workplace/ai-hd/generated/a21207422d819072-v1.png	96c6a63641455844e3269725bb5df8954746818e1720de93d61007d5233881da	workplace/ai-hd/technical/full-theme/x2/MRG/FACE.MRG/FACE.MRG_039.png	dd687e6396c1494978415cf480fccff7df1449505bebc64154f4871e299653c0	format-pass	candidate RGB resized; exact original alpha	requires review	local-only; original-derived; no public distribution
FACE.MRG:4	86809dccb8e6dd35b98e5213184ef78f2dc4739e18f4bba917763985a2a77929	workplace/re-img/out/MRG/FACE.MRG/FACE.MRG_004.png	40ddd86fe4652bf8023100bcc5374d755ec002d1ae51212de7121b9c34b5d66a	workplace/ai-hd/generated/86809dccb8e6dd35-v1.png	9263d6305f92440390879f5da288fe7a280875c2a8ea48d70363c98e947c21b4	workplace/ai-hd/technical/full-theme/x2/MRG/FACE.MRG/FACE.MRG_004.png	065cda801930731a4a940f93376e87c4fa4712b825dee3ed77f9eed588576373	format-pass	candidate RGB resized; exact original alpha	requires review	local-only; original-derived; no public distribution
FACE.MRG:40	c6c382ea61430fee02d50a670e0fb08b12c6a92d35b479af21aa23afd05ba33d	workplace/re-img/out/MRG/FACE.MRG/FACE.MRG_040.png	8181e090276b5b873eeecb8cd624b55351bde0c47b65c5681334bdd12636a1fc	workplace/ai-hd/generated/c6c382ea61430fee-v1.png	282d9deee058df5fa5df74db42baeb68cac75a85cf7c4b118daabb39e5cea010	workplace/ai-hd/technical/full-theme/x2/MRG/FACE.MRG/FACE.MRG_040.png	6b924d48f1d82c9cce901327d1e9100983150850fb87c1e0bcb5b36fd198d848	format-pass	candidate RGB resized; exact original alpha	requires review	local-only; original-derived; no public distribution
FACE.MRG:41	e88693033a7822279e9f74b358468386a38532659819fde8d14aad8742b18c60	workplace/re-img/out/MRG/FACE.MRG/FACE.MRG_041.png	7dff55f9fb9f58d840ced2825bb8b223f72c656047f4c64ea84b6c3c344ecdc2	workplace/ai-hd/generated/e88693033a782227-v1.png	e641afbb7bfc69015e69117715484fc13b8eed983e0f4ef0a1c5763eee50f8f9	workplace/ai-hd/technical/full-theme/x2/MRG/FACE.MRG/FACE.MRG_041.png	e2c860651ad45a724b52fdbf433e2c5c6ccea434b407c035ce42129bd86d3842	format-pass	candidate RGB resized; exact original alpha	requires review	local-only; original-derived; no public distribution
FACE.MRG:42	812809ce225940743d9ed1db7e2293ef4b4f9a73637e446b3de162bf9c87f86e	workplace/re-img/out/MRG/FACE.MRG/FACE.MRG_042.png	daef4618ca65d110e638d6c14fc5dc83357b03cac0e9a6590d309b4ee2b43151	workplace/ai-hd/generated/812809ce22594074-v1.png	2af3a758b1770e6352a7861c2a41683b3bdd75526102d8fbf2fea3acec0ed1f7	workplace/ai-hd/technical/full-theme/x2/MRG/FACE.MRG/FACE.MRG_042.png	ae64244c1a509bd7c6053a86e88da4cf6c461ccb15962caa3a61468a8dd200c1	format-pass	candidate RGB resized; exact original alpha	requires review	local-only; original-derived; no public distribution
FACE.MRG:43	82d4d44b622a4e6dbfc5500921cd6e2f921b48c8561a8d273904ce599c40c2f6	workplace/re-img/out/MRG/FACE.MRG/FACE.MRG_043.png	4b973c4f488f8f2673224e4fd5053d88340fcf8bc70cae411d569a453da97c00	workplace/ai-hd/generated/82d4d44b622a4e6d-v1.png	f932099ca293d8817c5499234ba23edb937e7e7d68b1d448a9098efc04f5a45c	workplace/ai-hd/technical/full-theme/x2/MRG/FACE.MRG/FACE.MRG_043.png	106a0e257ae0b5f755735b3352184b8c87eb48d66c6e1188bbaa023416e1f93b	format-pass	candidate RGB resized; exact original alpha	requires review	local-only; original-derived; no public distribution
FACE.MRG:44	0ffe8098f0c93c1be55aa8c51945bd7ee8d593fbc6dc11a38a2d15fbc3eb8814	workplace/re-img/out/MRG/FACE.MRG/FACE.MRG_044.png	47470ed92a4b3e8c3aa2c3317f463c8e88efd6797bafb4a3bec860a033606cc5	workplace/ai-hd/generated/0ffe8098f0c93c1b-v1.png	6daaa7eb8f3c99d0b53cc2efc7d18dc8334b5e82e91289bb84e0bc1ee1545ca1	workplace/ai-hd/technical/full-theme/x2/MRG/FACE.MRG/FACE.MRG_044.png	d6ae78f056ffbcc9567134990636e5a0cba08097422c7bd9a850ecc6f61c7570	format-pass	candidate RGB resized; exact original alpha	requires review	local-only; original-derived; no public distribution
FACE.MRG:45	5404af12e04164bfef886a9351892d7ca5020f5a9dca62f3d256f72e8cdbe891	workplace/re-img/out/MRG/FACE.MRG/FACE.MRG_045.png	e140ff68f1cd395b0c0831b1c4b84b20ce095a29c97b8a76f82b24f5ac11e224	workplace/ai-hd/generated/5404af12e04164bf-v1.png	b234155ddfb583f95d9c3e0f145387b407a07d13487db21f9e14f4b89fb1c1e8	workplace/ai-hd/technical/full-theme/x2/MRG/FACE.MRG/FACE.MRG_045.png	60b546c8bb0fe19049adbc381875b97edcfd3e21df2e3e9afca4f18397b05836	format-pass	candidate RGB resized; exact original alpha	requires review	local-only; original-derived; no public distribution
FACE.MRG:46	972b06694400213e7a48e9d0660836be77511a8dd1c515f233561a99082855da	workplace/re-img/out/MRG/FACE.MRG/FACE.MRG_046.png	489848a2fa5adf04aa77191eca43e15d5e4d8994467c132da8104e5cc2944f20	workplace/ai-hd/generated/972b06694400213e-v1.png	2676b0ab131e2b7a98111d799fdc5d4526eb7efb4775e3ab0a5027b1ef87a471	workplace/ai-hd/technical/full-theme/x2/MRG/FACE.MRG/FACE.MRG_046.png	eb662878f199d10b84e68af69fae941ae63c5631170c3226bd3bc4ec30742dea	format-pass	candidate RGB resized; exact original alpha	requires review	local-only; original-derived; no public distribution
FACE.MRG:47	af330039b33fbd8672f0a2a0a6015a3a5fb89251329cbf15c647a4895d4d69b6	workplace/re-img/out/MRG/FACE.MRG/FACE.MRG_047.png	8268dede88a633554b0e07b7fd5990803cbc6ef5bba2739009c62cd3da3c1ddd	workplace/ai-hd/generated/af330039b33fbd86-v1.png	639d8a3d527c6bac1c1fe52bfb9f62be7f184a223fc590d97915644c15d222bf	workplace/ai-hd/technical/full-theme/x2/MRG/FACE.MRG/FACE.MRG_047.png	6084b23635c2fce340cbee58a42ed545123d908e97f5c0a912b774ad3c5292c6	format-pass	candidate RGB resized; exact original alpha	requires review	local-only; original-derived; no public distribution
FACE.MRG:48	52016561f768c7763e42f1a428805cfc0d7aeca9500a1e8d442740eb336ea977	workplace/re-img/out/MRG/FACE.MRG/FACE.MRG_048.png	59643011c3dcb899f44a17ffe96a9f151ca4f07fa901b1c80798a0c27887962d	workplace/ai-hd/generated/52016561f768c776-v1.png	9b01212074bf62c0b021b676071e25e766cbc4275bb5fc8331d34e81cf306b34	workplace/ai-hd/technical/full-theme/x2/MRG/FACE.MRG/FACE.MRG_048.png	ec1c61c4ce32573bd34ac02ab927d4e76f45bdd766a2a1a842d2c8fa83a57baf	format-pass	candidate RGB resized; exact original alpha	requires review	local-only; original-derived; no public distribution
FACE.MRG:49	23b1b5cc5145c6264dc1e9bd162693a3d28f215444fb8dd8e5dc679400fdb8fc	workplace/re-img/out/MRG/FACE.MRG/FACE.MRG_049.png	e66676fefda7c7f22ce144830f51e7d7a44034544a00d9e2e26b6547d73838eb	workplace/ai-hd/generated/23b1b5cc5145c626-v1.png	c120febca65b5476729277a82c7b17f2d311c2ff0eb41454272cffd6e2b56b0e	workplace/ai-hd/technical/full-theme/x2/MRG/FACE.MRG/FACE.MRG_049.png	f20447c6f974e0256f31b589a7c6faa1c7a50eb0f6221f9eb1aa71fb80549469	format-pass	candidate RGB resized; exact original alpha	requires review	local-only; original-derived; no public distribution
FACE.MRG:5	da1a9d424ce891525bbe7acb4cb62beefd71915a3c0279626adf1042b4a2fe26	workplace/re-img/out/MRG/FACE.MRG/FACE.MRG_005.png	ab25d1811eb18a8e049acfd1f78b32873bd0d60ea94e7f3feb68336be8badad4	workplace/ai-hd/generated/da1a9d424ce89152-v1.png	5a758be9dc03a8df0d7978f1d2385fc70c6a8f4ffeb152642a3af2dc3b56202b	workplace/ai-hd/technical/full-theme/x2/MRG/FACE.MRG/FACE.MRG_005.png	f137bf9bac29ea07e0540427379d6d3c19f9d9f83c04c89dabc9059abd64c400	format-pass	candidate RGB resized; exact original alpha	requires review	local-only; original-derived; no public distribution
FACE.MRG:50	0b685493574b6551f8897eb35e782f820c65a47760847ba2df3173fb7028222f	workplace/re-img/out/MRG/FACE.MRG/FACE.MRG_050.png	7032c292906020cf5ec06c86569c63d5112275de671024adc7a48a1452ef78cd	workplace/ai-hd/generated/0b685493574b6551-v1.png	d35877972856d9bf72d115f026a45cb8ad95e495dc943950f5e434cbd65d8d0d	workplace/ai-hd/technical/full-theme/x2/MRG/FACE.MRG/FACE.MRG_050.png	2705f39cb02f86c3fc053c507c504729530904ef017af16692f373aaff16dc9e	format-pass	candidate RGB resized; exact original alpha	requires review	local-only; original-derived; no public distribution
FACE.MRG:51	57d6171e5e4b32cc28fd6fd03338682c22a73a73d660fe6fe2a479f1beecac14	workplace/re-img/out/MRG/FACE.MRG/FACE.MRG_051.png	a6c00d0bcafae1e3368c56fd3b60f2719c339babfe0b6757eb4ef515ce8dc620	workplace/ai-hd/generated/57d6171e5e4b32cc-v1.png	dfcfd667c2c1df18c31545c159ef32c0770ed68f3564e32ecd693ecaaf93ac04	workplace/ai-hd/technical/full-theme/x2/MRG/FACE.MRG/FACE.MRG_051.png	92d35935f62c8407553fd0c1e671ccb78c5c22761d1f501ba45247f660f3c5d0	format-pass	candidate RGB resized; exact original alpha	requires review	local-only; original-derived; no public distribution
FACE.MRG:52	ad4eb7b8f4a36d0f1c5cbe2b56156f3fc469b26172161e1829af954930e664b5	workplace/re-img/out/MRG/FACE.MRG/FACE.MRG_052.png	490120466ebb85284c444a933e7c17993e7bf98d4f7659c6f0e300cf23dc6a6d	workplace/ai-hd/generated/ad4eb7b8f4a36d0f-v1.png	1182fb8b8bd1a463b778e9be7964ac7f07bde0f73f33ea3dd2073a60f8636e01	workplace/ai-hd/technical/full-theme/x2/MRG/FACE.MRG/FACE.MRG_052.png	8464f82536609d3e64d8ae8535ddfc046accceb0ee6dcfe4d9fdfbfe23b90b19	format-pass	candidate RGB resized; exact original alpha	requires review	local-only; original-derived; no public distribution
FACE.MRG:53	1ef594d3064f00313d7a6265d4e7ff521e139072be1fd442d86514309d81a948	workplace/re-img/out/MRG/FACE.MRG/FACE.MRG_053.png	9cd5a8c9d2d149da05bef495d9ca41859ffd7ba44d70a948ce0e9b80b0a3a5c3	workplace/ai-hd/generated/1ef594d3064f0031-v1.png	5be8a0add43f7e9483f718304aaa0150e184c193c59fd36328212280c7fa2287	workplace/ai-hd/technical/full-theme/x2/MRG/FACE.MRG/FACE.MRG_053.png	e4eb7b6dd5e149ae841e801aea4ed3754322147ac3acc6e93e76e536679eba7f	format-pass	candidate RGB resized; exact original alpha	requires review	local-only; original-derived; no public distribution
FACE.MRG:54	349f5bef409f35334946bad1a046a8d1fd8003f6621e2e1580e9fbe0b6235bc3	workplace/re-img/out/MRG/FACE.MRG/FACE.MRG_054.png	66fdbc46dc251f8915fc908a5dfdc8e73142c22fcc319b2096fd3a82276c9442	workplace/ai-hd/generated/349f5bef409f3533-v1.png	d5c7042eb72bfcd47aa189bb9c9f65c1d26a8b44a9cc97a625bbc75d9a8b2775	workplace/ai-hd/technical/full-theme/x2/MRG/FACE.MRG/FACE.MRG_054.png	609da02dec7f09ae0cfb3c7c6b0e140c5a58ed1a91b9e792c296cb2fc2eb2361	format-pass	candidate RGB resized; exact original alpha	requires review	local-only; original-derived; no public distribution
FACE.MRG:55	56bb06a7a600e1a556f4d731bd02c59d1d4eb0c4646a858c3acc124886a7976c	workplace/re-img/out/MRG/FACE.MRG/FACE.MRG_055.png	efdec23624f8865197910d576227fd2d69a3992e5ecbf4d954414c6ea35c672f	workplace/ai-hd/generated/56bb06a7a600e1a5-v1.png	57e9e17e51acdb20c5b7704cbef6484749b7140d97f704a3ca6bca652ec7b909	workplace/ai-hd/technical/full-theme/x2/MRG/FACE.MRG/FACE.MRG_055.png	892c555c7b5d6a99b9d5991f0ea76fa66813230288fe4bbb42b6513588ccf16c	format-pass	candidate RGB resized; exact original alpha	requires review	local-only; original-derived; no public distribution
FACE.MRG:56	6d69b45b86c751141f57d41fb75c788617b2e18a3337708c8048ef6916477d7a	workplace/re-img/out/MRG/FACE.MRG/FACE.MRG_056.png	e24d0fafc43f00a7df12e333301d5e66bae7f6eb8be30b3f471faa0e73ba1334	workplace/ai-hd/generated/6d69b45b86c75114-v1.png	61649ec8fc8abaa6ff5e48c36a1dfdba1f9e306b9086fb7ad9159d37320d323e	workplace/ai-hd/technical/full-theme/x2/MRG/FACE.MRG/FACE.MRG_056.png	602435680a97d95a110c607a915d3ddeaec4c719b5f285bf04af84c3124b3cb9	format-pass	candidate RGB resized; exact original alpha	requires review	local-only; original-derived; no public distribution
FACE.MRG:57	280a15aa4e636249402d5ef911ecff522e8a8f8854cf0228069c8df68928fdfb	workplace/re-img/out/MRG/FACE.MRG/FACE.MRG_057.png	1ed13e15d96b96aa94cb336fea5292249a8fc04ca8d81d63bcbed6bf44deaca6	workplace/ai-hd/generated/280a15aa4e636249-v1.png	4e7d9a268bce07691c2fbd97acae79534b68c47bf24bc452c7db35dfcfd69f4f	workplace/ai-hd/technical/full-theme/x2/MRG/FACE.MRG/FACE.MRG_057.png	f16ac41e62d077198f7c2fa122033d395f7015a2557187dde3f99a5186334e57	format-pass	candidate RGB resized; exact original alpha	requires review	local-only; original-derived; no public distribution
FACE.MRG:58	d4ef07fc6e4b79557bd5d40205ffd8eab57a2b2b7fbd81244280c347c3b4014b	workplace/re-img/out/MRG/FACE.MRG/FACE.MRG_058.png	f5ba0eafd2f6d90daa33ddfc435b314c572df3ab6818516b9f87a1747e5df883	workplace/ai-hd/generated/d4ef07fc6e4b7955-v1.png	4b68e2fa4c4c0105bfbcf35aeb8767e9b9b96813c869df173ec3855641743e4e	workplace/ai-hd/technical/full-theme/x2/MRG/FACE.MRG/FACE.MRG_058.png	ef8a07755d74b1bf220edaa54ef856149f359bb8c1c36c4dcb66c7ad0fb9a3b7	format-pass	candidate RGB resized; exact original alpha	requires review	local-only; original-derived; no public distribution
FACE.MRG:59	8908a6bf2f831b8fbce9c67b61df62653442bb1e676b650e301145b701b6ae56	workplace/re-img/out/MRG/FACE.MRG/FACE.MRG_059.png	e6d7fa094a552c3f1654b9be90f636229a2162236614cf19d0f02f65b6246e39	workplace/ai-hd/generated/8908a6bf2f831b8f-v1.png	2ab107c9ffc2c4fa8be327401ed762d73d312227d718e37f3a3d61b52ca0a172	workplace/ai-hd/technical/full-theme/x2/MRG/FACE.MRG/FACE.MRG_059.png	bc5680bb3738dfdf93e78604617bbd7c38843538441c18a402c5e9f715dcfd4d	format-pass	candidate RGB resized; exact original alpha	requires review	local-only; original-derived; no public distribution
FACE.MRG:6	a096c0be5966de69868afb73d665fe4aa41cbda09036d9fba70446dc62004c4d	workplace/re-img/out/MRG/FACE.MRG/FACE.MRG_006.png	16274595d32b8fab6c1d03237a144ec48540c328b9b4578aee984f0af11597f9	workplace/ai-hd/generated/a096c0be5966de69-v1.png	6dca79373b716b5c31a2f167afa212650875848ca03747ea7738e6bddbcaae75	workplace/ai-hd/technical/full-theme/x2/MRG/FACE.MRG/FACE.MRG_006.png	f516f97803001f62c1dfebdc056b31693a22eeea57adb2743e9072174b27d69a	format-pass	candidate RGB resized; exact original alpha	requires review	local-only; original-derived; no public distribution
FACE.MRG:60	7c5cac918e3b040fd27b60094de53db387507249da9f3604748f93e148afb641	workplace/re-img/out/MRG/FACE.MRG/FACE.MRG_060.png	28efd60de7da7f04ece9b234f5543cb689b7dbb60e29e1f8eb632afa065f091d	workplace/ai-hd/generated/7c5cac918e3b040f-v1.png	929e34ab055d14d26a69e360a809d51ad0f749d2ebc6bce9c9480c9d1ab7f946	workplace/ai-hd/technical/full-theme/x2/MRG/FACE.MRG/FACE.MRG_060.png	909f26cf58616f347e7658b3f4419896200c67c79357c723387b808da9aae063	format-pass	candidate RGB resized; exact original alpha	requires review	local-only; original-derived; no public distribution
FACE.MRG:61	e214536706e467626f127ae497bf94e6950c99e9aea049118642194cdc72c63a	workplace/re-img/out/MRG/FACE.MRG/FACE.MRG_061.png	d714ddb5eaef4ae7950f4974f448980a54c38eb8b1923858185642674adba66a	workplace/ai-hd/generated/e214536706e46762-v1.png	8cab444de1863de62b8728079c4d2f3b2ddae3b80fb44f7ea20ba93579f255bb	workplace/ai-hd/technical/full-theme/x2/MRG/FACE.MRG/FACE.MRG_061.png	cfc331adf1b127bf0cf2c928f602080438582819318baf60add4aea2d0e0711f	format-pass	candidate RGB resized; exact original alpha	requires review	local-only; original-derived; no public distribution
FACE.MRG:62	bb26a46a7005bd6e50246844641027ecd6aeea901bafaac5adf4231c9e042718	workplace/re-img/out/MRG/FACE.MRG/FACE.MRG_062.png	4117c6e7ec139eff90a3be79c924e940c5eecfb56530a1f657d8c706377940d8	workplace/ai-hd/generated/bb26a46a7005bd6e-v1.png	2fb2af765bfa87af71702a3ef7282b36ee1965480389aaf8fc95228bd8a3e0b3	workplace/ai-hd/technical/full-theme/x2/MRG/FACE.MRG/FACE.MRG_062.png	336f5742381fb2d6d761c104bfdbf010ccafd4e079ad5d8c2e250862fab2dc02	format-pass	candidate RGB resized; exact original alpha	requires review	local-only; original-derived; no public distribution
FACE.MRG:63	3c32bb81a177a8207344f45372f29814de5bfb8188ef9163646a9c9d2d6a23b7	workplace/re-img/out/MRG/FACE.MRG/FACE.MRG_063.png	de36a2d55ec5f9aadcb07aac13d0e60bf48c8bd8a86af7292123ec6b83a6956f	workplace/ai-hd/generated/3c32bb81a177a820-v1.png	bfec5398002a0595cf51214812366e24172b7e160773ad7c8b5844d4e880a230	workplace/ai-hd/technical/full-theme/x2/MRG/FACE.MRG/FACE.MRG_063.png	537de95f75c9c2520dea8a2699d6ba3672a5ae6dd58e7377b1d52f7a05505f3c	format-pass	candidate RGB resized; exact original alpha	requires review	local-only; original-derived; no public distribution
FACE.MRG:64	5bb459eb12788c22bc7a9683c2c761ae520d9078691be922fae767345ca646a8	workplace/re-img/out/MRG/FACE.MRG/FACE.MRG_064.png	dd5c4b2261e3993bfbe3c12070cc3a26b5b4e292d27b254a217c9130129935e8	workplace/ai-hd/generated/5bb459eb12788c22-v1.png	088b6869e9744d65043afa05739e22c4f6273c6c892725a9f3ac8639dc15e8de	workplace/ai-hd/technical/full-theme/x2/MRG/FACE.MRG/FACE.MRG_064.png	82070464c22a2ed61f5373489e6dae9e2ce25675dd740fd9ca45dd427832a9c0	format-pass	candidate RGB resized; exact original alpha	requires review	local-only; original-derived; no public distribution
FACE.MRG:65	e691ad03191ba08431119e80595b43b859f32c4540cb96e08f87c03fbfeec52c	workplace/re-img/out/MRG/FACE.MRG/FACE.MRG_065.png	9ff8ab5b9443811046e71d7b7af481aefe628d36e02a7bd3d9c952895f11f89e	workplace/ai-hd/generated/e691ad03191ba084-v1.png	79b89e8d6a30fe1dbf5df868653b4fd32b654b0d41fdfb89b02c4ecda46e32c5	workplace/ai-hd/technical/full-theme/x2/MRG/FACE.MRG/FACE.MRG_065.png	74682077c1b14aba964bd74500bb90ff28490df1d38650a4e72d1bdf79581685	format-pass	candidate RGB resized; exact original alpha	requires review	local-only; original-derived; no public distribution
FACE.MRG:66	1369207f2d931ef87c5ec27b158673bf3ca76e66fcaa3f908ab826b5b2cb818e	workplace/re-img/out/MRG/FACE.MRG/FACE.MRG_066.png	d612cf71ddfd800e89caa5e8f94c811fcfe8127b6d785eff394f077af060438e	workplace/ai-hd/generated/1369207f2d931ef8-v2.png	b533b9ba28548792e5f2bfab870a573f83a8d00bb279a3203a522c474fb56cfb	workplace/ai-hd/technical/full-theme/x2/MRG/FACE.MRG/FACE.MRG_066.png	a124fd6a765573a73c5c0a7fc361f76faba0e8c943cd2aea092ae0b97921e2da	format-pass	accepted HD fallback; AI book lettering cannot be aligned safely	requires review	local-only; original-derived; no public distribution
FACE.MRG:67	88fbac833126aecf65d1f9bb4171fce4edeb27c5261c416977e28fccb7fac663	workplace/re-img/out/MRG/FACE.MRG/FACE.MRG_067.png	ff6b637f4f463a3e343a5ace672d84d8483ac3c6628c141d139d30a0a8975a24	workplace/ai-hd/generated/88fbac833126aecf-v1.png	7c40a196a748d9477172a2c9e2e8e45a4c072d027371358463e72e08b1c883e9	workplace/ai-hd/technical/full-theme/x2/MRG/FACE.MRG/FACE.MRG_067.png	df12600ec9af27f196cd6e654589e0887aa0a742a682b68baa2c694a32d4c909	format-pass	candidate RGB resized; exact original alpha	requires review	local-only; original-derived; no public distribution
FACE.MRG:68	5c705449503aafabdcba163f042bc0b5d242342d0c24a84fe1d8321e1f0a07bd	workplace/re-img/out/MRG/FACE.MRG/FACE.MRG_068.png	3b38b5d90e830d066962aba150f7da1c22495012d2e240fb0bf11bfb98eb3233	workplace/ai-hd/generated/5c705449503aafab-v1.png	e00b984674afb499c002d64b846f0d2905527de4183538d2d6ca626436281882	workplace/ai-hd/technical/full-theme/x2/MRG/FACE.MRG/FACE.MRG_068.png	a466f694dad5abfc395148711af4426ea2715a7cc86fedbec915d6dc1afd0bdb	format-pass	candidate RGB resized; exact original alpha	requires review	local-only; original-derived; no public distribution
FACE.MRG:69	f5fbf834893bd1f3a00905df70b6535813ff81b806afa1c51a5580bdb8d90b19	workplace/re-img/out/MRG/FACE.MRG/FACE.MRG_069.png	8f85240541fb5e67356e94e19ee718b0aebcc2e0807677122f7aad5a902373fe	workplace/ai-hd/generated/f5fbf834893bd1f3-v1.png	8987b189bd3c04aad811b787ca94a8f620d8fba2a8b59e0ccd1362bbaaf8fc0b	workplace/ai-hd/technical/full-theme/x2/MRG/FACE.MRG/FACE.MRG_069.png	146a919363d486414d432f1776bcb14853c244bff085bf878564eec5e210bf79	format-pass	candidate RGB resized; exact original alpha	requires review	local-only; original-derived; no public distribution
FACE.MRG:7	b0c3e5a74342c4cf9790227f200bb1b0943244a6c46731224e63efea7f07f05f	workplace/re-img/out/MRG/FACE.MRG/FACE.MRG_007.png	b4022c4e61dd46adc979dcdffc50f4eea7cdefd578ba4ffa5cb1523bfe92f029	workplace/ai-hd/generated/b0c3e5a74342c4cf-v1.png	c0a90df3482879550a2bfcb1c627d22e1e3b4785c14cfa9b5bafc03d92512668	workplace/ai-hd/technical/full-theme/x2/MRG/FACE.MRG/FACE.MRG_007.png	82bf7f647312c10ddde593833267da00487ebab585027cd091777a020298d948	format-pass	candidate RGB resized; exact original alpha	requires review	local-only; original-derived; no public distribution
FACE.MRG:70	d14342cd7d0fdf0b00d5e4ad24c21001a947f83ebf85a5862911338e9879a8ce	workplace/re-img/out/MRG/FACE.MRG/FACE.MRG_070.png	4a3f5ba5de12eeee297894fbe2728e9b57b038219bcd591dc29a63f4aba46d2b	workplace/ai-hd/generated/d14342cd7d0fdf0b-v1.png	a98b9a7333bca495dd1e19dbb443f2338136efcffcd71bf6adcc5f45a7de0ed7	workplace/ai-hd/technical/full-theme/x2/MRG/FACE.MRG/FACE.MRG_070.png	65c1d03d21ac5f3fbd3f1f4b935fb943c2880faa88bd69023cb2c555a2be94d1	format-pass	candidate RGB resized; exact original alpha	requires review	local-only; original-derived; no public distribution
FACE.MRG:71;FACE.MRG:72;FACE.MRG:73;FACE.MRG:74;FACE.MRG:75;FACE.MRG:85;FACE.MRG:93;FACE.MRG:94;FACE.MRG:95;FACE.MRG:100;FACE.MRG:101;FACE.MRG:102;FACE.MRG:103;FACE.MRG:104;FACE.MRG:105	e25393ef0e73c82d407757e1f5e34c93abd00ed13c196cce643f0845f21a3ddd	workplace/re-img/out/MRG/FACE.MRG/FACE.MRG_071.png	53d2d9961795756a5504cdddf6be1bcf927a84e469abd0f3aed79c3a3f515128	workplace/ai-hd/generated/e25393ef0e73c82d-v1.png	192d8348dbccf247e41e0d07f36e94151a76491e687de7200631775979b193b9	workplace/ai-hd/technical/full-theme/x2/MRG/FACE.MRG/FACE.MRG_071.png	c121d1a3ae888e38e04230a72ace312fea95ebd640a2313e3d045e28577ee292	format-pass	blank original preserved exactly; AI candidate archived	requires review	local-only; original-derived; no public distribution
FACE.MRG:76	02234f8974ff71cb380e389ad668713f653234ff1e94c24bb7ffcac95753947d	workplace/re-img/out/MRG/FACE.MRG/FACE.MRG_076.png	19d3ae2227f2043c39ad95a125cb16de1e8052b6ad48026aef0d89af69669731	workplace/ai-hd/generated/02234f8974ff71cb-v1.png	a8b522861462708ced429ba9592f0293cc24bb52e433a351dcf7782b376fb8b4	workplace/ai-hd/technical/full-theme/x2/MRG/FACE.MRG/FACE.MRG_076.png	09b2564bbe91a7460d0712b08136da7eb223363146a488ab6ef5a9b9b4645767	format-pass	candidate RGB resized; exact original alpha	requires review	local-only; original-derived; no public distribution
FACE.MRG:77	986650ed53de66c09d2981d99e95bfa17c0b340ee2528045a5623739ce07434f	workplace/re-img/out/MRG/FACE.MRG/FACE.MRG_077.png	ddb53094731101006728a969e81d36526709325b246e7f395235b6615a68ea10	workplace/ai-hd/generated/986650ed53de66c0-v1.png	d3ca03e9316b312653ca6c4fb545f5bb077dadc5c8cfd17faa0dfb4022ee6a2c	workplace/ai-hd/technical/full-theme/x2/MRG/FACE.MRG/FACE.MRG_077.png	a504b8a2306da4ed3d9603d9398c38c5a53ad7e81a58f96d9737132ba4b76577	format-pass	candidate RGB resized; exact original alpha	requires review	local-only; original-derived; no public distribution
FACE.MRG:78	d16d50dcbfd0d4609e103ec8b34227bc30de1b14850cb7e4b9b4649b846fdc0a	workplace/re-img/out/MRG/FACE.MRG/FACE.MRG_078.png	0603fb8dfc2d61e4c6d564eb5b1ef6a4630b475c27fd230ce68fa8cce7a16151	workplace/ai-hd/generated/d16d50dcbfd0d460-v1.png	92ccde6f247b085c2309ac80a967a8c15b543670cc26adbb3e2570805e14274d	workplace/ai-hd/technical/full-theme/x2/MRG/FACE.MRG/FACE.MRG_078.png	073804f97e05e4d74420792ea56a36377172b693e754f41fdd212c8458a742f5	format-pass	candidate RGB resized; exact original alpha	requires review	local-only; original-derived; no public distribution
FACE.MRG:79	a4e2685349f5c43b935c2ebbf86285193265a8fd9439b09280781efc33e5e36b	workplace/re-img/out/MRG/FACE.MRG/FACE.MRG_079.png	5a0daa1cef994790cc5917b84dc7fd28d75c6177589a23d2fff4c3f0ea1f8fa6	workplace/ai-hd/generated/a4e2685349f5c43b-v1.png	d06eafaad842e062718622c0e8fbebbf6245c74e42b6101792a5fd67b71bd6e0	workplace/ai-hd/technical/full-theme/x2/MRG/FACE.MRG/FACE.MRG_079.png	19827645873fc7faa6c511182759618a1ebcd38b26ba052b72d405ab1f240b0a	format-pass	candidate RGB resized; exact original alpha	requires review	local-only; original-derived; no public distribution
FACE.MRG:8	6b3fc1d8aaefb98f51a5e8276e050578fae6187f9bac5d9596cf99633f009e67	workplace/re-img/out/MRG/FACE.MRG/FACE.MRG_008.png	d30e40f00a02a903d0c0555a45d3350fa555950eec3c3282aae3b32c123a164d	workplace/ai-hd/generated/6b3fc1d8aaefb98f-v1.png	79097dc729dc9b1509af00d3fc7dfc852f44476ae1adef254dd256f253bf2ac1	workplace/ai-hd/technical/full-theme/x2/MRG/FACE.MRG/FACE.MRG_008.png	f58ae883fe1043caec35e655e70df2c7ad8af55bca98a53459ca3ecf047bd751	format-pass	candidate RGB resized; exact original alpha	requires review	local-only; original-derived; no public distribution
FACE.MRG:80	538b3e671ab66b56ada60d712268d715e65e79eff4a0ccfb23c3a0913a1a31d6	workplace/re-img/out/MRG/FACE.MRG/FACE.MRG_080.png	442be8abe5a360a6a4d5e558e5759c9dea3adcb6fdf4c9d2ca9a8128d9b7a837	workplace/ai-hd/generated/538b3e671ab66b56-v1.png	00a4e100a6e2fadd4c23d29f648a69ebfa1ea8d491920c47306162d9e4316ab0	workplace/ai-hd/technical/full-theme/x2/MRG/FACE.MRG/FACE.MRG_080.png	7cb7fd0829ab4af4befc2faf55765f7f9cc5bc98edc2f2ca5d8eece8d570b0ce	format-pass	candidate RGB resized; exact original alpha	requires review	local-only; original-derived; no public distribution
FACE.MRG:81	a32cd80d0b1854b7f2e27faaebacb9524fc84bd831588d93a7125207d9e0c561	workplace/re-img/out/MRG/FACE.MRG/FACE.MRG_081.png	f1b1f0cb1f30b79b735b3a6a9d5eb62b425c932256080106fe65dbcd9e0b3a6a	workplace/ai-hd/generated/a32cd80d0b1854b7-v1.png	a1eb1fd1e5373db54299d1d2f6bdb02246ceef3067f2868b0f163b8464c8fa2c	workplace/ai-hd/technical/full-theme/x2/MRG/FACE.MRG/FACE.MRG_081.png	3e6d11d18415995e7281267f36b81d8900667202f2218335a79305ee3b913dd5	format-pass	candidate RGB resized; exact original alpha	requires review	local-only; original-derived; no public distribution
FACE.MRG:82	337ba2baeffd47052930b4b06ac593dbdabc5832c4d49d670007340f5ea7a0a4	workplace/re-img/out/MRG/FACE.MRG/FACE.MRG_082.png	0c392f49a9443a5fc27b2844cf44b68bd0895affa82989c33bf0b30da1a352bc	workplace/ai-hd/generated/337ba2baeffd4705-v1.png	5369b8296a2e48576e87d6dd384ab79c14274ac6e0189f1069f2ec8f5b86288e	workplace/ai-hd/technical/full-theme/x2/MRG/FACE.MRG/FACE.MRG_082.png	640e6d9f886708a42736f093fe8b2dcda03c9d24972704edc9ce4787fdc83105	format-pass	candidate RGB resized; exact original alpha	requires review	local-only; original-derived; no public distribution
FACE.MRG:83	542632d68b6c11f7c945be7038f29c13759f7932bd6e3fc5b31e479f4bd62880	workplace/re-img/out/MRG/FACE.MRG/FACE.MRG_083.png	b6bd2b73f1e59761f08018dfdea5237fa8b851872809aa1ccd42a97d15cbcdc8	workplace/ai-hd/generated/542632d68b6c11f7-v1.png	12581d947ac71176aaede0b66e82ee79c58a0623b82a3946f13742a43d193b47	workplace/ai-hd/technical/full-theme/x2/MRG/FACE.MRG/FACE.MRG_083.png	82564736f11ac8a00c3e76d1c7d490bbf56162a85014d086af5f51a166f46b4d	format-pass	candidate RGB resized; exact original alpha	requires review	local-only; original-derived; no public distribution
FACE.MRG:84	60cd2f3d27727b28bf77915e47e460c20e0b09ab902ddcfd6058a76ea677a09c	workplace/re-img/out/MRG/FACE.MRG/FACE.MRG_084.png	83f26016692c0733eb7fa2e063207e86109d938d203f7be94b00a7dbe04cbf82	workplace/ai-hd/generated/60cd2f3d27727b28-v1.png	4e8b27d168ecb90a13c27b0c0481be2abc872b85aa8405dc5ba81d2b925313ea	workplace/ai-hd/technical/full-theme/x2/MRG/FACE.MRG/FACE.MRG_084.png	cb9224c96876e833fd703abbbaa99f2d4097849aeeb845eb644c62443eaa1988	format-pass	candidate RGB resized; exact original alpha	requires review	local-only; original-derived; no public distribution
FACE.MRG:86	d926963ff956574730b54a2754753d48c032dbc765efd596b054742d80e74598	workplace/re-img/out/MRG/FACE.MRG/FACE.MRG_086.png	c2afb15f37d89f5119dd9b8a4bc075cf2a7774a551d8030cec0c5337bea88f2e	workplace/ai-hd/generated/d926963ff9565747-v1.png	decdae77b1a73f8373b9594a2014c617850603eaf8e054a292f4729fcf41f16d	workplace/ai-hd/technical/full-theme/x2/MRG/FACE.MRG/FACE.MRG_086.png	1777e83460b37bc1ede1421be57cb55ce6a25e1598db99527ca3433607931ef3	format-pass	candidate RGB resized; exact original alpha	requires review	local-only; original-derived; no public distribution
FACE.MRG:87	020d8465b79dc6d29660e5fefdc2aea3215c42843d68b4a4d0517c23784678dd	workplace/re-img/out/MRG/FACE.MRG/FACE.MRG_087.png	37ab604155ef6e71f66f82ef737bdd108639154a43e1f7d31846b425fb3d2625	workplace/ai-hd/generated/020d8465b79dc6d2-v1.png	6a1d2e774d0cbf4382559c25736d9d819fbb120e185d7f9085ca202e1b5e5429	workplace/ai-hd/technical/full-theme/x2/MRG/FACE.MRG/FACE.MRG_087.png	5943996c02addfac8f783c3d79541a77780e58458d0cd48efa30e481fcbaaad5	format-pass	candidate RGB resized; exact original alpha	requires review	local-only; original-derived; no public distribution
FACE.MRG:88	0e22f74c28d2a6ba33c6fe3c5fe3b09fdbb6e9bbd5377934cdb10da1349e091d	workplace/re-img/out/MRG/FACE.MRG/FACE.MRG_088.png	1ff721bde6e43c7c875c8939e1acc65ac5e939ce38a333a06df5c6ec15bab891	workplace/ai-hd/generated/0e22f74c28d2a6ba-v1.png	be302b3fadb0e4e0a9caf0c71d5935f97d18c8afb6efafbe0d39cc741fb6ab84	workplace/ai-hd/technical/full-theme/x2/MRG/FACE.MRG/FACE.MRG_088.png	483c79b164ae9b030d2aff652fee7f076d52a9e4e7d928c597ee5b2690993205	format-pass	candidate RGB resized; exact original alpha	requires review	local-only; original-derived; no public distribution
FACE.MRG:89	e5993330ed4d2306ea34602e67876fbfe5af754d006249d9264e5004c2fc4738	workplace/re-img/out/MRG/FACE.MRG/FACE.MRG_089.png	4260b56e354029d034f339d37a15583dff3b61cbd4d4590735d57f5f62ce16ef	workplace/ai-hd/generated/e5993330ed4d2306-v1.png	913b23533a8e5103392d9fb9298eec3d107da90c8b277e62eb1addd87a835c16	workplace/ai-hd/technical/full-theme/x2/MRG/FACE.MRG/FACE.MRG_089.png	0b6a2ae48e56e9bcec964089645d5e4a50a29c073d3e7aea40622c9a533c2631	format-pass	candidate RGB resized; exact original alpha	requires review	local-only; original-derived; no public distribution
FACE.MRG:9	b4b5b5a5817999b1abd74c515b629c3f29a786e6f4e2d5d4bb82d47b64a9c017	workplace/re-img/out/MRG/FACE.MRG/FACE.MRG_009.png	9cfd3b114ca5db920423092163bc522eeeef308ee83595c9968cf927ae4299c8	workplace/ai-hd/generated/b4b5b5a5817999b1-v1.png	6672c23ae5df2548fe38f59ed4d5feaf618f968a352c49db9e2b5c26630ae7aa	workplace/ai-hd/technical/full-theme/x2/MRG/FACE.MRG/FACE.MRG_009.png	c2836d2e6080f2fd1666b0597d597e23ae16bcdf58265e3fa92a47ba37bd519f	format-pass	candidate RGB resized; exact original alpha	requires review	local-only; original-derived; no public distribution
FACE.MRG:90	49833dcf52cf0d7b41c7b40d17604c7b849b03cdfe8c896d4a85a59ef8435575	workplace/re-img/out/MRG/FACE.MRG/FACE.MRG_090.png	427ed1d02b04aca078de8acc123379b489e827ce25e612eb21bc0ef4abe01f8d	workplace/ai-hd/generated/49833dcf52cf0d7b-v1.png	1aeae10b2fac7768506a49b5793e3917d9eb9e532e1e64fee3c6f44b6765df38	workplace/ai-hd/technical/full-theme/x2/MRG/FACE.MRG/FACE.MRG_090.png	940bb62e27b48d2da0ded610a753665be94c80086c622c0cb6aad7588307a479	format-pass	candidate RGB resized; exact original alpha	requires review	local-only; original-derived; no public distribution
FACE.MRG:91	6542cbaadeb8cebae4fac4c43d8907afbd78109597b1f400958c8fcbe40060b1	workplace/re-img/out/MRG/FACE.MRG/FACE.MRG_091.png	35e3f7ff2b6acb542e56771598331f50665b567f73bb532ae7d6ab1eb7a9905e	workplace/ai-hd/generated/6542cbaadeb8ceba-v1.png	39708849b47a335d73257faf2923e5bb589eeebf1c2f7c4ffc38831a2a9e1b9a	workplace/ai-hd/technical/full-theme/x2/MRG/FACE.MRG/FACE.MRG_091.png	6d3245459bfb8bd53b10c92d37fa93f7c209194f13f1ab7888b95e42a641e984	format-pass	candidate RGB resized; exact original alpha	requires review	local-only; original-derived; no public distribution
FACE.MRG:92	f5a58fffaee7fd6cc66d6a31109b13bba42f24ec7aa6dfea9a2ef82e603908a8	workplace/re-img/out/MRG/FACE.MRG/FACE.MRG_092.png	92b14468f6cae9dfb67b852c180c5c92fed3de73d8b550ac88301bd58d7b4e63	workplace/ai-hd/generated/f5a58fffaee7fd6c-v1.png	d5c733ca3f7ab908eb49724e73eb590e3afdde54108cca788c0674e7d3086dd5	workplace/ai-hd/technical/full-theme/x2/MRG/FACE.MRG/FACE.MRG_092.png	d048070d30fc7d9d28932f0efa53833950900941dd183da60ca3ba47ba6d1179	format-pass	candidate RGB resized; exact original alpha	requires review	local-only; original-derived; no public distribution
FACE.MRG:96	6862bcc17565f791fae24ed84b2850c455da36fdfb3c74ac59d991595f666a9d	workplace/re-img/out/MRG/FACE.MRG/FACE.MRG_096.png	aa658c487199aa1eefc6652720ba99c9b6ee3eac4b6b68ff7aaa8b8f360ab37a	workplace/ai-hd/generated/6862bcc17565f791-v1.png	7d6777ff940791d41e5f5dcfe34be6598ebba2846cb831ac00bb15260ad23290	workplace/ai-hd/technical/full-theme/x2/MRG/FACE.MRG/FACE.MRG_096.png	59bba290c980bedc6c07f06144e35018f4a2e69914e21e6981bec4e65c8c9d85	format-pass	candidate RGB resized; exact original alpha	requires review	local-only; original-derived; no public distribution
FACE.MRG:97	25578820a11a564dac5037764d1d2dbeabb72ad86c37622766b2f4f00d0b92d8	workplace/re-img/out/MRG/FACE.MRG/FACE.MRG_097.png	206f8a1e300b241a2f555f011dec19bb7c9c151b2592f4deb0c251765573a21e	workplace/ai-hd/generated/25578820a11a564d-v1.png	93be7f56b34add61789a502bf15535b933bb70bde05f969f2bdcf09af34aaa4a	workplace/ai-hd/technical/full-theme/x2/MRG/FACE.MRG/FACE.MRG_097.png	701b6e9a8b1f40fd6b3446287dcfe404505582062a048486889a9de0de1dd083	format-pass	candidate RGB resized; exact original alpha	requires review	local-only; original-derived; no public distribution
FACE.MRG:98	889bd065fa3d969a06cefd260261a2eb28562a84e9c482f801497ab7fa7410ab	workplace/re-img/out/MRG/FACE.MRG/FACE.MRG_098.png	10f819e77c048082958e7daffebe4e26ca6f482916bf196852b412954672aa52	workplace/ai-hd/generated/889bd065fa3d969a-v1.png	83f7ba3fbe5cf1031ace4a155120296e0a40482687120c1b52ec98c52807ee7d	workplace/ai-hd/technical/full-theme/x2/MRG/FACE.MRG/FACE.MRG_098.png	64083aaa445651ffc342d62747f68315f36f7dabb2267434321734a4de5244ee	format-pass	candidate RGB resized; exact original alpha	requires review	local-only; original-derived; no public distribution
FACE.MRG:99	23cb1f2352356318d38b10062e5937c80ccbf08311cf2af7ea4451edf9004390	workplace/re-img/out/MRG/FACE.MRG/FACE.MRG_099.png	b45f6e39f2db1b74f6c9baf2322a1e7b7d480fd7cfc10d187ea40f28512ece13	workplace/ai-hd/generated/23cb1f2352356318-v1.png	1579f38e2bc67eed221bb52b02850b56e348ec1cdfb3e40fcb3f8a22f59d8411	workplace/ai-hd/technical/full-theme/x2/MRG/FACE.MRG/FACE.MRG_099.png	f9699505e76777afd445acd0bb73e62b56888ccf5384cdac6ca3ec243ffa515f	format-pass	candidate RGB resized; exact original alpha	requires review	local-only; original-derived; no public distribution
FCHAR.MRG:0	55bc23690d569ca59b8b739cf207b6cb79100461e6c3e327149fc7ec689af8e1	workplace/re-img/out/MRG/FCHAR.MRG/FCHAR.MRG_000.png	df5f15edf767e350366cb9e6f459403b6f25a746fa9a237953b4948f2d9a65be	workplace/ai-hd/generated/55bc23690d569ca5-v1.png	7eb5430e619fb503a01cabc48305b71ea0a30311aa0ab5bceca098f2e38243e0	workplace/ai-hd/technical/full-theme/x2/MRG/FCHAR.MRG/FCHAR.MRG_000.png	028c2a1b0182e2fb687383dcf7cd6edd839c498f69e8f33e2f2159199bdc2197	format-pass	candidate RGB resized; exact original alpha	requires review	local-only; original-derived; no public distribution
FCHAR.MRG:1	ae3c84a63bbaa3b26a9fe1f2b49ef05e8d1beae292d9d89329780f1b2ba4d000	workplace/re-img/out/MRG/FCHAR.MRG/FCHAR.MRG_001.png	45c5eb60e048b36d64928fd001396a75eb74b5dcfe8dc5bcf0c875512f00d521	workplace/ai-hd/generated/ae3c84a63bbaa3b2-v1.png	9a6a906debf2bbef7449e737a421634657d17edf9a79b10059a9ee254acf256d	workplace/ai-hd/technical/full-theme/x2/MRG/FCHAR.MRG/FCHAR.MRG_001.png	54da217ab24ffae4f2110cb2be0a35ce3398108fda8bbd14c29ca3a06f560897	format-pass	candidate RGB resized; exact original alpha	requires review	local-only; original-derived; no public distribution
FCHAR.MRG:10	970a2b07ca99910a5a30bd348028e8bd4f9767280ae9f520c8831e6fded139fb	workplace/re-img/out/MRG/FCHAR.MRG/FCHAR.MRG_010.png	72c46b1c16353f53866b98598ce7db270715b489de607464ccd067a895cd5d54	workplace/ai-hd/generated/970a2b07ca99910a-v1.png	f09b9cf4d2828084462e3a28a3710318755ee3b271b031b7d9d97b1d7e46b91d	workplace/ai-hd/technical/full-theme/x2/MRG/FCHAR.MRG/FCHAR.MRG_010.png	fe9df0ac3c4b974c923f9ad42cde6bd632f78ca408ed750a292c0c58152a7531	format-pass	candidate RGB resized; exact original alpha	requires review	local-only; original-derived; no public distribution
FCHAR.MRG:11	713600b4dc68b1e8b5759ba2c2cf82020db4c9c0a6c4ab87d422441f3e9e87d1	workplace/re-img/out/MRG/FCHAR.MRG/FCHAR.MRG_011.png	3863e71ee604a9773df1948e72ce996d0fb4c9b62c579f393377bcdae0ddfd09	workplace/ai-hd/generated/713600b4dc68b1e8-v1.png	a3b2eff90012d6e14b1dff0939f50b53fc1fd8be5035cf988e21d75674cc676e	workplace/ai-hd/technical/full-theme/x2/MRG/FCHAR.MRG/FCHAR.MRG_011.png	2b8d48c9038b7ee672525c53ee4a594b2a4dde1e795e90e7d499dd6241698a48	format-pass	candidate RGB resized; exact original alpha	requires review	local-only; original-derived; no public distribution
FCHAR.MRG:12	bacb88db30580516e21e0c0c09750437b39c76cc8ef3c9df21009b74763ab797	workplace/re-img/out/MRG/FCHAR.MRG/FCHAR.MRG_012.png	66c9cdf4f80005a067e3e8e621292983e576a53da8cdf717c2c6bc8f65a7facd	workplace/ai-hd/generated/bacb88db30580516-v1.png	2557a31d75ad5ee7e542776415b8739da8d82cf3c9f75d0f1a0712c60b9a9122	workplace/ai-hd/technical/full-theme/x2/MRG/FCHAR.MRG/FCHAR.MRG_012.png	c40ab2821b4cc8cbd8d52da9441cc48055a3c5785facc77dc1450c76a45187fb	format-pass	candidate RGB resized; exact original alpha	requires review	local-only; original-derived; no public distribution
FCHAR.MRG:13	1221124ea8d70209d704b00db353fca048be0095da3508b328db435f461ee356	workplace/re-img/out/MRG/FCHAR.MRG/FCHAR.MRG_013.png	0813e1ed202f34c7dc4ea752d5c22ffa42ea4257d398283349b5c27d67b75ab2	workplace/ai-hd/generated/1221124ea8d70209-v1.png	c722df6655fd90aa7d90e7d8b1e06100bfcccb917c8e6685ecd0a87361335fcd	workplace/ai-hd/technical/full-theme/x2/MRG/FCHAR.MRG/FCHAR.MRG_013.png	507f84237b304629a18cb34dce406d738ad37ea4e8dce37a80f060d6e33f1559	format-pass	candidate RGB resized; exact original alpha	requires review	local-only; original-derived; no public distribution
FCHAR.MRG:14	49be73e03d9159a8550bad9f0e0df4d19f8d8cf440c4c3c107f6cf6129047d71	workplace/re-img/out/MRG/FCHAR.MRG/FCHAR.MRG_014.png	efbcd5be96db97928675f671a6986beed1e0abd17f0e4cdb5ba7446ae0cd78aa	workplace/ai-hd/generated/49be73e03d9159a8-v1.png	8aee5bad8045a622784ef58858e2ce55794d46ec95504f8198ae300327539446	workplace/ai-hd/technical/full-theme/x2/MRG/FCHAR.MRG/FCHAR.MRG_014.png	466e72ce94d8add7926f016760b3bfb87600efc378214dd74222155809fb2785	format-pass	candidate RGB resized; exact original alpha	requires review	local-only; original-derived; no public distribution
FCHAR.MRG:15	fb386b70d54e96255ccd1d7c6bb399c0d173543fb086f017db2a58ede6306a3c	workplace/re-img/out/MRG/FCHAR.MRG/FCHAR.MRG_015.png	5eed388bd6d5db11d0043599881cca9535340b153549bcf0d387abfd22b25625	workplace/ai-hd/generated/fb386b70d54e9625-v1.png	9c88bdf3fad03530f05e4037e903ee95a6e92930d398de71cf6b44d1a6a169dd	workplace/ai-hd/technical/full-theme/x2/MRG/FCHAR.MRG/FCHAR.MRG_015.png	b0bb4cfa3546abd3d39939e8e3d2860b2629798785b37a680c21d58509b5817a	format-pass	candidate RGB resized; exact original alpha	requires review	local-only; original-derived; no public distribution
FCHAR.MRG:16	e07a2dc1ddfd953ca8222bb276afde6eda1911e80bd5b9728dbadbb929a7b16d	workplace/re-img/out/MRG/FCHAR.MRG/FCHAR.MRG_016.png	cbac8fbfd928f333c34c23b084d13eb5a442ba56eefa5329a9c7543ec0016b57	workplace/ai-hd/generated/e07a2dc1ddfd953c-v1.png	7505c0733af5aca5d692bd8375bfb392dd704eb8f940b94cd004ee66e6e04cbb	workplace/ai-hd/technical/full-theme/x2/MRG/FCHAR.MRG/FCHAR.MRG_016.png	6d13847837b705031621c24474401a73f9da76b2f2519e3e4bfc37f6cca32923	format-pass	candidate RGB resized; exact original alpha	requires review	local-only; original-derived; no public distribution
FCHAR.MRG:17	84a809200834c198b5b1d8da0abc9069af3a1db973b18a4facc5a9d1e8ac97dd	workplace/re-img/out/MRG/FCHAR.MRG/FCHAR.MRG_017.png	7f4b89461e4bcf61a019591d6d9519156664ddd8fc3b225d29b9fed5fe708444	workplace/ai-hd/generated/84a809200834c198-v1.png	b70a60b6736b6ad17df7da4bb8a11482f6cbdaa5786501e77d6adf49fd040f57	workplace/ai-hd/technical/full-theme/x2/MRG/FCHAR.MRG/FCHAR.MRG_017.png	18e0a92c9f0f83258498dbf789b8ff0bf8986ece780898f2777a9fd2b94fde5d	format-pass	candidate RGB resized; exact original alpha	requires review	local-only; original-derived; no public distribution
FCHAR.MRG:18	2db4ea443786744fcedac4f0e700b62ea1ac0e458255237de7b230cf4578f6f1	workplace/re-img/out/MRG/FCHAR.MRG/FCHAR.MRG_018.png	c5066a1b47cd67fbe920fd0981e3acc6486c08f73403fc6075f6f9dbf8935c39	workplace/ai-hd/generated/2db4ea443786744f-v1.png	8469f32f5e71bbae4cf66fe5ae0474bd69232490e2e256b7dd5b049e5cb486ab	workplace/ai-hd/technical/full-theme/x2/MRG/FCHAR.MRG/FCHAR.MRG_018.png	26718f5ec09f5fc774a8f56ee0b1e5fe4c25dd7d88915a6711e5bb92f87370f5	format-pass	candidate RGB resized; exact original alpha	requires review	local-only; original-derived; no public distribution
FCHAR.MRG:19	c48100077ecc6abab18f410bd5f65e247db95ee22e24a38856ed96dee075eb7d	workplace/re-img/out/MRG/FCHAR.MRG/FCHAR.MRG_019.png	1bebdc6515821bd1f0c0c2e8ad146320c6b48795855f4f2947131ee48986f1e6	workplace/ai-hd/generated/c48100077ecc6aba-v1.png	d0f006194e9851a7b513ef9bd6cf8013f947bcce9273a0cd5d856bcfc06d7b51	workplace/ai-hd/technical/full-theme/x2/MRG/FCHAR.MRG/FCHAR.MRG_019.png	3d9d87ef6b91faca0bc174e3c2057b151a1a677d3ef4851f52ab68bea2280c88	format-pass	candidate RGB resized; exact original alpha	requires review	local-only; original-derived; no public distribution
FCHAR.MRG:2	ff85250a071b13e4b5bbfb29731a9a372974b22e0303d093b765fa2454f9ec18	workplace/re-img/out/MRG/FCHAR.MRG/FCHAR.MRG_002.png	91063a80c9d360dd6303277f6018e47cd23ccaac5e11bf7afb9befff1a0fb207	workplace/ai-hd/generated/ff85250a071b13e4-v1.png	f5e127960e30fcffdab9fa491e1dbceedd23f672e5311884eaf6e4bf691b4480	workplace/ai-hd/technical/full-theme/x2/MRG/FCHAR.MRG/FCHAR.MRG_002.png	6936a2f3ac07f9d8d75ca52c54f6076f99045ec53e01a443988fdeaa4eefe135	format-pass	candidate RGB resized; exact original alpha	requires review	local-only; original-derived; no public distribution
FCHAR.MRG:20	797a7854c1c6f24c4ce9f6049c88abd2065860ad92e8cac6fe54238c11afca5d	workplace/re-img/out/MRG/FCHAR.MRG/FCHAR.MRG_020.png	9acaf8dd4e25c33fda0edd286b9c7282b3468b5f482ec51e5606a6f0c38ee5b6	workplace/ai-hd/generated/797a7854c1c6f24c-v1.png	7c5a36621017377943a61c311e6447949d23c27b16bc3009be5a04ad651177a2	workplace/ai-hd/technical/full-theme/x2/MRG/FCHAR.MRG/FCHAR.MRG_020.png	d888bd51d38d9393e02b55c53b9a10b5b96fc98a352993171a7506f8aa4e914f	format-pass	candidate RGB resized; exact original alpha	requires review	local-only; original-derived; no public distribution
FCHAR.MRG:21	cb8095d47414d49ac39d11d1101d90a80c49eeb5bd589397faf3989406249823	workplace/re-img/out/MRG/FCHAR.MRG/FCHAR.MRG_021.png	ab35e1bb9f0994f4505f8d0ca752917eafaab512071b1013549b8ca3cdccfa02	workplace/ai-hd/generated/cb8095d47414d49a-v1.png	efcb432f638e8e312af5afb246687b03c0ced09337ec0860258af22d8da36a29	workplace/ai-hd/technical/full-theme/x2/MRG/FCHAR.MRG/FCHAR.MRG_021.png	d690a1414ac5c166056121fb07c25c359dd98af64661ca2edfd323f683f4e206	format-pass	candidate RGB resized; exact original alpha	requires review	local-only; original-derived; no public distribution
FCHAR.MRG:22	f55959b5f89a9d5c82c68cb361169fc59bbc1f0be40f3f6244983da21a3e1a47	workplace/re-img/out/MRG/FCHAR.MRG/FCHAR.MRG_022.png	e0f42b659532cd52e5ff863f55b67d1c0a0b53fd8595532f8f836e31d89d6239	workplace/ai-hd/generated/f55959b5f89a9d5c-v1.png	e96799e27e02625e7ffc518dca06060f8746230fda0f85814e0949bd7622db98	workplace/ai-hd/technical/full-theme/x2/MRG/FCHAR.MRG/FCHAR.MRG_022.png	94055e9c83f9df2bac74f62d940ee01eb234ee0518593d5547dabfd7b543a63b	format-pass	candidate RGB resized; exact original alpha	requires review	local-only; original-derived; no public distribution
FCHAR.MRG:23	0ee85e7a1045708d3c3e6ae46cd5c679265607f517a9a80725fef438a005a1d7	workplace/re-img/out/MRG/FCHAR.MRG/FCHAR.MRG_023.png	b580007c8c07b53455402036c15babe6a0b2313469ad0c3b65ad51b16cc89cf6	workplace/ai-hd/generated/0ee85e7a1045708d-v1.png	e60e8e84c7c758551a9c73307c4209bf68433c6681b9fa1e5bb9ae44a0308a2c	workplace/ai-hd/technical/full-theme/x2/MRG/FCHAR.MRG/FCHAR.MRG_023.png	bb10cb04cf9d3dd5147f474ef4c039eb303f39b4c55049602efa0b23de3114e8	format-pass	candidate RGB resized; exact original alpha	requires review	local-only; original-derived; no public distribution
FCHAR.MRG:24	e771e0ae538f3667900699aeade1afe41b61543b850e75b5f6f439d59461ea5e	workplace/re-img/out/MRG/FCHAR.MRG/FCHAR.MRG_024.png	dd0a8eb5cefabd4fbc067b90147f835af7f40cc780f6686beb38b01b2fcbd306	workplace/ai-hd/generated/e771e0ae538f3667-v1.png	ca561d9601572e7c0247367a6f698e03c79a80febbd1dfdcf75ccc36d6d89fcd	workplace/ai-hd/technical/full-theme/x2/MRG/FCHAR.MRG/FCHAR.MRG_024.png	b79fb9e542dc9e176acb90e39a67201c9ee90a10d951958af080278f6f406b7c	format-pass	candidate RGB resized; exact original alpha	requires review	local-only; original-derived; no public distribution
FCHAR.MRG:25	c1ba5e854066327e607fda2eb9a733021ede4d6665cc4b10114f2736ca15487f	workplace/re-img/out/MRG/FCHAR.MRG/FCHAR.MRG_025.png	f3ab2dc018d27cf4f3e425fb3a42b194c87d5b846446a954a0317fa7370331e3	workplace/ai-hd/generated/c1ba5e854066327e-v1.png	5904f5f26de410e47084a97fc3c45abc7d3529ac30fed9e37ff6be6f21cf399b	workplace/ai-hd/technical/full-theme/x2/MRG/FCHAR.MRG/FCHAR.MRG_025.png	b37937ba7910dc61e988e0f93e25ac6d9b9a153b6a073ba8cba819055f8a0e0e	format-pass	candidate RGB resized; exact original alpha	requires review	local-only; original-derived; no public distribution
FCHAR.MRG:3	1c052bd4b59952ccfdbb1168a3c1192a2460a7f46510898669e1adc788667819	workplace/re-img/out/MRG/FCHAR.MRG/FCHAR.MRG_003.png	cf9d04f131dc69c1f9195f5b64349653ba617d0749357c7fac5fdd0dd6f90bbc	workplace/ai-hd/generated/1c052bd4b59952cc-v1.png	6d1807782ca7ea0d9014954f3757d5da66f558a7f3b33449297359b544785f34	workplace/ai-hd/technical/full-theme/x2/MRG/FCHAR.MRG/FCHAR.MRG_003.png	603f8f651d603977a8ed8faba09ac6aa436250cf721182a0d3aa02c8d7c56819	format-pass	candidate RGB resized; exact original alpha	requires review	local-only; original-derived; no public distribution
FCHAR.MRG:4	f739883c25a3015f15848e1c5fca5bb83e4bad1511a638ed9aefb5a1bcc7b32a	workplace/re-img/out/MRG/FCHAR.MRG/FCHAR.MRG_004.png	4643c16889df8308e0ecf71289d6b78102c9b34687a24afb3fe8a1872ef35130	workplace/ai-hd/generated/f739883c25a3015f-v1.png	bb298a2770773b2b77fe4bd4ee5495e83a85f6a7521a1ef1f6d2141ff5ffa7fa	workplace/ai-hd/technical/full-theme/x2/MRG/FCHAR.MRG/FCHAR.MRG_004.png	3cd7be244d843983363fde2300b0f65839282d193298461acf62b0c06913ca04	format-pass	candidate RGB resized; exact original alpha	requires review	local-only; original-derived; no public distribution
FCHAR.MRG:5	017e09eb1b22ec17f8b399dd9d373fbb030f674f0b985972af22c7df988d7111	workplace/re-img/out/MRG/FCHAR.MRG/FCHAR.MRG_005.png	775f3c64df2fab39889f4497ca6d96c09436c4e255b86806a4f9430264912832	workplace/ai-hd/generated/017e09eb1b22ec17-v1.png	949e8f142a833886940b05426e4f62604f8448be6e44d7049a8761943c3a1360	workplace/ai-hd/technical/full-theme/x2/MRG/FCHAR.MRG/FCHAR.MRG_005.png	e23da45b9810658e72443202a3e2d10f0f85c2883be16da92637329261535d72	format-pass	candidate RGB resized; exact original alpha	requires review	local-only; original-derived; no public distribution
FCHAR.MRG:6	0f55c15bbf17f42e07033833fe1e78041a09ba3f7ea32f57fd67e383997c9912	workplace/re-img/out/MRG/FCHAR.MRG/FCHAR.MRG_006.png	bc40519868fa1ae8297121a1470ce17c2b54e87da7d648430cbbd718bc6dd86b	workplace/ai-hd/generated/0f55c15bbf17f42e-v1.png	c4bc1fc7266851b2266aa47a7aa6a26cd86d35006d08d2f28f8cbc604cddd7fe	workplace/ai-hd/technical/full-theme/x2/MRG/FCHAR.MRG/FCHAR.MRG_006.png	0f5924c5cee48f527464a04962b6c5495ea1979218e5c879ba1b7ff466aa47df	format-pass	candidate RGB resized; exact original alpha	requires review	local-only; original-derived; no public distribution
FCHAR.MRG:7	adc780086624f12ea0d82dbb843da7d2977d2d46cd258dda53a72f98214d8294	workplace/re-img/out/MRG/FCHAR.MRG/FCHAR.MRG_007.png	77a64a9df492cfea09951e830d7c5f4ca83b7499016d9862b8891b2d811da9ad	workplace/ai-hd/generated/adc780086624f12e-v1.png	8a24c430e0f2661ec9c61bebe3782dd2ef68f5a25f24bfd8a1ed47b7e9b21bf2	workplace/ai-hd/technical/full-theme/x2/MRG/FCHAR.MRG/FCHAR.MRG_007.png	d86586287445b0ad8dd99cd6e78ccca75534de26b9cc6c3d5a68628469b9b467	format-pass	candidate RGB resized; exact original alpha	requires review	local-only; original-derived; no public distribution
FCHAR.MRG:8	a849c1f454d879a4c3fabf916664cd20e3113388f382f72626d3ddd64e6dedcd	workplace/re-img/out/MRG/FCHAR.MRG/FCHAR.MRG_008.png	761935364095e2f6cc7609bf87e85a6bcf0738016df1e329e0d82ff510ee07c8	workplace/ai-hd/generated/a849c1f454d879a4-v1.png	bd72611a82795c8be08259568b437ea3543dd10466c788e11d3c97661f93b313	workplace/ai-hd/technical/full-theme/x2/MRG/FCHAR.MRG/FCHAR.MRG_008.png	5bee323cb9e35b20afe42b643da5b264f60cfc4bba42616727e1237378ce7238	format-pass	candidate RGB resized; exact original alpha	requires review	local-only; original-derived; no public distribution
FCHAR.MRG:9	8bf24e5f515bb8377ff1c28bd3f18d1299034c5863197f6d063441d4e659d404	workplace/re-img/out/MRG/FCHAR.MRG/FCHAR.MRG_009.png	93be3aa0bcd2d5c7c25e9e874889dd17ec7d2dfe53855278b4326077c9edc00a	workplace/ai-hd/generated/8bf24e5f515bb837-v1.png	e10e296781491dec45b04ea03e799a7ced32e34e37d691763a7c55fdc1d2ba7a	workplace/ai-hd/technical/full-theme/x2/MRG/FCHAR.MRG/FCHAR.MRG_009.png	c75608c0abf0b05f8ff332905156b9ad3ab1a9d147914fa2037198ee3bf3d63a	format-pass	candidate RGB resized; exact original alpha	requires review	local-only; original-derived; no public distribution
GMAP.PXS	f5748d9e61e44ad540ab2d1efdd590d750457568076248dc19efa7ba16d8c9b8	workplace/re-img/out/PXS/GMAP.PXS.png	d1f4ef3b7866ea918350cdbd15c10040491ae0afda7a6a2563e42b9c5418419c	workplace/ai-hd/GMAP-candidate-v2.png	01b7b367caedd823c7e0db8e7a4be36477386651a6766262be613d87b80d8815	workplace/ai-hd/technical/full-theme/x2/PXS/GMAP.PXS.png	3ea189774f0097a832f98b383ae0bb323a5bebc1cab245e3488117f9bf96043c	format-pass	AI luminance texture on topology-preserving accepted HD	requires review	local-only; original-derived; no public distribution
H-TXT.PCX	195e4987cf385a659c93dcf968b14ad2a51e847f5e7a1daa3d5fe57e2d363298	workplace/re-img/out/PCX/H-TXT.PCX.png	a16c37f61f7424912e372f59b3d371f16d82ee79969f64f71351a2fbb2cfe694	workplace/ai-hd/generated/195e4987cf385a65-v1.png	e331e39772bf39d18dcb8ba228f6a964834972930b02b7ce9c0fc7ed527ef44a	workplace/ai-hd/technical/full-theme/x2/PCX/H-TXT.PCX.png	2a1a89afb2ac210a2e6775134d0ee6aa9a3b5748cbfbefc371be632849590c07	format-pass	AI color transfer on exact accepted HD lettering	requires review	local-only; original-derived; no public distribution
IMG.GS	3702fb814ec44399315b6f2470be0795c147d3960b78a297f805300bdb8a7253	workplace/re-img/out/GS/IMG.GS.png	2731129521d8df218f015043e5cbb6aaf10a52e30f524898ec18527f3948fae1	workplace/ai-hd/generated/3702fb814ec44399-v1.png	d78d8aa01c256bdbd562e279a23dcf5040d59c3d32bab596ce3161102d91b86a	workplace/ai-hd/technical/full-theme/x2/GS/IMG.GS.png	d4b2dba8f81d41e525ced06da876605b982279bc0ce342b815eb02c3a25421c9	format-pass	candidate RGB resized; exact original alpha	requires review	local-only; original-derived; no public distribution
ITEM.MRG:0	79de64c6a9a1bbea39d39fed11e40c9a21e637ae10cef04532c47428e1fce4a6	workplace/re-img/out/MRG/ITEM.MRG/ITEM.MRG_000.png	5ac5794cf9a38135b9e81275f8dae3e50492e247bee87300b52f10f776931295	workplace/ai-hd/ITEM000-candidate-v1.png	f2aa080d15a9f29e702b76553c757bb80f821031f16cd52c6f4156ccb89ac0d5	workplace/ai-hd/technical/full-theme/x2/MRG/ITEM.MRG/ITEM.MRG_000.png	f88cd785cc92268c8c987bacd187fc3a9dbea283fc63501b21997bbbdf1ef9d1	format-pass	candidate RGB resized; exact original alpha	requires review	local-only; original-derived; no public distribution
ITEM.MRG:1	08a6bf0f65c694cc9dda5e922832f38c565f88cacfd3d3e3fc3b85b737e96f4d	workplace/re-img/out/MRG/ITEM.MRG/ITEM.MRG_001.png	6ba40565496f8a20b99b1807c78a32eadf06477e1dee05e1a2d1a4e775d54fc8	workplace/ai-hd/generated/08a6bf0f65c694cc-v1.png	fc762d68763289aa1d30efa543d57a2f16b15d887272204a91bf8dcd05639f83	workplace/ai-hd/technical/full-theme/x2/MRG/ITEM.MRG/ITEM.MRG_001.png	3ed89259688437d1c0d1a0dbd69e6c43356d1f2462e7e957dfd5d0e13935e5ad	format-pass	candidate RGB resized; exact original alpha	requires review	local-only; original-derived; no public distribution
ITEM.MRG:10	eae9f2ecee20b7030082eba71aa44c3847d03baf08ec8b4338b6961a1db35e82	workplace/re-img/out/MRG/ITEM.MRG/ITEM.MRG_010.png	a12daf9eff80405a7be578777b968c42c6f44462a198c7b7f41541d3471d433b	workplace/ai-hd/generated/eae9f2ecee20b703-v1.png	334d69dfb85652605a4c91d93f534e904ab9fb5f2d84a2770b8d7b714f894875	workplace/ai-hd/technical/full-theme/x2/MRG/ITEM.MRG/ITEM.MRG_010.png	61cdeb3e5a47d361342953026a5496dd52c63381889bb8cc0f9a8af2fc18d539	format-pass	candidate RGB resized; exact original alpha	requires review	local-only; original-derived; no public distribution
ITEM.MRG:11	953b0903ebc0f6acf2b0fa013de158c86cc5b53860454dfd3b86f7c4bb47cd07	workplace/re-img/out/MRG/ITEM.MRG/ITEM.MRG_011.png	8da8b422dc8dcbcb046bc4cd42e673e826dc7e4a1dbf4445b2fc268b18b631e2	workplace/ai-hd/generated/953b0903ebc0f6ac-v1.png	54b93153ad34a3823a3ad197dcd70e636fe1a3b3d2f23d050d3d901a16b35ea5	workplace/ai-hd/technical/full-theme/x2/MRG/ITEM.MRG/ITEM.MRG_011.png	430e433194540735233003a6929e368bcdd6b752d4a69713a8895a7649dccb0c	format-pass	candidate RGB resized; exact original alpha	requires review	local-only; original-derived; no public distribution
ITEM.MRG:12	d24a7fbb9a78a79524130c93333fca8830ac32ab89c322df53266d19e86c5a64	workplace/re-img/out/MRG/ITEM.MRG/ITEM.MRG_012.png	9490084bcfbae2068867193579f7e409dfe3ac8c0c020b6e92c9ee6324860fbf	workplace/ai-hd/generated/d24a7fbb9a78a795-v2.png	45ad7d5513c678728fcb96e0d2cc4fda9243dc10eda168f2718afc3b37e3dc90	workplace/ai-hd/technical/full-theme/x2/MRG/ITEM.MRG/ITEM.MRG_012.png	87933e66f53eac8103e257a2a4991bb5561df2a93b4ea08748d061a7e3d47dbe	format-pass	candidate RGB resized; exact original alpha	requires review	local-only; original-derived; no public distribution
ITEM.MRG:13	1adf4fbeaa69e3f94b32733ba2f76360c0d6dedbe3ae4b2972ed507a3aaa11a2	workplace/re-img/out/MRG/ITEM.MRG/ITEM.MRG_013.png	84e66736a184c7212e14178e4b626e446ed1167da95b67de73cbd4b077c2f085	workplace/ai-hd/generated/1adf4fbeaa69e3f9-v1.png	b2037f160c771f7f751b222aeccf7466b0c9edce9cde3c443437106cab1921d7	workplace/ai-hd/technical/full-theme/x2/MRG/ITEM.MRG/ITEM.MRG_013.png	4f515823b5b83e131005172f88200fb71b559f5193df5048a532e4a0c38f2f20	format-pass	candidate RGB resized; exact original alpha	requires review	local-only; original-derived; no public distribution
ITEM.MRG:14	84ee0e8594fa1f276510c2a2552d6db3524147e1bdb64b0f54dbb73d3d560687	workplace/re-img/out/MRG/ITEM.MRG/ITEM.MRG_014.png	6644cde76aaf99fd93e4d290a8211719aa884510645f46495a8b6f80d62d1428	workplace/ai-hd/generated/84ee0e8594fa1f27-v1.png	0fcd80a6acb12228bb9cff9182bb8b80dedc7dad393a89c37c81822988be6364	workplace/ai-hd/technical/full-theme/x2/MRG/ITEM.MRG/ITEM.MRG_014.png	4071fe728d1f554bd9f3a0c9d88a670e5666328748e3770906efa92ed2638745	format-pass	candidate RGB resized; exact original alpha	requires review	local-only; original-derived; no public distribution
ITEM.MRG:15	b5ff7cbcb373e6f99b2625fdd2300ac79168c4f36144db91ec76f4803bbe35c5	workplace/re-img/out/MRG/ITEM.MRG/ITEM.MRG_015.png	71244770e3343846e4d766d5ce8d186953d7f07b6ff4234dd5b5cab9e4a6376e	workplace/ai-hd/generated/b5ff7cbcb373e6f9-v1.png	041e52993b0f793abf62f58f808984d60a6a3ba8c39077ea1e731ae0a41a7fe3	workplace/ai-hd/technical/full-theme/x2/MRG/ITEM.MRG/ITEM.MRG_015.png	16aacc090bfade581c0feb813e20af7568d89a9c0f7ca20df10069447c4d6158	format-pass	candidate RGB resized; exact original alpha	requires review	local-only; original-derived; no public distribution
ITEM.MRG:16	4614c860e332eea3c44c5e9f98bedf4bebb6dc9753db20671d83ff041d622e11	workplace/re-img/out/MRG/ITEM.MRG/ITEM.MRG_016.png	442e2afe0a177bf6380eec69a86f6186bbd389372452ced9c3a19dd5f35d7f23	workplace/ai-hd/generated/4614c860e332eea3-v1.png	cfe72c88d9adb2d80584d385c2f061c8f05376e0860926aad3f886f1d9ee3ff2	workplace/ai-hd/technical/full-theme/x2/MRG/ITEM.MRG/ITEM.MRG_016.png	9c50fa90eaa343f9fa257b29e1141228312bea5239f0ae63baac3f0ef7773d81	format-pass	candidate RGB resized; exact original alpha	requires review	local-only; original-derived; no public distribution
ITEM.MRG:17	328c0c285376eca7b5257817cb41413f3863012508a39029f312082cd1580fbf	workplace/re-img/out/MRG/ITEM.MRG/ITEM.MRG_017.png	7dac06378d40563e36906d4bf1a9eada7d6cbf2d7672c708bcbbfeaa9d144a5a	workplace/ai-hd/generated/328c0c285376eca7-v1.png	d8abdfeb0926e5727e29641fcf76c5f95f41c2e13fed8354928f17f06c0c4e1c	workplace/ai-hd/technical/full-theme/x2/MRG/ITEM.MRG/ITEM.MRG_017.png	f7cb611a5b7159077fd4fe3d6b94b113580ccd52ab99a078d341fa9f57613ec6	format-pass	candidate RGB resized; exact original alpha	requires review	local-only; original-derived; no public distribution
ITEM.MRG:18	f418743da1b4af3cb1c39684b27f8f6730cce14555b02269fc20ee6bc52ff1be	workplace/re-img/out/MRG/ITEM.MRG/ITEM.MRG_018.png	6605172bab5472e5e6a12682fb9faa732f0f2934c111d50b9722367880a0ef95	workplace/ai-hd/generated/f418743da1b4af3c-v1.png	5c5d8f5fdda61ce79a97b85671c4029aa211f5cd50b5bf07d6e13e962bbf04ab	workplace/ai-hd/technical/full-theme/x2/MRG/ITEM.MRG/ITEM.MRG_018.png	e0aa4b7eb1559bdc337ad4adea0ae7165a2ec92ceb5aa75d460ddb0c1511e4cb	format-pass	candidate RGB resized; exact original alpha	requires review	local-only; original-derived; no public distribution
ITEM.MRG:19	7aff3fa975a5f7d0d5ad5240ded0880112ec23b9169e7ee1b4517b3e093e0ad3	workplace/re-img/out/MRG/ITEM.MRG/ITEM.MRG_019.png	de27cdd9862a60596364d1bc42d89bb71a15baf510177cf60b5302c5d9f184a2	workplace/ai-hd/generated/7aff3fa975a5f7d0-v1.png	f8ec8fee67c26bfa2ef8a525a87c59aea0c61c098fd27ea2f3edb539e73a4738	workplace/ai-hd/technical/full-theme/x2/MRG/ITEM.MRG/ITEM.MRG_019.png	a772c2af69b3e780fe7707f0eaea7e6fcd5466e8af75457684270b4d2f0a0530	format-pass	candidate RGB resized; exact original alpha	requires review	local-only; original-derived; no public distribution
ITEM.MRG:2	189a1db3ee2944a31cf2be64bfbae9ca7215563932be441ed75fac45f0a58e00	workplace/re-img/out/MRG/ITEM.MRG/ITEM.MRG_002.png	51d698c3712426b59b1e79bdcaa3c9ad6c900f31d708a9bf1336431cf5e96481	workplace/ai-hd/generated/189a1db3ee2944a3-v1.png	80853f8cb0ffe3d67c77a9a77c1dd8428ec2dbb065bf15ec1155bec91f157868	workplace/ai-hd/technical/full-theme/x2/MRG/ITEM.MRG/ITEM.MRG_002.png	480d5770b720bfd59a2b0a5661b18f7a47bbd1c5cd73d8a1a69072470861e2bc	format-pass	candidate RGB resized; exact original alpha	requires review	local-only; original-derived; no public distribution
ITEM.MRG:20	dd060f3d8593fbe077a14bd7bb8a25096706e35801bf65f071874a7e7bf11022	workplace/re-img/out/MRG/ITEM.MRG/ITEM.MRG_020.png	d83b207da4a3c15f96d49d027a47c5022d3f21e3e4c566b6b9368d8c0621e38c	workplace/ai-hd/generated/dd060f3d8593fbe0-v1.png	6ea22259295b7a1f7b474a44eab903615c51c88ce26296fb1e0f9badf405bed9	workplace/ai-hd/technical/full-theme/x2/MRG/ITEM.MRG/ITEM.MRG_020.png	cde69b6dc1bd1bcfdbac0549283d9d6c089806e010bb7482b0bcbfb479353270	format-pass	candidate RGB resized; exact original alpha	requires review	local-only; original-derived; no public distribution
ITEM.MRG:21	d362d7ef5dae1b221fd44001e7f1152f6492e1d81ba42c61e1562808cedef8ab	workplace/re-img/out/MRG/ITEM.MRG/ITEM.MRG_021.png	6ef7cc0a1a797450be64aa6a95d25d75fee704cd5d7c800a46bc239c0fcce678	workplace/ai-hd/generated/d362d7ef5dae1b22-v1.png	876e0b0341bba6927cbb0678b28ec5c2f9340851cc76e1c127b441af871800eb	workplace/ai-hd/technical/full-theme/x2/MRG/ITEM.MRG/ITEM.MRG_021.png	824028845d2b769df3e920af3b9754056787cce85d3a35bd16530ca329617e8e	format-pass	candidate RGB resized; exact original alpha	requires review	local-only; original-derived; no public distribution
ITEM.MRG:22	44dae7fc8de7649b438c20f105ab041d5b604b3aefc23c86b97da18b439e5a3b	workplace/re-img/out/MRG/ITEM.MRG/ITEM.MRG_022.png	304e001efa6d2a761418173a7d3c2b1e7ffc4e2ff6af8641b2d934f858191577	workplace/ai-hd/generated/44dae7fc8de7649b-v1.png	98a304e7df2eb44544a53a16c23dbaf030d4616379245897eec8c45d95b48599	workplace/ai-hd/technical/full-theme/x2/MRG/ITEM.MRG/ITEM.MRG_022.png	9f721c82b6286c2e686ac0338f8c109ac89dd796fb0dda9a6d77aeb66cb068c9	format-pass	candidate RGB resized; exact original alpha	requires review	local-only; original-derived; no public distribution
ITEM.MRG:23	1b18f6dcf41638e24d453cacd9a968bb975a7db06302f61f3f79cefb79dbe039	workplace/re-img/out/MRG/ITEM.MRG/ITEM.MRG_023.png	ec593bf09946b6a17cf06d3561b81f8f30ba01bbddff34326cc54752881ea6bc	workplace/ai-hd/generated/1b18f6dcf41638e2-v1.png	4788390421bf0c382ad35b9f17779c6544d1efbfedaa5a1f7f1baf605410d45d	workplace/ai-hd/technical/full-theme/x2/MRG/ITEM.MRG/ITEM.MRG_023.png	2e78154984b050904b4f18b3e9c3c4182a520b74eef5dc2b4d4097c25ba7179a	format-pass	candidate RGB resized; exact original alpha	requires review	local-only; original-derived; no public distribution
ITEM.MRG:24	5912a700b5ab65a5d27bad1faac7e965fd750a6da94e74f80e000ff557b56312	workplace/re-img/out/MRG/ITEM.MRG/ITEM.MRG_024.png	d230b8606710e214ef899f4c4f99240257e475352174978d87ac83c886366f70	workplace/ai-hd/generated/5912a700b5ab65a5-v1.png	f6ad4b8aaf5010edd91661fa4e94887684252b606c95c3de658ff5df3f8a4098	workplace/ai-hd/technical/full-theme/x2/MRG/ITEM.MRG/ITEM.MRG_024.png	61132ee513a8155760f960fe9ee3656a2a4fad24d8017f97d4da88275f37773a	format-pass	candidate RGB resized; exact original alpha	requires review	local-only; original-derived; no public distribution
ITEM.MRG:25	733aaedec46332e2c6dda305d6a90465cedf6ef1712ed80814c33d1500499c7c	workplace/re-img/out/MRG/ITEM.MRG/ITEM.MRG_025.png	8be598e14679bf743a64e495a94263932208edd5d222f8ffac1b9d09f2b1e412	workplace/ai-hd/generated/733aaedec46332e2-v1.png	6b1dcffcccf6b7aeef638f29b324ec0b2d99305bfdd31701da02b21c26af6e09	workplace/ai-hd/technical/full-theme/x2/MRG/ITEM.MRG/ITEM.MRG_025.png	bbde632096e96c1398d4ac76f68784558b17c35f2a5cb3ce136ec947aa980f57	format-pass	candidate RGB resized; exact original alpha	requires review	local-only; original-derived; no public distribution
ITEM.MRG:26	162d931d39d956408aae1b68d75d05b2c615d070f2e7e560098915543f79cf80	workplace/re-img/out/MRG/ITEM.MRG/ITEM.MRG_026.png	0c15183d96d24846ea01503700e02901a88c3bbb7a6263054044c91e4956befe	workplace/ai-hd/generated/162d931d39d95640-v1.png	f6464f7a8b4b2f69a4ce71e45e76880e7a5684362bd2eb3ebefd887a66ce6b06	workplace/ai-hd/technical/full-theme/x2/MRG/ITEM.MRG/ITEM.MRG_026.png	38cfb44c13f6214a3e617becdea8c7c457453b1dd74de922135304c60e3cdb45	format-pass	candidate RGB resized; exact original alpha	requires review	local-only; original-derived; no public distribution
ITEM.MRG:27	ae4012a88b17b52537dc29af9fdaa2869b39673f538e4f3083589fc566abe51f	workplace/re-img/out/MRG/ITEM.MRG/ITEM.MRG_027.png	46f0a3c5a2aade761ef8c054f0cdf27ddbdbd41befa16506fdf1c1120088dd67	workplace/ai-hd/generated/ae4012a88b17b525-v1.png	e097ea60481a368d47dd78b280d3e722ee8ae48ef5471148766d7ace8776757f	workplace/ai-hd/technical/full-theme/x2/MRG/ITEM.MRG/ITEM.MRG_027.png	8c04f30b679d150e61055b6fc3c09bce98b88181c049d4d617403de7400617cc	format-pass	candidate RGB resized; exact original alpha	requires review	local-only; original-derived; no public distribution
ITEM.MRG:28	ce79d05a6d4fd364d60ddeefe6c673a23b004c1b98feffecb3086701a19c1438	workplace/re-img/out/MRG/ITEM.MRG/ITEM.MRG_028.png	7ddd2977df60a9c8afa3f10ee02cf5bd3abc0e951e02acacdadcb83073a86ed2	workplace/ai-hd/generated/ce79d05a6d4fd364-v1.png	6eb35f096927796a23c940de1e13874836147635ae19ee01b5ede696fa088170	workplace/ai-hd/technical/full-theme/x2/MRG/ITEM.MRG/ITEM.MRG_028.png	e6431f2807dcccbb465c1b0964ed142370543837e57b44f630db31342055ccc2	format-pass	candidate RGB resized; exact original alpha	requires review	local-only; original-derived; no public distribution
ITEM.MRG:29	9b8231b086e66b80e95ee61570f99816483f1d30913a6e791c236e5e94f15929	workplace/re-img/out/MRG/ITEM.MRG/ITEM.MRG_029.png	867ddd77c2aa4842d6a5de06d03cd93f0384215b2b4a913eec5f4b2304c7217f	workplace/ai-hd/generated/9b8231b086e66b80-v1.png	dfa6f667a63afb76db7eb5fa3327fed6a272d0ba7b410d6fe90f6fd006eaeded	workplace/ai-hd/technical/full-theme/x2/MRG/ITEM.MRG/ITEM.MRG_029.png	7197e21a7575465349e63c2462b79d7cb1629414b8ecb2a293fb103ffe0cfcf8	format-pass	candidate RGB resized; exact original alpha	requires review	local-only; original-derived; no public distribution
ITEM.MRG:3	f0255630a3bb2e1e396d9e8e995a97c6f8904062617db2b358bc20aae87cef0c	workplace/re-img/out/MRG/ITEM.MRG/ITEM.MRG_003.png	a25ab7e867521323c20f35afe4c91cfab8a361ce135f65fb82bc51270d2b3700	workplace/ai-hd/generated/f0255630a3bb2e1e-v1.png	3470eb5a620f0945c41181526a52a67718ff70e5389fcb61b2a73e36709f7dac	workplace/ai-hd/technical/full-theme/x2/MRG/ITEM.MRG/ITEM.MRG_003.png	f17cdcfab6b856049e881ff04897ebd8b45875d0fa31091c5668445bec948f43	format-pass	candidate RGB resized; exact original alpha	requires review	local-only; original-derived; no public distribution
ITEM.MRG:30	40446959e553dba1d817885cd54b6e3ed68b7ae3a8953f67c98a932cc50c46b7	workplace/re-img/out/MRG/ITEM.MRG/ITEM.MRG_030.png	49d9227aa036971919602759b6bd52c0777fbeed207ef71d6b3aec2ae675d921	workplace/ai-hd/generated/40446959e553dba1-v1.png	5c0701af0f72547a21c263d2697e2ea2a21ce57099df3b5c78756488e52de508	workplace/ai-hd/technical/full-theme/x2/MRG/ITEM.MRG/ITEM.MRG_030.png	176edf9fc380d1b61ce7013693869879a0704fb63f95485ba5c6ac163b0e51ff	format-pass	candidate RGB resized; exact original alpha	requires review	local-only; original-derived; no public distribution
ITEM.MRG:31	2694b4f370c73b29128133e197cf90930b22c768246bc8341936d1988eff9b8d	workplace/re-img/out/MRG/ITEM.MRG/ITEM.MRG_031.png	5dc84771eac7ef680833de7aec24405db2b087dff50ecf338fb23647aa726b82	workplace/ai-hd/generated/2694b4f370c73b29-v1.png	17dbe01b24ec99bb909a8d6d36690220c0837d54ed7bea31508ae371e79172ec	workplace/ai-hd/technical/full-theme/x2/MRG/ITEM.MRG/ITEM.MRG_031.png	39cead5181278a55e4b853e4d3bc514bfd34f2ad4b7ad191b535f3f7f3978cbb	format-pass	candidate RGB resized; exact original alpha	requires review	local-only; original-derived; no public distribution
ITEM.MRG:32	93886d06ccaf6738ffa8917f352cbf8a2d08c9be96f29f1819c00ce739b12ed9	workplace/re-img/out/MRG/ITEM.MRG/ITEM.MRG_032.png	5e6401c3f5f876cb7a642cb1d8ee6174e7d0efb15b9c15edf6849df965970cf4	workplace/ai-hd/generated/93886d06ccaf6738-v1.png	1f166b602272f813b77eba816f9d48853587112c68c890700854174c17cab406	workplace/ai-hd/technical/full-theme/x2/MRG/ITEM.MRG/ITEM.MRG_032.png	50d6ef94aa82ef39cec4be9ad99321b91409d9a762d460ab9ea61c0643909338	format-pass	candidate RGB resized; exact original alpha	requires review	local-only; original-derived; no public distribution
ITEM.MRG:33	288ccf74e9485d74bc5c267f312e04831e659430c63a1a15764253613af847be	workplace/re-img/out/MRG/ITEM.MRG/ITEM.MRG_033.png	8015614d3ec391032f339217c8b962a77b052f10007fe0e55fcd3a02010605ce	workplace/ai-hd/generated/288ccf74e9485d74-v1.png	3b0491b3876cecbc891b0df2ae18f4bc063bf74975943d88488f049ee64e928b	workplace/ai-hd/technical/full-theme/x2/MRG/ITEM.MRG/ITEM.MRG_033.png	b8db727e0791b1395d9b090047beb87d51b613a27f2942ff7ce6d5152a7c25c0	format-pass	candidate RGB resized; exact original alpha	requires review	local-only; original-derived; no public distribution
ITEM.MRG:34	33457cb860e52790f1ac1660ad574e2b6f76c86fc7d2602e8fb8e205263765d2	workplace/re-img/out/MRG/ITEM.MRG/ITEM.MRG_034.png	a71b122a61dd4babb024f3c9d3754456823290a4b06b9132bc56fa17544e4f7d	workplace/ai-hd/generated/33457cb860e52790-v1.png	9d929ec5011d19a4d852679c712bd77a7f0e13da8bca63f093112c7ecc0656c4	workplace/ai-hd/technical/full-theme/x2/MRG/ITEM.MRG/ITEM.MRG_034.png	5bfc1a4c22ceaf1a1d34134712220b73b184707c26ae79666abeda40d60045e2	format-pass	candidate RGB resized; exact original alpha	requires review	local-only; original-derived; no public distribution
ITEM.MRG:35	96c7c02ff6d72d9803e4e87929165a668fcb7790a07acbc27a72d2b242e2e6b6	workplace/re-img/out/MRG/ITEM.MRG/ITEM.MRG_035.png	d08f268d24d4a0693b178c546125744b2dc686530f6afbc98635b0ec61af2617	workplace/ai-hd/generated/96c7c02ff6d72d98-v1.png	7996d99dfb23cfbf1400812134b1fc04d5e31c04aeacba34a29c2b89e419033e	workplace/ai-hd/technical/full-theme/x2/MRG/ITEM.MRG/ITEM.MRG_035.png	a68f780b48853216841f365718d3fb0d399362d0b7f66a64b73924a4dbda8ed3	format-pass	candidate RGB resized; exact original alpha	requires review	local-only; original-derived; no public distribution
ITEM.MRG:36	c58e2e13b8e2d08ecc0bd0531ad7a2a6b52d658a711b1a0087d55756219ab831	workplace/re-img/out/MRG/ITEM.MRG/ITEM.MRG_036.png	45936fb7c6f7955bdbd77342022c929d4faf2da15852e34126aacf7b23e267f5	workplace/ai-hd/generated/c58e2e13b8e2d08e-v1.png	f8780eaec9a4817967f3964b8c88e80de943ca125d4291aec04769ceacd2f85d	workplace/ai-hd/technical/full-theme/x2/MRG/ITEM.MRG/ITEM.MRG_036.png	df6ae7420c2b0e626d5b1ab2422d6089e54789360d33953b020f307400e40776	format-pass	candidate RGB resized; exact original alpha	requires review	local-only; original-derived; no public distribution
ITEM.MRG:37	56173550ec61e168ecf4915c38111cec4c53df98925a55f1b7b5f5d37f92b81d	workplace/re-img/out/MRG/ITEM.MRG/ITEM.MRG_037.png	c4f5b01321e2126cedec3612506bce28137b017ee29d73102446f28a0a8b250e	workplace/ai-hd/generated/56173550ec61e168-v1.png	b2edbec5bbfc8e7ca4fd74f3ea1416d4db838aa3be120ca76f64a9f95ac0fffc	workplace/ai-hd/technical/full-theme/x2/MRG/ITEM.MRG/ITEM.MRG_037.png	fd59a2b615ca2831dbaf58b9c5fc130370fce471f87698eabe5d93b78ad4a6cd	format-pass	candidate RGB resized; exact original alpha	requires review	local-only; original-derived; no public distribution
ITEM.MRG:38	1d5c5c79b948663fc09b7a9e33c08ec8f9ad954c58fe3fd94dd604a5d1bde7ec	workplace/re-img/out/MRG/ITEM.MRG/ITEM.MRG_038.png	5279a92ff8aec6cccf881868c78c3e4e225d7e04ddf8b93bcbc3a3101a859589	workplace/ai-hd/generated/1d5c5c79b948663f-v1.png	0722741707b569eff98e57ad90eea4a9214544aba21c2d327c329d5527f8d1ec	workplace/ai-hd/technical/full-theme/x2/MRG/ITEM.MRG/ITEM.MRG_038.png	4c2c3f66a4dab400fa559920bbcdb453f00418e26b3cf1e995c676a6297a934e	format-pass	candidate RGB resized; exact original alpha	requires review	local-only; original-derived; no public distribution
ITEM.MRG:39	bc944fce467afbf99807e0adef461b89d0f71f4d15c42293ee11b1713761bf47	workplace/re-img/out/MRG/ITEM.MRG/ITEM.MRG_039.png	581f464bfbd2a53e3e0e9d568aa65e1ae478754b6d055afec1919978218f3c25	workplace/ai-hd/generated/bc944fce467afbf9-v1.png	cee9051fd607166f148774bf01c91495fc7efb755dfcee1664e58aa2694bf511	workplace/ai-hd/technical/full-theme/x2/MRG/ITEM.MRG/ITEM.MRG_039.png	8412facbab0b4c9069de5650f9a9cecf1f43953b4cddffc0644ffc9444818ddf	format-pass	candidate RGB resized; exact original alpha	requires review	local-only; original-derived; no public distribution
ITEM.MRG:4	0ecaee1482bad5f067c3b491cdc5d81f4af40ae547c574fbcb33bd6c4548c933	workplace/re-img/out/MRG/ITEM.MRG/ITEM.MRG_004.png	9689ff6f25b133c4ab29c6600ccd8d75270543fb0107c43aef5d5e6cb77366a3	workplace/ai-hd/generated/0ecaee1482bad5f0-v1.png	929396f6ed930e5659b6a98fa5241f7fc0d0a8081e0090cba81ca9f224240d1b	workplace/ai-hd/technical/full-theme/x2/MRG/ITEM.MRG/ITEM.MRG_004.png	7a889f876b35133141ae5a557fd7746605e95182d24a38ec2a88e48433e00cb3	format-pass	candidate RGB resized; exact original alpha	requires review	local-only; original-derived; no public distribution
ITEM.MRG:40	bdc5098514c26e99d2a72790e06c59aa873dfb0124f50a767fdf34f87a16d49e	workplace/re-img/out/MRG/ITEM.MRG/ITEM.MRG_040.png	855304393fbccc3c4a4905a537bc33b7c254b32249ea36e6717fddb92519c759	workplace/ai-hd/generated/bdc5098514c26e99-v1.png	7330a947aaf1ec9ce1d0806d69fe02e3b1e0cca47094680cc15435786e7be950	workplace/ai-hd/technical/full-theme/x2/MRG/ITEM.MRG/ITEM.MRG_040.png	852b0408b31c12e121dde0f08d537116cd91f58278cda03c1cbd79bb92a0d165	format-pass	candidate RGB resized; exact original alpha	requires review	local-only; original-derived; no public distribution
ITEM.MRG:41	fdcb01ae6b350de88fbefb05dbb2e7343f7c9b4643ac7c842ffebdcf4f5d4bcf	workplace/re-img/out/MRG/ITEM.MRG/ITEM.MRG_041.png	c4f1127095f0f9ec0822d556b8414a70d0a350a054b3df55e5e89530e9ee67fa	workplace/ai-hd/generated/fdcb01ae6b350de8-v1.png	330fee09797585935778270f8f2d03d82ee8ead9356e4891e428227b8be35d63	workplace/ai-hd/technical/full-theme/x2/MRG/ITEM.MRG/ITEM.MRG_041.png	bdcce6ce261a442b0529781dc13d1fabc87662c32716a10f51d1e67d5c496292	format-pass	candidate RGB resized; exact original alpha	requires review	local-only; original-derived; no public distribution
ITEM.MRG:42	6793eefecd9c08d22b3c65caa8aa972f215b33bf24a653f18c5860f482377c37	workplace/re-img/out/MRG/ITEM.MRG/ITEM.MRG_042.png	b40e77026acdb2cd27290b5819e4f838f660b8e2008b279743c625d2f6822647	workplace/ai-hd/generated/6793eefecd9c08d2-v1.png	fe239eb1e8db6910218e2b5e5c77aa3e6d28aefd6e5d87c1e7db5549a4faf1ae	workplace/ai-hd/technical/full-theme/x2/MRG/ITEM.MRG/ITEM.MRG_042.png	b7afdc7e7548096575e3c44c7ec51a63e1473269a90aaa5a3bb0d6eacc258c24	format-pass	candidate RGB resized; exact original alpha	requires review	local-only; original-derived; no public distribution
ITEM.MRG:43	a7025ae3e2705f5d1c95566e4e2e06e417e61d679c88f1d650d11298edff6ca2	workplace/re-img/out/MRG/ITEM.MRG/ITEM.MRG_043.png	cf55255a1b2628778c51adbd375b7a10121021de7fdc9bc1b5f59d9acc5f4f87	workplace/ai-hd/generated/a7025ae3e2705f5d-v1.png	f45750771ba9b89fbc7dac3ce453871d0f6ee0b06c9b86c939f61d2a13426478	workplace/ai-hd/technical/full-theme/x2/MRG/ITEM.MRG/ITEM.MRG_043.png	0c357bd6b6bb7c880212441d01ead5c04e835c7e9868f89b68aade3aeea80bc6	format-pass	candidate RGB resized; exact original alpha	requires review	local-only; original-derived; no public distribution
ITEM.MRG:44	f95cf5a9fff2deb23f3617abb0475d6391258f00d573fe9bef9ca1aab1d60ced	workplace/re-img/out/MRG/ITEM.MRG/ITEM.MRG_044.png	1e8c5caf850f4656b9014da69c6675bdb115481533379b9de05be0802e3f3228	workplace/ai-hd/generated/f95cf5a9fff2deb2-v1.png	d88eb0d34898b3129cdfd55b3b5106590997c7c72af30919c4ca6cd6f52f3553	workplace/ai-hd/technical/full-theme/x2/MRG/ITEM.MRG/ITEM.MRG_044.png	71c77f398901e8f12650a9ce3b103d75a46260c0b64f7f75965287ff2ae93b29	format-pass	candidate RGB resized; exact original alpha	requires review	local-only; original-derived; no public distribution
ITEM.MRG:45	9d3ef109b78f724aaa4a98614611280240e0dbd7643723151af3c7ad89b4d2f2	workplace/re-img/out/MRG/ITEM.MRG/ITEM.MRG_045.png	ccdf480e75aeaf2e6c9c83081c94b7bcfdb26e4edd61e1d6a52ee0f4c25d9654	workplace/ai-hd/generated/9d3ef109b78f724a-v1.png	5e98fa90fc006e033d87b1f317dd64a5f0c15ec5178c5b16710fde1920893f9c	workplace/ai-hd/technical/full-theme/x2/MRG/ITEM.MRG/ITEM.MRG_045.png	b13d6ef286a8740c93ad14715be09ddd1162a2bf801bde1bbbc70bf927abeb92	format-pass	candidate RGB resized; exact original alpha	requires review	local-only; original-derived; no public distribution
ITEM.MRG:46	ee65b4dec8ca337e6bcf246dd1309dda395fd4f6bed6fb3e5d014f41b2194cfa	workplace/re-img/out/MRG/ITEM.MRG/ITEM.MRG_046.png	a3e9885c43d6e7bd5b37afe86f6bc89628f360eb91abfff09d8b048f54305902	workplace/ai-hd/generated/ee65b4dec8ca337e-v1.png	9550ed41c6dc07c3a5cbb274000bb28eccd7491dd093124a24bb40ec664cad84	workplace/ai-hd/technical/full-theme/x2/MRG/ITEM.MRG/ITEM.MRG_046.png	a5f12fef2eb212f4138cf717b6b8b8ba2e45931ced705f590f9c0f954dc0c10b	format-pass	candidate RGB resized; exact original alpha	requires review	local-only; original-derived; no public distribution
ITEM.MRG:47	d77ca8f4a4b210ecef80e224f8d242c46168432ea81c7dd11621fca8e09351b6	workplace/re-img/out/MRG/ITEM.MRG/ITEM.MRG_047.png	d90c65738b73d11b728588195ec328cf07af1e7c0d30b7ae36f3cc13c2e3b1d9	workplace/ai-hd/generated/d77ca8f4a4b210ec-v1.png	17b9de1a7dccd433c6c745ef1feb72ff9f00f1962050ae04d9b5064e98eb7e83	workplace/ai-hd/technical/full-theme/x2/MRG/ITEM.MRG/ITEM.MRG_047.png	e215175a87cdf447d7c51374e737add5a04f0a84139ff4fe02fae37c1dc724f1	format-pass	candidate RGB resized; exact original alpha	requires review	local-only; original-derived; no public distribution
ITEM.MRG:48	ec2f108c883346047b6d881e24c43c903a8ba3628f205d0ca3a33ca346bd1bd8	workplace/re-img/out/MRG/ITEM.MRG/ITEM.MRG_048.png	d057947ea549d8c5585ca26400efa372b1e85f6d8e099fee464e46586a64fc4c	workplace/ai-hd/generated/ec2f108c88334604-v1.png	df0f023f595d005f40b7b8dced97c70109b1d4892c93ae16f0cc43073522de22	workplace/ai-hd/technical/full-theme/x2/MRG/ITEM.MRG/ITEM.MRG_048.png	a17f90cb5c54c761b521062dfc89882fb32e9e3aaefea931978342a5f25cfa86	format-pass	candidate RGB resized; exact original alpha	requires review	local-only; original-derived; no public distribution
ITEM.MRG:49	3870201803933914694d98b77b298dec210dc7863dce8b361efd33bae40d0c7d	workplace/re-img/out/MRG/ITEM.MRG/ITEM.MRG_049.png	d440e294b2c83b40d68d111f0e04cfea9c6ec44a80b4f26dc14bd0d9da8b9fee	workplace/ai-hd/generated/3870201803933914-v1.png	ed50dcba5f07ee138db6a80548d326998a5a2f00eeeb0d4d8b01f1480281dc54	workplace/ai-hd/technical/full-theme/x2/MRG/ITEM.MRG/ITEM.MRG_049.png	962d1bc6fc36966ff43354f5681f871b792ec5a09aa7d47d63f7dfd4c34d13c8	format-pass	AI item icon with exact accepted HD lettering rectangle	requires review	local-only; original-derived; no public distribution
ITEM.MRG:5	bfb1126c673c0bf53a2ebc395266ff21aa3633d8fbd4a111b23d561a352a8285	workplace/re-img/out/MRG/ITEM.MRG/ITEM.MRG_005.png	6106cde5ed84ec2df433aeaf94111a07bc3b44e56184177acb46eb6832b00251	workplace/ai-hd/generated/bfb1126c673c0bf5-v1.png	c1c2ac297a37067d0525bfdf28dbec7ad327591735e7a7bf0f23cf411dd4e017	workplace/ai-hd/technical/full-theme/x2/MRG/ITEM.MRG/ITEM.MRG_005.png	1d89ba76b1800332f061f3c2c3fe1e243c56359c089e6e071640346adc427677	format-pass	candidate RGB resized; exact original alpha	requires review	local-only; original-derived; no public distribution
ITEM.MRG:50	9375ba60d4b2d0b0852990dfe07ad1892c0676ab4e27f0838aa94f7d9459eef5	workplace/re-img/out/MRG/ITEM.MRG/ITEM.MRG_050.png	f1d53486e4ff21de388555dea072ad62da24814dad2c5a6b75283c955fa30347	workplace/ai-hd/generated/9375ba60d4b2d0b0-v1.png	998b9ca5eea9c94580c0e86e5a04064497758219951f775c76f598505a3169ca	workplace/ai-hd/technical/full-theme/x2/MRG/ITEM.MRG/ITEM.MRG_050.png	72f034051443b03fc4238e1ef2c3212a5566f7375f0a3a9bd70b31e7c94a812e	format-pass	candidate RGB resized; exact original alpha	requires review	local-only; original-derived; no public distribution
ITEM.MRG:51	720c66b2c74301fd6e549da6b1e2232af2d1d77a5e30fc7d11791be1ed47d9ef	workplace/re-img/out/MRG/ITEM.MRG/ITEM.MRG_051.png	a24f3582ae0248c918d7c9db201dcda471f55d8b8f58b5ea75c9802a2e5ef0aa	workplace/ai-hd/generated/720c66b2c74301fd-v1.png	095b242653b9fb3dfef77aff3d66a7a617e0c28a1b61ead4c0cb920c3d5d048c	workplace/ai-hd/technical/full-theme/x2/MRG/ITEM.MRG/ITEM.MRG_051.png	da4dde7cb654bef44a1ac7386b9b1cfdc1b43d9d1fcf212e367b87abd0f27591	format-pass	candidate RGB resized; exact original alpha	requires review	local-only; original-derived; no public distribution
ITEM.MRG:52	6ea2121a88bb23cc6a50300dc6a6a90a11002a2185a2f719c50c82e74c367274	workplace/re-img/out/MRG/ITEM.MRG/ITEM.MRG_052.png	d2ea3dac138d234a347624591e9d2a27e4afb8b38b67023a973c120323576f7c	workplace/ai-hd/generated/6ea2121a88bb23cc-v1.png	9c855c6bdf9cc2a86253c77daba468304f0e4d966acfff32a957430a16bbeb7a	workplace/ai-hd/technical/full-theme/x2/MRG/ITEM.MRG/ITEM.MRG_052.png	4ec5878268a2909e20fd2dc5fa2102f84a98f816664a1ca8b88f911d7d70d2e7	format-pass	candidate RGB resized; exact original alpha	requires review	local-only; original-derived; no public distribution
ITEM.MRG:53	85dc2ba4d646767dc07e3a462b883e541a1228f16a05c509dc81b63c9511a878	workplace/re-img/out/MRG/ITEM.MRG/ITEM.MRG_053.png	7d5123cd637ba0c83f1327ffb733d2a105cce2be5ed57f660be9d87096f60ae5	workplace/ai-hd/generated/85dc2ba4d646767d-v1.png	bb333b5af6541caed31ca50f0f6cf564576c3607262bcf53b29998e19a3d8754	workplace/ai-hd/technical/full-theme/x2/MRG/ITEM.MRG/ITEM.MRG_053.png	83dd744ab43a7d02089b8b0397bfba83ada6be7f08e7e9b34f4379bdff7e9a9c	format-pass	candidate RGB resized; exact original alpha	requires review	local-only; original-derived; no public distribution
ITEM.MRG:54	4fb22f2f8a328ddc3700ed8ccab71d05fed2e0047978e79ebb152d6dd206489f	workplace/re-img/out/MRG/ITEM.MRG/ITEM.MRG_054.png	05da42ffe8bb49497a77f93de960dcd8342e2649f85e0ef2ebcb01e0761fa9d6	workplace/ai-hd/generated/4fb22f2f8a328ddc-v1.png	e6499f8ed69e83c590defc9e4ee7a94e01bdd06a3d2219b03d8d77c5221057a9	workplace/ai-hd/technical/full-theme/x2/MRG/ITEM.MRG/ITEM.MRG_054.png	8bd4b027f70861711605ffe11e7a7c1d327e457317011829b181bdca3fbbd552	format-pass	candidate RGB resized; exact original alpha	requires review	local-only; original-derived; no public distribution
ITEM.MRG:55	f708cb8c6b768403652d992443b9a006809d0ac4d3171ce3a7f05a652a7e72e5	workplace/re-img/out/MRG/ITEM.MRG/ITEM.MRG_055.png	2fd73040c3c4eddbffd01195e9412cfea6d0292aea41731e234743ceefacc499	workplace/ai-hd/generated/f708cb8c6b768403-v1.png	4b8b2f5b61080c63bd32b46f0a79b4bfdb820bfbb2867fd7339d1b498ce01f5e	workplace/ai-hd/technical/full-theme/x2/MRG/ITEM.MRG/ITEM.MRG_055.png	bb9b50f09e910136e592a71cbf4782d6f486f47464060da3346bb9c5bdbb2436	format-pass	candidate RGB resized; exact original alpha	requires review	local-only; original-derived; no public distribution
ITEM.MRG:56	62a1bf24149a0d23f31625b68af4c5f5eaa9d94e0f6c32cb53885af655046bc7	workplace/re-img/out/MRG/ITEM.MRG/ITEM.MRG_056.png	cb9d32ced416f3813f1cb8e09fe3e145783d29189a580e74daca82043f174dec	workplace/ai-hd/generated/62a1bf24149a0d23-v1.png	fff0d95973514bf41ab3944c512fb18ccd807e902142560799c75dd7b8e0ea41	workplace/ai-hd/technical/full-theme/x2/MRG/ITEM.MRG/ITEM.MRG_056.png	97c89db15f10d712450966af6a528ffa776fddb0646e6a65b6a1e0df189aa65b	format-pass	candidate RGB resized; exact original alpha	requires review	local-only; original-derived; no public distribution
ITEM.MRG:57	15f4e081b64a603dcc769f288d0f0fedafb132785c3ace3ea563a621704f644e	workplace/re-img/out/MRG/ITEM.MRG/ITEM.MRG_057.png	b10dfb880de56d2f0b264f586933b8a16b0f33dedb00bfdc5312d2a05c4c5fc0	workplace/ai-hd/generated/15f4e081b64a603d-v1.png	37dd2a22e0dbea64978087a765ebb712a94df217c675892cee0a318f07ee9977	workplace/ai-hd/technical/full-theme/x2/MRG/ITEM.MRG/ITEM.MRG_057.png	5673fa656b4c2f65792f8784b51a28e837ba01110fa20908f889f60cc27825a5	format-pass	candidate RGB resized; exact original alpha	requires review	local-only; original-derived; no public distribution
ITEM.MRG:58	d778dcef7fc9db15fd47bdcfa871812fd82dc35b1723b14cf9ac87cc89c0d0cb	workplace/re-img/out/MRG/ITEM.MRG/ITEM.MRG_058.png	f50a623a6ded88a049b9423a9834cbee7367099f78416bf53df5f1097b96d669	workplace/ai-hd/generated/d778dcef7fc9db15-v1.png	af9481a1ea92b959b55a077c3a318e34b0514fb225e449d716a668961b1d14f6	workplace/ai-hd/technical/full-theme/x2/MRG/ITEM.MRG/ITEM.MRG_058.png	97db460cd878c0ba68e7768a7f497179bbed01b2f8a0ad8e2cb7e9f1ed6068d6	format-pass	candidate RGB resized; exact original alpha	requires review	local-only; original-derived; no public distribution
ITEM.MRG:59	eb1796c5100a69463ff18ac17bb04663b4f4015cc2fbdd6e6024a41227e4ab72	workplace/re-img/out/MRG/ITEM.MRG/ITEM.MRG_059.png	f068b2cb1a63dd537e8eaa1cf348bc186332afdb492bd9f084842548375735ab	workplace/ai-hd/generated/eb1796c5100a6946-v1.png	8728b754042babc98f7c1e131ff52eecb1ec912d36e2ffde65f122169a46f18a	workplace/ai-hd/technical/full-theme/x2/MRG/ITEM.MRG/ITEM.MRG_059.png	2b65c27858c55d936710c91b1a6c7010f6f895f5f1902d7ccfda4f820e09cac3	format-pass	candidate RGB resized; exact original alpha	requires review	local-only; original-derived; no public distribution
ITEM.MRG:6	d4608752c9871120034c2ed4387c81a6afddbf1aae3d8692123d0779bc4b8238	workplace/re-img/out/MRG/ITEM.MRG/ITEM.MRG_006.png	f4a057cf2cff098c6a800bac5f4168ce84084835ba018389700ebfb9cd975676	workplace/ai-hd/generated/d4608752c9871120-v1.png	c1b3668283c83430e53ab42d96a2794020fc1ae5477ce8dbf4ea55153f13397a	workplace/ai-hd/technical/full-theme/x2/MRG/ITEM.MRG/ITEM.MRG_006.png	aa8e9939e55259717cf7e559a363e3bbc3a268b1f48896b1c0b16c724dd75f72	format-pass	candidate RGB resized; exact original alpha	requires review	local-only; original-derived; no public distribution
ITEM.MRG:7	d34b41301d9804de10e616f33ec686eaa899a2c2b02e70a7d37a158b7d5a5e0d	workplace/re-img/out/MRG/ITEM.MRG/ITEM.MRG_007.png	50064263de395945e2fc6bbb3ecf6a53d9566e94b842dc14762b66c3e8afdc15	workplace/ai-hd/generated/d34b41301d9804de-v1.png	7643ddcc4742bf2e5ea1a66594137b19c507dcda5ddb9e6f1fa0a1b99d27bfb4	workplace/ai-hd/technical/full-theme/x2/MRG/ITEM.MRG/ITEM.MRG_007.png	f13d7015db7f94ae2f4e18a148060f8bf675f390fe207da676c2e7ffc7a9e5b8	format-pass	candidate RGB resized; exact original alpha	requires review	local-only; original-derived; no public distribution
ITEM.MRG:8	9348d3ba188636f1d086ab41c7552637b8b210694b5051a1cfbcd0e225cabdff	workplace/re-img/out/MRG/ITEM.MRG/ITEM.MRG_008.png	abff0e409f9342b7e96c1f7b846eda0d1ec709834f825a9428ba93323475ce8a	workplace/ai-hd/generated/9348d3ba188636f1-v1.png	53256759b5729b9452406386ac67cf0b12c93ac8d0e698a82260b4f44cea984a	workplace/ai-hd/technical/full-theme/x2/MRG/ITEM.MRG/ITEM.MRG_008.png	6605ccfa5c494994fca9c6896888505bc1e99919f44ca1d04d245fbc46355d6d	format-pass	candidate RGB resized; exact original alpha	requires review	local-only; original-derived; no public distribution
ITEM.MRG:9	1b3273c8382f1340e7d9cc8a494eba5828dc979b74c923213a62ff378aafc677	workplace/re-img/out/MRG/ITEM.MRG/ITEM.MRG_009.png	918a299a4ae97f19f1e270be0e4d196684dfb8122bf2f1d3c7d15e31bab3bf45	workplace/ai-hd/generated/1b3273c8382f1340-v1.png	1cc5596cf02d68e8e30311bc4bd5f6e3e8d3ede6ed9466a458a5e772ac35a24e	workplace/ai-hd/technical/full-theme/x2/MRG/ITEM.MRG/ITEM.MRG_009.png	22a6e54c0c3dd2f09da20efece84776d167d349ec931b7f603232cf2e8cb32a9	format-pass	candidate RGB resized; exact original alpha	requires review	local-only; original-derived; no public distribution
KOMA.MRG:0	3d6ff314231a6a14bd8df5497e8a0786350ce10d02d4bcda8746c25881f082ea	workplace/re-img/out/MRG/KOMA.MRG/KOMA.MRG_000.png	2001aec722254abd6fea9ce7d33e7be6c085f755fadc589c221bdc5644427e98	workplace/ai-hd/generated/3d6ff314231a6a14-v1.png	702226fecc9ea10a66d0cdd8ee9eeb767bbf20b7d75c8ae84e81e4aa876f5605	workplace/ai-hd/technical/full-theme/x2/MRG/KOMA.MRG/KOMA.MRG_000.png	14806da3610445f8f09cb91aa6528086a2ab476c6006f6f39f104841662694e2	format-pass	candidate RGB resized; exact original alpha	requires review	local-only; original-derived; no public distribution
KOMA.MRG:1	cb0788646e078ae141efd6dfd78abb89d40fccb6771716c65e07553850baca5d	workplace/re-img/out/MRG/KOMA.MRG/KOMA.MRG_001.png	892d52c0848dcd393e8011b90866371e461e6397d1704b0e7c819aac75b90ce7	workplace/ai-hd/KOMA001-candidate-v1.png	ea929a5d0c309952196b1e3e49ef3a6906b5c6406152a7404d79c4b1e86e6cec	workplace/ai-hd/technical/full-theme/x2/MRG/KOMA.MRG/KOMA.MRG_001.png	7d02df6b5a2b48c1055094069deba1911388d79fffaded775e81cd423f341d0c	format-pass	candidate RGB resized; exact original alpha	requires review	local-only; original-derived; no public distribution
KOMA.MRG:10	2a2acc1ecb5fc26ff8dcbb25b5c7500d705249196b83e6e2ed96f888ee88185e	workplace/re-img/out/MRG/KOMA.MRG/KOMA.MRG_010.png	2fcd65e80b0f9cdbc2e65e4817852f451fe313ffab630cf8fca47ccad76ab6c9	workplace/ai-hd/generated/2a2acc1ecb5fc26f-v1.png	962e649f080a1bbdbff47a31953e5eefa8776823a98af0579a35417c909ae650	workplace/ai-hd/technical/full-theme/x2/MRG/KOMA.MRG/KOMA.MRG_010.png	0a70f948fbbdaf61bf122e196ce37c0544bd98f10747e15ca9e2af8ed7e27357	format-pass	candidate RGB resized; exact original alpha	requires review	local-only; original-derived; no public distribution
KOMA.MRG:11	5fb709fa126ceff16d9e86ac9a3b66413460bb1d23190b7974f8aac1dcb18588	workplace/re-img/out/MRG/KOMA.MRG/KOMA.MRG_011.png	7a3b029d17094b8474a83180fd25f54fb089cde6d24f01930daec24d3fe68395	workplace/ai-hd/generated/5fb709fa126ceff1-v1.png	1c340cf685e508cb494673b8e314f1828171ce33a0b26e4c2e6c65a7303e75b2	workplace/ai-hd/technical/full-theme/x2/MRG/KOMA.MRG/KOMA.MRG_011.png	0c48adebf3234f322c6565bb8c4679042407d2e5a03e639236c3d195f318f8bc	format-pass	candidate RGB resized; exact original alpha	requires review	local-only; original-derived; no public distribution
KOMA.MRG:12	6f86f9541c49da52d20f89eb460f61885eb76e1ecede8f093a9db2890bb2ed75	workplace/re-img/out/MRG/KOMA.MRG/KOMA.MRG_012.png	425a501c47337435d9bb12006fcf9e9711661748173f566ecd5c65d4c153ab80	workplace/ai-hd/generated/6f86f9541c49da52-v1.png	bbef46742182a0994441b50111ab3159f3a2495db751b49e510ba11a140467e1	workplace/ai-hd/technical/full-theme/x2/MRG/KOMA.MRG/KOMA.MRG_012.png	980a8df8056fda9e708bdfac8fc68b94c07635ee4e576815b0dae173de0f6671	format-pass	candidate RGB resized; exact original alpha	requires review	local-only; original-derived; no public distribution
KOMA.MRG:13	1b1735a4605a0c32ee87a221dd9984bb1bfc9a74a38bf4fa19243452d2d01ed4	workplace/re-img/out/MRG/KOMA.MRG/KOMA.MRG_013.png	4e5ed9d54f0e2950d34b3d1dc05e1609b14e0209d84f139c2f7a4472dd176029	workplace/ai-hd/generated/1b1735a4605a0c32-v1.png	8a06e4e5eb996bd04a0393f6710228aad38c2e963e07feba64cf548b16b96539	workplace/ai-hd/technical/full-theme/x2/MRG/KOMA.MRG/KOMA.MRG_013.png	d11837a2c51fb0381f145a967a7f17a8704911f14ddd37f236cbb12e0b029436	format-pass	candidate RGB resized; exact original alpha	requires review	local-only; original-derived; no public distribution
KOMA.MRG:14	5c081f4c611210b48f7010461a3e042c6f7a7bb7d147f8aced2a3780f7a6c819	workplace/re-img/out/MRG/KOMA.MRG/KOMA.MRG_014.png	07c2e11492115ea9f864ba231fa690d15962ec9e25b77bb5cdb0bbae796dd3b7	workplace/ai-hd/generated/5c081f4c611210b4-v1.png	814ad09af010275b391bef48c3c0537611e39dfca27519e7e20777efb040bd89	workplace/ai-hd/technical/full-theme/x2/MRG/KOMA.MRG/KOMA.MRG_014.png	fe7ae6ed52dac6de9bdcc1a5101e71c5f5cecffe0676044b6390f83bc5c308fa	format-pass	candidate RGB resized; exact original alpha	requires review	local-only; original-derived; no public distribution
KOMA.MRG:15	7f51b3f83774d7ced40f43a50f449c94148b127da74eeceaf7fbde6a3e562012	workplace/re-img/out/MRG/KOMA.MRG/KOMA.MRG_015.png	89c17af565130af8c7cf7c705ba9c824917c933266dd2b6f28e90a98ce7c9f09	workplace/ai-hd/generated/7f51b3f83774d7ce-v1.png	71321e0c053d0cb2fa39c15436677b633c04d5cf8880de7e89deb78e4e6c3c5b	workplace/ai-hd/technical/full-theme/x2/MRG/KOMA.MRG/KOMA.MRG_015.png	87662632dc947fe673e39f4aa550ce16b6dece4afb7d45041e4f108f3c6564a4	format-pass	candidate RGB resized; exact original alpha	requires review	local-only; original-derived; no public distribution
KOMA.MRG:16	480c1e68102eb4b59444d8e930ab6ac751becae3ff377f34bd8d14005a6e7a39	workplace/re-img/out/MRG/KOMA.MRG/KOMA.MRG_016.png	0aa2ba3285ad4f87297ba1e4aaea6de608c01bcc96aa1f953738eda82f6fdb03	workplace/ai-hd/generated/480c1e68102eb4b5-v1.png	12199e73813615b077261c83a9ae6a386a29b1e5851ff334d0fc63aa9d0cf5c1	workplace/ai-hd/technical/full-theme/x2/MRG/KOMA.MRG/KOMA.MRG_016.png	06a492bbba8e654740638759a4f558b64a3183190b0f89540df266b652bdecdd	format-pass	candidate RGB resized; exact original alpha	requires review	local-only; original-derived; no public distribution
KOMA.MRG:17	dc9078c36a91b4f1fb0201dfe4bf631354fa49da959c9192b758ab651d66138f	workplace/re-img/out/MRG/KOMA.MRG/KOMA.MRG_017.png	a5d81ca856118167812a876c9c3bb35730656e3211bc4fbe4d32faabf7b2b92c	workplace/ai-hd/generated/dc9078c36a91b4f1-v1.png	2cdb012383ce90d6f3764224ef12a7758a9b92ce686aa0751cf50a2c15a802e7	workplace/ai-hd/technical/full-theme/x2/MRG/KOMA.MRG/KOMA.MRG_017.png	1534e7b0cc9494c01c01b755ac0cb187d6a733478ab39c361c0a90ce26a1a436	format-pass	candidate RGB resized; exact original alpha	requires review	local-only; original-derived; no public distribution
KOMA.MRG:18	f4a96f09a3adfd5033833ad9e885cf77b53d0aef704fd516835a88ceb3e82df8	workplace/re-img/out/MRG/KOMA.MRG/KOMA.MRG_018.png	61dfe2976d880346444f29d010f389a13b3bc2bf3535391c366d4118c26d27d6	workplace/ai-hd/generated/f4a96f09a3adfd50-v1.png	8df9a70f6a9d5c0121f90e0d269e64ba8c1b74296bb64e433634bb1f85bb6caf	workplace/ai-hd/technical/full-theme/x2/MRG/KOMA.MRG/KOMA.MRG_018.png	5aac5440cfb73fe2fba840acdb37725c0033ff1199c07ac6969bb219adecf6aa	format-pass	candidate RGB resized; exact original alpha	requires review	local-only; original-derived; no public distribution
KOMA.MRG:19	d1d641acc3288d8085c83ea0e2bceeb778fdbc69d505c498b621682d546af7b4	workplace/re-img/out/MRG/KOMA.MRG/KOMA.MRG_019.png	f34c4ab2a82104b0d6a75bce59d2935ab5e00a89330528539e0ab299492eab60	workplace/ai-hd/generated/d1d641acc3288d80-v1.png	727b618ea39d4ccf44e5e0283a4e4c604464f23b5ceaacde4be3309b79d1c084	workplace/ai-hd/technical/full-theme/x2/MRG/KOMA.MRG/KOMA.MRG_019.png	828b3b94cf6a6353fb1701f98726beccd9bee4026eef073ad971752989af9c6b	format-pass	candidate RGB resized; exact original alpha	requires review	local-only; original-derived; no public distribution
KOMA.MRG:2	17242cd138b688587f874d4a3cc7e39f93784c017a6da59f231d457bd7396d4a	workplace/re-img/out/MRG/KOMA.MRG/KOMA.MRG_002.png	85c9d0490b47327a8ed09063a9a04aac509002744fa8042f29500ac0ae9ea935	workplace/ai-hd/generated/17242cd138b68858-v1.png	18f691604f897449c12b3f06c34d3203a80b5a4345af1ca60397b09d249f781c	workplace/ai-hd/technical/full-theme/x2/MRG/KOMA.MRG/KOMA.MRG_002.png	b52b40be6324a93f0449b1f15bbdec44624ae2868ec6f9a325d2436d01f6416d	format-pass	candidate RGB resized; exact original alpha	requires review	local-only; original-derived; no public distribution
KOMA.MRG:20	f44be18cb5d5097e5bd4fd99812b07d5ebfa4a5cb4cac0eb68ec243546e3f8ae	workplace/re-img/out/MRG/KOMA.MRG/KOMA.MRG_020.png	ac8df7c55ba87a9999cdaf704934ac77c3047fbe5068326a9f0fafddf2ede495	workplace/ai-hd/generated/f44be18cb5d5097e-v1.png	d743cc7ebecc2940f62b7f2265395cd24af46cd8f03efd4232e483c3fced793b	workplace/ai-hd/technical/full-theme/x2/MRG/KOMA.MRG/KOMA.MRG_020.png	5e504d607352a8b60febf974f7786997b09e210e913ceb80b2ecf17ee1cbe48a	format-pass	candidate RGB resized; exact original alpha	requires review	local-only; original-derived; no public distribution
KOMA.MRG:21	75f2e11d008f8c43b22bd75bc85cba771bf8fbf001e6f4b8b2e2d16ecd63c5a0	workplace/re-img/out/MRG/KOMA.MRG/KOMA.MRG_021.png	14a120db69ae58571407e940786546197ac6af77d31e49560920d9f699534c6c	workplace/ai-hd/generated/75f2e11d008f8c43-v1.png	d5e877845c22708338031a65faf635964680042a2ad6a6a349c42bc2f642ffe4	workplace/ai-hd/technical/full-theme/x2/MRG/KOMA.MRG/KOMA.MRG_021.png	4690ec15a9ae94a3f32fe7b169da808a66cfedf8dfb9f22ea556f3b85325f16e	format-pass	candidate RGB resized; exact original alpha	requires review	local-only; original-derived; no public distribution
KOMA.MRG:22	5f1e518eebdffbf72dd5d2fc3e42346b20ebbc4cf4a266a3447096451c6387b0	workplace/re-img/out/MRG/KOMA.MRG/KOMA.MRG_022.png	bef58f5df537c9100c748a6cdd5c47a8057f11abb4323feee890fdff0413cebe	workplace/ai-hd/generated/5f1e518eebdffbf7-v1.png	9dac44da9cecc9f94dec6bb0b5ce8dfc7f633dc89db11ce93bc7988cf10337ee	workplace/ai-hd/technical/full-theme/x2/MRG/KOMA.MRG/KOMA.MRG_022.png	589692fc5e24a591232854a74ccc50b46edb0b68db5b1ad1199aa9b9310ab413	format-pass	candidate RGB resized; exact original alpha	requires review	local-only; original-derived; no public distribution
KOMA.MRG:23	97f4ae386923e2214888f1d8aba116a18b62fd5a6bbb6e3759cd38c4cb21650f	workplace/re-img/out/MRG/KOMA.MRG/KOMA.MRG_023.png	ffd2dcc1e7c8e3734f00cba5a3b75e62c966daa1eb5f3355f016780edab4826f	workplace/ai-hd/generated/97f4ae386923e221-v1.png	37e14aee59e2f039e30b34ce91a0ceb962843ee2edcdfeffe8fa75e9d841a693	workplace/ai-hd/technical/full-theme/x2/MRG/KOMA.MRG/KOMA.MRG_023.png	b72da41fe1e529927acee5fa87a55cc0b466b651f38dbe8d2377f79010b54696	format-pass	candidate RGB resized; exact original alpha	requires review	local-only; original-derived; no public distribution
KOMA.MRG:24	551d1f5ae03470e3b8c1a67be3849d47254cb3fbf58ea4ad36885144aa9c1a0b	workplace/re-img/out/MRG/KOMA.MRG/KOMA.MRG_024.png	b3c9b93b2a8c110863b033bfebeb6f6f69b17afe6f82c32f52c719a97df8caad	workplace/ai-hd/generated/551d1f5ae03470e3-v1.png	7eb7b6addcd91bc3cbe691f3304cf81ba99cc060c941913ecaf66172916a12ab	workplace/ai-hd/technical/full-theme/x2/MRG/KOMA.MRG/KOMA.MRG_024.png	48649dfdf84ae2b851616313b09f0bfc6d63fcdcb372d0be4d685c6059a581a6	format-pass	candidate RGB resized; exact original alpha	requires review	local-only; original-derived; no public distribution
KOMA.MRG:25	00650ef07e054d4ea0e15954b3eb3e0a55c440cb05ee641fc726ed9d5eeaf3c0	workplace/re-img/out/MRG/KOMA.MRG/KOMA.MRG_025.png	749992035963e78c906ed231ed2c2681d7fcf31109e3f52ca8b0f5afd490980b	workplace/ai-hd/generated/00650ef07e054d4e-v1.png	139a17ab3c86c15e7f36a26c77d307cd5382228dc85bac1bbfb54f98ac6b1340	workplace/ai-hd/technical/full-theme/x2/MRG/KOMA.MRG/KOMA.MRG_025.png	e639d0f2c069132930da2ceba13d151ebc17e583dc08699e74679b049d4bf65b	format-pass	candidate RGB resized; exact original alpha	requires review	local-only; original-derived; no public distribution
KOMA.MRG:26	d80e3da6f18ae5a83e6f5908b269023ecf1039d58dd4d2a3990ba62e8e0f2d3c	workplace/re-img/out/MRG/KOMA.MRG/KOMA.MRG_026.png	2910c252489a24a9e5a1614f1350dafb49c1a26e4e804651fe24ea727640f280	workplace/ai-hd/generated/d80e3da6f18ae5a8-v1.png	a7ae36163cdefcdecb5a596b33d4244319734f283827dd320066b3df9677c899	workplace/ai-hd/technical/full-theme/x2/MRG/KOMA.MRG/KOMA.MRG_026.png	e1da95830e5f5d1de6ebfa9c0cb78f758660d44146e00ce4a194baac547d1650	format-pass	candidate RGB resized; exact original alpha	requires review	local-only; original-derived; no public distribution
KOMA.MRG:27	b0856f5dd5d37f8f57601fce15d957db796b99a638b10f498fdcd0c318366722	workplace/re-img/out/MRG/KOMA.MRG/KOMA.MRG_027.png	8e747aa84136a37f91a082fa801882a84c7f3a4fa72e213b3efc7fa894a2cc9c	workplace/ai-hd/generated/b0856f5dd5d37f8f-v1.png	c9037301cb80433e47d408ae75487f3581e5089f9f464836b34d395980c22e27	workplace/ai-hd/technical/full-theme/x2/MRG/KOMA.MRG/KOMA.MRG_027.png	e19f5c11d1ebacb7d1279aa2d08c33a914ff099a5fbd490728156d868f345610	format-pass	candidate RGB resized; exact original alpha	requires review	local-only; original-derived; no public distribution
KOMA.MRG:28	b2f1e7c1309b54fe3052287ca1e1334dd193ea3465c418fe400152f85ae5c734	workplace/re-img/out/MRG/KOMA.MRG/KOMA.MRG_028.png	7ab4fc0367934e8a1ad5d0c90664a14b64f3fcbc175a4ae10e29a582bef146bf	workplace/ai-hd/generated/b2f1e7c1309b54fe-v1.png	add083bc959fdbeff70b1585b29538605184a245ba74e0eaf306ee1246bdaebf	workplace/ai-hd/technical/full-theme/x2/MRG/KOMA.MRG/KOMA.MRG_028.png	2bfd2466833ee6798a4ddf24eebf8ae7995b54728166f9515d1b023cda177f22	format-pass	candidate RGB resized; exact original alpha	requires review	local-only; original-derived; no public distribution
KOMA.MRG:29	ed8d5e7ea3a0cb4cdbdd97705ed461fc5960c6b5fa61ba7d02158330e981c051	workplace/re-img/out/MRG/KOMA.MRG/KOMA.MRG_029.png	e023b4f2b79c11335fb870e3bf113a92e0ac3d8c9873b025c5e5702a61561c94	workplace/ai-hd/generated/ed8d5e7ea3a0cb4c-v1.png	bc203c8afc631b916bdb523b026f3566c862a94dfd1df17bf3bd32dabd6f9b50	workplace/ai-hd/technical/full-theme/x2/MRG/KOMA.MRG/KOMA.MRG_029.png	07edcd9510d3a175366572f6d0111b61a4f059823befdb9d7685459d6064c6a2	format-pass	candidate RGB resized; exact original alpha	requires review	local-only; original-derived; no public distribution
KOMA.MRG:3	17508bbad68f08ad0335c8717473d2c33f7fb80a2e4711dcf77ec818d637f02d	workplace/re-img/out/MRG/KOMA.MRG/KOMA.MRG_003.png	01247be5d5656e5bc9666b29bf0c375af5a6505742554cb19caf806f499f1fc2	workplace/ai-hd/generated/17508bbad68f08ad-v1.png	877eafd5ab738b9fad183cd3eac182dc0228759efa6bc73d0b03050f243b981a	workplace/ai-hd/technical/full-theme/x2/MRG/KOMA.MRG/KOMA.MRG_003.png	2ebba0d0e2b16b41c215cfda3c0f3ef7994c8c5a7312296a4e36b84b86355cc8	format-pass	candidate RGB resized; exact original alpha	requires review	local-only; original-derived; no public distribution
KOMA.MRG:30	7fe27cd6c34e8acbacf7e6606678e913e69855036186e0a8780ff2e0629fc73d	workplace/re-img/out/MRG/KOMA.MRG/KOMA.MRG_030.png	ec967b2ced58a3d5529d4c8ae80741fe380ec2cee1c3846c1c7b0be3577a4422	workplace/ai-hd/generated/7fe27cd6c34e8acb-v1.png	a37d5b5ad9a8e772d64a23a2c371fec931e6cc418e9c606b06953b49855c4d81	workplace/ai-hd/technical/full-theme/x2/MRG/KOMA.MRG/KOMA.MRG_030.png	0608ce7fe387fbfbe40eb1b54dcce442493042e9e7a2fe4a80638238bf771551	format-pass	candidate RGB resized; exact original alpha	requires review	local-only; original-derived; no public distribution
KOMA.MRG:31	d92fbdaabaacb3163f98b003035534b289da777dbb0a69b2b302fafa51726810	workplace/re-img/out/MRG/KOMA.MRG/KOMA.MRG_031.png	8f17994bb4784c9153829ea92dc91b8ecd89d7acc9e6d174a0a3330e96b2e31a	workplace/ai-hd/generated/d92fbdaabaacb316-v1.png	aa77de726194522e80b76c1884573c83f4f8d0e7bb065d31898d5e2ae17ff7ea	workplace/ai-hd/technical/full-theme/x2/MRG/KOMA.MRG/KOMA.MRG_031.png	69f9d10f145c0b36ec7ed02e2b1c1561a30d256a9df474c43f967bb9292aab60	format-pass	candidate RGB resized; exact original alpha	requires review	local-only; original-derived; no public distribution
KOMA.MRG:32	7cc98623c8736c93d4048138b1930fa4ff17464a6eddf7413e5bf7415d93c3ea	workplace/re-img/out/MRG/KOMA.MRG/KOMA.MRG_032.png	e03c1f94534ac81c88b0f9bd47fe30265463d2649733e8e99c1857bdcc0fc8be	workplace/ai-hd/generated/7cc98623c8736c93-v1.png	482b333493f89eb5fecdad1ce572510c9142ec73d81e173431183684a565eea8	workplace/ai-hd/technical/full-theme/x2/MRG/KOMA.MRG/KOMA.MRG_032.png	76a9eecea79d23dadbd373042e19f3e964fd5ef7d8f637306c60a6a6adc52ce6	format-pass	candidate RGB resized; exact original alpha	requires review	local-only; original-derived; no public distribution
KOMA.MRG:33	bbe13f0cb1c4ee64c5d6dafc839dfcaaf84dc955993857db5057c38c915d3801	workplace/re-img/out/MRG/KOMA.MRG/KOMA.MRG_033.png	9bb3ffb2ca43f7f0cb74afff72258ae23da3f6a80062a3a112013401f05853ff	workplace/ai-hd/generated/bbe13f0cb1c4ee64-v1.png	eb3ff7b7fd08b3cd797af1be1ef7da2bd43cd0b5e589cd08bd10047281a28daa	workplace/ai-hd/technical/full-theme/x2/MRG/KOMA.MRG/KOMA.MRG_033.png	09c999977b923f1d59fc8d773942e800970c10f4a347fa8ee6096b91a670e4ef	format-pass	candidate RGB resized; exact original alpha	requires review	local-only; original-derived; no public distribution
KOMA.MRG:34	ebb2d3fab122b913cd6be9b35172a3e8d29beae933c8b008bb00b9204f4bb778	workplace/re-img/out/MRG/KOMA.MRG/KOMA.MRG_034.png	519b610fb55480dea0c1f3f036582df0b5a409271b470e67ca4bc915800e14a7	workplace/ai-hd/generated/ebb2d3fab122b913-v1.png	9afef5df3e835d3239e360749fe7eb1b6887b368f4176b03dcd300fc591fdc74	workplace/ai-hd/technical/full-theme/x2/MRG/KOMA.MRG/KOMA.MRG_034.png	ac40822f3eb9590eb5d62bcb87731c5992da54f2287fad19cabfca3200ef8155	format-pass	candidate RGB resized; exact original alpha	requires review	local-only; original-derived; no public distribution
KOMA.MRG:35	f1c40ce9e455e3eea3847958304ddcea16c1558aeb1580bff59d20b353fdd72e	workplace/re-img/out/MRG/KOMA.MRG/KOMA.MRG_035.png	03c279d865c60d72f536653b6653d712a33b0b6742d279947791c92f68d6c00e	workplace/ai-hd/generated/f1c40ce9e455e3ee-v1.png	3493108e80a8fd2eabcbb13893bf778274ab595abd5380f58c9bef7e37046ce2	workplace/ai-hd/technical/full-theme/x2/MRG/KOMA.MRG/KOMA.MRG_035.png	5d8b1e8b39a732de3613f31c4da760584001fbba4301fa9db7c722c30cdbda2c	format-pass	candidate RGB resized; exact original alpha	requires review	local-only; original-derived; no public distribution
KOMA.MRG:36	56cea6f5c3b32db405eb148f38e20fabc1168c1570778d5416d71adb3eaeeaf8	workplace/re-img/out/MRG/KOMA.MRG/KOMA.MRG_036.png	f0d5b14faafedb810f8b3df6e83d77208b77b8e4e6a43646446db18b2e6284e5	workplace/ai-hd/generated/56cea6f5c3b32db4-v1.png	0bfae118e810d69d071e59923d7d7bf5db110064dda31a15b4eb50e52c2f37cd	workplace/ai-hd/technical/full-theme/x2/MRG/KOMA.MRG/KOMA.MRG_036.png	5de5476a425f794b408171169b7680cd4b3602b0aa949404e4ceb2dee1d9ed75	format-pass	candidate RGB resized; exact original alpha	requires review	local-only; original-derived; no public distribution
KOMA.MRG:37	fb513722ed24cb22655b85120b165d5274851fc0023f65c630011944c494e136	workplace/re-img/out/MRG/KOMA.MRG/KOMA.MRG_037.png	b6a7cd3a6e6c9f70cda27146d317b2fd7bf4fa64df47923e5c86bd3c5ee620b0	workplace/ai-hd/generated/fb513722ed24cb22-v1.png	1f19dd4b4f8900044294455b756ed5a87fdf0a110b03564d1e6f96a9c98cefd7	workplace/ai-hd/technical/full-theme/x2/MRG/KOMA.MRG/KOMA.MRG_037.png	b767653df61c8beafa307cba949cd22fffd1c6bbfb07d51d28a97785626bdcf9	format-pass	candidate RGB resized; exact original alpha	requires review	local-only; original-derived; no public distribution
KOMA.MRG:38	82585cc7e9ba4d69ec8babfb1cb29b881df8a78d9c4cbb40bdd2a353df3ccefc	workplace/re-img/out/MRG/KOMA.MRG/KOMA.MRG_038.png	6e7aee786132dff94e6d1f6b9146e0ff67600ed57528443f47451aad54b8c43f	workplace/ai-hd/generated/82585cc7e9ba4d69-v1.png	2781aba19afd13f38f62fd6f76252c56a8cc08d9b73e747609f7d225e69e89d2	workplace/ai-hd/technical/full-theme/x2/MRG/KOMA.MRG/KOMA.MRG_038.png	afcc526f18835fb504b2d969c2f4c5dca1beca239a296012d77c0ff5ba3b25aa	format-pass	candidate RGB resized; exact original alpha	requires review	local-only; original-derived; no public distribution
KOMA.MRG:39	053b245035883083798b04631b7732b774675c24c78320507d914e54c2ca2b10	workplace/re-img/out/MRG/KOMA.MRG/KOMA.MRG_039.png	d34d937a7cfef595fcf869baa9fb4187870d51ef497d647ab94145614b832614	workplace/ai-hd/generated/053b245035883083-v1.png	c5193b99492dfb596353b3dfe2835995e4a031bcc23e709ba7502351bf978195	workplace/ai-hd/technical/full-theme/x2/MRG/KOMA.MRG/KOMA.MRG_039.png	73fdc668e578276e5236ab8f263c2d0ad9883ebee0a14aa92e2a2754bfa01c98	format-pass	candidate RGB resized; exact original alpha	requires review	local-only; original-derived; no public distribution
KOMA.MRG:4	2dbedb6bd2b70928dca0415e2e1241e4af67c34e1c0485096a493eb2709f365e	workplace/re-img/out/MRG/KOMA.MRG/KOMA.MRG_004.png	6b41398279eef81bba06926f2b59c0a0609690e842a51000466735e6799df535	workplace/ai-hd/generated/2dbedb6bd2b70928-v1.png	969124604927e6d306106feef563951a65a519e7919f847efd5ab0cca653fcc4	workplace/ai-hd/technical/full-theme/x2/MRG/KOMA.MRG/KOMA.MRG_004.png	94c59e7e109f5b721cbc75e4ce605415ecb0a3b37847e308596add33998d527a	format-pass	candidate RGB resized; exact original alpha	requires review	local-only; original-derived; no public distribution
KOMA.MRG:40	56ce0e7119c581654b73fcf51004f9d0d913353c09bf5658d279a9adfa0984bb	workplace/re-img/out/MRG/KOMA.MRG/KOMA.MRG_040.png	3639979c9de8d31eb3d5721da2a4669ddc5b1fdac76f4eb1fac81f2fe273c788	workplace/ai-hd/generated/56ce0e7119c58165-v1.png	a9f3848c047ba9ee95442911ac1bed020fc374a94225378463b9d9c48f90647a	workplace/ai-hd/technical/full-theme/x2/MRG/KOMA.MRG/KOMA.MRG_040.png	7fa908f8efb93761bda530bf3d6868e06c6b2df560bd35901c0618d074d12ff4	format-pass	candidate RGB resized; exact original alpha	requires review	local-only; original-derived; no public distribution
KOMA.MRG:41	bbdb3e08db2419e8cee20d967740c867bc3c32a8aa9ee643260f9fbfeebaca77	workplace/re-img/out/MRG/KOMA.MRG/KOMA.MRG_041.png	5caf881e63b5667e01dd77fe4669242c1b718a6e5ae9ab58e8ba1290cbcf41a3	workplace/ai-hd/generated/bbdb3e08db2419e8-v1.png	c4a5f209d715b5bd72fa67176952c6e2ee54094653f7fc894e5af02f123740ff	workplace/ai-hd/technical/full-theme/x2/MRG/KOMA.MRG/KOMA.MRG_041.png	50327890348d19cab0c23538e1a7bdffb325cde96f78d639298918f5de2da70a	format-pass	candidate RGB resized; exact original alpha	requires review	local-only; original-derived; no public distribution
KOMA.MRG:42	4f5f5acd4e45ec331e56075501ce5565b6d41806719a2ec1a1b441fa8375cd22	workplace/re-img/out/MRG/KOMA.MRG/KOMA.MRG_042.png	9c578d48948f6c8fb72928d54013398142b19af52735392e6500731f3d31f433	workplace/ai-hd/generated/4f5f5acd4e45ec33-v1.png	c5b2b4914bbab5cc08b7f6a51d45dbc73773ad9987d6f9ad5b7b096ad461c257	workplace/ai-hd/technical/full-theme/x2/MRG/KOMA.MRG/KOMA.MRG_042.png	70db1945ab5a9a6741d66b110e4c2e21ccd49cad8b4aaaad446f3125e5e07eb6	format-pass	candidate RGB resized; exact original alpha	requires review	local-only; original-derived; no public distribution
KOMA.MRG:43	9a04b6b9c94ee2ae88610c770afbc3223b1c5bdbeb0e126ee1f61bc918920fb8	workplace/re-img/out/MRG/KOMA.MRG/KOMA.MRG_043.png	790bab4ce638006448cd679e8204927cbf9007095be4e33be7be96ec1e1e0771	workplace/ai-hd/generated/9a04b6b9c94ee2ae-v1.png	0f7ad72526210f670800712ae09317bf6b5c1da7abd0d07ddf5204d6a8257254	workplace/ai-hd/technical/full-theme/x2/MRG/KOMA.MRG/KOMA.MRG_043.png	3233c309c9debff9c5753155ce8791286ad4928d16326d10456a583257f2361d	format-pass	candidate RGB resized; exact original alpha	requires review	local-only; original-derived; no public distribution
KOMA.MRG:44	50df97ff873c282992f3bbeacc42ec5f32439cf0006a5f658b9d1503c610c557	workplace/re-img/out/MRG/KOMA.MRG/KOMA.MRG_044.png	81c52cb6e1257835770645e28f433c306a6e2aa24028526bca8d8bea4928d917	workplace/ai-hd/generated/50df97ff873c2829-v1.png	94b90bb37f28f97efcb80bd8b6c327ebb487b8664505fc52b773e43564ffad78	workplace/ai-hd/technical/full-theme/x2/MRG/KOMA.MRG/KOMA.MRG_044.png	b50ccddee3cccbc847788c3a38dc0ed54f69c05daf9480a06cef96b7ca6f9592	format-pass	candidate RGB resized; exact original alpha	requires review	local-only; original-derived; no public distribution
KOMA.MRG:45	bcfbcdb5e89c4926e57b0f38f7ca73dbacaa2dd0bd7c4d74a3b7e27e86bc0345	workplace/re-img/out/MRG/KOMA.MRG/KOMA.MRG_045.png	7039a3bb7e84cd68c02fd3625c7cbfd3ec2470feeb37cbb6d85745ac8404343d	workplace/ai-hd/generated/bcfbcdb5e89c4926-v1.png	4bedb0ab9cdc383f439e9ec0b5cdfd9efdfbfd4f5b0b6528d626806da0005d4f	workplace/ai-hd/technical/full-theme/x2/MRG/KOMA.MRG/KOMA.MRG_045.png	758919cbef92ddba1f114b42f20b177c1fd10fbe9c6c747536985b450290d728	format-pass	candidate RGB resized; exact original alpha	requires review	local-only; original-derived; no public distribution
KOMA.MRG:46	cf9a0f029645c8d12b4e816b600c58e79af196aa1eceb6d8c4fea06a72fbd151	workplace/re-img/out/MRG/KOMA.MRG/KOMA.MRG_046.png	2e146db1f97518d497928ebe74ad66190c18eb843ab45c8d22655db22cc2e5f7	workplace/ai-hd/generated/cf9a0f029645c8d1-v1.png	5e49d89cc2020b9701b8a19c5bd2e48237705024d517151ce1edd634c13f8c58	workplace/ai-hd/technical/full-theme/x2/MRG/KOMA.MRG/KOMA.MRG_046.png	bb68e9996b1a81e8aab2203d3335ded7e4d1f7818b7338d0dcdda8d4a6705247	format-pass	candidate RGB resized; exact original alpha	requires review	local-only; original-derived; no public distribution
KOMA.MRG:47	02120361c7066c595664853bb5b6fd402124c439ea26c92f8a89521f3c7f91de	workplace/re-img/out/MRG/KOMA.MRG/KOMA.MRG_047.png	cd725a9343f8b018b2fe710e252c142209d9af64fcba8a6107dd1aa8b733ac7a	workplace/ai-hd/generated/02120361c7066c59-v1.png	44343c5a4908591220771d7aba4a896322905dca88d7cc97418b7d4a275ccf31	workplace/ai-hd/technical/full-theme/x2/MRG/KOMA.MRG/KOMA.MRG_047.png	d00c60b8b891cd6f3bd17cc74a934dc7b7968f26c98edbda65373299acc5ff6b	format-pass	candidate RGB resized; exact original alpha	requires review	local-only; original-derived; no public distribution
KOMA.MRG:48	b11ea660803d5b110d19b474c0d98bcfd1a44d282e8d12d62fae8451c37015d0	workplace/re-img/out/MRG/KOMA.MRG/KOMA.MRG_048.png	f9179579cec24a7c2458cbde6e8bf9fbeef7933587f38ee92f1d1d52b7637aab	workplace/ai-hd/generated/b11ea660803d5b11-v1.png	1c69083bbe2f1d61291e3fb67c91d456c36bb2080b43eb949af6ad70e42448ef	workplace/ai-hd/technical/full-theme/x2/MRG/KOMA.MRG/KOMA.MRG_048.png	79a0a89ddacc8a6526ae756e5c453ef16c4e9ac45f06b9d9cea38a60d69b2414	format-pass	candidate RGB resized; exact original alpha	requires review	local-only; original-derived; no public distribution
KOMA.MRG:49	58559b87a4166d36dbaea11dc21a2e9f73ff9b4f48da022c836ecf3d561e6248	workplace/re-img/out/MRG/KOMA.MRG/KOMA.MRG_049.png	9dce96bfff40b9f7dfe53578b25e261f63377ed9d8af5da10020d0c32507d2bb	workplace/ai-hd/generated/58559b87a4166d36-v1.png	835be12fff7bba263f2dac95abcd082d9cf46dcd003ccfc41d83545d4f2b3344	workplace/ai-hd/technical/full-theme/x2/MRG/KOMA.MRG/KOMA.MRG_049.png	a48deee62938c77d8ba99c8618e74c8421f391ee6d6575a447a46b518d9099e7	format-pass	candidate RGB resized; exact original alpha	requires review	local-only; original-derived; no public distribution
KOMA.MRG:5	4a03c156026a7dc5a30839e40b87c66a47876360f01560a17bad12bb9996d3e4	workplace/re-img/out/MRG/KOMA.MRG/KOMA.MRG_005.png	4d4e02a2e1b798ee6fe3e7a7815d347179286836961a857c5ca248c03e9d26ff	workplace/ai-hd/generated/4a03c156026a7dc5-v1.png	e003cad9867347e7aa6eeca17837a523370b890a20b4bdbe093be46a7115d9fa	workplace/ai-hd/technical/full-theme/x2/MRG/KOMA.MRG/KOMA.MRG_005.png	8c54a42f07d991d695e04a99261c16d2e5ba1e910005c0c4e15ad862ec63f471	format-pass	candidate RGB resized; exact original alpha	requires review	local-only; original-derived; no public distribution
KOMA.MRG:50	82c036704ca48a94fac84c83b0b248bda1a94d5d6a2021d21a56e6941095831c	workplace/re-img/out/MRG/KOMA.MRG/KOMA.MRG_050.png	81dfb54e189ee95a40504dead8d66053490a489900de0998b480f783089ae85d	workplace/ai-hd/generated/82c036704ca48a94-v1.png	d9a4e436debb15122d0e9fbb319669d5ac1855c760996c1cc1e2e2a1103bdb38	workplace/ai-hd/technical/full-theme/x2/MRG/KOMA.MRG/KOMA.MRG_050.png	f5d0cc0fcee5d22895f085798b724e8c51ae15419a9252efec3f71b30758b256	format-pass	candidate RGB resized; exact original alpha	requires review	local-only; original-derived; no public distribution
KOMA.MRG:51	10d1f94f56915da77b091b24893aa9a984c2e4bb3cdc20458d1d5ce3a77d18b6	workplace/re-img/out/MRG/KOMA.MRG/KOMA.MRG_051.png	cdd8127017f126b4692e62e69f42023f2cf8536019af3da3ae067756cd75fc82	workplace/ai-hd/generated/10d1f94f56915da7-v1.png	19ed38115b5bcdf4dbc5f4d346e5732ca259e0f448436b7203a4c94ee03caada	workplace/ai-hd/technical/full-theme/x2/MRG/KOMA.MRG/KOMA.MRG_051.png	2c208da3116ed8d4acb68a39b56be85700f4c1a04b0d577c4d65595787e02514	format-pass	candidate RGB resized; exact original alpha	requires review	local-only; original-derived; no public distribution
KOMA.MRG:52	18f7035f74cb14df09cf70a1d468ff642e81be6420504b3ef1315576621095be	workplace/re-img/out/MRG/KOMA.MRG/KOMA.MRG_052.png	3cb5598ba2d5c16d4a54ff887e7019fba259050652837443c0797a71ce475e5b	workplace/ai-hd/generated/18f7035f74cb14df-v1.png	5e6e7b9495c2d7c5a2b22cdb7743fb953f580453c65bcd4fa3076b5854c2ebbe	workplace/ai-hd/technical/full-theme/x2/MRG/KOMA.MRG/KOMA.MRG_052.png	9dfccfcd174bd6d0a85ee2c8f802325356f61ac6aa39db27351ed442de85dd62	format-pass	candidate RGB resized; exact original alpha	requires review	local-only; original-derived; no public distribution
KOMA.MRG:53	3be002c1691ad8051c5597ab272fb96afbe4d6ffdacf6cb8c331619dc8f14a8a	workplace/re-img/out/MRG/KOMA.MRG/KOMA.MRG_053.png	9fdd7c79f999f0397ccf837a987a4818d43b2a0cb03c69e34c8770b5a828ca14	workplace/ai-hd/generated/3be002c1691ad805-v1.png	81f5045ec83c086a0ddb6daddcf2a946132bca1963d5f20113ee967252f1ec70	workplace/ai-hd/technical/full-theme/x2/MRG/KOMA.MRG/KOMA.MRG_053.png	40fb4c81571d156d2609108a3f303897e32d294d5910f316f8d576f43c1d6da3	format-pass	candidate RGB resized; exact original alpha	requires review	local-only; original-derived; no public distribution
KOMA.MRG:54	3cf8bcc04e6e4212ae40aae74404b434d1ca8cb921a620d0713df365274e61be	workplace/re-img/out/MRG/KOMA.MRG/KOMA.MRG_054.png	2a6b2a69617cb72099d0e6ad3ea904d5e86761c0c854abe6a9bdee9aeb13bc18	workplace/ai-hd/generated/3cf8bcc04e6e4212-v1.png	eac6b64bd36d506ae073cc0cbf34d9abf4ca081dd5565f0efb1692f98475ea30	workplace/ai-hd/technical/full-theme/x2/MRG/KOMA.MRG/KOMA.MRG_054.png	b4e3e67aef86d5e6a90d5fb968ab73dcb8509b168ed83c3a4fd80d5278cc1ecd	format-pass	candidate RGB resized; exact original alpha	requires review	local-only; original-derived; no public distribution
KOMA.MRG:55	89ab811b53bc6cd613d7e76a43d66fd0ced41afb611edd8035e519417ba3d2b6	workplace/re-img/out/MRG/KOMA.MRG/KOMA.MRG_055.png	102a20bce08cc21cd231a244cd65554a130e546fe550d11d3b8cbc673c7e0e6a	workplace/ai-hd/generated/89ab811b53bc6cd6-v1.png	80c80d07450fae746bfc1ecaf822ba70d56d93e64381c326b7abfe3df15e5181	workplace/ai-hd/technical/full-theme/x2/MRG/KOMA.MRG/KOMA.MRG_055.png	15d3ac51155c7648d16d3d01aa78739b0d42b3653c3173260aa6d98c1d08184e	format-pass	candidate RGB resized; exact original alpha	requires review	local-only; original-derived; no public distribution
KOMA.MRG:56	37972df9a9d36eb694b03b23f5709f2545ca99f8690dd5a9fd1d815c6303f721	workplace/re-img/out/MRG/KOMA.MRG/KOMA.MRG_056.png	73e5be75f74244545231225e95669873103184db332d35438626a83043d31f50	workplace/ai-hd/generated/37972df9a9d36eb6-v1.png	df6164378b3abe2a383ef7a74ec21e0a23c8300fc430b9b321a9e24e828a87fa	workplace/ai-hd/technical/full-theme/x2/MRG/KOMA.MRG/KOMA.MRG_056.png	600d158dc91a7b50f66e554451454f9081ef24ac3c5c8445acc15ba48df0b205	format-pass	candidate RGB resized; exact original alpha	requires review	local-only; original-derived; no public distribution
KOMA.MRG:57	055f595b1d32b2b1905a7ee8838f396a68cffe47f4bdc2f8ed0b05a175e68b8a	workplace/re-img/out/MRG/KOMA.MRG/KOMA.MRG_057.png	cfbb1b45d7ae93f37ee3360f10d969a88b19bb3ba42f00bec8e5d0a821d962ee	workplace/ai-hd/generated/055f595b1d32b2b1-v1.png	cbac807d2d72f21e7e3e10ea2f322ecb0533e4b9e9dd22b661ec7d11c03528f8	workplace/ai-hd/technical/full-theme/x2/MRG/KOMA.MRG/KOMA.MRG_057.png	62d43a61647f6d11d9d7349b9f946c35e918d4c4eb43535c0b222f9b4f8e18fe	format-pass	candidate RGB resized; exact original alpha	requires review	local-only; original-derived; no public distribution
KOMA.MRG:58	72c6b50bfd35a822aa41dcc4ac90d0299a578509adb905f26205de54d4944328	workplace/re-img/out/MRG/KOMA.MRG/KOMA.MRG_058.png	a5d46777233123f1688e37a98586b182fddf4b764f6f83e98a2f9301e58a725a	workplace/ai-hd/generated/72c6b50bfd35a822-v1.png	60b738839bdb9a9b0a07c53ede0e725e169d886d9f11faf50b67e1e8d528c13e	workplace/ai-hd/technical/full-theme/x2/MRG/KOMA.MRG/KOMA.MRG_058.png	5d9e41070ec36a2f741cb2722fbcbaebd6d85a4053757d3c9714b3ac34788e99	format-pass	candidate RGB resized; exact original alpha	requires review	local-only; original-derived; no public distribution
KOMA.MRG:59	04a327505ba2ea29cfcbe49def4ace248839b9103928783c1334f246c4f73c53	workplace/re-img/out/MRG/KOMA.MRG/KOMA.MRG_059.png	356bfa9953575e91c93edefdab93857661eb18e170425883e3aa3b1c2ccce929	workplace/ai-hd/generated/04a327505ba2ea29-v1.png	eb04536cdaa6aa14355230e04bfca005c34e38643afb1eb5ee2c9b4bb2c8d837	workplace/ai-hd/technical/full-theme/x2/MRG/KOMA.MRG/KOMA.MRG_059.png	e3053041f64925aee72195320ba73375533cc52c275245fc60a854c510211741	format-pass	candidate RGB resized; exact original alpha	requires review	local-only; original-derived; no public distribution
KOMA.MRG:6	8012506b79627638fef5e5bd2f9c42c45c577350937a3f3b84714885f5bfe702	workplace/re-img/out/MRG/KOMA.MRG/KOMA.MRG_006.png	5c8762608d908d2debf5d60581a1d5cf93f4cf4b64a5ee35900dc10748dac041	workplace/ai-hd/generated/8012506b79627638-v1.png	bea317c6e05d652f4cc8d2a47e6327de6355803bc83de0621a072c9912dfaecb	workplace/ai-hd/technical/full-theme/x2/MRG/KOMA.MRG/KOMA.MRG_006.png	dad0e07b8eb0d70b9e0087b653687b7a583397e57726e220a0bfc5fde897641b	format-pass	candidate RGB resized; exact original alpha	requires review	local-only; original-derived; no public distribution
KOMA.MRG:60	48827d752f4171005a31d83b6cedf02b170873b7e729e94f97cfbc3d2453b047	workplace/re-img/out/MRG/KOMA.MRG/KOMA.MRG_060.png	73efdd45b5a0c91545a8a2fecaf6781c9d957582ce35ea8a161b9a81cccbdf3f	workplace/ai-hd/generated/48827d752f417100-v1.png	55b07089336f83ae57c66fefc07a6592ed62546d90229001d32f3c11e6ce5f33	workplace/ai-hd/technical/full-theme/x2/MRG/KOMA.MRG/KOMA.MRG_060.png	49d3a86b4448c64b5f36ab8010b9987e52f3ee99c43826fb357609d035f2f42b	format-pass	candidate RGB resized; exact original alpha	requires review	local-only; original-derived; no public distribution
KOMA.MRG:61	0c0126ba8a20b27a159f19e123dd952452ac56693b22b81ea6b47f9838c0e6e5	workplace/re-img/out/MRG/KOMA.MRG/KOMA.MRG_061.png	127a85d88904efe521e14831b41590727acb156fcaf641be082e803546aea127	workplace/ai-hd/generated/0c0126ba8a20b27a-v1.png	0b82ccd0957a55cca67d967d2c2c268e3d954cebbaef79069ae1ed25f01952e7	workplace/ai-hd/technical/full-theme/x2/MRG/KOMA.MRG/KOMA.MRG_061.png	683f69e94e53dfc1d31c11275ed4ea618a6eba9d4df7b72a9263104323153fd4	format-pass	candidate RGB resized; exact original alpha	requires review	local-only; original-derived; no public distribution
KOMA.MRG:62	4befdd73541567f5219013be5387dc89375e95b38ae99ab7d4ee45d691d077ed	workplace/re-img/out/MRG/KOMA.MRG/KOMA.MRG_062.png	330af80c7efc9335ce0ecde2d10f3f3d82f1c3a09553cd6f074d9ea54037f642	workplace/ai-hd/generated/4befdd73541567f5-v1.png	f975e76d6cb34a0b10fa890c59796d61a594496e2f8fdbb00033e510f9c7951e	workplace/ai-hd/technical/full-theme/x2/MRG/KOMA.MRG/KOMA.MRG_062.png	66377f29986439b75d762ea4e9b6c4f47f6df01c483e51a707a69be324450da0	format-pass	candidate RGB resized; exact original alpha	requires review	local-only; original-derived; no public distribution
KOMA.MRG:63	c5d1dc3dc340d69b167decea4c3d3e23a2691284087da7632c85e01315811727	workplace/re-img/out/MRG/KOMA.MRG/KOMA.MRG_063.png	104914d942c66456edfe3db9402e58309fa477cdac4cb81f12d9408e42aab846	workplace/ai-hd/generated/c5d1dc3dc340d69b-v1.png	f475215d487d3d883e561588a15c2879cc734faf6fb418bfa9c49517348eea2e	workplace/ai-hd/technical/full-theme/x2/MRG/KOMA.MRG/KOMA.MRG_063.png	9b8dac8659928cfaef441ceddc39bcdf3c92cf3d385e0449c518e0e092a06666	format-pass	candidate RGB resized; exact original alpha	requires review	local-only; original-derived; no public distribution
KOMA.MRG:64	98b80479faf99b52687c949bc548928ad143610b425d12c91712354bec75cd3a	workplace/re-img/out/MRG/KOMA.MRG/KOMA.MRG_064.png	64d4e07aa267ced53c169d58bb3d54eae53f14c5f5f92c97fa1bf166f5beace0	workplace/ai-hd/generated/98b80479faf99b52-v1.png	ff19a47ac5774657390ee27b366215d747648a1d4427af24fe9a2d7afdb7327c	workplace/ai-hd/technical/full-theme/x2/MRG/KOMA.MRG/KOMA.MRG_064.png	b4451e9667d067769a3710bf6d4918500774010ad229e1f90f5f8c32c30f56f7	format-pass	candidate RGB resized; exact original alpha	requires review	local-only; original-derived; no public distribution
KOMA.MRG:65	31034c474fb6cae625500bbf50a2f0f703235569fbd19b9edea7ab3b3792e463	workplace/re-img/out/MRG/KOMA.MRG/KOMA.MRG_065.png	a5a48e567b023b99b29472f77084416bcf22ccf709e9cc44861be9df463dc713	workplace/ai-hd/generated/31034c474fb6cae6-v1.png	acae7fabd3d55d7196069d25f70bbd21bcc319c9d4d6cf74a978966b29cf16eb	workplace/ai-hd/technical/full-theme/x2/MRG/KOMA.MRG/KOMA.MRG_065.png	201053ab8e0b863305c4fa5121b2c49446cd5720d32f23b1ef09fc5a86b23223	format-pass	candidate RGB resized; exact original alpha	requires review	local-only; original-derived; no public distribution
KOMA.MRG:66	1a3275c9505b8544d569c2e67e75e2d99fb2e9ca7f8656a3b39285a6f84fb1c5	workplace/re-img/out/MRG/KOMA.MRG/KOMA.MRG_066.png	9eccce5727d9085bcb4860fa47b0edcfb5e42410b0365afe3e41ffd7a38c6bcf	workplace/ai-hd/generated/1a3275c9505b8544-v1.png	c8625a1e4ab7aade1ddda3c9d11f2b8b62a3045088cdf83807477982b788ac5e	workplace/ai-hd/technical/full-theme/x2/MRG/KOMA.MRG/KOMA.MRG_066.png	445271892088f33a9e886250f1bc303481a2314ba2401350f14b254454e26a5e	format-pass	candidate RGB resized; exact original alpha	requires review	local-only; original-derived; no public distribution
KOMA.MRG:67	9a32ea2fbbc840a36d3805d1fb5543fc31da290582dcf0e53486e6247ada68a8	workplace/re-img/out/MRG/KOMA.MRG/KOMA.MRG_067.png	fad297387118a8dd78428c5f61b336e2a1054ba3288191856a015448c900a0e3	workplace/ai-hd/generated/9a32ea2fbbc840a3-v1.png	8f351929cecffde49e2b9af7a3380f751607816688fd6eaab4f2bf761c43a587	workplace/ai-hd/technical/full-theme/x2/MRG/KOMA.MRG/KOMA.MRG_067.png	42f37510b1c1384be9406da2ea24e30a5901841175484e462f413273fb67d0ac	format-pass	candidate RGB resized; exact original alpha	requires review	local-only; original-derived; no public distribution
KOMA.MRG:68	9f45547bebbe9b5e22cb81791ecafe9e218a43de349ac0512622ddc9b81c9e18	workplace/re-img/out/MRG/KOMA.MRG/KOMA.MRG_068.png	257581dcfdbf606e838ffab962774e1f85fbb3f2b1d01634258610b01d08ba25	workplace/ai-hd/generated/9f45547bebbe9b5e-v1.png	9bf71f203f2dee90563e303bb89bd93e83c8632467550a1b045b96cb5d7348a8	workplace/ai-hd/technical/full-theme/x2/MRG/KOMA.MRG/KOMA.MRG_068.png	501175c5570355424147a68a5535d7bf07a0a8a92f2ab80ae5fcae67324b9203	format-pass	candidate RGB resized; exact original alpha	requires review	local-only; original-derived; no public distribution
KOMA.MRG:69	33f2be6e967f742be1ac31a638e504c9cb63c7ce23aced7c4175c10a51433dd2	workplace/re-img/out/MRG/KOMA.MRG/KOMA.MRG_069.png	94e85f89a04500480612b0c651607ed9d762df33cc6e825495c882d206dd4a4b	workplace/ai-hd/generated/33f2be6e967f742b-v1.png	2fcea87e46501cb3caef12736f1f3214d1779886dbdf8339623f75c6f750abc1	workplace/ai-hd/technical/full-theme/x2/MRG/KOMA.MRG/KOMA.MRG_069.png	77f268fc0f86676a9435032f2c180e43d7df28425b6aea1f0ed1d29c83844d3e	format-pass	candidate RGB resized; exact original alpha	requires review	local-only; original-derived; no public distribution
KOMA.MRG:7	a3f52c1c5daf38f92bfac30d9835bd15cd4414e4e20f4d913de464c5df07060b	workplace/re-img/out/MRG/KOMA.MRG/KOMA.MRG_007.png	2f38fbcacdfb6f34294a074ce6219f3c0f47e08746433fe15b36f087e5e92f16	workplace/ai-hd/generated/a3f52c1c5daf38f9-v1.png	0d3fd984776a505564e4ee0ef544746b5dc236205d3d21e04608a9b7cb7aabd4	workplace/ai-hd/technical/full-theme/x2/MRG/KOMA.MRG/KOMA.MRG_007.png	787d2d26fa9971823f92fb4a5b2a9245dceb4d030f45ef9da59e1bdee7ef8a72	format-pass	candidate RGB resized; exact original alpha	requires review	local-only; original-derived; no public distribution
KOMA.MRG:70	e5d5e32dde635a89befb93b4c7367dd200608f752bc304646d21d0372c9e2483	workplace/re-img/out/MRG/KOMA.MRG/KOMA.MRG_070.png	f3fd1e632599f658e6e6f8065a3e2c4868c8d65624b19fb9626b12c0bc2f0955	workplace/ai-hd/generated/e5d5e32dde635a89-v1.png	2f22bd04a9105aceb1b3cedc006634a9e037a744d7b035f5178095b5b51e2598	workplace/ai-hd/technical/full-theme/x2/MRG/KOMA.MRG/KOMA.MRG_070.png	2f35614920720dc3bf584614d9016391654fb728bcf4144cca03060582be09f1	format-pass	candidate RGB resized; exact original alpha	requires review	local-only; original-derived; no public distribution
KOMA.MRG:71	27af45aa0663f3f2b966398ff83de9f2780140d06e40431efb9a4039ce3430ab	workplace/re-img/out/MRG/KOMA.MRG/KOMA.MRG_071.png	3a81eeb16e2bda1fa9afc88cbbd0697829262a5467f702b3efa3abe562912a31	workplace/ai-hd/generated/27af45aa0663f3f2-v2.png	ceea366758fa0534a197e0f2fecd77dc4d65aab09099bd17facfc3f247f72770	workplace/ai-hd/technical/full-theme/x2/MRG/KOMA.MRG/KOMA.MRG_071.png	196fa7ae409441aa266f8e35b9ddae41810a795ada947a420fe8fe962463d270	format-pass	candidate RGB resized; exact original alpha	requires review	local-only; original-derived; no public distribution
KOMA.MRG:8	711c8682a5c827b6f0e5c89cf5f601952cc2117a20837d174f594581764116fe	workplace/re-img/out/MRG/KOMA.MRG/KOMA.MRG_008.png	002ea1276bd2e50b6964e41226774642724b4db476d29bdccf674617bc1016a2	workplace/ai-hd/generated/711c8682a5c827b6-v1.png	4859cce9b4d1a0b7eed3d7b5d02674015209dc4c1adb95eacdd18e566a8e5a65	workplace/ai-hd/technical/full-theme/x2/MRG/KOMA.MRG/KOMA.MRG_008.png	26da6de4e0e8c9c903a7c3ad66d0a02d9e962210a340d929803bfb0fe1599333	format-pass	candidate RGB resized; exact original alpha	requires review	local-only; original-derived; no public distribution
KOMA.MRG:9	e830f25b7edaca38e915cc5d654569e562932b0db34bc67079ad51538ae09307	workplace/re-img/out/MRG/KOMA.MRG/KOMA.MRG_009.png	9815b5d6592c058d85c02e0ae757a8f565a9cea8e7c6099d4dac5b0c85649253	workplace/ai-hd/generated/e830f25b7edaca38-v1.png	5a5b83fc40cec79d614b8748bd6204f016c6e3aadd4ab4567f947f03ba57ccf4	workplace/ai-hd/technical/full-theme/x2/MRG/KOMA.MRG/KOMA.MRG_009.png	cea1272701a02aee9349228e29d295201da1c5ed0d7d5355717ec9aaa11cdb3d	format-pass	candidate RGB resized; exact original alpha	requires review	local-only; original-derived; no public distribution
LTIME.MRG:0	c1cbee9c3977f14ccb2c103ad17a03e051cd59626fe7176d586998f3a937eed7	workplace/re-img/out/MRG/LTIME.MRG/LTIME.MRG_000.png	3a4165a5fb89db4f59758e2d434fabdeae31db0ca438a8ae7db280a16bc2598f	workplace/ai-hd/generated/c1cbee9c3977f14c-v1.png	ad9d78a6e48246fdc4f86eaa5f51a52e247b12399e8ca5a42bad833ccf40b770	workplace/ai-hd/technical/full-theme/x2/MRG/LTIME.MRG/LTIME.MRG_000.png	c5b6375809b00b5ae4c2a3c014d683a3029d58d97ef69f7221ecf6ebb3be4d76	format-pass	AI local brush texture on geometry-preserving accepted HD	requires review	local-only; original-derived; no public distribution
LTIME.MRG:1	9428f005bb4c46d59ed42a56ef4e848dd83f102128845c638d7467e73312090a	workplace/re-img/out/MRG/LTIME.MRG/LTIME.MRG_001.png	0a134fe7f641dd5f02874ebfc652a6fec05459f7c2cb705f3dee2320dd0c4b9f	workplace/ai-hd/generated/9428f005bb4c46d5-v1.png	3d4817f9ac114482cbeb07f20716b189123450d70fe1e39adeaebcfcb3685851	workplace/ai-hd/technical/full-theme/x2/MRG/LTIME.MRG/LTIME.MRG_001.png	aa9e34585a80c619a5c6f8401df82b112f75dd351622b5d4a195377bd6182967	format-pass	AI local brush texture on geometry-preserving accepted HD	requires review	local-only; original-derived; no public distribution
LTIME.MRG:10	d14689b0d2871527613095e19ac5338a372f04b04e70f25fa18e73556b6da76e	workplace/re-img/out/MRG/LTIME.MRG/LTIME.MRG_010.png	ebce6e2973bc1fc4f7e683db37e86cf6260d06f3a295e978c1eb627978c36584	workplace/ai-hd/generated/d14689b0d2871527-v1.png	772d28358cef1dd86d804c7631be8d6aa3972c3e1b4319f80b1aab8a22ab3de2	workplace/ai-hd/technical/full-theme/x2/MRG/LTIME.MRG/LTIME.MRG_010.png	f7e6d4d5eb48cf1fffa1422091eb765ade08f352ab3cc230c73605c9266c0cd6	format-pass	AI local brush texture on geometry-preserving accepted HD	requires review	local-only; original-derived; no public distribution
LTIME.MRG:11	7452f378cf8d56482a152e296b9fbe2c785e901bbd4dd25d1f1c4ebbc9f143c1	workplace/re-img/out/MRG/LTIME.MRG/LTIME.MRG_011.png	601eaf929c4b1594df97b5471ab57ee006fed2cab56c1b76610ca2ef23ce4fca	workplace/ai-hd/generated/7452f378cf8d5648-v1.png	1cf2e2d1f58efe28d2f657c3b6ca8933e7e351cc508998f416480f82bd07b760	workplace/ai-hd/technical/full-theme/x2/MRG/LTIME.MRG/LTIME.MRG_011.png	42423789ce85c40a64fc92136edb4b2427b2bc38cbd3f9128f96e5ca825b4b69	format-pass	AI local brush texture on geometry-preserving accepted HD	requires review	local-only; original-derived; no public distribution
LTIME.MRG:12	70fbf89be718ed665b14d8720a4d799497643e55a6248c60e92379371cb89a4b	workplace/re-img/out/MRG/LTIME.MRG/LTIME.MRG_012.png	c3dd740f0872dbaab51ee2eb71053c177274fcc95dfacb606f11f0506423c78b	workplace/ai-hd/generated/70fbf89be718ed66-v1.png	7d1bd25338c0a79d0d44c25699a0e4446441da00b597aee7754934cd9ade3d25	workplace/ai-hd/technical/full-theme/x2/MRG/LTIME.MRG/LTIME.MRG_012.png	056729d81600044c21e60517b06b4608547ce1a119fd12ef50e5eeba1c27bbbf	format-pass	AI local brush texture on geometry-preserving accepted HD	requires review	local-only; original-derived; no public distribution
LTIME.MRG:2	f05ca297a573bc4b89d8bc548f6f428844283ca957c2fcb4cc74642abaa67370	workplace/re-img/out/MRG/LTIME.MRG/LTIME.MRG_002.png	0699751aa8f4005649b55e027bebfeea219a436894ec2591e603f5c50a04f98e	workplace/ai-hd/generated/f05ca297a573bc4b-v1.png	ee36ae0ca766198e5eb971bb976dd1ab9ee867ef411dbdb0ca846422f1fb41b9	workplace/ai-hd/technical/full-theme/x2/MRG/LTIME.MRG/LTIME.MRG_002.png	df1180d5a5bc69f45af9880983dad56561d211b707bbd8bf3b716c25510da538	format-pass	AI local brush texture on geometry-preserving accepted HD	requires review	local-only; original-derived; no public distribution
LTIME.MRG:3	1d32a529da674d4f62db2c2ba8b69404c02a93262c411115bcb9f0d0545cfad8	workplace/re-img/out/MRG/LTIME.MRG/LTIME.MRG_003.png	94aeb3c290f47cc12dc8258cde4af0924ea5cf018e49b49e354e12788c091972	workplace/ai-hd/generated/1d32a529da674d4f-v1.png	8087ba0321001cddc1c1a430182926aec6894a82f75bb4da880e99d7a99def63	workplace/ai-hd/technical/full-theme/x2/MRG/LTIME.MRG/LTIME.MRG_003.png	be2bea37d0c82f5946a9d3113f1635a71f50f5cbdd7186ebc36074f57279fc68	format-pass	AI local brush texture on geometry-preserving accepted HD	requires review	local-only; original-derived; no public distribution
LTIME.MRG:4	0842efd4640704d24c81c35c8c323db9ce396956ebc01fe6a718307c67687672	workplace/re-img/out/MRG/LTIME.MRG/LTIME.MRG_004.png	64683a54b65be013b1c58f2d77b63373e7f2a6916bdcfbdd280d1d21a46bd582	workplace/ai-hd/generated/0842efd4640704d2-v1.png	a7fea576ea9dcaec8736fdd07931da0ad4d09581840a73ce20e2e4244932ec56	workplace/ai-hd/technical/full-theme/x2/MRG/LTIME.MRG/LTIME.MRG_004.png	26df9ff0bb34a29e7ae557c27078b939b87f7dd4f9c642c5eff3986bfe924e23	format-pass	AI local brush texture on geometry-preserving accepted HD	requires review	local-only; original-derived; no public distribution
LTIME.MRG:5	755fc3e0f3f13fcdef817dce03fa55bf251f86de299d1500e67bfc6495d1a93f	workplace/re-img/out/MRG/LTIME.MRG/LTIME.MRG_005.png	736df4b9d523b88e26aebfbc64b5b7ce55cbd0d47535f7b9b419e4e5f31457e5	workplace/ai-hd/generated/755fc3e0f3f13fcd-v1.png	e339185f4eed981de810b60f07c8cb31da3df7b40724cb375cadc982800cc0e0	workplace/ai-hd/technical/full-theme/x2/MRG/LTIME.MRG/LTIME.MRG_005.png	fcd56897dd30e25a98f7fe703d123cff47de053ce0d11d3a1d59425f03b01d59	format-pass	AI local brush texture on geometry-preserving accepted HD	requires review	local-only; original-derived; no public distribution
LTIME.MRG:6	655baabba98d24f601d0babcb3e9db8019c66a58722c87da11032f8bb96a1558	workplace/re-img/out/MRG/LTIME.MRG/LTIME.MRG_006.png	7af0bb41cda600e51011c43a0995637ded2c5b26cf36118d7cf4780f08ee1e44	workplace/ai-hd/generated/655baabba98d24f6-v1.png	02862ddbd4076aefa917fc0f1694565cd3e8cf20bd73a6792521afc1963cef6d	workplace/ai-hd/technical/full-theme/x2/MRG/LTIME.MRG/LTIME.MRG_006.png	e608af44c08916044ae44df6c3f9a1c9c0716d96ae85f48e6d3682f1337d4318	format-pass	AI local brush texture on geometry-preserving accepted HD	requires review	local-only; original-derived; no public distribution
LTIME.MRG:7	a8b6275df99ba2a53ce7186f0414573b5d2238b35726c8f0c5041969cc2a636f	workplace/re-img/out/MRG/LTIME.MRG/LTIME.MRG_007.png	be1a05608461af750f86639edc668b69b553610260a451c1b265e32bcb037ee8	workplace/ai-hd/generated/a8b6275df99ba2a5-v1.png	48ce5cd660da759a3d6e22f90ebc83490e1314483ded766992b0a12ad1b9386c	workplace/ai-hd/technical/full-theme/x2/MRG/LTIME.MRG/LTIME.MRG_007.png	b03a7cf4cd9a9972d12b9bcb50f77eabc1990a37ac1f53a9c7d0e5aeeff46ed7	format-pass	AI local brush texture on geometry-preserving accepted HD	requires review	local-only; original-derived; no public distribution
LTIME.MRG:8	d67c94b5a484aa7451aedcd4d3eb4f84061f79f7d45489511d282c227e2b0b32	workplace/re-img/out/MRG/LTIME.MRG/LTIME.MRG_008.png	560311f3345ba7305fca736e716696e14ffc78691de46a28f3979de8f18e7ba3	workplace/ai-hd/generated/d67c94b5a484aa74-v1.png	21675a473d857af107d1fe21e277e2da4619bf353675f210e72df41e3a30c9f2	workplace/ai-hd/technical/full-theme/x2/MRG/LTIME.MRG/LTIME.MRG_008.png	a805f109a26309b9c58ca2684581f6eb41cd28686015cf7b5164f7af0dd370ae	format-pass	AI local brush texture on geometry-preserving accepted HD	requires review	local-only; original-derived; no public distribution
LTIME.MRG:9	d9ab5d331a626f22968d8d614e32860e313457297baf41ec67f2a2f07b769105	workplace/re-img/out/MRG/LTIME.MRG/LTIME.MRG_009.png	0f8e5861f000aebcf6f0aad551eb2ee65595b3b81b0395166dbd7f3b07d2dd22	workplace/ai-hd/generated/d9ab5d331a626f22-v1.png	25323e20331d4c9d6661a66999985d8a772a94259f2cc0b88cbd7ea2ea530e26	workplace/ai-hd/technical/full-theme/x2/MRG/LTIME.MRG/LTIME.MRG_009.png	288968bad451df4d4cf55b1a61549ea664da0d623e86862954f0ffe9181bb0c4	format-pass	AI local brush texture on geometry-preserving accepted HD	requires review	local-only; original-derived; no public distribution
MAP01.PXZ	33dd151f17b9f15b5df7dc013750b21730f9f878cd29df33541409cc625da70e	workplace/re-img/out/PXZ/MAP01.PXZ.png	37a5dba846e1d27731f71b76ab77e10123ef925de79009c41a2bbe8fc52510cb	workplace/ai-hd/generated/33dd151f17b9f15b-v1.png	939cbdb85ff7e47d18b4c39c628021a5042df18d45445830edfb353764b256f4	workplace/ai-hd/technical/full-theme/x2/PXZ/MAP01.PXZ.png	508e39bcf13f272ff22b20f0538ea25068257790636a1958f2462a066ce8dce8	format-pass	AI luminance texture on topology-preserving accepted HD	requires review	local-only; original-derived; no public distribution
MAP02.PXZ	9caa425e63bde3921170c1f275751fa0184e1b6e592aad187826fbb50e5e5769	workplace/re-img/out/PXZ/MAP02.PXZ.png	fb146dc7c8a40ed2cadcfd61bc30234e2f358b6e345bc5a5add91b301bbb9184	workplace/ai-hd/generated/9caa425e63bde392-v1.png	6d099630b5d7dda0099891204d3bfc3fb1bb0e5e652b08f4c1be5a0941a95534	workplace/ai-hd/technical/full-theme/x2/PXZ/MAP02.PXZ.png	6d1304802576be41db6d2912dcaad07366456dc7583bb7039d3b20a3b14aa84d	format-pass	AI luminance texture on topology-preserving accepted HD	requires review	local-only; original-derived; no public distribution
MAP03.PXZ	6ff56facf244fc7d70b1eb084f5a0be4a743bc7be1de2d0fc8beeadaf8edde2c	workplace/re-img/out/PXZ/MAP03.PXZ.png	ea5ce85e122e4104044189274d3f482b2ff97f4bbfc8c11771507d2f9645c37a	workplace/ai-hd/generated/6ff56facf244fc7d-v1.png	6acf7af8e0407f50cb29eef83c722414138fb415f3975245650d4731e21f489f	workplace/ai-hd/technical/full-theme/x2/PXZ/MAP03.PXZ.png	b2b5d0b67e0e4d7d4c9ad9ce6f0c03d2d17f10410a6aa614dab4676b2c4b7ca5	format-pass	AI luminance texture on topology-preserving accepted HD	requires review	local-only; original-derived; no public distribution
MAP04.PXZ	cd76aa230ef61bdc961aea48a4dbd1ffb9a1f79093b5342cb653908babd727c9	workplace/re-img/out/PXZ/MAP04.PXZ.png	64b8dc8a748c920bded1552161f55c0a2a9cb3580a33140a1b94d32a147fab6f	workplace/ai-hd/generated/cd76aa230ef61bdc-v1.png	91f7adb1a33c7f91b9c5e0e4d5ad8ae96c4914ec2d64b7205f5fc2ffdb868fc9	workplace/ai-hd/technical/full-theme/x2/PXZ/MAP04.PXZ.png	3594e66e45e670fd76290d85592bba6e34b61e62b7731227d6feb24374e08c5c	format-pass	AI luminance texture on topology-preserving accepted HD	requires review	local-only; original-derived; no public distribution
MAP05.PXZ	af98cc612789a0ad6ce9b636e79ddde0de85ed6d8054e044f25b69c636a83924	workplace/re-img/out/PXZ/MAP05.PXZ.png	fdb8a6c3838151b7ae79d10ca2ac82f60d084147250df9ed7dffe8cbe77df2a3	workplace/ai-hd/generated/af98cc612789a0ad-v1.png	e8c37aafc6752aabac6305e74f4dec9a0ebc323273424be03747455922b422db	workplace/ai-hd/technical/full-theme/x2/PXZ/MAP05.PXZ.png	43cca05c873291fbbd8c832648e361d4d75679e1c09fabea608c77e516e3b933	format-pass	AI luminance texture on topology-preserving accepted HD	requires review	local-only; original-derived; no public distribution
MAP06.PXZ	b48956c418710171573ffa7331103111e802877dda51ffcf47a98ae9087a9089	workplace/re-img/out/PXZ/MAP06.PXZ.png	9dcec67fba730fbb9993b3c61bd48df5cf5aefa1a30027db533f0676b4f06b5f	workplace/ai-hd/generated/b48956c418710171-v1.png	9bda9af7ee10ad6fabc2ca080d8d50a1885656c7583afe157639eb858f1fa994	workplace/ai-hd/technical/full-theme/x2/PXZ/MAP06.PXZ.png	28aeed987e45d7388e002f81567dd4168b11ca1c7629cf7171f3b6c6808e9dfb	format-pass	AI luminance texture on topology-preserving accepted HD	requires review	local-only; original-derived; no public distribution
MAP07.PXZ	f10b7ee4e921ccdf9ddac89d40622d52d9f07480b545be667b3f4299e24d909f	workplace/re-img/out/PXZ/MAP07.PXZ.png	61a675dafa331c0002bb01e9d663b3aecd03769a6ae8f13c5597a1b6a431c971	workplace/ai-hd/generated/f10b7ee4e921ccdf-v1.png	e976a7ff0a23edbc5ceb42fd4e3f3c45a0c6bc1575b474c1988479f9fd2c636a	workplace/ai-hd/technical/full-theme/x2/PXZ/MAP07.PXZ.png	ae40ac0cea075908d36f6518c50bc6436ecdfe434d7eefafd4434e1d955b7b74	format-pass	AI luminance texture on topology-preserving accepted HD	requires review	local-only; original-derived; no public distribution
MAP08.PXZ	47143ef437caf98563d45b2cf4e49b6e77c1aead6e053593f24897d88f2505ce	workplace/re-img/out/PXZ/MAP08.PXZ.png	e1507944535f98f98e504ff86651fdefd43853dab525bead759028452f44ef2b	workplace/ai-hd/generated/47143ef437caf985-v1.png	fc7ebc76725b46d73d960c7d44d656a9ca857422db4575b7355061fee2b0bf04	workplace/ai-hd/technical/full-theme/x2/PXZ/MAP08.PXZ.png	df77710173df1c49afe48a9caf97fbfc7da8f0d15e3c3a4675e8e6a1e8a1c97b	format-pass	AI luminance texture on topology-preserving accepted HD	requires review	local-only; original-derived; no public distribution
MAP09.PXZ	170ca6afa028408063b0cc4122956b9fad3a19c99b58fcd857e3d3502ef0b451	workplace/re-img/out/PXZ/MAP09.PXZ.png	0cde26dd122e81c6f5bd8219ff30a2d2797890729ec21df112ebb518abb9d4fb	workplace/ai-hd/generated/170ca6afa0284080-v1.png	c3cc8ca4a565133036dbd3d3cc919e5ff93926e1e8061496fb97737dc69b0b71	workplace/ai-hd/technical/full-theme/x2/PXZ/MAP09.PXZ.png	ae49259c1f40ca4d77a1290a1e51c107fc24f58bd4051f42a9f8dbde32d941a0	format-pass	AI luminance texture on topology-preserving accepted HD	requires review	local-only; original-derived; no public distribution
MAP10.PXZ	62fe4725d153cc226961be281dac328a6d8f54502752e3544a53ca1a030bb458	workplace/re-img/out/PXZ/MAP10.PXZ.png	bec57de55e7b436a8daade816cc783f227580509d67dc8fb1cec189fcde003df	workplace/ai-hd/generated/62fe4725d153cc22-v1.png	cf2d9ca55979f1e5e7c815d645c336ddad4953f5d4d3e3cbac1390bf5f953427	workplace/ai-hd/technical/full-theme/x2/PXZ/MAP10.PXZ.png	53d6da39103c07c5148a0ec58180bc35b87477ea011f7d67b46f1bbb9b70dfdb	format-pass	AI luminance texture on topology-preserving accepted HD	requires review	local-only; original-derived; no public distribution
MAP11.PXZ	a1ef142663aab397b6ef46f449c0108bf84b5c4352149be66146e0c66f8827fa	workplace/re-img/out/PXZ/MAP11.PXZ.png	60942704603c631164f1d00f97102e5ec9a0b83c4bb9cfc275c9c809ef587197	workplace/ai-hd/generated/a1ef142663aab397-v1.png	b5ca3ed8b5a961a4e1660e6113c29fec0e5a8aca5cd71a789dd07f14fd3ca167	workplace/ai-hd/technical/full-theme/x2/PXZ/MAP11.PXZ.png	a03f5d9dbcfaf7c19ae9f176368d1c96bd736ce319c81f382db34b266e56f683	format-pass	AI luminance texture on topology-preserving accepted HD	requires review	local-only; original-derived; no public distribution
NOWEAPON.MRG:0	1a0c0e2305554421a89e86bccc35288109cfdfe35d25388f3457c137ce2fbe83	workplace/re-img/out/MRG/NOWEAPON.MRG/NOWEAPON.MRG_000.png	a2c0f8e117a7ad3252fff51bc712d4a1564653bf73ece43f3b3833931d5a25cc	workplace/ai-hd/generated/1a0c0e2305554421-v1.png	6c9cfdfbd19e508d1d2fbb053a8fa1fad392ef0ebb9c63a564371c8b8a86ff08	workplace/ai-hd/technical/full-theme/x2/MRG/NOWEAPON.MRG/NOWEAPON.MRG_000.png	e0a572fc9d272f2fd1e611360cb0a0f2961f516c95747ec9ded5f4615d9bc555	format-pass	candidate RGB resized; exact original alpha	requires review	local-only; original-derived; no public distribution
OP0.GS	6e8e5f2bb4d640a682d2ebe4ee8bf3bf4f8629cb1f22ee62168c438497cc98bc	workplace/re-img/out/GS/OP0.GS.png	eb69f2ce41ea65f9c3df50a34c0f9db43e451f04272f8ee8e7e09fb78200f138	workplace/ai-hd/generated/6e8e5f2bb4d640a6-v1.png	9a2a3304f8939c0b32e2e81c647d7127f726ff0114a4b4756acd9942d5d04f31	workplace/ai-hd/technical/full-theme/x2/GS/OP0.GS.png	c044ae73894297563cfeda7babbbba95368c8bfd5d80f2d3861fec4546965e20	format-pass	candidate RGB resized; exact original alpha	requires review	local-only; original-derived; no public distribution
OP1.GS	22eeab1c4a770f353f7ad3fb3f118c1fdb1d8f4f60440c50f3cebbfc2b0eedf8	workplace/re-img/out/GS/OP1.GS.png	773a8caaec794a28a19fe19cc94aa2a18a1ae5ff232367ad6280bfdd2eac0749	workplace/ai-hd/generated/22eeab1c4a770f35-v1.png	271d6d5715e55d0baa09acca81ca24221240004e6fac41b260fd248901c1ff9c	workplace/ai-hd/technical/full-theme/x2/GS/OP1.GS.png	7a6b2a7f487b804ce13999fa64d330761e3f40b0e19a4fcc0b0458fd16764cae	format-pass	candidate RGB resized; exact original alpha	requires review	local-only; original-derived; no public distribution
OP10.GS	a6c56749646806b3bb9063a954037f6ab2c56397a97d3a256e3ffc5a0ad08a30	workplace/re-img/out/GS/OP10.GS.png	fb6912643be6cbcde24d66bf1826698c3bf72dbfdf68e3762a59a2d673805a6a	workplace/ai-hd/generated/a6c56749646806b3-v1.png	b60325118eaa112d545367bb844e7e0a4481f739d2724b319d11a09ca73d9de7	workplace/ai-hd/technical/full-theme/x2/GS/OP10.GS.png	91ae274d18db53e06a63dd633c61e54f456ec309f3b0e2aae806e72a86459fce	format-pass	AI color transfer on exact accepted HD lettering	requires review	local-only; original-derived; no public distribution
OP2.GS	54bed246d2d64e9882851e0d314779661dd42e895f9dc820d0692d5df5bdef69	workplace/re-img/out/GS/OP2.GS.png	b6f9fbb12afc9683c070c2bf7ff130a55b9bf554f2853a6acdfa6a368409f197	workplace/ai-hd/generated/54bed246d2d64e98-v1.png	12b9606d1593609fc7f1f47a033a29bc948587ee72dad14728d97e6b37017c96	workplace/ai-hd/technical/full-theme/x2/GS/OP2.GS.png	e1a878d307339244ae547eae5739498591173e7a1e9813b1a1290a18b6f2d4f6	format-pass	candidate RGB resized; exact original alpha	requires review	local-only; original-derived; no public distribution
OP3.GS	532ee0afa83c30125cff38cfea436f3ab91e573dbeeb99f75b1a2e38a88bd20e	workplace/re-img/out/GS/OP3.GS.png	12bbfb192bfe9e504ede357fb8e793620ffd8855b43dae130a26197685cba4d5	workplace/ai-hd/generated/532ee0afa83c3012-v1.png	7c5f486df4008f2bb8297f0abdcb635fba5ee2a448e766a65d0d876974278acd	workplace/ai-hd/technical/full-theme/x2/GS/OP3.GS.png	c6a5ac1b95bc8d46da70ace4a09e8e5adff5d99d6becfbc1243bd25c2aeccf1f	format-pass	candidate RGB resized; exact original alpha	requires review	local-only; original-derived; no public distribution
OP4.GS	ea829d63ff6b4559c8b11f413eba23e8868a4eef339ece6ef8e1e4918e64bc47	workplace/re-img/out/GS/OP4.GS.png	871a21a87518e8745ecc189b04aabc277a1c595abb083bcc5625d2bef23d12a3	workplace/ai-hd/generated/ea829d63ff6b4559-v1.png	69ea6ed9cf2122f7579e80f1f10410fffde023f611f74598b31edc74c4ade31b	workplace/ai-hd/technical/full-theme/x2/GS/OP4.GS.png	ec07781dcf45a7dfca4b532631e96f5461b3955751e5d190738297439cdcae69	format-pass	candidate RGB resized; exact original alpha	requires review	local-only; original-derived; no public distribution
OP5.GS	f28ee39737fc274a53457aad0d0d0a9cde26b7a4ae1a4559af9adb9b44451050	workplace/re-img/out/GS/OP5.GS.png	8ed16e49a97cd614187249907076ab978f74bf4860f030f13765a5295d10f2f8	workplace/ai-hd/generated/f28ee39737fc274a-v1.png	cda38f9ee47dfbb755b64ceac99b764b0103054016da9ea565038bea661ea9ab	workplace/ai-hd/technical/full-theme/x2/GS/OP5.GS.png	bf0759641de839ff88d6232b64f148e3f7c165109ae0806cd5043344615eeceb	format-pass	candidate RGB resized; exact original alpha	requires review	local-only; original-derived; no public distribution
OP6.GS	ff7cfc6d6c52ef76c421656035b1c890366d9dc2d6cfeafe11a55bf3dcfa2846	workplace/re-img/out/GS/OP6.GS.png	8b4750b2923d8de0b2030d214c538665ff0bc1b2914df62ded4a56299b0f8c4b	workplace/ai-hd/generated/ff7cfc6d6c52ef76-v1.png	49eb7ae3558d5a5b369557459d91105f16a9a06816d0f11b54621c4f5dc7b68d	workplace/ai-hd/technical/full-theme/x2/GS/OP6.GS.png	440df5efd9f72b7be261132eb94e35f9ee5b8a8e08a8dff9b1176b28838275de	format-pass	candidate RGB resized; exact original alpha	requires review	local-only; original-derived; no public distribution
OP7.GS	5179ca82d36a15d47897f40c49035d68a39d404995c7aea5406a5c570ed1666e	workplace/re-img/out/GS/OP7.GS.png	49ca4237dd884301186d0f03df822614fd831a18d47c677d9beb967ca419cf90	workplace/ai-hd/generated/5179ca82d36a15d4-v1.png	b3343b36ce711c0558429f2925cb446a3af723d6177b311ff6d9c13a00dbcf53	workplace/ai-hd/technical/full-theme/x2/GS/OP7.GS.png	cf2d730099ed26e6d7b4ca81ba74d4be732103919d323b94e55083cbd3059478	format-pass	candidate RGB resized; exact original alpha	requires review	local-only; original-derived; no public distribution
OP8.GS	eb2d918ef6768aafdc0fa6284399cef4db0905eb9098c64392a19927f54aa476	workplace/re-img/out/GS/OP8.GS.png	143349bd7d067de262988398d2b1054569e907ca653e37891cd1baca7156e044	workplace/ai-hd/generated/eb2d918ef6768aaf-v1.png	e0d4ef941b856aae9598eb01b0fa32bf9069b48bfc9a369704cd4e7138ba2062	workplace/ai-hd/technical/full-theme/x2/GS/OP8.GS.png	324d682dd24d75375cb226f5472f7d374ae265d70282bf60845d851972a926a7	format-pass	AI color transfer on exact accepted HD lettering	requires review	local-only; original-derived; no public distribution
OP9.GS	660837f356a1a8924884395a9d998f0912a6fea0c7e54029024cab083453c075	workplace/re-img/out/GS/OP9.GS.png	cfb7782502640078f2cd85f3d37ad1e4ee4c8687a9e8af8661039a51884fb436	workplace/ai-hd/generated/660837f356a1a892-v1.png	63db1f919b6a3bf75b572953586cb3aa7b7636e98db19494cc78fdc211477cfa	workplace/ai-hd/technical/full-theme/x2/GS/OP9.GS.png	ee903653995f197aefff2f465eb5fc658cf4ec4ad3d9ffe0710dd1daa494717d	format-pass	AI color transfer on exact accepted HD lettering	requires review	local-only; original-derived; no public distribution
PANZER.MRG:0	b3fd064f0a3c7da9411115db362618f95b78f62b2b266d2f282a3f75432a2af9	workplace/re-img/out/MRG/PANZER.MRG/PANZER.MRG_000.png	61d7c42d59646abb9c9513cfe5fa1031bc5a7e5107293adc0f5fd7b47f4847d6	workplace/ai-hd/generated/b3fd064f0a3c7da9-v1.png	11807f7d668d6d35cce7946e774c3cf2a057442161e48c162ec090deca1ba1e4	workplace/ai-hd/technical/full-theme/x2/MRG/PANZER.MRG/PANZER.MRG_000.png	80c39a4bc8b4093bd620396cdf6426d0ce887449751ac64f5354870510706389	format-pass	candidate RGB resized; exact original alpha	requires review	local-only; original-derived; no public distribution
PANZER.MRG:1	be104f94eb2508a1313298ebfd58e838064dfc6bbf7579287e5a8bd9b3a8544c	workplace/re-img/out/MRG/PANZER.MRG/PANZER.MRG_001.png	dec80bfd7cd9d1a2d5159fc69f1ef282767d550592ef9c8cc619223145e3b7c4	workplace/ai-hd/generated/be104f94eb2508a1-v1.png	8882c0934589756dad543acb33392a89e79e6437589623f8a07a0614dd8ea116	workplace/ai-hd/technical/full-theme/x2/MRG/PANZER.MRG/PANZER.MRG_001.png	03d6b217463423189b61176e612d157d2ed2cc255fc14b6a954ef1accd09be14	format-pass	candidate RGB resized; exact original alpha	requires review	local-only; original-derived; no public distribution
PANZER.MRG:2	a1aee484d3ed64eabfbbf1efb8518e3098c516b0db8ef24f791cd91b7a52efe9	workplace/re-img/out/MRG/PANZER.MRG/PANZER.MRG_002.png	47d10387321bbb852ba626f13f95aeb0d8f0551ab299582cf79ab6c45b7396f7	workplace/ai-hd/generated/a1aee484d3ed64ea-v1.png	a404ed1e413cb74f3b5470059055dc2972b84bb1ea1cc448943860e6a0457397	workplace/ai-hd/technical/full-theme/x2/MRG/PANZER.MRG/PANZER.MRG_002.png	8fbcd742be5575ef18aeb44f7b02f42f416247dd12958e87344240303e6b862c	format-pass	candidate RGB resized; exact original alpha	requires review	local-only; original-derived; no public distribution
PANZER.MRG:3	c786c4827fc6a50a113aca8e780d3c3adb6d5b4507460334a4ea0915c276c420	workplace/re-img/out/MRG/PANZER.MRG/PANZER.MRG_003.png	c06f9281fad5301a6a39640a8d30a5d023a1daa842dadb5ca38e0aaadb8cab85	workplace/ai-hd/generated/c786c4827fc6a50a-v1.png	ecb3348b2a8c8d6cde753b47e4aff30e19a7f74417c08129a1b35e7ae85786b6	workplace/ai-hd/technical/full-theme/x2/MRG/PANZER.MRG/PANZER.MRG_003.png	3740c3f46d2fc5632050fb6ea58c50ba641fce842fe2f3b5777915144c25b6c4	format-pass	candidate RGB resized; exact original alpha	requires review	local-only; original-derived; no public distribution
PANZER.MRG:4	9050e4fdb4f0ae0243a512af23baf058f5000e4bc018d50f9fa4e80d2951c6d9	workplace/re-img/out/MRG/PANZER.MRG/PANZER.MRG_004.png	63fb66cbb235787352b5367ee3c72fc98d4bd11d1dca9b5ea50253b90be40498	workplace/ai-hd/generated/9050e4fdb4f0ae02-v1.png	6ed8b4204871c4ad9889a90a5d5c7a79410fca86013c2f12fd9e26353d714e65	workplace/ai-hd/technical/full-theme/x2/MRG/PANZER.MRG/PANZER.MRG_004.png	7ef43247ee512b997aa9d1ad5858b1a694d3b60314571ab24c4aedfa5dc309de	format-pass	candidate RGB resized; exact original alpha	requires review	local-only; original-derived; no public distribution
PANZER.MRG:5	bb52ec5a66b120d9917ad8a9f986add843671d46267e560d9e7e845e5b0e3eed	workplace/re-img/out/MRG/PANZER.MRG/PANZER.MRG_005.png	837e29368c1102b2b2b4c880a4ce51212770d9daec2bc7d2bfaa5df66c835b41	workplace/ai-hd/generated/bb52ec5a66b120d9-v1.png	0db8bb1ee77929616a137f078c37bdb4e1d5608128a93344c650e8791bd6053f	workplace/ai-hd/technical/full-theme/x2/MRG/PANZER.MRG/PANZER.MRG_005.png	6ca855aabaad5b297bd8ac4bb9309def9525b8706fe718197e7ad8784b82c441	format-pass	candidate RGB resized; exact original alpha	requires review	local-only; original-derived; no public distribution
PANZER.MRG:6	917c0ea7629b1bfe8a9584a5f46591b38c2abc729f2f42de708955b1417243ab	workplace/re-img/out/MRG/PANZER.MRG/PANZER.MRG_006.png	2affaf37a7741a6ac7955dbc1b6b712e1c070ccec329ee2c19a6358963ba3d67	workplace/ai-hd/generated/917c0ea7629b1bfe-v1.png	26e078e840fbf770e7a2812dbac3a98e872af4354e9e22709ccc9e26feaf6d4b	workplace/ai-hd/technical/full-theme/x2/MRG/PANZER.MRG/PANZER.MRG_006.png	ec86e4f066685d3bf86ac3c3bc6e2ce4a0facde70d0c431a9777c0cbce7804fa	format-pass	candidate RGB resized; exact original alpha	requires review	local-only; original-derived; no public distribution
PANZER.MRG:7	2edc539b96c7b443f4cb03621055b1df6a3d89185f0d67f1b32b7e3d34f877cc	workplace/re-img/out/MRG/PANZER.MRG/PANZER.MRG_007.png	721c7eb21b94ce8a7ee4c6df849821bab3d62af58e24e89f3f2ae5ba1fb05618	workplace/ai-hd/generated/2edc539b96c7b443-v1.png	d45d29e5ff3c793731bb3e6c366b2e8263c733646220495934b6ef8e6730aa14	workplace/ai-hd/technical/full-theme/x2/MRG/PANZER.MRG/PANZER.MRG_007.png	dc8fe24118f171780e358115bd448f91d60fd9f3ccf1cd552498a198ce53ba35	format-pass	candidate RGB resized; exact original alpha	requires review	local-only; original-derived; no public distribution
PLANE.MRG:0	c96469b410dfcd7df49a13714ab51f895ea40cd04cde0178fbc4b01adafda1c8	workplace/re-img/out/MRG/PLANE.MRG/PLANE.MRG_000.png	8698aa948d7c7140afa4817a6d9f707b5e77c937f5a01bec9adf5c3594fcb68d	workplace/ai-hd/generated/c96469b410dfcd7d-v1.png	ef9e4153ebf5aaf99b6cde1bcb1cc3ee9ce786fcc1bc6e8752b206faf4affc46	workplace/ai-hd/technical/full-theme/x2/MRG/PLANE.MRG/PLANE.MRG_000.png	aa7deb5ed9fb6af514a882f467669460cbc0cb8945fb14c7441736169cf31922	format-pass	candidate RGB resized; exact original alpha	requires review	local-only; original-derived; no public distribution
PLANE.MRG:1	d2a45497fba2f3066644ae3ff89ac2291807430273350b2ad31929edde81a276	workplace/re-img/out/MRG/PLANE.MRG/PLANE.MRG_001.png	5eb17b14e1e3b61f1add499260b2344e9dbe060bd07a16e5d789e053bc5879a5	workplace/ai-hd/generated/d2a45497fba2f306-v1.png	6ae3e5e27f7f4ba47541a8efdf32a960dc5301b99809a95d2e9b920311138247	workplace/ai-hd/technical/full-theme/x2/MRG/PLANE.MRG/PLANE.MRG_001.png	dab2b0037625b52e4cb553866fa0bfd829f1252e7706e88b0a2064d242bace7a	format-pass	candidate RGB resized; exact original alpha	requires review	local-only; original-derived; no public distribution
PLANE.MRG:2	38534bd22739f9dc617d66c61f39b678112c59a661195b43d5a42e30aaa66171	workplace/re-img/out/MRG/PLANE.MRG/PLANE.MRG_002.png	8131f63792ed0439c7f1367bfb7d5603e8cde21fc45568ea6b4c071d3ded7cb7	workplace/ai-hd/generated/38534bd22739f9dc-v1.png	5e2acf10831a076f2ac3ac28ecc48100bd0b7741987a40b9e5b9cbf676488df5	workplace/ai-hd/technical/full-theme/x2/MRG/PLANE.MRG/PLANE.MRG_002.png	b722e259afa47fba03627e6fdaf6b5793357cc5642254710a654fc2568b2e1cd	format-pass	candidate RGB resized; exact original alpha	requires review	local-only; original-derived; no public distribution
PLANE.MRG:3	40ef4244cfe11e5d7c232a659c807d046d25c55dc8faeabe2c325b9e074c65bf	workplace/re-img/out/MRG/PLANE.MRG/PLANE.MRG_003.png	8cb443cc9b89d29fe441b4c39f442c088867c4407e0e6d4b4865721f329f474e	workplace/ai-hd/generated/40ef4244cfe11e5d-v1.png	9ee18a6dccdef938b1160b27c99140c0d6375505f1eb1c8abdf641111e294407	workplace/ai-hd/technical/full-theme/x2/MRG/PLANE.MRG/PLANE.MRG_003.png	1f9d747caeaceb8a7f4b43ff9d6891190a87ebed0908b28cc518d9bd80b0eac9	format-pass	candidate RGB resized; exact original alpha	requires review	local-only; original-derived; no public distribution
PLANE.MRG:4	557f4e9c6e144492b6105e40dbf08aae803e93e2aef0bcfc2895c195b79ef967	workplace/re-img/out/MRG/PLANE.MRG/PLANE.MRG_004.png	fcac1914eb5e8010ed91414ff58b7d235ca16d17b93b71a79642447c3b51afce	workplace/ai-hd/generated/557f4e9c6e144492-v1.png	6a216acab3af4f64e9d22e8f54bcd6ca1a166dc385d62b9ba51e70d45314aa7e	workplace/ai-hd/technical/full-theme/x2/MRG/PLANE.MRG/PLANE.MRG_004.png	43bdfb1b1c36ac5eb2248fdbf275c68fdfe08d357a8489bde4be2eaef1db9241	format-pass	candidate RGB resized; exact original alpha	requires review	local-only; original-derived; no public distribution
PLANE.MRG:5	646ebbca2cb1cd118b67ee7d410d8da201d212a25ae469dc76cde11484a3f119	workplace/re-img/out/MRG/PLANE.MRG/PLANE.MRG_005.png	9ef81f9ea45f74c977720a5e305f12e074cd7e371bc17b23d61d32ec13b66fc1	workplace/ai-hd/generated/646ebbca2cb1cd11-v1.png	28cd151d1b336306b9470727a2ef9e4e540cb673d302ad0aba53977b858444ac	workplace/ai-hd/technical/full-theme/x2/MRG/PLANE.MRG/PLANE.MRG_005.png	631314151487d363e691c15cfe6abe868423c3cc1c8be39e1e96fda06d743aa4	format-pass	candidate RGB resized; exact original alpha	requires review	local-only; original-derived; no public distribution
PLANE.MRG:6	7d095fbeeb55b545fc8793b780fe43e68f2f29ff52971113a2b710f51739d32d	workplace/re-img/out/MRG/PLANE.MRG/PLANE.MRG_006.png	2f273a0efe549b480668e6907744459994c56dc15ed4718c3b556d98303f6035	workplace/ai-hd/generated/7d095fbeeb55b545-v1.png	1b11e136e95e8197c85473a31fbe780c8fc67f5d90c4d25a86aeaf3c9d5fe0a5	workplace/ai-hd/technical/full-theme/x2/MRG/PLANE.MRG/PLANE.MRG_006.png	37e0c626a58bd9718b38ef507c3a15094acf06372cdaeaea1160c21c837c8e7f	format-pass	candidate RGB resized; exact original alpha	requires review	local-only; original-derived; no public distribution
PLANE.MRG:7	d1c05ea5107df27fd4b79d3e24b279dff866c7092c4972b0c4b0b309df0ca290	workplace/re-img/out/MRG/PLANE.MRG/PLANE.MRG_007.png	349f3aa3846ef415bc88d68a3f80292d1dd34a96bf774505b0155773626415d9	workplace/ai-hd/generated/d1c05ea5107df27f-v1.png	ab8810b0ea871e14d748415a637be6712e46dfe68bd6d84717db4a28978a50cc	workplace/ai-hd/technical/full-theme/x2/MRG/PLANE.MRG/PLANE.MRG_007.png	31839d8f79e34573fcb8f78bfb9e48c786240f3911f7fc9bc55b59d743f0b1ca	format-pass	candidate RGB resized; exact original alpha	requires review	local-only; original-derived; no public distribution
RAIN.PCX	dea594c179ffd68bfbe3c6df7479cfd55f17f319a97e23d6434d6cedbec521bb	workplace/re-img/out/PCX/RAIN.PCX.png	c26ce2624ea120d90bc598feda10cb82044b14ad09bc2c46a8f94edd0824e6c2	workplace/ai-hd/generated/dea594c179ffd68b-v1.png	b7df13bcc49e3aa6173a45f92b25569734d986177ec96beffeee74960936a6a5	workplace/ai-hd/technical/full-theme/x2/PCX/RAIN.PCX.png	73025fdd87156b8beb8c8b20dffb07d0fa49333b6ab1053d80f518f03fe12491	format-pass	AI color transfer on exact accepted HD lettering	requires review	local-only; original-derived; no public distribution
ROLL.GS	f44cbed8bc270bb382cd1e0ce45cf6fc2e774b71b9d371aa5ff6df66a73c035f	workplace/re-img/out/GS/ROLL.GS.png	f2d0f26d1a1e0af1aa0c7525d55ecccc024f92976f079ae33febbc44d7a29d25	workplace/ai-hd/generated/f44cbed8bc270bb3-v1.png	9ed978b41f31ef30f49932297e669fdae14559843e3e613d59463e616d1b68f5	workplace/ai-hd/technical/full-theme/x2/GS/ROLL.GS.png	a10369d40c482383adb272a0bd81052ae97b21abad1e23dfc78b19005ed37dd9	format-pass	AI color transfer on exact accepted HD lettering	requires review	local-only; original-derived; no public distribution
RUNTIME:CURSOR/8f6f68df9b72_sprite_40x32.png	8f6f68df9b727f4eb239d0456e3bfcf58bec029933a8aa9a98e17f7ff0e41f9f	hd/x2/CURSOR/8f6f68df9b72_sprite_40x32.png	6512c05c5470701bfbb081ddc304c20deb01cb415bc4e944feaa6e44f2ba2df5	workplace/ai-hd/generated/8f6f68df9b727f4e-v1.png	ea980a0aea11974884adb195425f05020b6c48a45ea1dc540a2c3f2b9537050e	workplace/ai-hd/technical/full-theme/x2/CURSOR/8f6f68df9b72_sprite_40x32.png	daa4db6f20bcd98b2e1e71a212fe74da66ba36d5eb7a9872e41e565fac108a74	format-pass	AI local brush texture on geometry-preserving accepted HD	requires review	local-only; original-derived; no public distribution
RUNTIME:CURSOR/e3ea446bd392_sprite_40x32.png	e3ea446bd392373c6b555e1058f89085da53b997abec41caa89220ddbf471a8e	hd/x2/CURSOR/e3ea446bd392_sprite_40x32.png	392b447be404361b7abe4a76647ac97c28b01d9f3985b4e118bf532375643893	workplace/ai-hd/generated/e3ea446bd392373c-v1.png	f8c97d2489d2a2cbda3186cb633ff4d147aac47e055a2fb694e78c6f4b907835	workplace/ai-hd/technical/full-theme/x2/CURSOR/e3ea446bd392_sprite_40x32.png	c52a98a178ecc42826de5dd37a50553130710e89909e3ec2a33d0346c4637c33	format-pass	AI local brush texture on geometry-preserving accepted HD	requires review	local-only; original-derived; no public distribution
RUNTIME:CURSOR/e5f252382953_sprite_40x32.png	e5f252382953d6851a63421b98e0816ed20f1ddb4b173f7587a1cf2d1b3fc05d	hd/x2/CURSOR/e5f252382953_sprite_40x32.png	b558ca070c692ef8e1aaa98f1ce800853aa82c33d1cc5b33605c8b45b9e46d5d	workplace/ai-hd/generated/e5f252382953d685-v1.png	c4cd1a287f5f9adf7e07b3f3bdd0140919c16d56aef9fbda7d6282beebe91c89	workplace/ai-hd/technical/full-theme/x2/CURSOR/e5f252382953_sprite_40x32.png	318a0a81ec9fbff4001d931f98a0be60f8b8ebf8a9f2608d9dd1762269fc01d6	format-pass	AI local brush texture on geometry-preserving accepted HD	requires review	local-only; original-derived; no public distribution
SPOINT.MRG:0	3f650f2a8fa4b92b4ef00b0785b0f7d934359171edb149d062cfc66722c5df28	workplace/re-img/out/MRG/SPOINT.MRG/SPOINT.MRG_000.png	0a3fded788f5fd6d052de21c464e7e9bc3b06a6ce64d95960ab925856d7482f7	workplace/ai-hd/generated/3f650f2a8fa4b92b-v1.png	c5c667ef5c9aaae207b728756f0ee4b484abe49290f74da2a41190f193f92043	workplace/ai-hd/technical/full-theme/x2/MRG/SPOINT.MRG/SPOINT.MRG_000.png	43fa97ae4cddcd6059a957362437dab73eb7d15f306514292a6d6d259adb6ca6	format-pass	AI local brush texture on geometry-preserving accepted HD	requires review	local-only; original-derived; no public distribution
SPOINT.MRG:1	520f571cec65a22fb7080a3446de4105d1b6f086e25c1705877ef224106d08e6	workplace/re-img/out/MRG/SPOINT.MRG/SPOINT.MRG_001.png	aa72ef1a5d480edb21f382934fb5278532a94b2ac239d508a86f5f417376f54b	workplace/ai-hd/generated/520f571cec65a22f-v1.png	44c31b30b96f963cbd7724c9a98467128ee54fcd58134821af163ef799bff730	workplace/ai-hd/technical/full-theme/x2/MRG/SPOINT.MRG/SPOINT.MRG_001.png	fbd3b6cfec1c20a574fb7455025e6c45421d5c7ada9736d5371575d72a4c9bb0	format-pass	AI local brush texture on geometry-preserving accepted HD	requires review	local-only; original-derived; no public distribution
SPOINT.MRG:10	8e3309c73adf46ba57dbdc8d2e1393c796415b7377ca1eb2e217bfa28fcf4b0b	workplace/re-img/out/MRG/SPOINT.MRG/SPOINT.MRG_010.png	6755b47dfa5edef992fb7cbbc2a981f0238e002699f569af054e30182d5759a5	workplace/ai-hd/generated/8e3309c73adf46ba-v1.png	4ddd205e289c8aba0e859ba81a5aeccbbf56cd1ccbe90e4fa7507137b4a69c0e	workplace/ai-hd/technical/full-theme/x2/MRG/SPOINT.MRG/SPOINT.MRG_010.png	326a80ba9b902b2d606df92df3a17577e74ad66aa278eb05fede070958365350	format-pass	AI local brush texture on geometry-preserving accepted HD	requires review	local-only; original-derived; no public distribution
SPOINT.MRG:11	bb26e730ac20720d4c7a8100d56911cf56c86180c06ca7c62da8902b42d492b6	workplace/re-img/out/MRG/SPOINT.MRG/SPOINT.MRG_011.png	74443de7899aedaf8e25414ae4af23581dd361f93acf4f922ff1e771fb873110	workplace/ai-hd/generated/bb26e730ac20720d-v1.png	8b198be454ac543f1c7e882e1eb787c2a042ea0add7fb483a303434095b218b9	workplace/ai-hd/technical/full-theme/x2/MRG/SPOINT.MRG/SPOINT.MRG_011.png	35d1fed92ce53a44815f3f0cae7b6a56dc35a16fa16d9f4a4d2895e413c572b3	format-pass	AI local brush texture on geometry-preserving accepted HD	requires review	local-only; original-derived; no public distribution
SPOINT.MRG:12	e48c67b6950dd2684423753057fe3e6e055008e25dbc4267b3087a5aef6c1d56	workplace/re-img/out/MRG/SPOINT.MRG/SPOINT.MRG_012.png	0daca0a5ada59f7d24ccfbf7508a4d4a8c7278a5e6806aea8e0b01a7d4e03653	workplace/ai-hd/generated/e48c67b6950dd268-v1.png	263057102b9157dc1c24faa9b7a873879c0bcd49715b1fca2bb9720fbfe05f2a	workplace/ai-hd/technical/full-theme/x2/MRG/SPOINT.MRG/SPOINT.MRG_012.png	5c573677b0b9679ce5d87be36c3607d2b3a06c43dde8b250ac73f459b7c18321	format-pass	AI local brush texture on geometry-preserving accepted HD	requires review	local-only; original-derived; no public distribution
SPOINT.MRG:13	b423964efa13298ef2d67eaefd2abac6ebbafac3eaab4869cac5b52b1b92c8a1	workplace/re-img/out/MRG/SPOINT.MRG/SPOINT.MRG_013.png	33f82ac9aa34e29e4b2f6c6c924d44964d3cbf3ae9c2febdd0cdb31165f12083	workplace/ai-hd/generated/b423964efa13298e-v1.png	d32b33c9d05bcfd09e56388116ff08453e3a5d70b93fcdd2df6855d0f0735ee8	workplace/ai-hd/technical/full-theme/x2/MRG/SPOINT.MRG/SPOINT.MRG_013.png	f46710d41f1d1bf4b4838eac229e0c74b836aacc7d550b791f401d0bf26d42c9	format-pass	AI local brush texture on geometry-preserving accepted HD	requires review	local-only; original-derived; no public distribution
SPOINT.MRG:14	9eef1986c1f6f10a1279c58b09df227a700c0ca3bfb2c1871a7016441bc72f12	workplace/re-img/out/MRG/SPOINT.MRG/SPOINT.MRG_014.png	243035361393967252228a32bd0af430707aefde023a0e3b4ad4cb0533817e24	workplace/ai-hd/SPOINT014-candidate-v1.png	4d0720049366b0a867c355f395307a179a8cd041c7999ea0c96ba1a8df1fbebe	workplace/ai-hd/technical/full-theme/x2/MRG/SPOINT.MRG/SPOINT.MRG_014.png	338bc37860d38f1bf0e70d77e90bc3932c058cd13106ba106e542cbeb0f87797	format-pass	candidate RGB resized; exact original alpha	requires review	local-only; original-derived; no public distribution
SPOINT.MRG:15	948b2d96029422e374c6590b352ee5f5b542d1d2c842b718714d24fef12d56f1	workplace/re-img/out/MRG/SPOINT.MRG/SPOINT.MRG_015.png	b60b5cacee6ef8689f8e66378aa22f1d61ad9f3590d718288fdb34232ee4c9d7	workplace/ai-hd/generated/948b2d96029422e3-v1.png	93e3381ed5137881be0859aadf2c97aa53efccffb418083a7f3bb775d7d69083	workplace/ai-hd/technical/full-theme/x2/MRG/SPOINT.MRG/SPOINT.MRG_015.png	fe16bed2de76c7a10b7955ee5a18b5739832123fdd0e7eaad2439b6c1f4266d0	format-pass	AI local brush texture on geometry-preserving accepted HD	requires review	local-only; original-derived; no public distribution
SPOINT.MRG:16	08e38e69c9507f2f02a10bc73f3dec722e04031a46a832a50fd24e0622310e3c	workplace/re-img/out/MRG/SPOINT.MRG/SPOINT.MRG_016.png	6d7605cc96331181f70ce82abf3f4aef9a2e3b60cd2d6f0143e5388e9952a8f4	workplace/ai-hd/generated/08e38e69c9507f2f-v1.png	1a9c1ed8739be7e883602302d5ee50f3f98cc519f7c7d7465a2285f632c4f974	workplace/ai-hd/technical/full-theme/x2/MRG/SPOINT.MRG/SPOINT.MRG_016.png	8a3b73190705acda128d64ae9bfd7a0aad61278b273638bc5f4e9235ed75b7ce	format-pass	AI local brush texture on geometry-preserving accepted HD	requires review	local-only; original-derived; no public distribution
SPOINT.MRG:17	9d84ddb183a763010541d0d8896c7418f9f8d3bd453dd7dc7427cb9d11e22fb2	workplace/re-img/out/MRG/SPOINT.MRG/SPOINT.MRG_017.png	e6023aa897640388e92e16e766f5cb6173aefd319edbc849760e1890f88253d3	workplace/ai-hd/generated/9d84ddb183a76301-v1.png	f187ef9841b74ab95f2db6a26b93662394ea9eb607775cffc2bcfca5604000b6	workplace/ai-hd/technical/full-theme/x2/MRG/SPOINT.MRG/SPOINT.MRG_017.png	c6aaf40f6458e43614cd969d43fea8e89b185a9d9ff136d7e62c07624b99591e	format-pass	AI local brush texture on geometry-preserving accepted HD	requires review	local-only; original-derived; no public distribution
SPOINT.MRG:18	996d2c692e612cfba5365c815aea3f68607bb8d944bee1f511ca0c391e5b0f24	workplace/re-img/out/MRG/SPOINT.MRG/SPOINT.MRG_018.png	d51f89e67d3a88ef4a21ede28ee79ecf5f5e6bdbb60ba9cdeaee29f3ec1d8f2c	workplace/ai-hd/generated/996d2c692e612cfb-v1.png	10a63a53cb9c76945921781699fb74774f76ba729bdbae2c85a0938d55acbd0e	workplace/ai-hd/technical/full-theme/x2/MRG/SPOINT.MRG/SPOINT.MRG_018.png	576d313dd5f02aa92a455d7f7b439ac3d3f0df8842394bdb6bd492076de554f3	format-pass	AI local brush texture on geometry-preserving accepted HD	requires review	local-only; original-derived; no public distribution
SPOINT.MRG:19	8d5731f9908aaa47b11d254870ded9396c28d261f28b9c5518b9e01231fd000b	workplace/re-img/out/MRG/SPOINT.MRG/SPOINT.MRG_019.png	4e836a8d5d94fcdc9f702ea2e7e32021d3ce22676a0d5f587352702018fe7038	workplace/ai-hd/generated/8d5731f9908aaa47-v1.png	f892725d6fac5e470b35c9b3617d96dec71c1889aac230902883017bab5c4a3e	workplace/ai-hd/technical/full-theme/x2/MRG/SPOINT.MRG/SPOINT.MRG_019.png	1ffb38aaf2238fb2e5307bdec0a6f2233bb5a0140a14fb55062ab795dbda51af	format-pass	AI local brush texture on geometry-preserving accepted HD	requires review	local-only; original-derived; no public distribution
SPOINT.MRG:2	d83fd4c1572159f9d747f478af7e0afd5cec8a13aa8ded16a70a4bd1871b5c5e	workplace/re-img/out/MRG/SPOINT.MRG/SPOINT.MRG_002.png	1df246f49b310501f458e3e96f29e85289fc59362e1f8779dc049e669550e645	workplace/ai-hd/generated/d83fd4c1572159f9-v1.png	f2a9471b1ec5f1f64e6b57a0e1dfa0ff8b8f23c633871fff5f301bef7c91d642	workplace/ai-hd/technical/full-theme/x2/MRG/SPOINT.MRG/SPOINT.MRG_002.png	03c7181503f03fad6c1ff45566d145982bfd79290b4733f7c517360a9c9480bf	format-pass	AI local brush texture on geometry-preserving accepted HD	requires review	local-only; original-derived; no public distribution
SPOINT.MRG:20	df913e72295f19d7f1ef7c2d06b914a2bf9817b0c4e4d2b3232491a1d43d63d6	workplace/re-img/out/MRG/SPOINT.MRG/SPOINT.MRG_020.png	08696016d2ae8a016ca6b352bf63997de45c567689873e5e15d40d455f69397f	workplace/ai-hd/generated/df913e72295f19d7-v1.png	55c2e2641f13591d0a0d625dec2c814672dde0c10d2d45a4c63b3e43f4748451	workplace/ai-hd/technical/full-theme/x2/MRG/SPOINT.MRG/SPOINT.MRG_020.png	e0243843f357bbc8aa9f271fa81998bc67b1177e1405154b656d6361a6dfaf5e	format-pass	AI local brush texture on geometry-preserving accepted HD	requires review	local-only; original-derived; no public distribution
SPOINT.MRG:21	8f795e037772ba973c239b80c85d2e34f07c493426148776e3ce52ccf0056812	workplace/re-img/out/MRG/SPOINT.MRG/SPOINT.MRG_021.png	fd1ee6a9532c0e5229aa6c3ecff2e34ea2e27ee8d2ac410e6cbd03591e5a534a	workplace/ai-hd/generated/8f795e037772ba97-v1.png	8a8d7984db87d1fd00f93319026028c149a69664a79d3af4953ecdda7508614f	workplace/ai-hd/technical/full-theme/x2/MRG/SPOINT.MRG/SPOINT.MRG_021.png	609158e9746c42c03bdc1ddd8d98af4c95cadf4f92dee66de5610e94ae48e8f4	format-pass	AI local brush texture on geometry-preserving accepted HD	requires review	local-only; original-derived; no public distribution
SPOINT.MRG:22	f592545bed4ffaeb0a54deabdee940144ee3604d0d4a6e31b9f0887cb07b5d54	workplace/re-img/out/MRG/SPOINT.MRG/SPOINT.MRG_022.png	73ea7b9fd38a09b261f24436e338814d0a75b11d96bff3ea87890000c3ba3718	workplace/ai-hd/generated/f592545bed4ffaeb-v1.png	c085027be7c371e76dbc8d7f267347067e266aca7f23cb86ea158b0ee2e0cdc2	workplace/ai-hd/technical/full-theme/x2/MRG/SPOINT.MRG/SPOINT.MRG_022.png	a000859b7651736e0e4dc18831dd2d0d02e95da3735932af18bf1da2f5199a7b	format-pass	AI local brush texture on geometry-preserving accepted HD	requires review	local-only; original-derived; no public distribution
SPOINT.MRG:23	6190863522953f0685e0a23bb46371772ef14139f88a4f0901f6cb57d2c374e8	workplace/re-img/out/MRG/SPOINT.MRG/SPOINT.MRG_023.png	854ae094823bececedd5889cb37b4677c3188184e037de048d38cb9bf5fcf244	workplace/ai-hd/generated/6190863522953f06-v1.png	8d50bf0263a638676a44b95d10c6ad418f1d30da71ef0787a311b22b139d47e2	workplace/ai-hd/technical/full-theme/x2/MRG/SPOINT.MRG/SPOINT.MRG_023.png	1715ed0e1e943fa35267ef5a9e6012bf4aadd5e8f9a295f8bf3bcde713c36cad	format-pass	AI local brush texture on geometry-preserving accepted HD	requires review	local-only; original-derived; no public distribution
SPOINT.MRG:24	962d5634c3897cc1b21bbdb56dc5f9076386c5c65ce85aaa089c6f121b6a23eb	workplace/re-img/out/MRG/SPOINT.MRG/SPOINT.MRG_024.png	1ad47ec3e920beecbe27438ff5e4fdcae23b83acd6abd60bb779eff601dfc9e9	workplace/ai-hd/generated/962d5634c3897cc1-v1.png	bc786c9c7c87b71d851dbd6d8e17b355a053539362b649deb9c71cb8dc93af6f	workplace/ai-hd/technical/full-theme/x2/MRG/SPOINT.MRG/SPOINT.MRG_024.png	f114393d931343e5c76c898e2da076f17e2c2c75355c849d9d490440ab23e2e0	format-pass	AI local brush texture on geometry-preserving accepted HD	requires review	local-only; original-derived; no public distribution
SPOINT.MRG:25	863ad9b1d6448aaac40734dc12eb1b8f2f41312e5fff7ef15e51e30c9f5199b9	workplace/re-img/out/MRG/SPOINT.MRG/SPOINT.MRG_025.png	c48233588af468e943a946148a7bba7cb06380f5d3dc8571f73d635546dea89f	workplace/ai-hd/generated/863ad9b1d6448aaa-v1.png	df5a98b4273443be3c82512d6c560b5575e116a9480de801baf1fdbbf4762012	workplace/ai-hd/technical/full-theme/x2/MRG/SPOINT.MRG/SPOINT.MRG_025.png	73931b2aa385c3844acf6e79364dff34bed7d99cf86606b6e2c2756450a59897	format-pass	AI local brush texture on geometry-preserving accepted HD	requires review	local-only; original-derived; no public distribution
SPOINT.MRG:26	9c0839deb64727864b79016ff07bc6fce50cf7971a8cd83cf6484261ccb1aea4	workplace/re-img/out/MRG/SPOINT.MRG/SPOINT.MRG_026.png	84b0dac771b6a4a1981d1904daee6f65d40447788a6cb5cdc3cd5f85f67a8e31	workplace/ai-hd/generated/9c0839deb6472786-v1.png	28364191581c33c45dfb72cc69d7b752c797a6e49d639080dfc108f7642c8231	workplace/ai-hd/technical/full-theme/x2/MRG/SPOINT.MRG/SPOINT.MRG_026.png	2f449ed02fff649c58bb81e034acc6c4bedd35ae72c5046ef58ba04d71f26d63	format-pass	AI local brush texture on geometry-preserving accepted HD	requires review	local-only; original-derived; no public distribution
SPOINT.MRG:27	d170254c9468e7011b588b0fc76ba7bef1580cda7cdbe569df07dd99e83f562c	workplace/re-img/out/MRG/SPOINT.MRG/SPOINT.MRG_027.png	316e7830f9d4c385f1f159fb8ff5acd107be6f8397a95e0a461f05fdcb0221ea	workplace/ai-hd/generated/d170254c9468e701-v1.png	c1ab640d5e721fc2ca75adbeaa4f9a571cf23f1af56a2d0cd8992066c638960f	workplace/ai-hd/technical/full-theme/x2/MRG/SPOINT.MRG/SPOINT.MRG_027.png	59d5ab34ded8d70a512e3ef6f11ab15ca8dbccffdeafc2ae62a4496d02da5493	format-pass	AI local brush texture on geometry-preserving accepted HD	requires review	local-only; original-derived; no public distribution
SPOINT.MRG:28	8b406438c769732cdb2f8f8f0c2ba16918ca50f206d45242491ccb4cbc328e68	workplace/re-img/out/MRG/SPOINT.MRG/SPOINT.MRG_028.png	f1ed362156177ba6b6e287ff7459fee103b69cb34a0b79a07173cfa6d73a638a	workplace/ai-hd/generated/8b406438c769732c-v1.png	ded2580665a19bc0b7fd576df6b222f88245b2d32fb422275bd1397e1309544b	workplace/ai-hd/technical/full-theme/x2/MRG/SPOINT.MRG/SPOINT.MRG_028.png	a6d04592bb8c01483338e91b2aa394687be2faad5879867fb11a2d69ac7ec522	format-pass	AI local brush texture on geometry-preserving accepted HD	requires review	local-only; original-derived; no public distribution
SPOINT.MRG:29	d96ce71c93f0737cffa090762dc69c5f4a449d98d54c799a7761b13b144ef803	workplace/re-img/out/MRG/SPOINT.MRG/SPOINT.MRG_029.png	1e9cb3db1386d6dd074c58329350d74bdf664cf19ca2d33ff51a453c036eb062	workplace/ai-hd/generated/d96ce71c93f0737c-v1.png	9706b32513a1f1a8d4d364d9b45c7898e76f1780f411b38a0e6cd363081bfe50	workplace/ai-hd/technical/full-theme/x2/MRG/SPOINT.MRG/SPOINT.MRG_029.png	e5565c07a1d8d343c535622664172e94efa442800086818414fc454a39246aab	format-pass	AI local brush texture on geometry-preserving accepted HD	requires review	local-only; original-derived; no public distribution
SPOINT.MRG:3	460b63562cca99966503f955dd9d8affe6ef55d3e9f4d3f5fd98210e7ed3e8ed	workplace/re-img/out/MRG/SPOINT.MRG/SPOINT.MRG_003.png	9efa458b4d84a7be2a5c1e1100200971abd2a121a11e59f7a5a61beba0a0208f	workplace/ai-hd/generated/460b63562cca9996-v1.png	422e56d72cd331a714292e49d8f2fb662e4e49d47fe24323fe3670835ae70541	workplace/ai-hd/technical/full-theme/x2/MRG/SPOINT.MRG/SPOINT.MRG_003.png	ca38f7c37aca3f8ff93d59752181ce57337e1c3d6eea90d6a66f58580bb9bfa8	format-pass	AI local brush texture on geometry-preserving accepted HD	requires review	local-only; original-derived; no public distribution
SPOINT.MRG:30	d347f61069558b4598f8dda7cf25d4aeebf15eba9b19d7a12409dd9d6303c958	workplace/re-img/out/MRG/SPOINT.MRG/SPOINT.MRG_030.png	9f642f1bf255ae4bbe35c343bbf60d7c095558b388e9483eadc4e96f408bf0c7	workplace/ai-hd/generated/d347f61069558b45-v1.png	9f1d9155e3cf4a5de08b1c7d4ae6672ae40a476b8432bbc94488603cd0825a11	workplace/ai-hd/technical/full-theme/x2/MRG/SPOINT.MRG/SPOINT.MRG_030.png	8eed0ef417a7f4ac30f1b7a59220c9f79b8b5f97475340ec2f8da5b1962e44fe	format-pass	AI local brush texture on geometry-preserving accepted HD	requires review	local-only; original-derived; no public distribution
SPOINT.MRG:31	5313e824bf677f1fd14ce34d11ac1b23eb8ba5a28d8b77e3f442f9f0edc4d183	workplace/re-img/out/MRG/SPOINT.MRG/SPOINT.MRG_031.png	1d3ad42740b6893817c5121569b4a507ffaaad8c8c63257b06f4ee5eeec66768	workplace/ai-hd/generated/5313e824bf677f1f-v1.png	8c879e1ac9155986cda0a58e9db6002d3ff6a2659e6580ecc86cd34c2e84e190	workplace/ai-hd/technical/full-theme/x2/MRG/SPOINT.MRG/SPOINT.MRG_031.png	9361b936a964bf5396e26b20e724d95603060d87b302b955b153c86f0fbdb3c8	format-pass	AI local brush texture on geometry-preserving accepted HD	requires review	local-only; original-derived; no public distribution
SPOINT.MRG:32	1fda1559aace1d638907114702d4faf04444d3d6245548286bb2717b6330de17	workplace/re-img/out/MRG/SPOINT.MRG/SPOINT.MRG_032.png	c1255c2214334a8f3b36b50d9cd67a65288e7d43388cdfc8a272012849bb80f0	workplace/ai-hd/generated/1fda1559aace1d63-v1.png	b52d2cd41da059da815050203fe4232a1c1e71fed21e84ceadf62d65af224f24	workplace/ai-hd/technical/full-theme/x2/MRG/SPOINT.MRG/SPOINT.MRG_032.png	ce017134359e26bdb4b9d416326ddcdb75ad6547b3520300f6e2586c0a3ba796	format-pass	AI local brush texture on geometry-preserving accepted HD	requires review	local-only; original-derived; no public distribution
SPOINT.MRG:33	2aeda6c114cb9e9e86dee10fbca1719e5151e982648640528174adf82187168b	workplace/re-img/out/MRG/SPOINT.MRG/SPOINT.MRG_033.png	fcc07fefe1c1f028300ab4bd8276af1477a6619f49b7295d760fde52e2d1aa96	workplace/ai-hd/generated/2aeda6c114cb9e9e-v1.png	17641856c5dc34581d626264e8edd914f9ebfaed01de1e1c6281d50eba54eaeb	workplace/ai-hd/technical/full-theme/x2/MRG/SPOINT.MRG/SPOINT.MRG_033.png	14bb73a278f79282529a137a94214981564011c099ec4fcb55df202d512ec6df	format-pass	AI local brush texture on geometry-preserving accepted HD	requires review	local-only; original-derived; no public distribution
SPOINT.MRG:34	d52998d9d3d6853bd056cd31b9889973d1e70e85d67fd5671bc215ceb0b4f515	workplace/re-img/out/MRG/SPOINT.MRG/SPOINT.MRG_034.png	6d3989b7e698ba79a2cc26cda99136b91d82f28c0b38ea7b7f86a1d17af48302	workplace/ai-hd/generated/d52998d9d3d6853b-v1.png	30db438ad0998bb436e402d90bdd5267c512b3dd6c50fd8c157be678a4ac3a64	workplace/ai-hd/technical/full-theme/x2/MRG/SPOINT.MRG/SPOINT.MRG_034.png	dfea74c3c17a4d7b4afa3725a92910c8c85580089433c92530d18079c808a000	format-pass	AI local brush texture on geometry-preserving accepted HD	requires review	local-only; original-derived; no public distribution
SPOINT.MRG:35	002e3b1db8e5db3bb918d5a0a38fca0719a1df2271442ff040e8fb91933573ff	workplace/re-img/out/MRG/SPOINT.MRG/SPOINT.MRG_035.png	f6eda3ee174bb0c87411141e4d4552de445f1a59023e97aa52d7971661796881	workplace/ai-hd/generated/002e3b1db8e5db3b-v1.png	5ff54b0c19a3aa2f18e36744bad08ce4987d00a108e6dfd71278e1949c0c69d8	workplace/ai-hd/technical/full-theme/x2/MRG/SPOINT.MRG/SPOINT.MRG_035.png	7244980d25203f22b7735a45b983e09472e7430448c1a1f38301f60812ea018a	format-pass	AI local brush texture on geometry-preserving accepted HD	requires review	local-only; original-derived; no public distribution
SPOINT.MRG:36	937bc801fa49e3591aa0548d214f4a766130c93b5af9f114145e258e5ea5e041	workplace/re-img/out/MRG/SPOINT.MRG/SPOINT.MRG_036.png	a2c0d155fd25590ba603c872947412a4ce813c3a0ed97852cab767e5bf8399dd	workplace/ai-hd/generated/937bc801fa49e359-v1.png	dbf877c3947ed4cbdc5e27f53b2b293a92c608a56b59c652d353b3eecbd47bf3	workplace/ai-hd/technical/full-theme/x2/MRG/SPOINT.MRG/SPOINT.MRG_036.png	448b5bbcd9dd925ace02ac9a6dee5ebd9039c3329c4ad57d28db50cb01af9408	format-pass	AI local brush texture on geometry-preserving accepted HD	requires review	local-only; original-derived; no public distribution
SPOINT.MRG:37	61ba994504f8bb647054df61f01736dcca69b5c30a0c32b7717a4b98d01d0881	workplace/re-img/out/MRG/SPOINT.MRG/SPOINT.MRG_037.png	cbba79715dc49b3adacdab7a349262d0fb92022eb01e6d4ab52b42411d256a6b	workplace/ai-hd/generated/61ba994504f8bb64-v1.png	53f364da5dcd707ce18d2d917d4b7edec5b8197b1df76985b52164d39c291222	workplace/ai-hd/technical/full-theme/x2/MRG/SPOINT.MRG/SPOINT.MRG_037.png	b22fbd19516b7eac1f6ddabde0d89a422d1ddf7024b76249b4c8665e06c97d90	format-pass	AI local brush texture on geometry-preserving accepted HD	requires review	local-only; original-derived; no public distribution
SPOINT.MRG:38	68bcf134a1a8deba607cd7d68b563f51f4dae5972f70a990469c91f98679fb20	workplace/re-img/out/MRG/SPOINT.MRG/SPOINT.MRG_038.png	6f7c75ee688bf27fb0afa0c492613fc87c1858bfc9dbafe83c1a392d988d2dc4	workplace/ai-hd/generated/68bcf134a1a8deba-v1.png	ae08fc1f6bb4b478118165fa45529b9328b2244005a5d06d77a64e2f83011f02	workplace/ai-hd/technical/full-theme/x2/MRG/SPOINT.MRG/SPOINT.MRG_038.png	432a4adede2899c9eabb717062e278f2c64c668e7205f03cf5326f1dc0226faa	format-pass	AI local brush texture on geometry-preserving accepted HD	requires review	local-only; original-derived; no public distribution
SPOINT.MRG:39	87fd26b1a805cfe6fae5006c0372407657d2d5d993ff7e23dd02ac5d450fa64b	workplace/re-img/out/MRG/SPOINT.MRG/SPOINT.MRG_039.png	427a43cc5e53878a4272b1731dc012a5586a1df7c1f0e9ff7560dcd44811cabe	workplace/ai-hd/generated/87fd26b1a805cfe6-v1.png	8e8a25790ddbae52fe4d214202880f88a4aae56c917d9bb239ea2272aaad412f	workplace/ai-hd/technical/full-theme/x2/MRG/SPOINT.MRG/SPOINT.MRG_039.png	bbec62bdc0e88977f3ce5a4bf457ca66b7ff69d2c8317579afa6e2444e39b80f	format-pass	AI local brush texture on geometry-preserving accepted HD	requires review	local-only; original-derived; no public distribution
SPOINT.MRG:4	7cccd39343e697167a57e974e0832f72fd429e8b1df519acbb39904d1164d8c5	workplace/re-img/out/MRG/SPOINT.MRG/SPOINT.MRG_004.png	a44ac70d9ec9ad44a1c3c42b0d07c3038a57566d5f0fdc2109d9d52095d7eff6	workplace/ai-hd/generated/7cccd39343e69716-v1.png	0394ff2209f8a40bf3ccfd539e5024f7aff48399bc13dd790a43703148725632	workplace/ai-hd/technical/full-theme/x2/MRG/SPOINT.MRG/SPOINT.MRG_004.png	7754e7634591721bbbf24895d021ee1ab3eb851bca33f5b51f2b9cf1aa8d7617	format-pass	AI local brush texture on geometry-preserving accepted HD	requires review	local-only; original-derived; no public distribution
SPOINT.MRG:40	e6db6b66c68f7c47be5d99e0ab57e7cfa5fee6297982090e8aff047af5116cb2	workplace/re-img/out/MRG/SPOINT.MRG/SPOINT.MRG_040.png	452d2a1f08086db95f9164184d07f626caccb9cf37b15638513cf3316d09e325	workplace/ai-hd/generated/e6db6b66c68f7c47-v1.png	2426e9d171f6ae27686eb4cd6abdcf151b7ae53c813486e47ea89b010d908135	workplace/ai-hd/technical/full-theme/x2/MRG/SPOINT.MRG/SPOINT.MRG_040.png	8569333c8df85c797d2dabf7a9f5be614179f60b02857caf170e915ef582033e	format-pass	AI local brush texture on geometry-preserving accepted HD	requires review	local-only; original-derived; no public distribution
SPOINT.MRG:41	09ba4ce8479966a5d25ac2f1b9a3d339ad65bf13879220963b47d0d275bcf2b3	workplace/re-img/out/MRG/SPOINT.MRG/SPOINT.MRG_041.png	31cd2da66a0c85470419f9fbedc75801d88efa7075e0879c83f610c9afd5c9de	workplace/ai-hd/generated/09ba4ce8479966a5-v1.png	1d377c4ae5967ae0c3c88e02cfaf45976e4e5024c6d43e1f378c6456b89dadf5	workplace/ai-hd/technical/full-theme/x2/MRG/SPOINT.MRG/SPOINT.MRG_041.png	ea9bb71699a81cb46cad2ac198d2ab5f0fe88535aaec6fca7a8947a0a290e3c9	format-pass	AI local brush texture on geometry-preserving accepted HD	requires review	local-only; original-derived; no public distribution
SPOINT.MRG:42	a10c5e2a59fdfdec70cca1a2cdd621661b5954b1b9bd4cedb7ad75327656bdc7	workplace/re-img/out/MRG/SPOINT.MRG/SPOINT.MRG_042.png	b8f3ae5fe1d1a0e021d30b2d03727f70d4e847915bae886d010ffd8297c0dbaa	workplace/ai-hd/generated/a10c5e2a59fdfdec-v1.png	2413aad81859bcc1775a2c8e690dee3e656ec027c05ffdec4d4ac2ad58e6fdab	workplace/ai-hd/technical/full-theme/x2/MRG/SPOINT.MRG/SPOINT.MRG_042.png	2d3bcd4a6c4dc9968aa21831c33fa363f63599c4b0b2ce9eb7a6421d64344bed	format-pass	AI local brush texture on geometry-preserving accepted HD	requires review	local-only; original-derived; no public distribution
SPOINT.MRG:43	cb1268b51314072d8939d8ee39f74c5173547307d655e882614a1a8e7134493a	workplace/re-img/out/MRG/SPOINT.MRG/SPOINT.MRG_043.png	516d73deeb37b9621e9446aac0f3a01bf798de775c17db4c7b494cbde49b5c3e	workplace/ai-hd/generated/cb1268b51314072d-v1.png	e735cb1be03547309117e505ac01aff1fd3396a94b14426d146813ee0f64085c	workplace/ai-hd/technical/full-theme/x2/MRG/SPOINT.MRG/SPOINT.MRG_043.png	1d6add71f16c971ad2923e872b8513e6b5fd7c5fe2873b3702500288b274dd7d	format-pass	AI local brush texture on geometry-preserving accepted HD	requires review	local-only; original-derived; no public distribution
SPOINT.MRG:44	f3184d395dbbf83cb24dc1bbac47141c751581a42ee5daca985f0a71d98c6506	workplace/re-img/out/MRG/SPOINT.MRG/SPOINT.MRG_044.png	176d2e4088c9db118a44c6f2999eb88ea643c4e7633dd2ca2209f998848b24a6	workplace/ai-hd/generated/f3184d395dbbf83c-v1.png	2a5c546aa3978d84105784194bad86cbc5c1c527b6694a24e3f3137c18be577b	workplace/ai-hd/technical/full-theme/x2/MRG/SPOINT.MRG/SPOINT.MRG_044.png	1056cb1890d442c1d18fcb8d8feb81b5992eff4c14313c9235028f8df025b8c0	format-pass	AI local brush texture on geometry-preserving accepted HD	requires review	local-only; original-derived; no public distribution
SPOINT.MRG:45	ec1ff69294bbc4d8de81fc3b47b496e980e7670a1c539d80afdb91d8744ac803	workplace/re-img/out/MRG/SPOINT.MRG/SPOINT.MRG_045.png	abf5f9ca005dd6a569adaed177f871f8014b5c5b6d90ac5bdcfce84e380c0625	workplace/ai-hd/generated/ec1ff69294bbc4d8-v1.png	1f9015ebdea9df2fd4dbb6000c03c4f9a2fed78ddeb6a817355970c7ce47d6a9	workplace/ai-hd/technical/full-theme/x2/MRG/SPOINT.MRG/SPOINT.MRG_045.png	c72a198dbce03327a0d24d8214ac0715c62bf24561eacdfb3d8767eb2b7aeb78	format-pass	AI local brush texture on geometry-preserving accepted HD	requires review	local-only; original-derived; no public distribution
SPOINT.MRG:46	66a8b99390f002a2a335aecd4f6aa2be4b0219ee0bcc28e88cb73fd88594c7d4	workplace/re-img/out/MRG/SPOINT.MRG/SPOINT.MRG_046.png	2637556e8f4ab54bd4cafee53f42bc1be12dd1b1a59a87b49a890e5cf536d6d9	workplace/ai-hd/generated/66a8b99390f002a2-v1.png	cde069bab517ea8bc87a141eac3993ce0970b06c8c49b057aba6130d137bba14	workplace/ai-hd/technical/full-theme/x2/MRG/SPOINT.MRG/SPOINT.MRG_046.png	c37624ccf13fc380f6b95331c12a39958056ed988cefb5e7070375fd9db75fac	format-pass	AI local brush texture on geometry-preserving accepted HD	requires review	local-only; original-derived; no public distribution
SPOINT.MRG:47	7e57c3cba083d605a74499be2ab92b6a4abf50e59d7281f576080a6f9e0bbdb5	workplace/re-img/out/MRG/SPOINT.MRG/SPOINT.MRG_047.png	53a92c2c40cadc93d8701db1c371a120668bb0f2a2f841eeab8174d704afffba	workplace/ai-hd/generated/7e57c3cba083d605-v1.png	d7d781adb5ba8028754485271d3c01be21fb208a1f882fcdadffbf2bb2764d95	workplace/ai-hd/technical/full-theme/x2/MRG/SPOINT.MRG/SPOINT.MRG_047.png	500062baa768a7cbe25166a707aa7ba98c27cdeabdf9f9b174ca1633ed53604e	format-pass	AI local brush texture on geometry-preserving accepted HD	requires review	local-only; original-derived; no public distribution
SPOINT.MRG:48	46a301cb837d0762c30fa35f2673b64e399e4344e4afb3edbfaeb4497a127205	workplace/re-img/out/MRG/SPOINT.MRG/SPOINT.MRG_048.png	beac868ae658c341da3b907c1dae946a7051925b0a723669869e55219c9251de	workplace/ai-hd/generated/46a301cb837d0762-v1.png	e3b9846a218faf02731be74f0621e1c5394cb192a05e3e3834cc2300b6719272	workplace/ai-hd/technical/full-theme/x2/MRG/SPOINT.MRG/SPOINT.MRG_048.png	acf641e72a821a233549dac9d60f7e43e3d8936a5eb7c6c2df9809d42a7a13e1	format-pass	AI local brush texture on geometry-preserving accepted HD	requires review	local-only; original-derived; no public distribution
SPOINT.MRG:49	49adda37e1357b6d46272a3d55e599ad674fdbacfd9ccdb117f58b16032499e9	workplace/re-img/out/MRG/SPOINT.MRG/SPOINT.MRG_049.png	18b4fd519111c56e71e0bbda51c66f180a50c3487dcbb8310baed5fe52fa2bff	workplace/ai-hd/generated/49adda37e1357b6d-v1.png	f18e7b76ef56056f6ef803f5ed213feff9c6573ca93ef4378936317afb672b46	workplace/ai-hd/technical/full-theme/x2/MRG/SPOINT.MRG/SPOINT.MRG_049.png	1d5639d8ee1382db5897fd5e06e0463d755432b715ff497e0f71d612b3eff820	format-pass	AI local brush texture on geometry-preserving accepted HD	requires review	local-only; original-derived; no public distribution
SPOINT.MRG:5	c72dcfa8c7ba398634ba90be05de6f503f7175649ba954665f6d62e777081aa6	workplace/re-img/out/MRG/SPOINT.MRG/SPOINT.MRG_005.png	f57f4bc9fc142c843bc1d6825c61751df0f9096debaf5ca93453e43791c2546a	workplace/ai-hd/generated/c72dcfa8c7ba3986-v1.png	984155ca6e7f2591552a2aceb3575f6e79c679efcf1622f54849900b4f4f0bca	workplace/ai-hd/technical/full-theme/x2/MRG/SPOINT.MRG/SPOINT.MRG_005.png	23a7d9e6ac3d65f708912c48dc844559bb12c5a24d7e63d375abeecaebb74b58	format-pass	AI local brush texture on geometry-preserving accepted HD	requires review	local-only; original-derived; no public distribution
SPOINT.MRG:50	a6ffd4f31b2cf986b9b24132b797f291a8b5f411176d9c94e48cecc85cd170b4	workplace/re-img/out/MRG/SPOINT.MRG/SPOINT.MRG_050.png	6a8807a46a2ce0533e7acd23579876bdbe38dc5f228e84ccb457ea238bb72460	workplace/ai-hd/generated/a6ffd4f31b2cf986-v1.png	08b75781bd91d40e5ef9d10af9fac97c8f92a5392287fe6f591d6825c3782c5f	workplace/ai-hd/technical/full-theme/x2/MRG/SPOINT.MRG/SPOINT.MRG_050.png	311674bc5fe80e02bea02fa43c65ff83b714f113707f689fbbd03bbbee95181e	format-pass	AI local brush texture on geometry-preserving accepted HD	requires review	local-only; original-derived; no public distribution
SPOINT.MRG:51	2fd8a49fa02c6c869c56a530615ab02ba72c4aebaa42407f2f97f43bd8516846	workplace/re-img/out/MRG/SPOINT.MRG/SPOINT.MRG_051.png	016e72f5e4e9a65db3f8ccc03d10e4889045da9c302d3d735e31b910d0003741	workplace/ai-hd/generated/2fd8a49fa02c6c86-v1.png	495db72eb3bc863ab45441aeed769e1f88b1ca990e1db77f1a28d00922e0f626	workplace/ai-hd/technical/full-theme/x2/MRG/SPOINT.MRG/SPOINT.MRG_051.png	e653be5c2bc4255b18487f636d0ddf45ead2c44cd8d25697e30089b8fef7cc85	format-pass	AI local brush texture on geometry-preserving accepted HD	requires review	local-only; original-derived; no public distribution
SPOINT.MRG:6	750fe9591016a9d7147cc45b764ca51d2588bfa1f1a263675919d15611b8c3db	workplace/re-img/out/MRG/SPOINT.MRG/SPOINT.MRG_006.png	cdc6208dc3be466ee955983faac43f9de43fca5d1759ae56f45cb286ebdf4ca7	workplace/ai-hd/generated/750fe9591016a9d7-v1.png	d78d5fb920059abde1c312444c8a774af3dab5cfcf0c2dbb84de3b1dc4331465	workplace/ai-hd/technical/full-theme/x2/MRG/SPOINT.MRG/SPOINT.MRG_006.png	bf193683c2782d99ea782e8382fac27919043017d49fa19abd2f724d324e751a	format-pass	AI local brush texture on geometry-preserving accepted HD	requires review	local-only; original-derived; no public distribution
SPOINT.MRG:7	f8883f382a4032bb6777c876d6b006509c4c5fccbb0beef52a0a622b0a3c2440	workplace/re-img/out/MRG/SPOINT.MRG/SPOINT.MRG_007.png	bfab139b2c16b2827235c96a85ab12ad135eb90b02d6feaf113bf28c2320a9d2	workplace/ai-hd/generated/f8883f382a4032bb-v1.png	67b79566b880fc71612d2720e7be5144363f59b88ea624f81218730b35b2d8a0	workplace/ai-hd/technical/full-theme/x2/MRG/SPOINT.MRG/SPOINT.MRG_007.png	a630caca713134f215d68238198c429ec9fcc735aa1c942b705155cdc9857766	format-pass	AI local brush texture on geometry-preserving accepted HD	requires review	local-only; original-derived; no public distribution
SPOINT.MRG:8	507541b49782f42a6c788f0a9d6a1179a38468f57195437f1a627c323037a7e5	workplace/re-img/out/MRG/SPOINT.MRG/SPOINT.MRG_008.png	39312ae8449ea7344d6e8cd286ca436cd77003d798efd2071cfdf6577eb89c67	workplace/ai-hd/generated/507541b49782f42a-v1.png	d434f6d8786730cf51e41b3c50b53f43347d3626f42ba152093e92b776f8f920	workplace/ai-hd/technical/full-theme/x2/MRG/SPOINT.MRG/SPOINT.MRG_008.png	4fff0dd3e77a3c25cc8b7acb6abdce3c5dd5522e0c67a472a7c5907ceef907c1	format-pass	AI local brush texture on geometry-preserving accepted HD	requires review	local-only; original-derived; no public distribution
SPOINT.MRG:9	75bf1f2f829e51538cdf767834671bd2dc81527209c65b3a1db72cf6eee2909c	workplace/re-img/out/MRG/SPOINT.MRG/SPOINT.MRG_009.png	3e03ba6bb7f565d62838536d86ad6987399746440403dc9d3ecae140475e50c4	workplace/ai-hd/generated/75bf1f2f829e5153-v1.png	987bd0ed40108704d4400eba499f5f3309a41d404f072322fa68fc57b02a484b	workplace/ai-hd/technical/full-theme/x2/MRG/SPOINT.MRG/SPOINT.MRG_009.png	ca7e82fd0afefdb340706b099495481ceddb19119ba40471808bcd10df7ea10f	format-pass	AI local brush texture on geometry-preserving accepted HD	requires review	local-only; original-derived; no public distribution
VS.MRG:0	227f051929c63a09144997ddb6018c1bd97b183f17c70db58d96e79e8a7df935	workplace/re-img/out/MRG/VS.MRG/VS.MRG_000.png	64fb5725f55193ca7f7fa15073e81ca5d6c4aadbd8b02dc78365d1862f2214f8	workplace/ai-hd/generated/227f051929c63a09-v1.png	8691145f95814e15d2dd5ac54758ed0fc2433a5065aaeaf5d74ea2aa48dc5595	workplace/ai-hd/technical/full-theme/x2/MRG/VS.MRG/VS.MRG_000.png	767725da6e69a1e66eaf02af7e5c183f9b55d33c2c44c2ff607f051abdb1dc89	format-pass	candidate RGB resized; exact original alpha	requires review	local-only; original-derived; no public distribution
VS.MRG:1	aa68f0897711e9269b1af3f071957bea38c1fb91a411900cbd4a1e9e53c4eb4c	workplace/re-img/out/MRG/VS.MRG/VS.MRG_001.png	1bc1ebb09592ac56c9e4cc1a869e0ae6b761ed6134fcb57ae6cabf39bfeee164	workplace/ai-hd/generated/aa68f0897711e926-v1.png	720aee759eb6d4afb346f634c9b84ca88e80cca8943771fd3b1aba75c84ad852	workplace/ai-hd/technical/full-theme/x2/MRG/VS.MRG/VS.MRG_001.png	edbbb7989967b2a9366f02b679b7483608c7652a89c26e7c8716b5b5c6ce65bf	format-pass	candidate RGB resized; exact original alpha	requires review	local-only; original-derived; no public distribution
VS.MRG:10	0d4143748ec019cf77fb11391a8dcb24d51bafa946c1e3b87e04de89bc5c7ab6	workplace/re-img/out/MRG/VS.MRG/VS.MRG_010.png	c17b50de7dfc4dec2991f198242b935e6fcad3d4cd3e15db8779585761456cf2	workplace/ai-hd/generated/0d4143748ec019cf-v1.png	7cda120ffbc63a877f387eaa5e8bd99bb6afdb877d628333b55f8dec2a3dec56	workplace/ai-hd/technical/full-theme/x2/MRG/VS.MRG/VS.MRG_010.png	e6f31aa63833d245ba9c9f47526876e355960d6b2cfa12ab9d844dd9123f7ba6	format-pass	candidate RGB resized; exact original alpha	requires review	local-only; original-derived; no public distribution
VS.MRG:11	76081b719ef6a7627722a40debf412656890930376a4c23b14ddb5c47352e8f1	workplace/re-img/out/MRG/VS.MRG/VS.MRG_011.png	ec26dcf9830919c7dc956102f38cf9b7e5b67dc4c8b53012cc17e12c7dbd14cc	workplace/ai-hd/generated/76081b719ef6a762-v1.png	d60cb423495de23b46bca15a08c7df1f3c4a87fdcadce8f7edfbf3a7b39296a2	workplace/ai-hd/technical/full-theme/x2/MRG/VS.MRG/VS.MRG_011.png	333a5bef78aaefdf61f83de727af58f7db1543adb403f5939023f0baa2fc3d3e	format-pass	candidate RGB resized; exact original alpha	requires review	local-only; original-derived; no public distribution
VS.MRG:12	f606d93f13c6f161ae09dae0c9ee6b47f379c88f48b6d252b721e3f33140cbeb	workplace/re-img/out/MRG/VS.MRG/VS.MRG_012.png	98e783b446e33b8cbf651777a8d7f64a40e9f9387ad6ebc409fcbfa4d5493ae9	workplace/ai-hd/generated/f606d93f13c6f161-v1.png	24f91a77cd4cb7adeb743ba38e340421fd319aa2fa08e139bfae997a6bb321fd	workplace/ai-hd/technical/full-theme/x2/MRG/VS.MRG/VS.MRG_012.png	006c173245cddc75318d1e2f4615d8c66cfc88e4b7e4ffaa09ac60f040396bb1	format-pass	candidate RGB resized; exact original alpha	requires review	local-only; original-derived; no public distribution
VS.MRG:13	b700f3c133c414816b947561c61dcab5d4b8747c9b61582d90dabe2ad334ed45	workplace/re-img/out/MRG/VS.MRG/VS.MRG_013.png	2abbe0d0ee42cbe7fac08dda3d082bfddef125e942fb3d24104d2c30a1640069	workplace/ai-hd/generated/b700f3c133c41481-v1.png	aca54f49a60ae35dc25fe9c41c95966bfa35e5e01534be1169e20c94dd4bd18b	workplace/ai-hd/technical/full-theme/x2/MRG/VS.MRG/VS.MRG_013.png	86ee6ba87df0a0552f0829d9073fd0fbc9589fa1e7498c1a685e45780125f143	format-pass	candidate RGB resized; exact original alpha	requires review	local-only; original-derived; no public distribution
VS.MRG:14	7c8a7cfeeb9fae26457c34aebb643b417283c9ae27a877282ac68133cffc9df6	workplace/re-img/out/MRG/VS.MRG/VS.MRG_014.png	bb0e9fdf04224113173dd3aa59edb33556c2781ed874547182c5727fcaf12293	workplace/ai-hd/generated/7c8a7cfeeb9fae26-v2.png	c6a58f37f192cc9d8b3b81cf24cfe07fe222c2dbde3698b26940f6e5b83405d7	workplace/ai-hd/technical/full-theme/x2/MRG/VS.MRG/VS.MRG_014.png	fc7dda962db7497f9656892aa5d848792a73eaeec2806ad10769e6708b96bf3c	format-pass	candidate RGB resized; exact original alpha	requires review	local-only; original-derived; no public distribution
VS.MRG:15	9eb72b34bb10c5ee213fc65c659293c244f7714952e8b656345556d38b35204e	workplace/re-img/out/MRG/VS.MRG/VS.MRG_015.png	86daabbb650c2702eb2e40770a3c5436b59a37a81ac8dde1da95af5186204144	workplace/ai-hd/generated/9eb72b34bb10c5ee-v1.png	fa36d3e8a8f722fd971e5ebfbccee3dd1c2b91632410432d3643c7467b2bb04d	workplace/ai-hd/technical/full-theme/x2/MRG/VS.MRG/VS.MRG_015.png	15d4defe9b8b070dc8a3104af5979142ce4a2f6df66bf1d4a4270ac4ca051a21	format-pass	candidate RGB resized; exact original alpha	requires review	local-only; original-derived; no public distribution
VS.MRG:16	8ea129bd938a3ab0996ee4c0300292ecfbe9ca1e8773ddc5d95dc05ee07893af	workplace/re-img/out/MRG/VS.MRG/VS.MRG_016.png	468a4e27e151a269cc9cebb61b5715de827c5c62a46feb93c0780feb25ef488b	workplace/ai-hd/generated/8ea129bd938a3ab0-v1.png	be933ac7612c8d2168a6c75242fab69e88067ab03f908ff3e0af8eea95931e98	workplace/ai-hd/technical/full-theme/x2/MRG/VS.MRG/VS.MRG_016.png	64ba98971834f3f39c56262ea0c205f701c161f45e4fe1e3be410de6781b9047	format-pass	candidate RGB resized; exact original alpha	requires review	local-only; original-derived; no public distribution
VS.MRG:17	e30885aef1e6532ad7d1db76bed673745ad4d900e87a39dd8c7fb360a24cf28d	workplace/re-img/out/MRG/VS.MRG/VS.MRG_017.png	3622bff25f467744973dbb83dcb4d471eed12189654490729a33b6059b67018b	workplace/ai-hd/generated/e30885aef1e6532a-v1.png	83090150f31e81519f5b6ffcecaa0cb60492a34a132b7c48c5629aedcc9a2909	workplace/ai-hd/technical/full-theme/x2/MRG/VS.MRG/VS.MRG_017.png	fe0f0c01e4f912d762425357bb8245b5f31717e6a35e0dfde17c2fcb6e5f56a0	format-pass	candidate RGB resized; exact original alpha	requires review	local-only; original-derived; no public distribution
VS.MRG:18	79401d52c2c74545917a4af421b71afed6ade7a8e5b11865a6e36dd4b58eafe2	workplace/re-img/out/MRG/VS.MRG/VS.MRG_018.png	3dc5494d81fce7f56f55663db47d04897869206ca56ee639ba4c21927a06eaa1	workplace/ai-hd/generated/79401d52c2c74545-v1.png	562db616ab95fe1fec74b48586d8af80426bd0bb89104cef807422bec03e0527	workplace/ai-hd/technical/full-theme/x2/MRG/VS.MRG/VS.MRG_018.png	22948ff645583846d3b9a91beedb1364527c793eb5142ee55b8a26f645e82122	format-pass	candidate RGB resized; exact original alpha	requires review	local-only; original-derived; no public distribution
VS.MRG:19	f2b0f092c08052837a7a0dc49d2b95d87ad293ca940b02a93ec2590b7cc2f15a	workplace/re-img/out/MRG/VS.MRG/VS.MRG_019.png	8f246e6fc605273db6c4965ff17d6241927c22a201ebe196234b26a5b6d0d50a	workplace/ai-hd/generated/f2b0f092c0805283-v1.png	efe0c35de80c65127d3ca8b6b0ae39f2e28c189da1e111da0f49938f3125e824	workplace/ai-hd/technical/full-theme/x2/MRG/VS.MRG/VS.MRG_019.png	05e649c2fcaec1bfd012873d5f2f6eafc34c4e06a9b5159c78d180bb4351dfe8	format-pass	candidate RGB resized; exact original alpha	requires review	local-only; original-derived; no public distribution
VS.MRG:2	4a73f96e85b32decafca38f37ac284efa1e226e7a4b61c8814c69995112b71f6	workplace/re-img/out/MRG/VS.MRG/VS.MRG_002.png	66504722d3f9b8cb3c92e055b6bf91d201c4b3b0121a7b1140aecb36cc5953ce	workplace/ai-hd/generated/4a73f96e85b32dec-v1.png	5d62b996565fa922486eda2a848c4b26b48161a77eb8a5e1780dbecee0d14493	workplace/ai-hd/technical/full-theme/x2/MRG/VS.MRG/VS.MRG_002.png	c58176436af9e31999de031753380ef0c4c635035f9bc62eface24aae13772e3	format-pass	candidate RGB resized; exact original alpha	requires review	local-only; original-derived; no public distribution
VS.MRG:20	fc5742586071a5cf002b2347518e8517c1f90b4b2e3a4f807c3262e25e0fa33c	workplace/re-img/out/MRG/VS.MRG/VS.MRG_020.png	0e6ab44d4bc0e8f106941a751f9d3c100738b9c276627f9cadeff640cc2acb6d	workplace/ai-hd/generated/fc5742586071a5cf-v2.png	6b8d43f480225bb8e550f583ea0140ae89b79ba642019f0ce66d15889acbc83a	workplace/ai-hd/technical/full-theme/x2/MRG/VS.MRG/VS.MRG_020.png	ec5c7a3cd21458472454f28d100f297133a91883c4463176b3c34d4b1c4136a3	format-pass	candidate RGB resized; exact original alpha	requires review	local-only; original-derived; no public distribution
VS.MRG:21	570225675a7bc14f2041c4dec1a95606a796e6e83744b15dc77e52a131b6e202	workplace/re-img/out/MRG/VS.MRG/VS.MRG_021.png	c4865f0f04a44b3abea8a169dbb4fafe7a3e7e2c45092b40b8597eb37196a8d1	workplace/ai-hd/generated/570225675a7bc14f-v1.png	d2c54cb4b1a6a2b391f8cf25eb73a4fc9959b782392d8d800834d798ab500486	workplace/ai-hd/technical/full-theme/x2/MRG/VS.MRG/VS.MRG_021.png	3113b5026b2dd31fdb7008d0cd4080478a09ea4a1b3443693becf8a50605181b	format-pass	candidate RGB resized; exact original alpha	requires review	local-only; original-derived; no public distribution
VS.MRG:22	5d12ea1a0f50793d1f58b07195c6cae502008c9732044d557029fb88cf4d0317	workplace/re-img/out/MRG/VS.MRG/VS.MRG_022.png	9aebc449b397dc1aafa13a306c1d899198829326c7f1a0a68e6983de1f7f2262	workplace/ai-hd/generated/5d12ea1a0f50793d-v1.png	045a7f5dd4de5d962e220b92db104083b6a02d1d91f4f5234d2a3c47881c8d70	workplace/ai-hd/technical/full-theme/x2/MRG/VS.MRG/VS.MRG_022.png	0b1a97b14f36ab831047c65426557c4484819c2074eef774478089cd07f37386	format-pass	candidate RGB resized; exact original alpha	requires review	local-only; original-derived; no public distribution
VS.MRG:23	7a91dd882fc610b003f2b0c101e302256ca0fb7720b4fe3d3053b5d8e26f8a37	workplace/re-img/out/MRG/VS.MRG/VS.MRG_023.png	d7ea017e89b9f8a084435870c9c0bece00049026312b2dbb26d695ce8a4e84bb			workplace/ai-hd/technical/full-theme/x2/MRG/VS.MRG/VS.MRG_023.png	2854deca45bf6bfcac19fe332840c8234433ecc099e8b1730c2fd9a6faca7bdf	service-blocked-HD-fallback	accepted HD retained; generation service rejected source		local-only; original-derived; no public distribution
VS.MRG:24	777af68ed29a47867725a09af5f652336790612f85bd4e3c6c270d37dd492b99	workplace/re-img/out/MRG/VS.MRG/VS.MRG_024.png	5b7fc4098a650a8b17c469dc5a5223c0da28f0f9dd1b3df2d5ecdb2c6ffe46c3	workplace/ai-hd/generated/777af68ed29a4786-v1.png	07e377b3c1dfb5adc0cfbc9ea89e0e98cb4ee5e12cfc59dfa4052a2d62de152a	workplace/ai-hd/technical/full-theme/x2/MRG/VS.MRG/VS.MRG_024.png	466c2dd046e34d7adc60460c5d3cc9c8efde7de5b5bba80530b84cea7a468f99	format-pass	candidate RGB resized; exact original alpha	requires review	local-only; original-derived; no public distribution
VS.MRG:3	0870d90704920ce4381716c721a1bc5f0675733ecba153814cc1608372db776e	workplace/re-img/out/MRG/VS.MRG/VS.MRG_003.png	df7eedd5f51f63c5c264b58fd392c4b4350571a21251e50a1c3409d5b283cf19	workplace/ai-hd/generated/0870d90704920ce4-v1.png	dde8e5abdff1dea24349b4d646c1e32ff3df7d1c0cc0b48cdce0396157fac93f	workplace/ai-hd/technical/full-theme/x2/MRG/VS.MRG/VS.MRG_003.png	73732d58c9b02efb237acd4e66cff9be3162f532d79912da609d6ad5e095b5fe	format-pass	candidate RGB resized; exact original alpha	requires review	local-only; original-derived; no public distribution
VS.MRG:4	5b5a1dd0b2ed2f697fe039c6feedde1b61e18560da7b7f6c9c86a3626fca5b8c	workplace/re-img/out/MRG/VS.MRG/VS.MRG_004.png	4e6f13748d07405fab4faa360fbf7f92ce531b0c6883fc2276df6f36f4c8f48f	workplace/ai-hd/generated/5b5a1dd0b2ed2f69-v1.png	528d6adb3ab1e596da65c734384a16fd08abf8d4ce2a77c24b07a5df8d16ead3	workplace/ai-hd/technical/full-theme/x2/MRG/VS.MRG/VS.MRG_004.png	18bb7e5c8a479c11de3cc19bb838647f08dd57b1c09c4e1b17a5b2d5d7543423	format-pass	candidate RGB resized; exact original alpha	requires review	local-only; original-derived; no public distribution
VS.MRG:5	7b2a7a52421e98d7d44a32e40a906b253457ef46abf81d19a78d5af2146162bd	workplace/re-img/out/MRG/VS.MRG/VS.MRG_005.png	0bf3cbae321065fba7d4ae54d466a995639f32fb4b49d3e4a7d015230d749ba5	workplace/ai-hd/generated/7b2a7a52421e98d7-v1.png	e036b598d5d1668c0d8db500863a3cefc3b7b73a019696794301f7f844b5bb19	workplace/ai-hd/technical/full-theme/x2/MRG/VS.MRG/VS.MRG_005.png	61f9d69b98c27dd19e9e5d620aae7dda3644755e41fd7941d2bf3a97a4ac22cc	format-pass	candidate RGB resized; exact original alpha	requires review	local-only; original-derived; no public distribution
VS.MRG:6	28a374a72a2deed41d4819d30f6cc7885b44bf228029b81278784f0ed6ea274e	workplace/re-img/out/MRG/VS.MRG/VS.MRG_006.png	4eda75a9c69ef4b44489adac06587731f5c2d2dedd4d31d44f619a8b6e533894	workplace/ai-hd/generated/28a374a72a2deed4-v1.png	074b9572a854c760d93b614b3349993e0c21116eb855d6db32409030203441db	workplace/ai-hd/technical/full-theme/x2/MRG/VS.MRG/VS.MRG_006.png	e5ef1fe82c9ace79ed50a8ff0fc359961a5b4847346282472d20b020f2869595	format-pass	candidate RGB resized; exact original alpha	requires review	local-only; original-derived; no public distribution
VS.MRG:7	94630ecdfd77f6d534767bd82089a30892254b9a8a8b287b3a619c06655d93ee	workplace/re-img/out/MRG/VS.MRG/VS.MRG_007.png	e41e61c5f9b881df9eb8815e6a72a15f521748665033232005f8351e2a782167	workplace/ai-hd/generated/94630ecdfd77f6d5-v1.png	fca0e22c9a7d52c9a8ec9e4cd1eb4156586cb44d2faa84e88c5f501049533949	workplace/ai-hd/technical/full-theme/x2/MRG/VS.MRG/VS.MRG_007.png	c146fbdad2282c84e0ad5498817fbaa103804db50d3968fd9e552ec42d5dcb55	format-pass	candidate RGB resized; exact original alpha	requires review	local-only; original-derived; no public distribution
VS.MRG:8	111e7bbfaba376e1e1a45612359b00dee8404cf90c80886958f8dbeea4958b5a	workplace/re-img/out/MRG/VS.MRG/VS.MRG_008.png	885135e5b417c83020d2a3aad2687e53ebb53fdca9c3eb24f4aba3838fdb5a8e	workplace/ai-hd/generated/111e7bbfaba376e1-v1.png	fd400718853c085bdabd2f39d0f1b96532120fd7ef1dd77a2363150deaa8c2de	workplace/ai-hd/technical/full-theme/x2/MRG/VS.MRG/VS.MRG_008.png	e79ef3bd8d47023d1e456ffdcf1a5396f9f7a2be126b504fa91a64a34f4d41be	format-pass	candidate RGB resized; exact original alpha	requires review	local-only; original-derived; no public distribution
VS.MRG:9	081d63619ff0ffdc964811a8354c00cf3eda8afa4a818f3bf6a85b79886e3e01	workplace/re-img/out/MRG/VS.MRG/VS.MRG_009.png	18a9f359959747cee9a48ba798d3ff6ffd59484b00f9c9cc955b73f295c85f6a	workplace/ai-hd/generated/081d63619ff0ffdc-v1.png	94785871be54e8090b2618ada2e1b390b802f0d215cd88e5e324d5331e069bc1	workplace/ai-hd/technical/full-theme/x2/MRG/VS.MRG/VS.MRG_009.png	ab2f3d82b7de906a1ff3d56e315c8967e8b2a70e3c3a3b7c0d6fbaceb7632cd1	format-pass	candidate RGB resized; exact original alpha	requires review	local-only; original-derived; no public distribution
