id	src_sha256	text	status	acc_sha	by	batch	date	note
ESPMES#44.0	66e4e742ccb873b2	金庫から隠し金を取り出した。	accepted	6cba11ab131ce857	Codex	full-20261006	2026-10-06	全量日文候選；未經母語者審閱；正式預算及版面另驗
ESPMES#44.1	93d4ba4b8120f1cd	部隊名［%s］　武器%2d　防具%2d\nレベル　　　%02d　%02d　%02d\nＬC%1d　S%03d　H%03d　\n１C%1d　S%03d　H%03d　２C%1d　S%03d　H%03d\n３C%1d　S%03d　H%03d　４C%1d　S%03d　H%03d\n５C%1d　S%03d　H%03d　６C%1d　S%03d　H%03d\n７C%1d　S%03d　H%03d　８C%1d　S%03d　H%03d\n９C%1d　S%03d　H%03d　ＡC%1d　S%03d　H%03d\n	accepted	0acc00acc4ec71f9	Codex	full-20261006	2026-10-06	全量日文候選；未經母語者審閱；正式預算及版面另驗
ESPMES#44.2	93d4ba4b8120f1cd	部隊名［%s］　武器%2d　防具%2d\nレベル　　　%02d　%02d　%02d\nＬC%1d　S%03d　H%03d　\n１C%1d　S%03d　H%03d　２C%1d　S%03d　H%03d\n３C%1d　S%03d　H%03d　４C%1d　S%03d　H%03d\n５C%1d　S%03d　H%03d　６C%1d　S%03d　H%03d\n７C%1d　S%03d　H%03d　８C%1d　S%03d　H%03d\n９C%1d　S%03d　H%03d　ＡC%1d　S%03d　H%03d\n	accepted	0acc00acc4ec71f9	Codex	full-20261006	2026-10-06	全量日文候選；未經母語者審閱；正式預算及版面另驗
ESPMES#116.0	254fe3bff53b89e4	モノ・ディナンドのそばへ、独り身の魅力的な女性が駆けてきた‥	accepted	18cb9aa7f7392f37	Codex	full-20261006	2026-10-06	全量日文候選；未經母語者審閱；正式預算及版面另驗
ESPMES#116.1	1699fac5a57af466	モノ・ディナンドさんですか？\n	accepted	3a4e6668fef5a99c	Codex	full-20261006	2026-10-06	全量日文候選；未經母語者審閱；正式預算及版面另驗
ESPMES#116.2	b1a4fffbbabf0bb0	初めまして。\n世界銀行から派遣された、特派員のレキ・ファーシです。	accepted	e7803763d6fc76c5	Codex	full-20261006	2026-10-06	全量日文候選；未經母語者審閱；正式預算及版面另驗
ESPMES#116.3	021f16cb076e58d5	これから毎週、10000000Ｇの借金の分割返済金を、私が回収します。	accepted	b75fb3ed1b2bbd5e	Codex	full-20261006	2026-10-06	全量日文候選；未經母語者審閱；正式預算及版面另驗
ESPMES#116.4	0b4827312f1077b7	毎週の最低返済額は5000Ｇです。\n返済できない場合、契約に従って返済額が増えます。	accepted	2616eb694c7a1782	Codex	full-20261006	2026-10-06	全量日文候選；未經母語者審閱；正式預算及版面另驗
ESPMES#116.5	eba3056f35a65d8c	来週から始めます。5000Ｇの用意を、どうかお忘れなく。	accepted	3d6258bf6adfccfb	Codex	full-20261006	2026-10-06	全量日文候選；未經母語者審閱；正式預算及版面另驗
ESPMES#116.6	7f2b62116ad22d5e	どうぞよろしく！\n	accepted	507430279c0f8f84	Codex	full-20261006	2026-10-06	全量日文候選；未經母語者審閱；正式預算及版面另驗
ESPMES#116.7	f8ea35c40fcf0f2d	では、また来週。\n	accepted	473aaa9986c7d0c5	Codex	full-20261006	2026-10-06	全量日文候選；未經母語者審閱；正式預算及版面另驗
ESPMES#116.8	ea573de80d0a1524	特派員レキ・ファーシが、またモノ・ディナンドを訪ねてきた‥	accepted	e29c36e33c4995b7	Codex	full-20261006	2026-10-06	全量日文候選；未經母語者審閱；正式預算及版面另驗
ESPMES#116.9	84abfc89cbabd478	約束の週が来ました～\nでは、返済して頂けますね！	accepted	a9980bf0185c63dc	Codex	full-20261006	2026-10-06	全量日文候選；未經母語者審閱；正式預算及版面另驗
ESPMES#116.10	e17a7b4cf67b79f1	どうですか？お金はあります？	accepted	8ae9be1b311fa36a	Codex	full-20261006	2026-10-06	全量日文候選；未經母語者審閱；正式預算及版面另驗
ESPMES#116.11	f00b2d8fd32a2eb7	毎週少しでも返さないと、借金はいつまでもなくなりませんよ。‥さて、今週はいくら返します？	accepted	f7c376165abce9ef	Codex	full-20261006	2026-10-06	全量日文候選；未經母語者審閱；正式預算及版面另驗
ESPMES#116.12	a3331ff8977ec33d	はい、5000Ｇ。\nありがとう。	accepted	cc50d103900008f4	Codex	full-20261006	2026-10-06	全量日文候選；未經母語者審閱；正式預算及版面另驗
ESPMES#116.13	d2766a48fa8cff2b	その調子。一日でも早く完済できるといいですね。\n	accepted	aaeefdc557c435ab	Codex	full-20261006	2026-10-06	全量日文候選；未經母語者審閱；正式預算及版面另驗
ESPMES#116.14	eaf4bbb7aeea9d08	はい、10000Ｇ、確かに頂きました。\n	accepted	93c647e6e9db084c	Codex	full-20261006	2026-10-06	全量日文候選；未經母語者審閱；正式預算及版面另驗
ESPMES#116.15	9cdc0627e86722b0	今週は20000Ｇですね‥\n	accepted	ae3e056f46eb80d5	Codex	full-20261006	2026-10-06	全量日文候選；未經母語者審閱；正式預算及版面另驗
ESPMES#116.16	defab2a7e4a600f8	今週は50000Ｇですね‥\n	accepted	f66306b5c2984182	Codex	full-20261006	2026-10-06	全量日文候選；未經母語者審閱；正式預算及版面另驗
ESPMES#116.17	a713236686d694d7	あら！\n100000Ｇ返すんですか？\nなかなか好調ですね！	accepted	c78574e9f3e01d1d	Codex	full-20261006	2026-10-06	全量日文候選；未經母語者審閱；正式預算及版面另驗
ESPMES#116.18	40f8741dbc99ea64	100000Ｇ、確かに頂きました。	accepted	c298e95d13450715	Codex	full-20261006	2026-10-06	全量日文候選；未經母語者審閱；正式預算及版面另驗
ESPMES#116.19	a79d5f86e8f7efe1	わあ！\n200000Ｇ返すんですか？\nうまくいっているようですね！	accepted	06ee351675d363c3	Codex	full-20261006	2026-10-06	全量日文候選；未經母語者審閱；正式預算及版面另驗
ESPMES#116.20	0bef343aead62fa8	200000Ｇ、確かに頂きました。	accepted	5aab376f451743d9	Codex	full-20261006	2026-10-06	全量日文候選；未經母語者審閱；正式預算及版面另驗
ESPMES#116.21	6ab9dc236f705985	わあ！\n500000Ｇ返すんですか？\n景気がいいようですね。	accepted	0412223e5f8a41fc	Codex	full-20261006	2026-10-06	全量日文候選；未經母語者審閱；正式預算及版面另驗
ESPMES#116.22	4f33d9b465429728	500000Ｇ、確かに頂きました。	accepted	25351fc77e023b33	Codex	full-20261006	2026-10-06	全量日文候選；未經母語者審閱；正式預算及版面另驗
ESPMES#116.23	f9ef18f044bc44b9	わあ！\n1000000Ｇ返すんですか？\nかなり景気がいいようですね。	accepted	61dc434d92674c64	Codex	full-20261006	2026-10-06	全量日文候選；未經母語者審閱；正式預算及版面另驗
ESPMES#116.24	d1aa53e07efbc4ac	1000000Ｇ、確かに頂きました。	accepted	d8d1c9603e0801f3	Codex	full-20261006	2026-10-06	全量日文候選；未經母語者審閱；正式預算及版面另驗
ESPMES#116.25	ece5f63629d1559e	わあ！\n2000000Ｇ返すんですか？\nかなり景気がいいようですね。	accepted	950791a7cd352474	Codex	full-20261006	2026-10-06	全量日文候選；未經母語者審閱；正式預算及版面另驗
ESPMES#116.26	0e4dbab95bf4c218	2000000Ｇ、確かに頂きました。	accepted	aeb8849d01dfbacd	Codex	full-20261006	2026-10-06	全量日文候選；未經母語者審閱；正式預算及版面另驗
ESPMES#116.27	f4220a8835cf5678	わあ！\n一度に5000000Ｇも？\nすごい、すごい！	accepted	0f73af267c231f15	Codex	full-20261006	2026-10-06	全量日文候選；未經母語者審閱；正式預算及版面另驗
ESPMES#116.28	2d84829d2b6f4128	5000000Ｇ、確かに頂きました。	accepted	8544a28ddfd75615	Codex	full-20261006	2026-10-06	全量日文候選；未經母語者審閱；正式預算及版面另驗
ESPMES#116.29	bf2d78d7b856553d	わあ！\n一気に10000000Ｇも？\n夢みたいですね。	accepted	385a2da9aca94b38	Codex	full-20261006	2026-10-06	全量日文候選；未經母語者審閱；正式預算及版面另驗
ESPMES#116.30	f9bd19f597d62206	10000000Ｇ、間違いなく頂きました。\n	accepted	edb72764f598bd74	Codex	full-20261006	2026-10-06	全量日文候選；未經母語者審閱；正式預算及版面另驗
ESPMES#116.31	508b61f84adfddf4	あら？毎週最低5000Ｇ返す約束でしたよね？	accepted	c2e2cb5907e484a4	Codex	full-20261006	2026-10-06	全量日文候選；未經母語者審閱；正式預算及版面另驗
ESPMES#116.32	4eae2c9233b33f85	では契約通り、違約金100000Ｇを加えます。	accepted	e018720f32945d3d	Codex	full-20261006	2026-10-06	全量日文候選；未經母語者審閱；正式預算及版面另驗
ESPMES#116.33	c5964feb5aa1c4e7	あら？少し考えさせてください。う～ん‥	accepted	57350aa1b1f38399	Codex	full-20261006	2026-10-06	全量日文候選；未經母語者審閱；正式預算及版面另驗
ESPMES#116.34	c29a82b2deacc9ab	少々お待ちください‥	accepted	7ad112999cfed040	Codex	full-20261006	2026-10-06	全量日文候選；未經母語者審閱；正式預算及版面另驗
ESPMES#116.35	2a43199d140fc6b6	計算を確認しました‥はい、間違いありません。借金はなくなりました‥。	accepted	5fad8b9f424b0954	Codex	full-20261006	2026-10-06	全量日文候選；未經母語者審閱；正式預算及版面另驗
ESPMES#116.36	aff65cf0d29e7773	借用契約。	accepted	af0f134b09a7c484	Codex	full-20261006	2026-10-06	全量日文候選；未經母語者審閱；正式預算及版面另驗
ESPMES#116.37	950cb54b6fa95b4c	残りの借金は%ldＧ。来週も頑張ってください！	accepted	a0935d5332650f3b	Codex	full-20261006	2026-10-06	全量日文候選；未經母語者審閱；正式預算及版面另驗
ESPMES#116.38	607425d0e6995d5e	何ですって！踏み倒す気？\n返さないなら‥この用心棒たちも、ただ飯を食べているわけじゃないのよ。	accepted	b3456c40388c10ea	Codex	full-20261006	2026-10-06	全量日文候選；未經母語者審閱；正式預算及版面另驗
ESPMES#116.39	daf3e4def3b2b8bb	あら？けがをしているのに、私に逆らうなんて無理よ。\n諦めなさい！	accepted	14b22f0a9adf71a0	Codex	full-20261006	2026-10-06	全量日文候選；未經母語者審閱；正式預算及版面另驗
ESPMES#116.40	eca2caf8008cbf9a	あはは、勝負してみる？	accepted	202ef3bf0cf283b4	Codex	full-20261006	2026-10-06	全量日文候選；未經母語者審閱；正式預算及版面另驗
ESPMES#116.41	ceb05084f101b7ec	あなたたち、私の力を思い知りなさい！	accepted	e6850991dd25d6e0	Codex	full-20261006	2026-10-06	全量日文候選；未經母語者審閱；正式預算及版面另驗
ESPMES#116.42	3dfa112fa24e8d33	この用心棒たち、役立たずね‥\n来週はもっと強いのを連れてくるわ。覚えてなさい！	accepted	10e8d202a5d4e2dc	Codex	full-20261006	2026-10-06	全量日文候選；未經母語者審閱；正式預算及版面另驗
ESPMES#116.43	ac8ca31a39f0de51	来週は、こうはいかないわよ！	accepted	80a3a107d66ba10b	Codex	full-20261006	2026-10-06	全量日文候選；未經母語者審閱；正式預算及版面另驗
ESPMES#116.44	92901115c179e649	おとなしくお金を出しなさい！\n	accepted	4e00d0c9a9cade55	Codex	full-20261006	2026-10-06	全量日文候選；未經母語者審閱；正式預算及版面另驗
ESPMES#117.0	2c24ff90a07e56b0	君たちは腕がいいそうだな。どうだ、%sを%sへ運べば、報酬は%ldＧだ。	accepted	f8f041cd243e31ee	Codex	full-20261006	2026-10-06	全量日文候選；未經母語者審閱；正式預算及版面另驗
ESPMES#117.1	751298d1f464c46d	期限は%d日。\n早く終われば報酬は倍だ。\n	accepted	c9ec3ac1ef95e670	Codex	full-20261006	2026-10-06	全量日文候選；未經母語者審閱；正式預算及版面另驗
ESPMES#117.2	f76656c25cd05004	悪くないだろう！やってみないか？	accepted	180bd87ce1d25c0b	Codex	full-20261006	2026-10-06	全量日文候選；未經母語者審閱；正式預算及版面另驗
ESPMES#117.3	ad855390c9807ab8	では、すぐ始めてくれ。\n報酬は到着後に払う。	accepted	da225b6689060518	Codex	full-20261006	2026-10-06	全量日文候選；未經母語者審閱；正式預算及版面另驗
ESPMES#117.4	09c683b0d7e72173	そうか。なら、何も言うまい。	accepted	b53a944d4238bb6d	Codex	full-20261006	2026-10-06	全量日文候選；未經母語者審閱；正式預算及版面另驗
ESPMES#117.5	149d1452e91e442d	兵隊さん、兵隊さん。ちょっとお願いがあるんだけど‥\n	accepted	6321f0c06229b0be	Codex	full-20261006	2026-10-06	全量日文候選；未經母語者審閱；正式預算及版面另驗
ESPMES#117.6	555b248a842b9d52	%d日以内に、\n%sを%sへ届けてくれない？	accepted	49de92b6bca34ab5	Codex	full-20261006	2026-10-06	全量日文候選；未經母語者審閱；正式預算及版面另驗
ESPMES#117.7	7d5672d6d67502ec	報酬は払うわ。\n%ldＧよ。\n引き受けてくれる？	accepted	fd7ecec3f764b4d9	Codex	full-20261006	2026-10-06	全量日文候選；未經母語者審閱；正式預算及版面另驗
ESPMES#117.8	d87f499ee9688139	よかった、引き受けてくれるのね。\nじゃあ、よろしく頼むわ。	accepted	83d52d45a78a42ba	Codex	full-20261006	2026-10-06	全量日文候選；未經母語者審閱；正式預算及版面另驗
ESPMES#117.9	b48d05014a048c31	そう、本当に無理なのね‥\n残念だわ‥	accepted	abae4f6dbb2aece5	Codex	full-20261006	2026-10-06	全量日文候選；未經母語者審閱；正式預算及版面另驗
ESPMES#117.10	5985f5c5a4097d72	若者よ、よく来てくれた。\n困っている私を助けてくれないか？	accepted	9e658e33b835e35b	Codex	full-20261006	2026-10-06	全量日文候選；未經母語者審閱；正式預算及版面另驗
ESPMES#117.11	810f52eac14f5575	頼みたいのは、これだ。\n%d日以内に、%sを%sへ届けてほしい。	accepted	782962664c5ad84e	Codex	full-20261006	2026-10-06	全量日文候選；未經母語者審閱；正式預算及版面另驗
ESPMES#117.12	44574b3fe7fa7515	この物騒な時代、私には無理なのだ。どうか助けてくれ‥\n報酬は%ldＧだ。	accepted	be4e4182a86fb828	Codex	full-20261006	2026-10-06	全量日文候選；未經母語者審閱；正式預算及版面另驗
ESPMES#117.13	947916e043627a29	どうだ、助けてくれるか？	accepted	7cd98a14578e7135	Codex	full-20261006	2026-10-06	全量日文候選；未經母語者審閱；正式預算及版面另驗
ESPMES#117.14	2fa6c5ca668ab47d	引き受けてくれるのか！\n	accepted	b2d26e0e55dabe8a	Codex	full-20261006	2026-10-06	全量日文候選；未經母語者審閱；正式預算及版面另驗
ESPMES#117.15	c9968dfd7e4eba32	ありがとう、若者よ。\nこの恩は忘れない！	accepted	f1b6af82091a2f2e	Codex	full-20261006	2026-10-06	全量日文候選；未經母語者審閱；正式預算及版面另驗
ESPMES#117.16	fe6c08489c92f3d1	引き受けられないか‥\nそれも仕方あるまい‥	accepted	fd918a8b53d8de2f	Codex	full-20261006	2026-10-06	全量日文候選；未經母語者審閱；正式預算及版面另驗
ESPMES#117.17	02ca11eb189ae60f	あはは、よく来たわ。\nちょうどぴったりの仕事があるの。\nもちろん、私のおかげでしょ？	accepted	7aaf936f04c06614	Codex	full-20261006	2026-10-06	全量日文候選；未經母語者審閱；正式預算及版面另驗
ESPMES#117.18	0962c7a8f4e97f93	へへ、もちろんさ。\n君のようにかわいいお嬢さんなら。	accepted	4df7791079c700a6	Codex	full-20261006	2026-10-06	全量日文候選；未經母語者審閱；正式預算及版面另驗
ESPMES#117.19	31207ed8e045f99c	？聞かなかったことにするわ。\n私を断る奴が、この世にいるなんて。\n	accepted	92dab974448e7a22	Codex	full-20261006	2026-10-06	全量日文候選；未經母語者審閱；正式預算及版面另驗
ESPMES#117.20	1fb7a0750801ec8d	ふふ、じゃあ教えてあげる。	accepted	0a868ada3d54005c	Codex	full-20261006	2026-10-06	全量日文候選；未經母語者審閱；正式預算及版面另驗
ESPMES#117.21	14e0d3c55d8c305c	%sを%sへ運んで。	accepted	1d7c95361c89d460	Codex	full-20261006	2026-10-06	全量日文候選；未經母語者審閱；正式預算及版面另驗
ESPMES#117.22	055f7a3a4c084b28	もちろん%d日以内よ。	accepted	b373a95348d7f497	Codex	full-20261006	2026-10-06	全量日文候選；未經母語者審閱；正式預算及版面另驗
ESPMES#117.23	6564d8f6e5a08d51	報酬は%ldＧ。\nねえ、いいでしょ？	accepted	44fd689cb86b41e9	Codex	full-20261006	2026-10-06	全量日文候選；未經母語者審閱；正式預算及版面另驗
ESPMES#117.24	4cd2f01272bf8852	ふふ、ありがとう。\nさあ、早く行って。	accepted	d459ea64512b4d77	Codex	full-20261006	2026-10-06	全量日文候選；未經母語者審閱；正式預算及版面另驗
ESPMES#117.25	9c13483ae0a8287d	何ですって？\n私を断るの？	accepted	986696f543072b70	Codex	full-20261006	2026-10-06	全量日文候選；未經母語者審閱；正式預算及版面另驗
ESPMES#117.26	49563c46b7c573b6	腹が立つわ！\nさっさと出ていって！	accepted	77833cbc472cafac	Codex	full-20261006	2026-10-06	全量日文候選；未經母語者審閱；正式預算及版面另驗
ESPMES#117.27	039e3f6674ccf06e	仕事を探している人はいないか？	accepted	2110319f3bbce426	Codex	full-20261006	2026-10-06	全量日文候選；未經母語者審閱；正式預算及版面另驗
ESPMES#117.28	0b2d2a5b7ed74a61	やっと見つかった！\nどうか、この%sを%sへ届けてくれ。	accepted	5d343cfbca78e253	Codex	full-20261006	2026-10-06	全量日文候選；未經母語者審閱；正式預算及版面另驗
ESPMES#117.29	3dc2b9f1b358b32d	急いで届けねばならないが‥私には無理なのだ‥	accepted	012410ea1dbc7ddc	Codex	full-20261006	2026-10-06	全量日文候選；未經母語者審閱；正式預算及版面另驗
ESPMES#117.30	a49a4247b9c79288	%d日以内に必ず届けてほしい‥\n報酬は%ldＧだ。\n	accepted	bf9ea26f505e206f	Codex	full-20261006	2026-10-06	全量日文候選；未經母語者審閱；正式預算及版面另驗
ESPMES#117.31	1a122a452ad61bb1	ありがとう。やっと助けてくれる人が見つかった。\n	accepted	52f2639351681cbd	Codex	full-20261006	2026-10-06	全量日文候選；未經母語者審閱；正式預算及版面另驗
ESPMES#117.32	bea046325afcab49	そ、それは‥残念だ‥	accepted	af75ad8ac14d0a13	Codex	full-20261006	2026-10-06	全量日文候選；未經母語者審閱；正式預算及版面另驗
ESPMES#117.33	fbc30ca9db003e66	お、俺はもう終わりだ！\nこの哀れな俺を助けてくれる人はいないか‥	accepted	e91874d10b92dd1c	Codex	full-20261006	2026-10-06	全量日文候選；未經母語者審閱；正式預算及版面另驗
ESPMES#117.34	019e0daf2dcd9941	‥この%sを届ける約束なのに‥俺は%sへ行けないんだ。	accepted	d2e868e652faf47a	Codex	full-20261006	2026-10-06	全量日文候選；未經母語者審閱；正式預算及版面另驗
ESPMES#117.35	f869166edf5d3f1c	報酬は%ldＧ払う‥ただし、%d日以内に必ず届けてほしい。	accepted	750977f15026fcea	Codex	full-20261006	2026-10-06	全量日文候選；未經母語者審閱；正式預算及版面另驗
ESPMES#117.36	a67b564ee1d9db8a	この仕事を引き受けてくれるか？	accepted	e0942946965223ab	Codex	full-20261006	2026-10-06	全量日文候選；未經母語者審閱；正式預算及版面另驗
ESPMES#117.37	7f38eb80957a2d1b	本当によかった！\nでは、よろしく頼む。	accepted	3108c00720605f4a	Codex	full-20261006	2026-10-06	全量日文候選；未經母語者審閱；正式預算及版面另驗
ESPMES#117.38	4978fafac8b36395	そうか‥\nこれからどうすればいいんだ‥	accepted	00e9b49f24a295d0	Codex	full-20261006	2026-10-06	全量日文候選；未經母語者審閱；正式預算及版面另驗
ESPMES#117.39	d308d382b46928f7	よかった、やっと届いた。	accepted	0c184807c9c0d218	Codex	full-20261006	2026-10-06	全量日文候選；未經母語者審閱；正式預算及版面另驗
ESPMES#117.40	8fa2db0f21b6b0f0	報酬の%ldＧだ。\n受け取ってくれ。	accepted	5ea911f5e5cfa0a4	Codex	full-20261006	2026-10-06	全量日文候選；未經母語者審閱；正式預算及版面另驗
ESPMES#117.41	3a8364c2926329ee	はは、やっと届いた。これが君たちの報酬だ。	accepted	840631d9e70c832f	Codex	full-20261006	2026-10-06	全量日文候選；未經母語者審閱；正式預算及版面另驗
ESPMES#117.42	6c0aee57dbbc08e2	遠慮せず、受け取ってくれ。	accepted	7ea83a99153b1709	Codex	full-20261006	2026-10-06	全量日文候選；未經母語者審閱；正式預算及版面另驗
ESPMES#117.43	e60ef487ba1d9679	やっと届いた！\n本当にありがとう！\nこれで助かった！	accepted	542bd5b20062161e	Codex	full-20261006	2026-10-06	全量日文候選；未經母語者審閱；正式預算及版面另驗
ESPMES#117.44	2834de525cc1770b	ずいぶん待ったよ。\nでも、約束は守ってくれた‥	accepted	7dadcdc764e27f7e	Codex	full-20261006	2026-10-06	全量日文候選；未經母語者審閱；正式預算及版面另驗
ESPMES#117.45	7ac02e0d86eb04e9	約束通り、報酬を払う。\n%ldＧだ。\n	accepted	2150809ef7daf5e2	Codex	full-20261006	2026-10-06	全量日文候選；未經母語者審閱；正式預算及版面另驗
ESPMES#117.46	f4614f1de94db946	やっと届いた！\n本当にありがとう！	accepted	c2a957988fb938ed	Codex	full-20261006	2026-10-06	全量日文候選；未經母語者審閱；正式預算及版面另驗
ESPMES#117.47	eeb83349d2c4d479	やあ。\nこれが君たちの報酬だ。受け取ってくれ。	accepted	ce9f3b34fb86eb64	Codex	full-20261006	2026-10-06	全量日文候選；未經母語者審閱；正式預算及版面另驗
ESPMES#117.48	5ef3ff6e8b5482ac	心から感謝する！\n私のために‥ありがとう‥	accepted	d975e1ca50f78422	Codex	full-20261006	2026-10-06	全量日文候選；未經母語者審閱；正式預算及版面另驗
ESPMES#117.49	0217aaca3e94a192	‥この恩は忘れない‥\nこれが約束の報酬だ。	accepted	4c9fdf4f2a893b68	Codex	full-20261006	2026-10-06	全量日文候選；未經母語者審閱；正式預算及版面另驗
ESPMES#117.50	22810ed87b861250	%ldＧ、受け取ってくれ。	accepted	7d0dcabbec6fc19c	Codex	full-20261006	2026-10-06	全量日文候選；未經母語者審閱；正式預算及版面另驗
ESPMES#117.51	55411b612097dd90	遅い、遅すぎる！\n許せない！違約金を払え！	accepted	5c1031870e2a4eaa	Codex	full-20261006	2026-10-06	全量日文候選；未經母語者審閱；正式預算及版面另驗
ESPMES#117.52	9546d742e26ced89	役立たずには、お仕置きが必要だ。おい、%ldＧ払え。	accepted	aef84d2416664b1c	Codex	full-20261006	2026-10-06	全量日文候選；未經母語者審閱；正式預算及版面另驗
ESPMES#117.53	51cd2b22f1a19fba	契約は破棄した。\n早く出ていってくれ！	accepted	eabbee3f018ca0c0	Codex	full-20261006	2026-10-06	全量日文候選；未經母語者審閱；正式預算及版面另驗
ESPMES#117.54	7a3d9d9b9302ec8a	困ったな‥\n約束の日までに届かなかった以上、報酬は払えない。	accepted	42fa9588bef66127	Codex	full-20261006	2026-10-06	全量日文候選；未經母語者審閱；正式預算及版面另驗
ESPMES#117.55	10a49b75b35dbd8a	これも約束したことだ。\nまた機会があれば頼もう。	accepted	6e7d6b37893ddd54	Codex	full-20261006	2026-10-06	全量日文候選；未經母語者審閱；正式預算及版面另驗
ESPMES#117.56	12637ad857d29a1e	残念だ。\nこれ以上は待てない。	accepted	7f2261d638199da7	Codex	full-20261006	2026-10-06	全量日文候選；未經母語者審閱；正式預算及版面另驗
ESPMES#117.57	b5ff8497f625ec84	手伝ってくれてありがとう‥	accepted	7a9cecae195a2a4f	Codex	full-20261006	2026-10-06	全量日文候選；未經母語者審閱；正式預算及版面另驗
ESPMES#117.58	588c2606352cfcb0	あらまあ～！	accepted	675c2af6ecbe76b1	Codex	full-20261006	2026-10-06	全量日文候選；未經母語者審閱；正式預算及版面另驗
ESPMES#117.59	7e82c9f641551fd6	まだ届いていないの？	accepted	9899c03955d251e7	Codex	full-20261006	2026-10-06	全量日文候選；未經母語者審閱；正式預算及版面另驗
ESPMES#117.60	ecb1081322774be0	もういい、もういい。\n契約はここまでよ。\n早く違約金を払って、\nどこへでも行きなさい！	accepted	23299d90a41d9995	Codex	full-20261006	2026-10-06	全量日文候選；未經母語者審閱；正式預算及版面另驗
ESPMES#117.61	729df17def82adeb	残念だが‥\nこの仕事を続けても、もう意味がない‥	accepted	c59facf690ec2b95	Codex	full-20261006	2026-10-06	全量日文候選；未經母語者審閱；正式預算及版面另驗
ESPMES#117.62	9de43bc98027275f	何ということだ！時間がない。	accepted	cac9c5cecdb3f363	Codex	full-20261006	2026-10-06	全量日文候選；未經母語者審閱；正式預算及版面另驗
ESPMES#117.63	2318768b6b0173c8	手伝ってくれたことは感謝する。\nだが、もう間に合わない。	accepted	b91fa563f1b71a1b	Codex	full-20261006	2026-10-06	全量日文候選；未經母語者審閱；正式預算及版面另驗
ESPMES#117.64	c242c80e40bccc13	さようなら‥	accepted	617f8b36fbb20807	Codex	full-20261006	2026-10-06	全量日文候選；未經母語者審閱；正式預算及版面另驗
ESPMES#117.65	4e2dcbd10958c824	仕事を引き受けた以上‥%sへ行かねばならない‥	accepted	83fdb3037bc1fce6	Codex	full-20261006	2026-10-06	全量日文候選；未經母語者審閱；正式預算及版面另驗
ESPMES#117.66	1a5a4c9cc835bc6c	おお、血にまみれた天使よ。\nその流血を悔い改めよう。そうすれば神の赦しを得られる。	accepted	02ace311053f3de2	Codex	full-20261006	2026-10-06	全量日文候選；未經母語者審閱；正式預算及版面另驗
ESPMES#117.67	e51c53ed58e0d64d	心優しき戦士たちよ。心の奥で、神が常に共にあると信じなさい。	accepted	6bfe362e43b566e5	Codex	full-20261006	2026-10-06	全量日文候選；未經母語者審閱；正式預算及版面另驗
ESPMES#117.68	6262cd37045ab8dc	兵士たちの疲労が回復した。\n	accepted	5b179fdf73f59407	Codex	full-20261006	2026-10-06	全量日文候選；未經母語者審閱；正式預算及版面另驗
ESPMES#117.69	47bb746196450bd8	異教徒ども！\nこの聖地から出ていけ！\n	accepted	175f4dbb8724b1bd	Codex	full-20261006	2026-10-06	全量日文候選；未經母語者審閱；正式預算及版面另驗
ESPMES#117.70	40b3df1cc3fb3b7c	やあ、いらっしゃい。何を飲む？\n	accepted	a5ee2a303ec49cdd	Codex	full-20261006	2026-10-06	全量日文候選；未經母語者審閱；正式預算及版面另驗
ESPMES#117.71	2be39383199f0bdb	初めて来たのか？\n歓迎するよ、いい人たちだね。\nどうぞ、ゆっくり楽しんで！	accepted	fe0dcd23527eece9	Codex	full-20261006	2026-10-06	全量日文候選；未經母語者審閱；正式預算及版面另驗
ESPMES#117.72	ac8e228d9b4e9848	ああ～私を口説きに来たの？\nそんなことしたら怒るわよ。\n好きな飲み物を遠慮なく頼んで。	accepted	5ec36bf9c74b6996	Codex	full-20261006	2026-10-06	全量日文候選；未經母語者審閱；正式預算及版面另驗
ESPMES#117.73	1430b91133a90a9a	おい、偉そうにするな！\n俺を無視するとは‥くそっ！俺の力を思い知れ！	accepted	60913ece22a9ed92	Codex	full-20261006	2026-10-06	全量日文候選；未經母語者審閱；正式預算及版面另驗
ESPMES#118.0	ded1ca1ab7a145b5	ディナンド隊長！\n%sの様子が少しおかしいようです。	accepted	2be4b58a79526695	Codex	full-20261006	2026-10-06	全量日文候選；未經母語者審閱；正式預算及版面另驗
ESPMES#118.1	2ae8ab6a5cf38f6a	情報によると、%sが%sを占領しました。	accepted	d088cf1836404932	Codex	full-20261006	2026-10-06	全量日文候選；未經母語者審閱；正式預算及版面另驗；完整字詞保持，改由既定折行器重新折行
ESPMES#118.2	d3a9ef19602c5369	%sで%sが活動しています。状況はかなり切迫しているそうです。	accepted	b4b7a72060104e8d	Codex	full-20261006	2026-10-06	全量日文候選；未經母語者審閱；正式預算及版面另驗
ESPMES#118.3	1fab4a5d21e4f0c0	%sの様子が少しおかしいようです。	accepted	ea0aec33c0e3868e	Codex	full-20261006	2026-10-06	全量日文候選；未經母語者審閱；正式預算及版面另驗
ESPMES#118.4	023d67b91092ad11	%sが%sを攻撃し、成功したようです。	accepted	f675811e8561ee5f	Codex	full-20261006	2026-10-06	全量日文候選；未經母語者審閱；正式預算及版面另驗
ESPMES#118.5	c7681a708449a64a	%sの勢力が拡大し、拠点は%dか所になったそうです。	accepted	dca695528a961817	Codex	full-20261006	2026-10-06	全量日文候選；未經母語者審閱；正式預算及版面另驗
ESPMES#118.6	1cbd69101e52118e	%sが%sを攻撃したようですが、情報では撃退されたようです。	accepted	b6e8d70767d587ca	Codex	full-20261006	2026-10-06	全量日文候選；未經母語者審閱；正式預算及版面另驗
ESPMES#118.7	d97d47dedcb318a7	君たちは傭兵か？\nなら、この仕事をやってみないか？	accepted	6a06dd4d1fae0608	Codex	full-20261006	2026-10-06	全量日文候選；未經母語者審閱；正式預算及版面另驗
ESPMES#118.8	53bb79b072a31d46	依頼人はこの%sの名士だ。\n報酬は%ldＧ。他は詳しく話せない。引き受けるか？	accepted	5c6a2a1f9cb0e9f2	Codex	full-20261006	2026-10-06	全量日文候選；未經母語者審閱；正式預算及版面另驗
ESPMES#118.9	493481afa39b9b44	よかった。	accepted	bb0916c4456b58ef	Codex	full-20261006	2026-10-06	全量日文候選；未經母語者審閱；正式預算及版面另驗
ESPMES#118.10	784a721ca21ccf9d	頼んだぞ！報酬は勝利後に払う。	accepted	fda9314012808196	Codex	full-20261006	2026-10-06	全量日文候選；未經母語者審閱；正式預算及版面另驗
ESPMES#118.11	55eb60fd74295e99	そうか！\nなら、他の傭兵団を探すしかない。	accepted	99e3d92a937bf468	Codex	full-20261006	2026-10-06	全量日文候選；未經母語者審閱；正式預算及版面另驗
ESPMES#118.12	af6efcc1333cee76	ちょうどいいところへ来た。\n君たちにぴったりの仕事がある‥	accepted	cca3012f4dc05f44	Codex	full-20261006	2026-10-06	全量日文候選；未經母語者審閱；正式預算及版面另驗
ESPMES#118.13	688077277e412145	%sは今、封鎖されている‥\nだが、この拠点を放っておくわけにはいかない。	accepted	90647ffc627b69fe	Codex	full-20261006	2026-10-06	全量日文候選；未經母語者審閱；正式預算及版面另驗
ESPMES#118.14	dbf7a5da1abf9c8c	腕の立つ者を募っている。報酬も手厚いぞ。	accepted	91d34f11cb0dc9bd	Codex	full-20261006	2026-10-06	全量日文候選；未經母語者審閱；正式預算及版面另驗
ESPMES#118.15	57b7bf54d6427357	賞金は%ldＧ。君たちにうってつけだ。	accepted	80c397a2c73b7b73	Codex	full-20261006	2026-10-06	全量日文候選；未經母語者審閱；正式預算及版面另驗
ESPMES#118.16	2c5d712fff55f318	私は年を取り、昔のようには戦えない。\nどうだ、代わりに出征してくれないか？	accepted	598bae6d4a657dd3	Codex	full-20261006	2026-10-06	全量日文候選；未經母語者審閱；正式預算及版面另驗
ESPMES#118.17	7e46692996cbd267	うむ、いいぞ！\n勝てば賞金を払う。安心して戦ってくれ！	accepted	f34ca70c1d6cca62	Codex	full-20261006	2026-10-06	全量日文候選；未經母語者審閱；正式預算及版面另驗
ESPMES#118.18	af25ef7c4a262494	元気を出せ！	accepted	c0085c1b36d94bcc	Codex	full-20261006	2026-10-06	全量日文候選；未經母語者審閱；正式預算及版面另驗
ESPMES#118.19	79d7137626c186ee	君たちを見誤っていたか‥\n	accepted	d9a64b8a92d2851b	Codex	full-20261006	2026-10-06	全量日文候選；未經母語者審閱；正式預算及版面另驗
ESPMES#118.20	60c9bdaf5497d828	‥傭兵か？\n‥なら無駄話は止めろ。\n%sの敵を倒せ。	accepted	c4015c87665ac273	Codex	full-20261006	2026-10-06	全量日文候選；未經母語者審閱；正式預算及版面另驗
ESPMES#118.21	4d763013176db816	報酬は%ldＧ。\n君たちには戦いが一番だ。	accepted	a84652c601c2398e	Codex	full-20261006	2026-10-06	全量日文候選；未經母語者審閱；正式預算及版面另驗
ESPMES#118.22	b53d1f897fc5275e	いいなら、早く戦場へ行け！	accepted	27339014100caf5d	Codex	full-20261006	2026-10-06	全量日文候選；未經母語者審閱；正式預算及版面另驗
ESPMES#118.23	ad84ccd794f32da4	戦わずして、何が傭兵だ！	accepted	999d4fbcb36b8921	Codex	full-20261006	2026-10-06	全量日文候選；未經母語者審閱；正式預算及版面另驗
ESPMES#118.24	084cd73edb0a2613	よく来た。\nちょうど頼みたい仕事がある‥	accepted	561d4569d842ddb3	Codex	full-20261006	2026-10-06	全量日文候選；未經母語者審閱；正式預算及版面另驗
ESPMES#118.25	a834d7723f06ca9e	ここのある人物が、%sの防備を強めたいそうだ。\n	accepted	f15beeaf8957186c	Codex	full-20261006	2026-10-06	全量日文候選；未經母語者審閱；正式預算及版面另驗
ESPMES#118.26	411925140dc41174	仕事は、この土地の耐久力を\n%dまで上げることだ。	accepted	eb7aaffb824fa91e	Codex	full-20261006	2026-10-06	全量日文候選；未經母語者審閱；正式預算及版面另驗
ESPMES#118.27	a839d7b77623f57b	報酬は%ldＧ。どうだ、やってみないか？	accepted	6d407c09fa7f278d	Codex	full-20261006	2026-10-06	全量日文候選；未經母語者審閱；正式預算及版面另驗
ESPMES#118.28	499554439a77f040	では、完成したらまた会おう。	accepted	1f59ad7bbe9f795b	Codex	full-20261006	2026-10-06	全量日文候選；未經母語者審閱；正式預算及版面另驗
ESPMES#118.29	8c3566d1d3a12933	引き受けられないか‥残念だ‥	accepted	d72e9480e1b12b1a	Codex	full-20261006	2026-10-06	全量日文候選；未經母語者審閱；正式預算及版面另驗
ESPMES#118.30	62ac383b25c36962	%sの敵に敗れたな。\n本来、報酬は払えないが、苦労したようだから半分だけ払おう。	accepted	6781899901088a75	Codex	full-20261006	2026-10-06	全量日文候選；未經母語者審閱；正式預算及版面另驗
ESPMES#118.31	62ac383b25c36962	%sの敵に敗れたな。\n本来、報酬は払えないが、苦労したようだから半分だけ払おう。	accepted	6781899901088a75	Codex	full-20261006	2026-10-06	全量日文候選；未經母語者審閱；正式預算及版面另驗
ESPMES#118.32	62ac383b25c36962	%sの敵に敗れたな。\n本来、報酬は払えないが、苦労したようだから半分だけ払おう。	accepted	6781899901088a75	Codex	full-20261006	2026-10-06	全量日文候選；未經母語者審閱；正式預算及版面另驗
ESPMES#118.33	78ed975477239931	目標の%sを占領した。\n報酬は%ldＧだ。\n	accepted	491ed62344a400ba	Codex	full-20261006	2026-10-06	全量日文候選；未經母語者審閱；正式預算及版面另驗
ESPMES#118.34	78ed975477239931	目標の%sを占領した。\n報酬は%ldＧだ。\n	accepted	491ed62344a400ba	Codex	full-20261006	2026-10-06	全量日文候選；未經母語者審閱；正式預算及版面另驗
ESPMES#118.35	78ed975477239931	目標の%sを占領した。\n報酬は%ldＧだ。\n	accepted	491ed62344a400ba	Codex	full-20261006	2026-10-06	全量日文候選；未經母語者審閱；正式預算及版面另驗
ESPMES#118.36	56cbbcbf9f78b519	%sの強化は\n完了した。\n	accepted	4bf69c75f66a4d04	Codex	full-20261006	2026-10-06	全量日文候選；未經母語者審閱；正式預算及版面另驗
ESPMES#118.37	44dec46ce015f6f1	報酬の%ldＧだ。\n受け取ってくれ。	accepted	5ea911f5e5cfa0a4	Codex	full-20261006	2026-10-06	全量日文候選；未經母語者審閱；正式預算及版面另驗
ESPMES#118.38	33dfe258f2bbcd60	%sは占領された‥\n	accepted	13fc2bf958583bbd	Codex	full-20261006	2026-10-06	全量日文候選；未經母語者審閱；正式預算及版面另驗
ESPMES#118.39	26182526eab03120	報酬を払う者もいない‥続ける必要はない。契約は無効ということにしよう。	accepted	a3e6ea5442fedf7e	Codex	full-20261006	2026-10-06	全量日文候選；未經母語者審閱；正式預算及版面另驗
ESPMES#118.40	502b073bf915af6d	よかった、隠れ家が見つかった！\nそれでも捕まるなら、諦めるしかない！	accepted	124ee971c21df400	Codex	full-20261006	2026-10-06	全量日文候選；未經母語者審閱；正式預算及版面另驗
ESPMES#118.41	5278d47263555fb3	この裏切り者！ここで成敗する！\nセラフィ公爵の娘、ディスレド・カディルは隠れたりしない！	accepted	4a42f07f24af4155	Codex	full-20261006	2026-10-06	全量日文候選；未經母語者審閱；正式預算及版面另驗
ESPMES#118.42	9fe42acceb25265a	おいおい、見事な言葉だな。\n私ももう必要ないようだ。戻るつもりもない。後はお前次第だ。	accepted	db28ef6549c2a086	Codex	full-20261006	2026-10-06	全量日文候選；未經母語者審閱；正式預算及版面另驗
ESPMES#118.43	4a0d68e304910e28	おい、静かにしろ！女にこんなことはしたくない！\n俺は君が思うほどの悪人じゃない。	accepted	b8306a0761b6fe24	Codex	full-20261006	2026-10-06	全量日文候選；未經母語者審閱；正式預算及版面另驗
ESPMES#118.44	9a415980e357387a	お嬢さん、苦境でこそ気高い心が分かる。\nこの男の行いを、どう思うかね？	accepted	053bd837f7db633d	Codex	full-20261006	2026-10-06	全量日文候選；未經母語者審閱；正式預算及版面另驗
ESPMES#118.45	0f557165fdb132f1	根っからの悪人ではないし、\n立派な男でもある。\n殺す必要はなさそうね。\n	accepted	ee38fbf99bd266d6	Codex	full-20261006	2026-10-06	全量日文候選；未經母語者審閱；正式預算及版面另驗
ESPMES#118.46	305ee94c72e65288	今のセラフィ王バディンは狡猾な男で、卑劣な手段で国をもてあそんでいる。	accepted	8ff545f61713428c	Codex	full-20261006	2026-10-06	全量日文候選；未經母語者審閱；正式預算及版面另驗
ESPMES#118.47	9856de7fd306dd41	気を付けないと、だまされても気付かないぞ‥\n	accepted	6d9a799d77c6ba8f	Codex	full-20261006	2026-10-06	全量日文候選；未經母語者審閱；正式預算及版面另驗
ESPMES#118.48	21b9a7443da5034b	‥では、バディンの所へ連れていってくれない？\n	accepted	b63440eb8158e1ac	Codex	full-20261006	2026-10-06	全量日文候選；未經母語者審閱；正式預算及版面另驗
ESPMES#118.49	3c4d2472a6779c5e	今のままでは侮られるぞ。\nもう少し頑張れ！	accepted	d29a65cc4c9abcc6	Codex	full-20261006	2026-10-06	全量日文候選；未經母語者審閱；正式預算及版面另驗
ESPMES#118.50	4fed3f93e7197760	隠れ家があるのか？\n北岸に‥	accepted	0b8cac6e35524342	Codex	full-20261006	2026-10-06	全量日文候選；未經母語者審閱；正式預算及版面另驗
ESPMES#118.51	0fc82d3d97608aa0	ここにはないようだ‥	accepted	66ee571525eecde2	Codex	full-20261006	2026-10-06	全量日文候選；未經母語者審閱；正式預算及版面另驗
ESPMES#119.0	9236bcf56beaf050	公演をしたいのか？	accepted	2dd6ecfead7884b2	Codex	full-20261006	2026-10-06	全量日文候選；未經母語者審閱；正式預算及版面另驗
ESPMES#119.1	cc99fabc3952ec1a	そうだな‥今、観客に\n人気なのは%sだ。	accepted	74a00e9d5753a988	Codex	full-20261006	2026-10-06	全量日文候選；未經母語者審閱；正式預算及版面另驗
ESPMES#119.2	4bc4c54850c05f4a	ここで人気なのは%s。期間は%d日。\nやってみるか？	accepted	fcaf94d9f3fa1bcd	Codex	full-20261006	2026-10-06	全量日文候選；未經母語者審閱；正式預算及版面另驗
ESPMES#119.3	e34daeaa479f83d1	頑張ってくれ。	accepted	47cb73ec56f79fee	Codex	full-20261006	2026-10-06	全量日文候選；未經母語者審閱；正式預算及版面另驗
ESPMES#119.4	436fad5a659ebbfd	無駄だったな。\n	accepted	12cafd3a51b95ae5	Codex	full-20261006	2026-10-06	全量日文候選；未經母語者審閱；正式預算及版面另驗
ESPMES#119.5	2c2916a4a8de41b6	‥おい、団員が足りないようだぞ。	accepted	22c42182570f95d9	Codex	full-20261006	2026-10-06	全量日文候選；未經母語者審閱；正式預算及版面另驗
ESPMES#119.6	ec5fb4658ba2322b	%sの公演には、\n踊り子%d人と、\n歌姫%d人が必要だ。	accepted	b4acd1f206bd9446	Codex	full-20261006	2026-10-06	全量日文候選；未經母語者審閱；正式預算及版面另驗
ESPMES#119.7	88e472edbe5def53	‥公演するのに団員が足りない‥\nこの話はなかったことにしよう。	accepted	7cb90e5e0fa75c8f	Codex	full-20261006	2026-10-06	全量日文候選；未經母語者審閱；正式預算及版面另驗
ESPMES#119.8	90b3529151dfa32a	はは、観客は大喜びだ！\n公演は大成功！\n	accepted	1dc15710d813722c	Codex	full-20261006	2026-10-06	全量日文候選；未經母語者審閱；正式預算及版面另驗
ESPMES#119.9	1c6fddaed6488369	公演の収入は%ldＧ。	accepted	85b45d1a4f6f6eff	Codex	full-20261006	2026-10-06	全量日文候選；未經母語者審閱；正式預算及版面另驗
ESPMES#119.10	d29916f8a4565a1d	まあまあだな。\n公演はまずまず成功だ。	accepted	57451643dc967014	Codex	full-20261006	2026-10-06	全量日文候選；未經母語者審閱；正式預算及版面另驗
ESPMES#119.11	1c6fddaed6488369	公演の収入は%ldＧ。	accepted	85b45d1a4f6f6eff	Codex	full-20261006	2026-10-06	全量日文候選；未經母語者審閱；正式預算及版面另驗
ESPMES#119.12	415f5f4af9a86c07	何だ、これは‥	accepted	9f3ad40150067aa1	Codex	full-20261006	2026-10-06	全量日文候選；未經母語者審閱；正式預算及版面另驗
ESPMES#119.13	b254861aef92eceb	公演は大失敗だ！\n店の客がみんな逃げてしまった！	accepted	b1731d788afd35b9	Codex	full-20261006	2026-10-06	全量日文候選；未經母語者審閱；正式預算及版面另驗
ESPMES#119.14	eb00b169ef2c51c9	公演で大損した。\n損失は%ldＧ。	accepted	87677ea1b7e0951b	Codex	full-20261006	2026-10-06	全量日文候選；未經母語者審閱；正式預算及版面另驗
ESPMES#119.15	63cea134ccc01f41	公演は失敗！\n客はみんな不満そうに帰った。	accepted	fe5cd1c184afde76	Codex	full-20261006	2026-10-06	全量日文候選；未經母語者審閱；正式預算及版面另驗
ESPMES#119.16	5d7fc36fee01c9a9	公演で損をした。\n損失は%ldＧ。	accepted	da62c34af3eb13d0	Codex	full-20261006	2026-10-06	全量日文候選；未經母語者審閱；正式預算及版面另驗
ESPMES#119.17	c7cd51d153a4d649	公演をしたいのか？\n‥だが、まだ日程が決まらない。\nしばらくしたら、また来てくれ。	accepted	9f1662445920f9f9	Codex	full-20261006	2026-10-06	全量日文候選；未經母語者審閱；正式預算及版面另驗
ESPMES#119.18	749aca9496bbd336	俺たちディナンド一行に、踊り子も歌手もいない。\n行こう。	accepted	a469930107b35381	Codex	full-20261006	2026-10-06	全量日文候選；未經母語者審閱；正式預算及版面另驗
ESPMES#119.19	3fd008caf2a2766f	‥女が一人もいないのに、来ても無駄だ。\n早く戻ろう。	accepted	65ab0a04c8e30acf	Codex	full-20261006	2026-10-06	全量日文候選；未經母語者審閱；正式預算及版面另驗
ESPMES#119.20	c8ed814bc44ee986	うちも踊れる者を探さないとな‥\nよし、見つかったらまた来よう。	accepted	4346b3580e26ae83	Codex	full-20261006	2026-10-06	全量日文候選；未經母語者審閱；正式預算及版面另驗
ESPMES#119.21	351d1b98f9631ec4	気持ちはあるが、踊れる者がいない。\n俺が踊るのも格好がつかん‥戻ろう。	accepted	a4f4de3da9732648	Codex	full-20261006	2026-10-06	全量日文候選；未經母語者審閱；正式預算及版面另驗
ESPMES#119.22	494c4a58ab8fc2e7	せっかく来たのに、\n誰も踊れない‥やはり帰ろう。	accepted	b6217e78bfcad273	Codex	full-20261006	2026-10-06	全量日文候選；未經母語者審閱；正式預算及版面另驗
ESPMES#119.23	539d4641de712f69	公演は大成功。	accepted	e491060b9ee54e8d	Codex	full-20261006	2026-10-06	全量日文候選；未經母語者審閱；正式預算及版面另驗
ESPMES#119.24	d661296109d44bc8	公演は成功。	accepted	0f82b0f13477ec9a	Codex	full-20261006	2026-10-06	全量日文候選；未經母語者審閱；正式預算及版面另驗
ESPMES#119.25	367b8e69e7aa837f	公演は失敗。	accepted	59b017267555f7a2	Codex	full-20261006	2026-10-06	全量日文候選；未經母語者審閱；正式預算及版面另驗
ESPMES#119.26	ac6d80ca41c99371	見ろ、自衛隊の募集に、みんな積極的だ。\n	accepted	b0b654d432cf40e0	Codex	full-20261006	2026-10-06	全量日文候選；未經母語者審閱；正式預算及版面另驗
ESPMES#119.27	6074a5306095dd05	手を抜く者もなく、みんな努力した。\n今日はよくできた。	accepted	ba425e8b9b66970e	Codex	full-20261006	2026-10-06	全量日文候選；未經母語者審閱；正式預算及版面另驗
ESPMES#119.28	df2bc19063b1a791	この若者たちの働きは、誰もが認めるだろう‥\n	accepted	931c9cad4212fe89	Codex	full-20261006	2026-10-06	全量日文候選；未經母語者審閱；正式預算及版面另驗
ESPMES#119.29	f1424fc1ecd9672e	今日はよくやった！\n同志たち、見事だ！\n教えたかいがあったぞ。	accepted	90df873bfb9248db	Codex	full-20261006	2026-10-06	全量日文候選；未經母語者審閱；正式預算及版面另驗
ESPMES#119.30	526e758849226dbd	今日の成果は見違えるほどだ。諸君は、私の傭兵団に入る資格がある！	accepted	45df0b070053e9b4	Codex	full-20261006	2026-10-06	全量日文候選；未經母語者審閱；正式預算及版面另驗
ESPMES#119.31	f4401a5c4de357c0	うむ、その通り！\n今日はよくできた。\n	accepted	7eecfb193a297a06	Codex	full-20261006	2026-10-06	全量日文候選；未經母語者審閱；正式預算及版面另驗
ESPMES#119.32	fb30c18c74a669dc	うむ、まずまずだ。\nだが私の部隊では、まずまずなど許さん。さらに鍛えよ。	accepted	fd992dfcb6e622f9	Codex	full-20261006	2026-10-06	全量日文候選；未經母語者審閱；正式預算及版面另驗
ESPMES#119.33	a1cfdf5bc1d21321	今日の訓練は、それなりに身が入っていた。\n続ければ、何とか私の護衛を任せられる。	accepted	bfb9c98eba46abc5	Codex	full-20261006	2026-10-06	全量日文候選；未經母語者審閱；正式預算及版面另驗
ESPMES#119.34	eca70ad48be6eff0	この部隊も徐々に形になった。だが得意になるな。努力を続けねばならん。	accepted	3890938e856e2c60	Codex	full-20261006	2026-10-06	全量日文候選；未經母語者審閱；正式預算及版面另驗
ESPMES#119.35	45fc981ea4888317	みんなよく努力した。\nだが真の実力には、もっと経験が要る。さらに頑張れ。	accepted	bbd86384a0647666	Codex	full-20261006	2026-10-06	全量日文候選；未經母語者審閱；正式預算及版面另驗
ESPMES#119.36	9c34ab64a726e142	おい、今日はどうした？\nひどすぎるぞ。私の話を聞いているのか？	accepted	4c78cea2bf99a182	Codex	full-20261006	2026-10-06	全量日文候選；未經母語者審閱；正式預算及版面另驗
ESPMES#119.37	f80f295af5731487	これ以上続けても意味がない。\n	accepted	df3ea35ba161f0c2	Codex	full-20261006	2026-10-06	全量日文候選；未經母語者審閱；正式預算及版面另驗
ESPMES#119.38	148b07b811357a93	止めろ、止めろ！\n今日の訓練はここまでだ！	accepted	14cd9a4284f3a997	Codex	full-20261006	2026-10-06	全量日文候選；未經母語者審閱；正式預算及版面另驗
ESPMES#119.39	ba54d9449d8b4c31	明日はもっと真面目にやれ！	accepted	3ab68161de8e90a9	Codex	full-20261006	2026-10-06	全量日文候選；未經母語者審閱；正式預算及版面另驗
ESPMES#119.40	d7a6d89935bfe04a	諸君、どうしたのだ？\nこれまで、誰一人\n訓練の成果が見られない‥	accepted	75ddedf40f02bf31	Codex	full-20261006	2026-10-06	全量日文候選；未經母語者審閱；正式預算及版面另驗
ESPMES#119.41	4c948501ff511273	次の訓練はもっと厳しくせねば。	accepted	1bb8411e549c856f	Codex	full-20261006	2026-10-06	全量日文候選；未經母語者審閱；正式預算及版面另驗
ESPMES#119.42	fef09ba615fb58d4	さぼるな～\nしっかり練習しろ！真面目にやらぬなら、一銭も払わんぞ。	accepted	b11b376d32bae41b	Codex	full-20261006	2026-10-06	全量日文候選；未經母語者審閱；正式預算及版面另驗
ESPMES#119.43	b7a18c0215b05816	今日の訓練は、見ていられなかった。	accepted	d5bd8c49d70a537a	Codex	full-20261006	2026-10-06	全量日文候選；未經母語者審閱；正式預算及版面另驗
ESPMES#119.44	7a87dafbdad7b4c4	努力した分だけ身に付き、役立つ兵士になる。\n落ち込まず、頑張れ。	accepted	94f432fd194d319a	Codex	full-20261006	2026-10-06	全量日文候選；未經母語者審閱；正式預算及版面另驗
ESPMES#120.0	35814ca7728e7e86	やあ、いらっしゃい。初めまして、こんにちは。兵隊さんね？	accepted	f7594d17283e5924	Codex	full-20261006	2026-10-06	全量日文候選；未經母語者審閱；正式預算及版面另驗
ESPMES#120.1	f859a3f5a409b00d	うむ、うまいな。こんな所で、こんないい酒が飲めるとは。	accepted	ef205771da561cb5	Codex	full-20261006	2026-10-06	全量日文候選；未經母語者審閱；正式預算及版面另驗
ESPMES#120.2	90cca28bbf350344	あれ、彼女、俺を見てる。へへ、いつ暇になる？一緒に食事でもどう？	accepted	b9e2a0c4f65d0f66	Codex	full-20261006	2026-10-06	全量日文候選；未經母語者審閱；正式預算及版面另驗
ESPMES#120.3	3dd104fd7bc29f65	はは、戦いを仕事にしているんだ。何か手伝おうか？激しい戦いでも大丈夫だぞ！	accepted	a5cb861ec6c34141	Codex	full-20261006	2026-10-06	全量日文候選；未經母語者審閱；正式預算及版面另驗
ESPMES#120.4	616e3bd43ff9c5f1	やあ、格好いい兵隊さん！\nすてきな銃ね、見せて。\nへへ、この子、俺に気があるのか？	accepted	38a3d25ecef6332f	Codex	full-20261006	2026-10-06	全量日文候選；未經母語者審閱；正式預算及版面另驗
ESPMES#120.5	bf0a92cae65ac73a	‥ああ、今は傭兵をしている。	accepted	eebecfad6e88f812	Codex	full-20261006	2026-10-06	全量日文候選；未經母語者審閱；正式預算及版面另驗
ESPMES#120.6	f89236bb2b99a6d9	なるほど‥戦い続きなら、よく休まなくちゃ。さあ、一杯飲んで。	accepted	ed77db4a20e5ea7b	Codex	full-20261006	2026-10-06	全量日文候選；未經母語者審閱；正式預算及版面另驗
ESPMES#120.7	89ba0796148cca9e	ははは、ありがとう！よろしく頼むよ。	accepted	d32f556905215a27	Codex	full-20261006	2026-10-06	全量日文候選；未經母語者審閱；正式預算及版面另驗
ESPMES#120.8	e2ab8ef8b7aea10f	いらっしゃい。兵隊さん？どうぞ、どうぞ！	accepted	cddc30a59eb82433	Codex	full-20261006	2026-10-06	全量日文候選；未經母語者審閱；正式預算及版面另驗
ESPMES#120.9	f3a93ef395d16431	さて‥次はどこを攻めるか‥？\nああ、この店で一番いい酒を頼む。油断はできないな。	accepted	cec58a588614d8d5	Codex	full-20261006	2026-10-06	全量日文候選；未經母語者審閱；正式預算及版面另驗
ESPMES#120.10	06f7e85f5cbf8e16	いやあ、最高だ！美女ばかりじゃないか。美人を見ながらだと、酒の味まで変わるな。	accepted	595a175eef7b6700	Codex	full-20261006	2026-10-06	全量日文候選；未經母語者審閱；正式預算及版面另驗
ESPMES#120.11	df6271a959872ec6	いやいや、実はこの傭兵団の隊長なんだ。\nどうだ、風格が違うと思わないか？	accepted	0060d80328f7a4f5	Codex	full-20261006	2026-10-06	全量日文候選；未經母語者審閱；正式預算及版面另驗
ESPMES#120.12	616e3bd43ff9c5f1	やあ、格好いい兵隊さん！\nすてきな銃ね、見せて。\nへへ、この子、俺に気があるのか？	accepted	38a3d25ecef6332f	Codex	full-20261006	2026-10-06	全量日文候選；未經母語者審閱；正式預算及版面另驗
ESPMES#120.13	b7f271cfe0e0b5a3	こんにちは！きれいな店だね。	accepted	3440d2ebf221739a	Codex	full-20261006	2026-10-06	全量日文候選；未經母語者審閱；正式預算及版面另驗
ESPMES#120.14	ad043b2840a0a2eb	はは、よろしく。ここへ来ると、気持ちが安らぐよ。	accepted	7333fea1f14da925	Codex	full-20261006	2026-10-06	全量日文候選；未經母語者審閱；正式預算及版面另驗
ESPMES#120.15	6ad7217a131f4156	はは、ありがとう！仕事も頑張ってね。	accepted	946dcbee61266786	Codex	full-20261006	2026-10-06	全量日文候選；未經母語者審閱；正式預算及版面另驗
ESPMES#120.16	e4462c7201aa27b4	いらっしゃい！あら、傭兵さん？最近は物騒ね。好きな所に座って。	accepted	2666289f6d6ac462	Codex	full-20261006	2026-10-06	全量日文候選；未經母語者審閱；正式預算及版面另驗
ESPMES#120.17	bfe9bcf1ce496147	物騒だから、俺たちは食っていける。俺たちがいるから君も食える、だろ？少し休ませてくれ！	accepted	848a0d4d9b95d7ab	Codex	full-20261006	2026-10-06	全量日文候選；未經母語者審閱；正式預算及版面另驗
ESPMES#120.18	18ac1b8eb9694700	はは、最近は本当に忙しい。\n時々、好きな女とどこかへ出掛けて、気を晴らしたくなるよ。	accepted	d13e7b55ed52f7ea	Codex	full-20261006	2026-10-06	全量日文候選；未經母語者審閱；正式預算及版面另驗
ESPMES#120.19	0971aaf8a0e08552	はは、世が乱れれば商売は栄える。だが繁盛しすぎるのも、いいことじゃないな。	accepted	6f27a78de7b3e090	Codex	full-20261006	2026-10-06	全量日文候選；未經母語者審閱；正式預算及版面另驗
ESPMES#120.20	137c69742c21c600	ああ～疲れた！ひと休みだ。\n世が乱れれば、俺たちの稼ぎ時さ。	accepted	eaad91f94f071f57	Codex	full-20261006	2026-10-06	全量日文候選；未經母語者審閱；正式預算及版面另驗
ESPMES#120.21	e5c34b5f6e6ddde8	‥その通りだ。乱世は早く収まるに限る。俺たちも、できるだけ力を尽くそう。	accepted	4c269ea247b6b7aa	Codex	full-20261006	2026-10-06	全量日文候選；未經母語者審閱；正式預算及版面另驗
ESPMES#120.22	a602b57198aa9b1a	この乱世は、いつまで続くのだろう！まだまだ頑張らねばならないな。	accepted	2b769ede6d3f4d95	Codex	full-20261006	2026-10-06	全量日文候選；未經母語者審閱；正式預算及版面另驗
ESPMES#120.23	4ec9333307d89d78	ははは、兵隊とはこういうものさ。文句を言うな。この時代がそうなんだ。	accepted	8ea539d841e96f3f	Codex	full-20261006	2026-10-06	全量日文候選；未經母語者審閱；正式預算及版面另驗
ESPMES#120.24	0b7408af8d69f293	‥いらっしゃい‥。	accepted	ac5d0f2f10094d91	Codex	full-20261006	2026-10-06	全量日文候選；未經母語者審閱；正式預算及版面另驗
ESPMES#120.25	f7a9df681693c73c	‥‥。	accepted	63cb9ce9f9e6d272	Codex	full-20261006	2026-10-06	全量日文候選；未經母語者審閱；正式預算及版面另驗
ESPMES#120.26	308dbe68379bb8e6	‥どうした？具合が悪いのか？医者を呼ぼうか？君みたいな美人は、もっと元気を出さなきゃ。	accepted	80eb9ba198f5610c	Codex	full-20261006	2026-10-06	全量日文候選；未經母語者審閱；正式預算及版面另驗
ESPMES#120.27	46c89ba58f5c3239	‥。	accepted	ce47446777b6354e	Codex	full-20261006	2026-10-06	全量日文候選；未經母語者審閱；正式預算及版面另驗
ESPMES#120.28	deed7d29b3cd188d	あれ、機嫌が悪いのか！	accepted	7901d71d82823027	Codex	full-20261006	2026-10-06	全量日文候選；未經母語者審閱；正式預算及版面另驗
ESPMES#120.29	f78a41c7ef3919fa	‥あれ‥どこか具合が悪いのか？	accepted	ae6ae939f7862991	Codex	full-20261006	2026-10-06	全量日文候選；未經母語者審閱；正式預算及版面另驗
ESPMES#120.30	f7a9df681693c73c	‥‥。	accepted	63cb9ce9f9e6d272	Codex	full-20261006	2026-10-06	全量日文候選；未經母語者審閱；正式預算及版面另驗
ESPMES#120.31	f7a9df681693c73c	‥‥。	accepted	63cb9ce9f9e6d272	Codex	full-20261006	2026-10-06	全量日文候選；未經母語者審閱；正式預算及版面另驗
ESPMES#120.32	be972d76711a4c74	やあ、また来たのね！会えてうれしい！	accepted	c785a9eac6adb512	Codex	full-20261006	2026-10-06	全量日文候選；未經母語者審閱；正式預算及版面另驗
ESPMES#120.33	75fd6249e31b5973	‥要するに、ここの酒がうまいからさ。何、売り切れ！どういうことだ？	accepted	aac33ab6d30ee62d	Codex	full-20261006	2026-10-06	全量日文候選；未經母語者審閱；正式預算及版面另驗
ESPMES#120.34	081eb102a1a4d5c9	あれ、覚えてたのか！わざわざ来たんだ。後で一緒に飲もうよ！	accepted	1df2586ed5554baf	Codex	full-20261006	2026-10-06	全量日文候選；未經母語者審閱；正式預算及版面另驗
ESPMES#120.35	5c145912477b921b	はは、元気そうだね。\n君みたいなかわいい子には、つい話しかけたくなるよ！	accepted	85bc2115273c044e	Codex	full-20261006	2026-10-06	全量日文候選；未經母語者審閱；正式預算及版面另驗
ESPMES#120.36	32005aefbfe19bd7	うむ、危うく来られぬところだった。お嬢さん、仲間に入らないか？待遇はいいぞ！	accepted	d61efcf3b80c98f1	Codex	full-20261006	2026-10-06	全量日文候選；未經母語者審閱；正式預算及版面另驗
ESPMES#120.37	e01f2d2a44d0572c	ありがとう！だが、ゆっくり休めないかもしれない。次の戦いの準備で忙しいからな。	accepted	a95682bc3a75fb60	Codex	full-20261006	2026-10-06	全量日文候選；未經母語者審閱；正式預算及版面另驗
ESPMES#120.38	1ef594274044f2bb	はは、もう何度来たかな！だが今日は忙しい。一杯飲んだら、すぐ出発だ。すまないね。	accepted	1e4b60344df77d4d	Codex	full-20261006	2026-10-06	全量日文候選；未經母語者審閱；正式預算及版面另驗
ESPMES#120.39	4d26b9093a831e34	うむ、その通りだ。\nすまない、また今度な！	accepted	9141ef54a4b72804	Codex	full-20261006	2026-10-06	全量日文候選；未經母語者審閱；正式預算及版面另驗
ESPMES#120.40	156f7b24b5377035	あは、いらっしゃい！あなたたちの噂、よく聞くわ！	accepted	6fefb74a8f314688	Codex	full-20261006	2026-10-06	全量日文候選；未經母語者審閱；正式預算及版面另驗
ESPMES#120.41	77d2a14fe1badac0	おかげさまで、何とか生きているよ。傭兵は毎日、刃の上を歩くようなもの。いつ終わるか分からない。	accepted	776f5b6ba316fb4e	Codex	full-20261006	2026-10-06	全量日文候選；未經母語者審閱；正式預算及版面另驗
ESPMES#120.42	3cf93ae57ba5317a	そうか！じゃあ今度、二人でゆっくり話す機会を作ろう！	accepted	799d40781498469f	Codex	full-20261006	2026-10-06	全量日文候選；未經母語者審閱；正式預算及版面另驗
ESPMES#120.43	4f7fb65a2ca90776	おお、俺たちの噂を聞いたか？そんな話は信じず、自分を信じるのが一番さ。	accepted	7e4965aac2c8b2c7	Codex	full-20261006	2026-10-06	全量日文候選；未經母語者審閱；正式預算及版面另驗
ESPMES#120.44	bf236cfaf795d74e	ははは、どんな噂が流れてるんだ？信じるなよ！	accepted	abce4396fcffc26f	Codex	full-20261006	2026-10-06	全量日文候選；未經母語者審閱；正式預算及版面另驗
ESPMES#120.45	1410ba8fc669a6b4	‥‥はは、伝説だって？	accepted	b9d6b8228676f79c	Codex	full-20261006	2026-10-06	全量日文候選；未經母語者審閱；正式預算及版面另驗
ESPMES#120.46	d9eac2bd96d15783	戦場の噂は大抵当てにならず、話も大げさだ。信じない方がいい。	accepted	5c925dbc85591ece	Codex	full-20261006	2026-10-06	全量日文候選；未經母語者審閱；正式預算及版面另驗
ESPMES#120.47	2761036f12028f13	はは、俺も結構有名になったな！	accepted	25194f64442d2014	Codex	full-20261006	2026-10-06	全量日文候選；未經母語者審閱；正式預算及版面另驗
ESPMES#120.48	4db1d957868e6428	おお、いらっしゃい！また来たね！今日はたっぷり飲んでいって！	accepted	4df77cf776fcf5a3	Codex	full-20261006	2026-10-06	全量日文候選；未經母語者審閱；正式預算及版面另驗
ESPMES#120.49	d2507834e5344183	うむ、頑張った俺たちに乾杯だ！	accepted	367945ceca11ce94	Codex	full-20261006	2026-10-06	全量日文候選；未經母語者審閱；正式預算及版面另驗
ESPMES#120.50	491b442a35966ca0	ははは、この美人に会いに来たのさ！さあ、美人に乾杯！	accepted	989f766f4df17d94	Codex	full-20261006	2026-10-06	全量日文候選；未經母語者審閱；正式預算及版面另驗
ESPMES#120.51	dfaa07d891c62e86	この仕事は本当にきつい。俺たちも商売に進みたいものだ！	accepted	2ce13b737a6f69a3	Codex	full-20261006	2026-10-06	全量日文候選；未經母語者審閱；正式預算及版面另驗
ESPMES#120.52	6521e9b2d3b9a7ec	みんなを励ますため、乾杯だ！	accepted	16b5f360182b2e34	Codex	full-20261006	2026-10-06	全量日文候選；未經母語者審閱；正式預算及版面另驗
ESPMES#120.53	78b408f4e66aebc3	ありがとう！この国の平和と発展に乾杯！	accepted	757744acb5a66114	Codex	full-20261006	2026-10-06	全量日文候選；未經母語者審閱；正式預算及版面另驗
ESPMES#120.54	c6331e3a598138ef	すまないね！俺たちの勝利に乾杯！	accepted	fa0455f97a188319	Codex	full-20261006	2026-10-06	全量日文候選；未經母語者審閱；正式預算及版面另驗
ESPMES#120.55	54c58ee581ee4b80	ははは、乾杯！\n諸君、これからも頼りにしているぞ！	accepted	bb2bc95843f310c8	Codex	full-20261006	2026-10-06	全量日文候選；未經母語者審閱；正式預算及版面另驗
ESPMES#120.56	514cc0ea9f4d6a81	‥ようこそ‥。	accepted	7e02764b3f3ae711	Codex	full-20261006	2026-10-06	全量日文候選；未經母語者審閱；正式預算及版面另驗
ESPMES#120.57	f7a9df681693c73c	‥‥。	accepted	63cb9ce9f9e6d272	Codex	full-20261006	2026-10-06	全量日文候選；未經母語者審閱；正式預算及版面另驗
ESPMES#120.58	f7a9df681693c73c	‥‥。	accepted	63cb9ce9f9e6d272	Codex	full-20261006	2026-10-06	全量日文候選；未經母語者審閱；正式預算及版面另驗
ESPMES#120.59	46c89ba58f5c3239	‥。	accepted	ce47446777b6354e	Codex	full-20261006	2026-10-06	全量日文候選；未經母語者審閱；正式預算及版面另驗
ESPMES#120.60	f7a9df681693c73c	‥‥。	accepted	63cb9ce9f9e6d272	Codex	full-20261006	2026-10-06	全量日文候選；未經母語者審閱；正式預算及版面另驗
ESPMES#120.61	f7a9df681693c73c	‥‥。	accepted	63cb9ce9f9e6d272	Codex	full-20261006	2026-10-06	全量日文候選；未經母語者審閱；正式預算及版面另驗
ESPMES#120.62	f7a9df681693c73c	‥‥。	accepted	63cb9ce9f9e6d272	Codex	full-20261006	2026-10-06	全量日文候選；未經母語者審閱；正式預算及版面另驗
ESPMES#120.63	f7a9df681693c73c	‥‥。	accepted	63cb9ce9f9e6d272	Codex	full-20261006	2026-10-06	全量日文候選；未經母語者審閱；正式預算及版面另驗
ESPMES#120.64	22f087347ba7d701	特に新しい噂はない。	accepted	ac85726df22c6423	Codex	full-20261006	2026-10-06	全量日文候選；未經母語者審閱；正式預算及版面另驗
ESPMES#120.65	9272450ecfbf503a	軍事作戦の依頼は受けていない。	accepted	ba549fe6ca1342b9	Codex	full-20261006	2026-10-06	全量日文候選；未經母語者審閱；正式預算及版面另驗
ESPMES#120.66	82b78696a8f28f30	－占領作戦－・目標‥%s・報酬‥%ldＧ	accepted	9145efa5f953b112	Codex	full-20261006	2026-10-06	全量日文候選；未經母語者審閱；正式預算及版面另驗；完整字詞保持，改由既定折行器重新折行
ESPMES#120.67	90ab4a7b4cdf6f7b	－強化作戦－・拠点‥%s・報酬‥%ldＧ・目標耐久度‥%d	accepted	56bc9257329b5dd6	Codex	full-20261006	2026-10-06	全量日文候選；未經母語者審閱；正式預算及版面另驗；完整字詞保持，改由既定折行器重新折行
ESPMES#120.68	565399d0f823f0c1	依頼は受けていない。	accepted	e5025b4cd2d94a37	Codex	full-20261006	2026-10-06	全量日文候選；未經母語者審閱；正式預算及版面另驗
ESPMES#120.69	b0ee4f1c7cfa4f24	－%sの輸送－・部隊‥%s・報酬‥%ldＧ・残り期間%d	accepted	1d9c9bcfcb9c425b	Codex	full-20261006	2026-10-06	全量日文候選；未經母語者審閱；正式預算及版面另驗；完整字詞保持，改由既定折行器重新折行
ESPMES#120.70	9e46cdff6cca6c60	‧全部隊の給与総額‥‥%ldＧ\n‧部隊別集計\n　　　　%s‥‥‥%2d人　%10ldＧ\n　　　　%s‥‥‥%2d人　%10ldＧ\n　　　　%s‥‥‥%2d人　%10ldＧ\n　　　　%s‥‥‥%2d人　%10ldＧ\n　　　　%s‥‥‥%2d人　%10ldＧ\n　　　　%s‥‥‥%2d人　%10ldＧ\n	accepted	945f2214c6d11362	Codex	full-20261006	2026-10-06	全量日文候選；未經母語者審閱；正式預算及版面另驗
ESPMES#120.71	cd44ebb4c00d8d9a	［全部隊の給与総額］	accepted	b6fbaf9f96b4e112	Codex	full-20261006	2026-10-06	全量日文候選；未經母語者審閱；正式預算及版面另驗
ESPMES#120.72	72a941b277aa023b	入手した品はない。	accepted	45993a4195e564fc	Codex	full-20261006	2026-10-06	全量日文候選；未經母語者審閱；正式預算及版面另驗
ESPMES#120.73	4a26b2bd932c9049	ミティリティ城塞都市へ届ける洗濯物。所有者%s	accepted	a3d65bb9c65f99f5	Codex	full-20261006	2026-10-06	全量日文候選；未經母語者審閱；正式預算及版面另驗；完整字詞保持，改由既定折行器重新折行
ESPMES#120.74	99e55cd6486d312f	謎の古文書。中世には消滅した文字で書かれている。所有者%s	accepted	e7287698006bd7b3	Codex	full-20261006	2026-10-06	全量日文候選；未經母語者審閱；正式預算及版面另驗；完整字詞保持，改由既定折行器重新折行
ESPMES#120.75	a099d30f90142ef9	古代の秘宝の場所を示す地図。所有者%s	accepted	063fa66018ac3558	Codex	full-20261006	2026-10-06	全量日文候選；未經母語者審閱；正式預算及版面另驗；完整字詞保持，改由既定折行器重新折行
ESPMES#120.76	a59351cd07ec0d9c	洞窟で苦労して手に入れた、木彫りの人形。\n	accepted	9b0c5ac2039e4ac8	Codex	full-20261006	2026-10-06	全量日文候選；未經母語者審閱；正式預算及版面另驗
ESPMES#120.77	e5eb4326e99dc317	フランエンの武術大会で優勝して得た、勇者の証。所有者%s	accepted	66d9307add8738af	Codex	full-20261006	2026-10-06	全量日文候選；未經母語者審閱；正式預算及版面另驗；完整字詞保持，改由既定折行器重新折行
ESPMES#120.78	510c97979679ca23	アレムの寒波の原因となった、謎の気候制御機械の修理工具。\n所有者%s	accepted	2827cf690007f321	Codex	full-20261006	2026-10-06	全量日文候選；未經母語者審閱；正式預算及版面另驗
ESPMES#120.79	de4fc46169df3293	ファシスのリカロ・ニ市の洗濯店へ届ける、大量の洗剤。	accepted	ab0e2d4a34f7e215	Codex	full-20261006	2026-10-06	全量日文候選；未經母語者審閱；正式預算及版面另驗
ESPMES#120.80	ad68b264ad197aa9	交換してもいいが、使う時は見られないように。\n所有者%s	accepted	187be8c6f435a2ee	Codex	full-20261006	2026-10-06	全量日文候選；未經母語者審閱；正式預算及版面另驗；依物品交換對白修正換衣誤譯，警告及所有者保持
ESPMES#120.81	6845c7f31ee02f40	とても精巧な小箱。古代文明の技術で作られたという。\n所有者%s	accepted	49f85550a7fe802e	Codex	full-20261006	2026-10-06	全量日文候選；未經母語者審閱；正式預算及版面另驗
ESPMES#120.82	1134080b9bb97359	東部の賢者から得た一つ目の品。謎の箱を開ける鍵だという。	accepted	d19a6610a7fae61b	Codex	full-20261006	2026-10-06	全量日文候選；未經母語者審閱；正式預算及版面另驗
ESPMES#120.83	7595ed7712ddfc74	西部の廃城の王から得た二つ目の品。謎の箱を開ける鍵だという。	accepted	c80e8aa9e2620a8e	Codex	full-20261006	2026-10-06	全量日文候選；未經母語者審閱；正式預算及版面另驗
ESPMES#120.84	43d745ddc6512513	南部の教主から得た三つ目の品。謎の箱を開ける鍵だという。	accepted	8d2c87d1715189af	Codex	full-20261006	2026-10-06	全量日文候選；未經母語者審閱；正式預算及版面另驗
ESPMES#120.85	3f5579a91084d690	北部の将軍から得た四つ目の品。謎の箱を開ける鍵だという。	accepted	4207a7877a130954	Codex	full-20261006	2026-10-06	全量日文候選；未經母語者審閱；正式預算及版面另驗
ESPMES#120.86	ef01568da7cc4b39	謎の箱から得た古い鍵。古代の財宝の扉を開けるという。\n所有者%s	accepted	23d1a13ba0a585f2	Codex	full-20261006	2026-10-06	全量日文候選；未經母語者審閱；正式預算及版面另驗
ESPMES#120.87	547f9dbf1edb256d	みんな健康だ。\n治療の必要はない。	accepted	6293c619dcbb15e9	Codex	full-20261006	2026-10-06	全量日文候選；未經母語者審閱；正式預算及版面另驗
ESPMES#120.88	b576870eeff1d7f2	治療が必要ですか？\n‥なるほど、皆さんなら\n費用は%ldＧ。\n治療しますか？	accepted	bb68396d798628d3	Codex	full-20261006	2026-10-06	全量日文候選；未經母語者審閱；正式預算及版面另驗
ESPMES#120.89	0dc25cd1ac4e31c8	分かりました。\n少々お待ちください。	accepted	a5d0a52e3a5aa60a	Codex	full-20261006	2026-10-06	全量日文候選；未經母語者審閱；正式預算及版面另驗
ESPMES#120.90	83b324f38d08b2dc	全員が回復した。	accepted	c25df1f0b5132eab	Codex	full-20261006	2026-10-06	全量日文候選；未經母語者審閱；正式預算及版面另驗
ESPMES#120.91	b2cdee95a799f1a9	治療は完了しました。	accepted	0f878b55e324b36d	Codex	full-20261006	2026-10-06	全量日文候選；未經母語者審閱；正式預算及版面另驗
ESPMES#120.92	4f6c21a4a1d3f080	そうですか？\n体には気を付けてください‥	accepted	7aeebdb6edb5154c	Codex	full-20261006	2026-10-06	全量日文候選；未經母語者審閱；正式預算及版面另驗
ESPMES#120.93	cd9fbf459ea433b3	あれ、お金が足りないようです‥\n申し訳ありませんが、治療はできません。	accepted	3a125d05abe19954	Codex	full-20261006	2026-10-06	全量日文候選；未經母語者審閱；正式預算及版面另驗
ESPMES#121.0	3157b294e63d2d8e	くそっ！\n全部なくなった‥	accepted	426dcfb8943b438e	Codex	pilot-otherlangs-20261004	2026-10-04	2026-10-05 使用者明示接受譯文；未經母語者審閱；字模及正式語言包路徑另驗
ESPMES#121.1	9234ff65bfaeb2db	それに世界銀行の連中も\n俺たちを見逃さない。\n何か手はないか？	accepted	565578b014c34102	Codex	pilot-otherlangs-20261004	2026-10-04	2026-10-05 使用者明示接受譯文；未經母語者審閱；字模及正式語言包路徑另驗
ESPMES#121.2	d153f5d8cd84f0bd	本当に一からやり直しだ。	accepted	2fc241f7b9baf29a	Codex	pilot-otherlangs-20261004	2026-10-04	2026-10-05 使用者明示接受譯文；未經母語者審閱；字模及正式語言包路徑另驗
ESPMES#121.3	003dbdc4c510d61a	ば～か！借金があるだろ！\nマイナスからの出発だ！	accepted	65f651f8e6159cba	Codex	pilot-otherlangs-20261004	2026-10-04	2026-10-05 使用者明示接受譯文；未經母語者審閱；字模及正式語言包路徑另驗
ESPMES#121.4	1575bde8bd93cd65	ジェシー‥\nいつも助けてくれて\nありがとう！俺は‥\n苦しい時こそ友だ。	accepted	1bd40193426ddbf1	Codex	pilot-otherlangs-20261004	2026-10-04	2026-10-05 使用者明示接受譯文；未經母語者審閱；字模及正式語言包路徑另驗
ESPMES#121.5	5c866a634b9cd790	考えすぎだ！\n元気を出して、\nしっかり稼ごう！	accepted	1ecf5357acbb3fbd	Codex	pilot-otherlangs-20261004	2026-10-04	2026-10-05 使用者明示接受譯文；未經母語者審閱；字模及正式語言包路徑另驗
ESPMES#121.6	d19ffe49d71e0879	心配するな、心配するな！\n運は巡るものさ。\n失ったものも、いつか戻る。\n大丈夫だ！	accepted	2488f6086176c63b	Codex	pilot-otherlangs-20261004	2026-10-04	2026-10-05 使用者明示接受譯文；未經母語者審閱；字模及正式語言包路徑另驗
ESPMES#121.7	7ca5a5a5d1742bdd	一族の再興は楽じゃない。\nだが、俺がいる‥\n	accepted	5a2f39f88c9d15be	Codex	pilot-otherlangs-20261004	2026-10-04	2026-10-05 使用者明示接受譯文；未經母語者審閱；字模及正式語言包路徑另驗
ESPMES#121.8	fce431bab23f2496	その通り、ディナンド！\n私の魅力があれば、\n借金なんてすぐに返せる！\n	accepted	07c9b6c420110f17	Codex	pilot-otherlangs-20261004	2026-10-04	2026-10-05 使用者明示接受譯文；未經母語者審閱；字模及正式語言包路徑另驗
ESPMES#121.9	2b930c5157e280cc	一族が再興したら、\n王室の社交界にも\n私を呼んでくれ‥	accepted	9443cebd8a14b38d	Codex	pilot-otherlangs-20261004	2026-10-04	2026-10-05 使用者明示接受譯文；未經母語者審閱；字模及正式語言包路徑另驗
ESPMES#121.10	8f577c2e2255f6f7	ディナンド、私も忘れるな。\nこんな乱世でも、\n自分の信念を守れ‥	accepted	83d68fd595152d90	Codex	pilot-otherlangs-20261004	2026-10-04	2026-10-05 使用者明示接受譯文；未經母語者審閱；字模及正式語言包路徑另驗
ESPMES#121.11	bd926de314cf0341	わ、分かってる！\nとにかく借金を\nなくす方法を考えよう‥	accepted	f18c9c83f19bcfbd	Codex	pilot-otherlangs-20261004	2026-10-04	2026-10-05 使用者明示接受譯文；未經母語者審閱；字模及正式語言包路徑另驗
ESPMES#121.12	78b9bc9e9a248b6c	そうだな！\n何とかしてみる。\nみんな、力を貸してくれ。	accepted	ef9153e8f22ac34f	Codex	pilot-otherlangs-20261004	2026-10-04	2026-10-05 使用者明示接受譯文；未經母語者審閱；字模及正式語言包路徑另驗
ESPMES#121.13	9d20c871f6e2ce43	とにかく早く稼がないと、\nあの取り立て屋が来る。	accepted	28933e73190b40ee	Codex	pilot-otherlangs-20261004	2026-10-04	2026-10-05 使用者明示接受譯文；未經母語者審閱；字模及正式語言包路徑另驗
ESPMES#121.14	e6843958bc5b71f0	何でもいい、早く出発だ！\nここで言い争っても無駄だ！	accepted	93a54ab9dcc9ad0d	Codex	pilot-otherlangs-20261004	2026-10-04	2026-10-05 使用者明示接受譯文；未經母語者審閱；字模及正式語言包路徑另驗
ESPMES#121.15	3194959e1b28b7dd	そうだ、出発しよう！\n少しずつ借金を返して、\n負債をゼロにするんだ！	accepted	74fe9757739447cf	Codex	pilot-otherlangs-20261004	2026-10-04	2026-10-05 使用者明示接受譯文；未經母語者審閱；字模及正式語言包路徑另驗
ESPMES#121.16	9df5418b24bac435	リファレとバルサガンの敵を壊滅させた。	accepted	1af7243a61610200	Codex	full-20261006	2026-10-06	全量日文候選；未經母語者審閱；正式預算及版面另驗
ESPMES#121.17	bf45f79baabfee04	報酬の10万Ｇは、すぐに払おう。	accepted	48a354260e45980d	Codex	full-20261006	2026-10-06	全量日文候選；未經母語者審閱；正式預算及版面另驗
ESPMES#121.18	7a96d3ad87db2444	司令部をリファレへ進める。\n私もそちらへ行く。	accepted	9f427179b46c9188	Codex	full-20261006	2026-10-06	全量日文候選；未經母語者審閱；正式預算及版面另驗
ESPMES#121.19	9e95138599c6063f	今後の行動をもう少し検討しよう。\n忘れず、私を訪ねてくれ。	accepted	bf941ddd7c00b34c	Codex	full-20261006	2026-10-06	全量日文候選；未經母語者審閱；正式預算及版面另驗
ESPMES#121.20	c62713f9015b6301	これでようやく、バイアランス国内を押さえた。\n	accepted	00d3d2cea2cd082b	Codex	full-20261006	2026-10-06	全量日文候選；未經母語者審閱；正式預算及版面另驗
ESPMES#121.21	c4b6ec0790e54500	開戦時に失った領土を取り戻した。レズニアク公国との停戦を考えている‥	accepted	2a9e9b5bdfe5c7bb	Codex	full-20261006	2026-10-06	全量日文候選；未經母語者審閱；正式預算及版面另驗
ESPMES#121.22	b25a4f4ec2238cd3	停戦会議は、レズニアク領内のレアリ市で開く予定だ。	accepted	e9e124850de58905	Codex	full-20261006	2026-10-06	全量日文候選；未經母語者審閱；正式預算及版面另驗
ESPMES#121.23	bdd366db9e1f3a04	約束の報酬30万Ｇは、すぐに払おう。	accepted	cb6274b5f1515a75	Codex	full-20261006	2026-10-06	全量日文候選；未經母語者審閱；正式預算及版面另驗
ESPMES#121.24	cb5910c937ed51b1	私もレアリ市へ向かう。\n君たちの働きに、\n心から感謝する。\n	accepted	9a60af874eaefcbf	Codex	full-20261006	2026-10-06	全量日文候選；未經母語者審閱；正式預算及版面另驗
ESPMES#121.25	6e78ea87965533da	ドナンスタ要塞が占領されたとは、どういうことだ？！\n兵士たちは何をしている！	accepted	b4f1d01f8d952b7b	Codex	full-20261006	2026-10-06	全量日文候選；未經母語者審閱；正式預算及版面另驗
ESPMES#121.26	6e2f3600a6fde609	兵をキドリオ要塞へ集めろ！\nレズニアク城を守る砦だ。バイアランスを入れるな！	accepted	79072a20548bf991	Codex	full-20261006	2026-10-06	全量日文候選；未經母語者審閱；正式預算及版面另驗
ESPMES#121.27	a710f16e3f8b67a1	これがレズニアク城を守る、キドリオ要塞だ。	accepted	7793967dc38d5678	Codex	full-20261006	2026-10-06	全量日文候選；未經母語者審閱；正式預算及版面另驗
ESPMES#121.28	fbeab8c27a8544b6	キドリオが落ちれば、レズニアク女王は降伏する。急いで出発し、この戦争を終わらせよう！	accepted	6947a0749ff97b76	Codex	full-20261006	2026-10-06	全量日文候選；未經母語者審閱；正式預算及版面另驗
ESPMES#121.29	1ea74f742ca86175	総司令まで戦死したのか‥\n我が一族の運命は、どうなる‥	accepted	c71bc69aeddc9888	Codex	full-20261006	2026-10-06	全量日文候選；未經母語者審閱；正式預算及版面另驗
ESPMES#121.30	dae0e4aa23d05cea	‥レズニアク北部は、陥落するだろう‥	accepted	5c5c1534b787e65e	Codex	full-20261006	2026-10-06	全量日文候選；未經母語者審閱；正式預算及版面另驗
ESPMES#121.31	f5caf56c711dfc59	‥だが諦めるわけにはいかぬ‥命を懸けて戦うしか‥	accepted	73a6b2b7d9a11cd9	Codex	full-20261006	2026-10-06	全量日文候選；未經母語者審閱；正式預算及版面另驗
ESPMES#121.32	20d7b939251fc0a8	シャレキ市が占領された？	accepted	4ce8fd21e6d39b06	Codex	full-20261006	2026-10-06	全量日文候選；未經母語者審閱；正式預算及版面另驗
ESPMES#121.33	3aa89423b3ad54de	ここまでか‥\n‥もう手がない‥	accepted	977157ceb9ce0fe4	Codex	full-20261006	2026-10-06	全量日文候選；未經母語者審閱；正式預算及版面另驗
ESPMES#121.34	2f43c51b72b29b18	我が国は‥降伏する‥\nバイアランス王よ。レズニアクは抵抗をすべて止め、無条件降伏を宣言する。	accepted	84254c856f5ca224	Codex	full-20261006	2026-10-06	全量日文候選；未經母語者審閱；正式預算及版面另驗
ESPMES#121.35	f675a72373f72d77	ついに勝った！レズニアク城を見に行こう！\nディナンド、君も来てくれ！	accepted	8cb32b3f933e51e0	Codex	full-20261006	2026-10-06	全量日文候選；未經母語者審閱；正式預算及版面另驗
ESPMES#121.36	3aa89423b3ad54de	ここまでか‥\n‥もう手がない‥	accepted	977157ceb9ce0fe4	Codex	full-20261006	2026-10-06	全量日文候選；未經母語者審閱；正式預算及版面另驗
ESPMES#121.37	2f43c51b72b29b18	我が国は‥降伏する‥\nバイアランス王よ。レズニアクは抵抗をすべて止め、無条件降伏を宣言する。	accepted	84254c856f5ca224	Codex	full-20261006	2026-10-06	全量日文候選；未經母語者審閱；正式預算及版面另驗
ESPMES#121.38	f675a72373f72d77	ついに勝った！レズニアク城を見に行こう！\nディナンド、君も来てくれ！	accepted	8cb32b3f933e51e0	Codex	full-20261006	2026-10-06	全量日文候選；未經母語者審閱；正式預算及版面另驗
ESPMES#121.39	1296be3d218b1aa7	はは、私を倒すつもりか？\nいいぞ！死ぬのが怖くなければ来い！	accepted	f5b41d13afc165bd	Codex	full-20261006	2026-10-06	全量日文候選；未經母語者審閱；正式預算及版面另驗
ESPMES#121.40	e8b7749b31c8dd68	よし、ラル・ブラキアを占領した！司令部を前進させろ！	accepted	49eb0220bb7f1c61	Codex	full-20261006	2026-10-06	全量日文候選；未經母語者審閱；正式預算及版面另驗
ESPMES#121.41	8102137969a145ba	はは！‥ブラキア北部で迂回作戦を行う‥	accepted	5b7988d9c64290d6	Codex	full-20261006	2026-10-06	全量日文候選；未經母語者審閱；正式預算及版面另驗
ESPMES#121.42	eb878645aeeecafb	だが若者よ、\nこの先は、そう簡単にはいかんぞ。	accepted	54f4bf370af04b1c	Codex	full-20261006	2026-10-06	全量日文候選；未經母語者審閱；正式預算及版面另驗
ESPMES#121.43	daeb8bdf9bcec420	見ていろ！陸上最強のキストム要塞を攻めてみるがいい！	accepted	43f90f22f45bba57	Codex	full-20261006	2026-10-06	全量日文候選；未經母語者審閱；正式預算及版面另驗
ESPMES#121.44	89b893e1e65edaed	ああ！‥キストム要塞が落ちた‥	accepted	64cdbb12f24c9d05	Codex	full-20261006	2026-10-06	全量日文候選；未經母語者審閱；正式預算及版面另驗
ESPMES#121.45	f655425bc7fc7e60	運命は受け入れよう！ブラキア城で待つ。私の命を取りに来い！	accepted	e488cc1bba5e602e	Codex	full-20261006	2026-10-06	全量日文候選；未經母語者審閱；正式預算及版面另驗
ESPMES#121.46	72fac73c895e56e9	ブラキア城には、弱った残兵しかいない。\nこの状況で、ブラキア王に何ができるのだろう？\n	accepted	533dabbf0bff256d	Codex	full-20261006	2026-10-06	全量日文候選；未經母語者審閱；正式預算及版面另驗
ESPMES#121.47	aa27089ca749228a	国の未来のため、\n一気に攻めよう！	accepted	dfcc4a9fdeabdfd4	Codex	full-20261006	2026-10-06	全量日文候選；未經母語者審閱；正式預算及版面另驗
ESPMES#121.48	3d13c6d106cf7465	ブラキア城へ、\nレズニアク女王を訪ねる。\nそこでまた会おう！	accepted	5ad7007fb7f3b159	Codex	full-20261006	2026-10-06	全量日文候選；未經母語者審閱；正式預算及版面另驗
ESPMES#121.49	1ffe8d1f70608650	バイアランス城が占領された！	accepted	2efd4f15f3002580	Codex	full-20261006	2026-10-06	全量日文候選；未經母語者審閱；正式預算及版面另驗
ESPMES#121.50	da3fa55828296440	終わりだ‥	accepted	d236fe47720cb8a4	Codex	full-20261006	2026-10-06	全量日文候選；未經母語者審閱；正式預算及版面另驗
ESPMES#121.51	d6fd32f8d5be1d30	リファレ町が占領された！	accepted	3a57a2d0a09d4316	Codex	full-20261006	2026-10-06	全量日文候選；未經母語者審閱；正式預算及版面另驗
ESPMES#121.52	b758d699436e4420	司令部はバイアランス城へ撤退！	accepted	8a99de2ac66de67f	Codex	full-20261006	2026-10-06	全量日文候選；未經母語者審閱；正式預算及版面另驗
ESPMES#121.53	2b66a5499816ba3f	リファレ町を奪還した！	accepted	1e2edeb2940bbe58	Codex	full-20261006	2026-10-06	全量日文候選；未經母語者審閱；正式預算及版面另驗
ESPMES#121.54	ac42bcecbd8113c6	司令部をリファレ町へ移す！	accepted	cf1176e7a82671ce	Codex	full-20261006	2026-10-06	全量日文候選；未經母語者審閱；正式預算及版面另驗
ESPMES#121.55	23cc3094e6a8ef00	レアリ市が占領された！	accepted	92c852a7d2a21b2a	Codex	full-20261006	2026-10-06	全量日文候選；未經母語者審閱；正式預算及版面另驗
ESPMES#121.56	b758d699436e4420	司令部はバイアランス城へ撤退！	accepted	8a99de2ac66de67f	Codex	full-20261006	2026-10-06	全量日文候選；未經母語者審閱；正式預算及版面另驗
ESPMES#121.57	d840de624052fa70	レアリ市を奪還した！	accepted	72062f08478d78e0	Codex	full-20261006	2026-10-06	全量日文候選；未經母語者審閱；正式預算及版面另驗
ESPMES#121.58	cfc59f730e772b9f	司令部をレアリ市へ移す！	accepted	b5bfeaf39d27345d	Codex	full-20261006	2026-10-06	全量日文候選；未經母語者審閱；正式預算及版面另驗
ESPMES#121.59	a4f0481b43005ccc	バルサガン要塞が占領された！	accepted	7da6258738da094c	Codex	full-20261006	2026-10-06	全量日文候選；未經母語者審閱；正式預算及版面另驗
ESPMES#121.60	b758d699436e4420	司令部はバイアランス城へ撤退！	accepted	8a99de2ac66de67f	Codex	full-20261006	2026-10-06	全量日文候選；未經母語者審閱；正式預算及版面另驗
ESPMES#121.61	48adddfe23bf1e6e	バルサガン要塞を奪還した！	accepted	7c4ff374523cb3dd	Codex	full-20261006	2026-10-06	全量日文候選；未經母語者審閱；正式預算及版面另驗
ESPMES#121.62	aebe818c000ac045	司令部をバルサガン要塞へ移す！	accepted	2442489ae5b51261	Codex	full-20261006	2026-10-06	全量日文候選；未經母語者審閱；正式預算及版面另驗
ESPMES#121.63	e84644bc9c9d779b	キストム要塞が占領された！	accepted	3b84d0a6bf050d27	Codex	full-20261006	2026-10-06	全量日文候選；未經母語者審閱；正式預算及版面另驗
ESPMES#121.64	b758d699436e4420	司令部はバイアランス城へ撤退！	accepted	8a99de2ac66de67f	Codex	full-20261006	2026-10-06	全量日文候選；未經母語者審閱；正式預算及版面另驗
ESPMES#121.65	88f8a175099c88ba	キストム要塞を奪還した！	accepted	e7bf6fc97d9cd0ed	Codex	full-20261006	2026-10-06	全量日文候選；未經母語者審閱；正式預算及版面另驗
ESPMES#121.66	d55d2ce9341b4af5	司令部をキストム要塞へ移す！	accepted	21f9cd7251bc43d3	Codex	full-20261006	2026-10-06	全量日文候選；未經母語者審閱；正式預算及版面另驗
ESPMES#121.67	931fcc0c92ad0234	レズニアク城が占領された！	accepted	496b94a5b7d8199f	Codex	full-20261006	2026-10-06	全量日文候選；未經母語者審閱；正式預算及版面另驗
ESPMES#121.68	b758d699436e4420	司令部はバイアランス城へ撤退！	accepted	8a99de2ac66de67f	Codex	full-20261006	2026-10-06	全量日文候選；未經母語者審閱；正式預算及版面另驗
ESPMES#121.69	fa33e789249106ae	レズニアク城を奪還した！	accepted	b04640dbeac17775	Codex	full-20261006	2026-10-06	全量日文候選；未經母語者審閱；正式預算及版面另驗
ESPMES#121.70	a9ffae471702d5a5	司令部をレズニアク城へ移す！	accepted	39e18ed6ceea7400	Codex	full-20261006	2026-10-06	全量日文候選；未經母語者審閱；正式預算及版面另驗
ESPMES#121.71	5a8999f851e8772a	ラル・ブラキア市が占領された！	accepted	02fabe3acc4e4064	Codex	full-20261006	2026-10-06	全量日文候選；未經母語者審閱；正式預算及版面另驗
ESPMES#121.72	b758d699436e4420	司令部はバイアランス城へ撤退！	accepted	8a99de2ac66de67f	Codex	full-20261006	2026-10-06	全量日文候選；未經母語者審閱；正式預算及版面另驗
ESPMES#121.73	1c2debc383f678ef	ラル・ブラキア市を奪還した！	accepted	4a2ae319c0684054	Codex	full-20261006	2026-10-06	全量日文候選；未經母語者審閱；正式預算及版面另驗
ESPMES#121.74	6c269d2a50862f40	司令部をラル・ブラキア市へ移す！	accepted	53d0ebec63a5dbd5	Codex	full-20261006	2026-10-06	全量日文候選；未經母語者審閱；正式預算及版面另驗
ESPMES#121.75	93a3322df540ac78	ブラキア城が占領された！	accepted	694c79d5a604ff72	Codex	full-20261006	2026-10-06	全量日文候選；未經母語者審閱；正式預算及版面另驗
ESPMES#121.76	b758d699436e4420	司令部はバイアランス城へ撤退！	accepted	8a99de2ac66de67f	Codex	full-20261006	2026-10-06	全量日文候選；未經母語者審閱；正式預算及版面另驗
ESPMES#121.77	099cf1e6f1cd532b	ブラキア城を奪還した！	accepted	b2be22270c576a74	Codex	full-20261006	2026-10-06	全量日文候選；未經母語者審閱；正式預算及版面另驗
ESPMES#121.78	18c9f76f77afdc3a	司令部をブラキア城へ移す！	accepted	213e0e0e0630b1e7	Codex	full-20261006	2026-10-06	全量日文候選；未經母語者審閱；正式預算及版面另驗
ESPMES#122.0	d9eb74a305614b4b	‥踊り子は近くにいるようだ‥	accepted	b5342c35d71e095d	Codex	full-20261006	2026-10-06	全量日文候選；未經母語者審閱；正式預算及版面另驗
ESPMES#122.1	101d85ff25ea5814	‥お願いしてもいい？ナイドレイア市まで護衛してほしいの。\n今は道が物騒で、すぐ危険な目に遭うから。\n	accepted	19c171bb6ab39009	Codex	full-20261006	2026-10-06	全量日文候選；未經母語者審閱；正式預算及版面另驗
ESPMES#122.2	c2dbf733174bb12e	ねえ、ナイドレイアはこっちよ。	accepted	0364a3225e17e271	Codex	full-20261006	2026-10-06	全量日文候選；未經母語者審閱；正式預算及版面另驗
ESPMES#122.3	526c751ad21cc73d	先に10000、\n残りは着いてから払うわ。\nどう、引き受けてくれる？\n	accepted	2c5a6ddb4b05780a	Codex	full-20261006	2026-10-06	全量日文候選；未經母語者審閱；正式預算及版面另驗
ESPMES#122.4	fe0bb6edb0a0ae67	ありがとう！よろしくお願い。\n	accepted	689f32a2afa7dcee	Codex	full-20261006	2026-10-06	全量日文候選；未經母語者審閱；正式預算及版面另驗
ESPMES#122.5	153af045b90436ee	‥ああ、連れていけないの？\nじゃあ、他の人を探すわ。\nはあ！\n	accepted	95c629a2ba707ff0	Codex	full-20261006	2026-10-06	全量日文候選；未經母語者審閱；正式預算及版面另驗
ESPMES#122.6	c650f5ab3f8e05bc	‥残念だわ。\nじゃあ、他の人を探すわ。\nはあ！\n	accepted	1f036dc7127919fb	Codex	full-20261006	2026-10-06	全量日文候選；未經母語者審閱；正式預算及版面另驗
ESPMES#122.7	6ffc6ec9beaf05f9	ついに着いた。\n	accepted	3afb465dbe6590a0	Codex	full-20261006	2026-10-06	全量日文候選；未經母語者審閱；正式預算及版面另驗
ESPMES#122.8	666bd6cac071816d	やっと着きました、お嬢さん！\n	accepted	418d3de48d4b8793	Codex	full-20261006	2026-10-06	全量日文候選；未經母語者審閱；正式預算及版面另驗
ESPMES#122.9	6315ddf134949962	おお、着いた。\n	accepted	f88ae10fa1dee01d	Codex	full-20261006	2026-10-06	全量日文候選；未經母語者審閱；正式預算及版面另驗
ESPMES#122.10	a67367f0fede030d	やっと着いた。疲れたな。\n	accepted	8692e0da593252aa	Codex	full-20261006	2026-10-06	全量日文候選；未經母語者審閱；正式預算及版面另驗
ESPMES#122.11	0059ba41f728324d	苦労したが、着いた。\n	accepted	75a2bd0bf3e7454d	Codex	full-20261006	2026-10-06	全量日文候選；未經母語者審閱；正式預算及版面另驗
ESPMES#122.12	d8a882baae00ed00	‥無事に着いた。\n	accepted	15d5a6461967afd1	Codex	full-20261006	2026-10-06	全量日文候選；未經母語者審閱；正式預算及版面另驗
ESPMES#122.13	aa4250ff71a080e0	ありがとう！\nここでお別れね。旅の間、とても楽しかったわ‥\nはあ！\n	accepted	8ca0b5197908a876	Codex	full-20261006	2026-10-06	全量日文候選；未經母語者審閱；正式預算及版面另驗
ESPMES#122.14	d79addd6c96bb526	へへ、いい所へ来たな。\nここまでで結構。その女を渡せば終わりだ。へへ！\n	accepted	0bb60610adfe9c85	Codex	full-20261006	2026-10-06	全量日文候選；未經母語者審閱；正式預算及版面另驗
ESPMES#122.15	5e6b8298a97387c2	‥‥なんて勇敢なの！\n決めたわ！私も一緒に旅に連れていってくれない？	accepted	d9c9bd1836c669c2	Codex	full-20261006	2026-10-06	全量日文候選；未經母語者審閱；正式預算及版面另驗
ESPMES#122.16	769610fc945dca78	彼はやっと仕事を終えた！\n	accepted	26f16b8bf0c6106b	Codex	full-20261006	2026-10-06	全量日文候選；未經母語者審閱；正式預算及版面另驗
ESPMES#122.17	5e6b8298a97387c2	‥‥なんて勇敢なの！\n決めたわ！私も一緒に旅に連れていってくれない？	accepted	d9c9bd1836c669c2	Codex	full-20261006	2026-10-06	全量日文候選；未經母語者審閱；正式預算及版面另驗
ESPMES#122.18	769610fc945dca78	彼はやっと仕事を終えた！\n	accepted	26f16b8bf0c6106b	Codex	full-20261006	2026-10-06	全量日文候選；未經母語者審閱；正式預算及版面另驗
ESPMES#122.19	814188d0cafdda48	へへ、わざわざ連れてきてもらって、悪いな。へへ！\n	accepted	ce7f187dbac55ebe	Codex	full-20261006	2026-10-06	全量日文候選；未經母語者審閱；正式預算及版面另驗
ESPMES#122.20	a9b3e1e2181c91bd	はは、やっと来た。え、残りの金？\n	accepted	12b58c99749d0fa0	Codex	full-20261006	2026-10-06	全量日文候選；未經母語者審閱；正式預算及版面另驗
ESPMES#122.21	459c61fc30f27f4e	それは‥困ったな！\n金がない‥。\n	accepted	376249a41d132e10	Codex	full-20261006	2026-10-06	全量日文候選；未經母語者審閱；正式預算及版面另驗
ESPMES#122.22	b64ab2e16c7e1c7f	うむ、それなら、\n次に会った時にしよう‥。	accepted	99685ebc102bda0b	Codex	full-20261006	2026-10-06	全量日文候選；未經母語者審閱；正式預算及版面另驗
ESPMES#122.23	ba35d74cb1c20a4e	しまった、しまった！財布がない！\n	accepted	88fa5d3aa3b8f005	Codex	full-20261006	2026-10-06	全量日文候選；未經母語者審閱；正式預算及版面另驗
ESPMES#122.24	705eb099991f6416	‥うう、くそっ！\n残りの支払いがあるなんて知らなかった！\n	accepted	16d4b1405bbd2a27	Codex	full-20261006	2026-10-06	全量日文候選；未經母語者審閱；正式預算及版面另驗
ESPMES#122.25	fc163be2f0bccf59	え、何だって！\n何も知らないぞ！\n	accepted	bb010f77d2563840	Codex	full-20261006	2026-10-06	全量日文候選；未經母語者審閱；正式預算及版面另驗
ESPMES#122.26	afb6feb3f4cf4f70	彼は仕事を台無しにした。\n	accepted	c7be73e9a3d88f04	Codex	full-20261006	2026-10-06	全量日文候選；未經母語者審閱；正式預算及版面另驗
ESPMES#122.27	0855e6a0dca2cfaa	仕事を探しているのか？\n	accepted	2de3f6bc75ffced2	Codex	full-20261006	2026-10-06	全量日文候選；未經母語者審閱；正式預算及版面另驗
ESPMES#122.28	5bb7bf7b40cfe5fb	本当に困った‥\nこの辺は危険だし‥\n洗濯物を届けに来る女も怖い‥\n	accepted	136014b57797f1b5	Codex	full-20261006	2026-10-06	全量日文候選；未經母語者審閱；正式預算及版面另驗
ESPMES#122.29	f226d066275f436b	この洗濯物を早く届けなきゃ。こんなにたくさん！\nどうしよう‥	accepted	520406cb559a0e63	Codex	full-20261006	2026-10-06	全量日文候選；未經母語者審閱；正式預算及版面另驗
ESPMES#122.30	a8720715c53731be	ミティリティ城塞都市へ届けるんだ。手伝ってくれないか？\n	accepted	818c5ca1edc831db	Codex	full-20261006	2026-10-06	全量日文候選；未經母語者審閱；正式預算及版面另驗
ESPMES#122.31	01c8b1418cb73068	洗濯物を受け取った！	accepted	5099b630e9b7bbb1	Codex	full-20261006	2026-10-06	全量日文候選；未經母語者審閱；正式預算及版面另驗
ESPMES#122.32	7873a5874959ff2c	申し訳ありません！\nミティリティ城塞都市は男子禁制です。\n頼まれても、お通しできません。\n本当に申し訳ありません！	accepted	e5cbd447c4455d15	Codex	full-20261006	2026-10-06	全量日文候選；未經母語者審閱；正式預算及版面另驗
ESPMES#122.33	f438cb5d16ab3703	申し訳ありません！ここは男子禁制です。すぐお引き取りください！\n	accepted	4a64372360d5abc1	Codex	full-20261006	2026-10-06	全量日文候選；未經母語者審閱；正式預算及版面另驗
ESPMES#122.34	49096e3ac0d0af58	え～、そんな～？\n	accepted	2f7a38c8e731bf8b	Codex	full-20261006	2026-10-06	全量日文候選；未經母語者審閱；正式預算及版面另驗
ESPMES#122.35	ef1fcad8c99b49b0	‥少し大目に見てもらえないか‥。	accepted	9339afa945170ba3	Codex	full-20261006	2026-10-06	全量日文候選；未經母語者審閱；正式預算及版面另驗
ESPMES#122.36	0c02af44b6f74eb6	これじゃ、全部無駄骨だ。\n	accepted	f5e71e06157b3a68	Codex	full-20261006	2026-10-06	全量日文候選；未經母語者審閱；正式預算及版面另驗
ESPMES#122.37	de350ec15154e809	頼むよ！お願いだ！\n	accepted	7ec719985daeaabf	Codex	full-20261006	2026-10-06	全量日文候選；未經母語者審閱；正式預算及版面另驗
ESPMES#122.38	20aca30dd85ec6b0	大切な任務がある。少し入れてくれないか？\n	accepted	0a12b8c0eb495a03	Codex	full-20261006	2026-10-06	全量日文候選；未經母語者審閱；正式預算及版面另驗
ESPMES#122.39	6a97609031c65edd	何だよ、ここまで来て、\nこんなことになるとは！\n	accepted	55848afd1ec7e599	Codex	full-20261006	2026-10-06	全量日文候選；未經母語者審閱；正式預算及版面另驗
ESPMES#122.40	8181dc64285ee8a3	はあ、何を言っても無駄か！	accepted	63c36a6fdfe269eb	Codex	full-20261006	2026-10-06	全量日文候選；未經母語者審閱；正式預算及版面另驗
ESPMES#122.41	0e71de61cbeda34f	ああ、すみません！洗濯屋で使う物ですね、よかった！\nありがとうございます！\n	accepted	a1823cac8f790a17	Codex	full-20261006	2026-10-06	全量日文候選；未經母語者審閱；正式預算及版面另驗
ESPMES#122.42	769610fc945dca78	彼はやっと仕事を終えた！\n	accepted	26f16b8bf0c6106b	Codex	full-20261006	2026-10-06	全量日文候選；未經母語者審閱；正式預算及版面另驗
ESPMES#122.43	2e97f9815aa0059c	はは、苦労しなくていい。この洗濯物は、ここで私に渡せばいいよ！\n	accepted	85a39b134a2af063	Codex	full-20261006	2026-10-06	全量日文候選；未經母語者審閱；正式預算及版面另驗
ESPMES#122.44	4603f36fdce404b2	何だ、この妙な古文書は？\n	accepted	5f8cceff19c24435	Codex	full-20261006	2026-10-06	全量日文候選；未經母語者審閱；正式預算及版面另驗
ESPMES#122.45	bbba94634e309cad	何だ？何の用だ？\n	accepted	77cdd7c3320758ef	Codex	full-20261006	2026-10-06	全量日文候選；未經母語者審閱；正式預算及版面另驗
ESPMES#122.46	f3d197cf472b2c28	特に用がないなら‥	accepted	77a2babc78871a97	Codex	full-20261006	2026-10-06	全量日文候選；未經母語者審閱；正式預算及版面另驗
ESPMES#122.47	5c81257da7b805ed	出ていってくれ！	accepted	496c780602d68a7c	Codex	full-20261006	2026-10-06	全量日文候選；未經母語者審閱；正式預算及版面另驗
ESPMES#122.48	e7fa29e75151a282	何だ、女一人か！\nつまらんな！	accepted	5312287f741cc6b6	Codex	full-20261006	2026-10-06	全量日文候選；未經母語者審閱；正式預算及版面另驗
ESPMES#122.49	4d485fb1f9fa2922	何だ！\n出ていけ！	accepted	1fff994906df9f12	Codex	full-20261006	2026-10-06	全量日文候選；未經母語者審閱；正式預算及版面另驗
ESPMES#122.50	de9e3ebe1f4e323b	本当に申し訳ない！\n道に迷ったようだ。	accepted	a2c9276eba8e6d34	Codex	full-20261006	2026-10-06	全量日文候選；未經母語者審閱；正式預算及版面另驗
ESPMES#122.51	3cc9667c955e8a17	うむ、では早く行こう！	accepted	dfe335a5730a7457	Codex	full-20261006	2026-10-06	全量日文候選；未經母語者審閱；正式預算及版面另驗
ESPMES#122.52	2a2f4b0aba2363e4	何だ、つまらんな！\n帰ろう！	accepted	9c8e21d27830eda5	Codex	full-20261006	2026-10-06	全量日文候選；未經母語者審閱；正式預算及版面另驗
ESPMES#122.53	02e551997472fa85	‥‥‥‥‥‥	accepted	ee93febd1f0710c8	Codex	full-20261006	2026-10-06	全量日文候選；未經母語者審閱；正式預算及版面另驗
ESPMES#122.54	dc6e75ef7246a35c	申し訳ありません！\n私はディスレドです‥	accepted	0ba5adfc75b2af35	Codex	full-20261006	2026-10-06	全量日文候選；未經母語者審閱；正式預算及版面另驗
ESPMES#122.55	b085db6c0f06ea1a	知らんな！帰れ！	accepted	91be56300155f9ad	Codex	full-20261006	2026-10-06	全量日文候選；未經母語者審閱；正式預算及版面另驗
ESPMES#122.56	8dc02b6532e288e5	あれ、独り身のお嬢さん？\n	accepted	8a0f6bbc9f09ba4b	Codex	full-20261006	2026-10-06	全量日文候選；未經母語者審閱；正式預算及版面另驗
ESPMES#122.57	f610323b4224c247	主人は会う暇がない。\n帰ってくれ！	accepted	2d8c4f15539cb2cd	Codex	full-20261006	2026-10-06	全量日文候選；未經母語者審閱；正式預算及版面另驗
ESPMES#122.58	e0827541a31da1dc	手に入ったのは、この人形だけ？ははは、本当に残念だな！はあ！	accepted	ae25c261cc3f173c	Codex	full-20261006	2026-10-06	全量日文候選；未經母語者審閱；正式預算及版面另驗
ESPMES#122.59	a81ba92b5737c067	悪いが、人形は頂くよ。金は返す、へへ！暇があればまた来な！\n元気でな！\n	accepted	20f085c79d193359	Codex	full-20261006	2026-10-06	全量日文候選；未經母語者審閱；正式預算及版面另驗
ESPMES#122.60	b3b3e7c2c1aa574b	うむ、古代の宝の場所を示す物、つまり宝の地図だと思う。\n	accepted	da004999437d213d	Codex	full-20261006	2026-10-06	全量日文候選；未經母語者審閱；正式預算及版面另驗
ESPMES#122.61	6b8039c0f2e417eb	どうだ、1000Ｇくれれば詳しく教えよう。	accepted	5ddebf873dcc5d41	Codex	full-20261006	2026-10-06	全量日文候選；未經母語者審閱；正式預算及版面另驗
ESPMES#122.62	c15c284212744873	ありがとう！説明しよう！ここにはモトリル洞窟としかない。後は行けば分かる。君たち次第だ！	accepted	43687de174852144	Codex	full-20261006	2026-10-06	全量日文候選；未經母語者審閱；正式預算及版面另驗；完整字詞保持，改由既定折行器重新折行
ESPMES#122.63	04f789fd64323a6f	‥金が足りない！なら、何も教えられない‥。\n	accepted	014394485a63f15a	Codex	full-20261006	2026-10-06	全量日文候選；未經母語者審閱；正式預算及版面另驗
ESPMES#122.64	d68fd77e31c7e8df	なるほど！では、また今度な！\n	accepted	6692c4802fad2b24	Codex	full-20261006	2026-10-06	全量日文候選；未經母語者審閱；正式預算及版面另驗
ESPMES#122.65	f9f4ff1511cef482	どうだ、聞いてみないか？	accepted	0d854b8f850ec3f2	Codex	full-20261006	2026-10-06	全量日文候選；未經母語者審閱；正式預算及版面另驗
ESPMES#122.66	c15c284212744873	ありがとう！説明しよう！ここにはモトリル洞窟としかない。後は行けば分かる。君たち次第だ！	accepted	43687de174852144	Codex	full-20261006	2026-10-06	全量日文候選；未經母語者審閱；正式預算及版面另驗；完整字詞保持，改由既定折行器重新折行
ESPMES#122.67	8ab2f314d240b928	‥まだ金が足りない。\nはあ、金をそろえてから、\nまた来な！\n	accepted	0f6ead4f4a470c6a	Codex	full-20261006	2026-10-06	全量日文候選；未經母語者審閱；正式預算及版面另驗
ESPMES#122.68	d68fd77e31c7e8df	なるほど！では、また今度な！\n	accepted	6692c4802fad2b24	Codex	full-20261006	2026-10-06	全量日文候選；未經母語者審閱；正式預算及版面另驗
ESPMES#122.69	e5dc134d1f5525c7	洞窟へ行けば分かると言っただろう。\n分かったら早く行け！古代の秘密が見つかるかもな！	accepted	6acf8b0682f98677	Codex	full-20261006	2026-10-06	全量日文候選；未經母語者審閱；正式預算及版面另驗
ESPMES#122.70	cea974537eb8fb3e	あれ、敗れたか！これも試練なのか‥もう一度挑戦しろ！\nすべては勝利の中にある！\n	accepted	214126c1394c4fee	Codex	full-20261006	2026-10-06	全量日文候選；未經母語者審閱；正式預算及版面另驗
ESPMES#122.71	01dd9a4e1c2d8dc7	ん、人形？なるほど、必要なんだな！持っていけ。遠慮するな。\n	accepted	95ee4eb05e90b56a	Codex	full-20261006	2026-10-06	全量日文候選；未經母語者審閱；正式預算及版面另驗
ESPMES#122.72	9db60a92a054d475	人形は役に立ったか？	accepted	5d4be2242644e9c7	Codex	full-20261006	2026-10-06	全量日文候選；未經母語者審閱；正式預算及版面另驗
ESPMES#122.73	ad889ede3c95d488	人形か？研究中だが、本当に必要なら先に貸そう。\nただ、使い終わったらすぐ返してくれ。	accepted	119ad9bfba6c399a	Codex	full-20261006	2026-10-06	全量日文候選；未經母語者審閱；正式預算及版面另驗
ESPMES#122.74	2c2dc561305fb6f7	きゃあ！助けて！！	accepted	f86fdd9542a6dbd7	Codex	full-20261006	2026-10-06	全量日文候選；未經母語者審閱；正式預算及版面另驗
ESPMES#122.75	1f373ac58b7e5d7b	おめでとう、勇敢な英雄よ！この関門を突破したな。\n	accepted	31be30dc156a7347	Codex	full-20261006	2026-10-06	全量日文候選；未經母語者審閱；正式預算及版面另驗
ESPMES#122.76	9742cbd80be58967	‥宝は？\n	accepted	94ceac26be904720	Codex	full-20261006	2026-10-06	全量日文候選；未經母語者審閱；正式預算及版面另驗
ESPMES#122.77	08dd592daad142f7	それで、宝は‥？\n	accepted	aae4c7e9e35992d4	Codex	full-20261006	2026-10-06	全量日文候選；未經母語者審閱；正式預算及版面另驗
ESPMES#122.78	18c2272215dbebc9	宝は見つかるんだろう！\n	accepted	2bc3f2e6f19e62a7	Codex	full-20261006	2026-10-06	全量日文候選；未經母語者審閱；正式預算及版面另驗
ESPMES#122.79	9aa817854d636314	わあ、どこだ？どこだ？	accepted	23060dfed63fdb09	Codex	full-20261006	2026-10-06	全量日文候選；未經母語者審閱；正式預算及版面另驗
ESPMES#122.80	f0c2f594b6b12f5f	宝はどこだろう？\n	accepted	1db74105e1267271	Codex	full-20261006	2026-10-06	全量日文候選；未經母語者審閱；正式預算及版面另驗
ESPMES#122.81	7046d9bb92b403ae	宝はどこへ行った？\n	accepted	681108d1482b89f7	Codex	full-20261006	2026-10-06	全量日文候選；未經母語者審閱；正式預算及版面另驗
ESPMES#122.82	3e98ae1aa7d5bae7	宝とは、君たちの正義の心だ！さらば～‥	accepted	505541c9bb32631e	Codex	full-20261006	2026-10-06	全量日文候選；未經母語者審閱；正式預算及版面另驗
ESPMES#122.83	f0a86d7088f5a83b	‥‥無駄骨だった‥。\n	accepted	8b33de9adfd340e2	Codex	full-20261006	2026-10-06	全量日文候選；未經母語者審閱；正式預算及版面另驗
ESPMES#122.84	3dcd50d49129ea0e	木彫りの人形を手に入れた。	accepted	254e5a8409811086	Codex	full-20261006	2026-10-06	全量日文候選；未經母語者審閱；正式預算及版面另驗
ESPMES#122.85	c10e6ffe29764c99	‥相手が消えた！\n	accepted	d799058420b97bec	Codex	full-20261006	2026-10-06	全量日文候選；未經母語者審閱；正式預算及版面另驗
ESPMES#122.86	df1d645d7feb8571	これができるのは強者だけ‥君たちは大したものだ！受け取れ！\n役立つことを願う。\n	accepted	428eb129b1146084	Codex	full-20261006	2026-10-06	全量日文候選；未經母語者審閱；正式預算及版面另驗
ESPMES#122.87	df1d645d7feb8571	これができるのは強者だけ‥君たちは大したものだ！受け取れ！\n役立つことを願う。\n	accepted	428eb129b1146084	Codex	full-20261006	2026-10-06	全量日文候選；未經母語者審閱；正式預算及版面另驗
ESPMES#122.88	b5c51993cd483d5c	四つ目の品を手に入れた！	accepted	6a4cb119dae13a4b	Codex	full-20261006	2026-10-06	全量日文候選；未經母語者審閱；正式預算及版面另驗
ESPMES#122.89	af297c0c52795b3c	‥ここに不敗の塔を建てる‥\n	accepted	be11482598797e46	Codex	full-20261006	2026-10-06	全量日文候選；未經母語者審閱；正式預算及版面另驗
ESPMES#122.90	970e8102357601eb	‥ここは達人ばかりだ‥\nこの証書を持ち、また機会があれば来なさい‥！\n	accepted	1426f11f0c3dcc28	Codex	full-20261006	2026-10-06	全量日文候選；未經母語者審閱；正式預算及版面另驗
ESPMES#122.91	af297c0c52795b3c	‥ここに不敗の塔を建てる‥\n	accepted	be11482598797e46	Codex	full-20261006	2026-10-06	全量日文候選；未經母語者審閱；正式預算及版面另驗
ESPMES#122.92	970e8102357601eb	‥ここは達人ばかりだ‥\nこの証書を持ち、また機会があれば来なさい‥！\n	accepted	1426f11f0c3dcc28	Codex	full-20261006	2026-10-06	全量日文候選；未經母語者審閱；正式預算及版面另驗
ESPMES#122.93	dfbe8c26a0d0549a	酔った客が駆けてきた‥	accepted	a201b95480710a84	Codex	full-20261006	2026-10-06	全量日文候選；未經母語者審閱；正式預算及版面另驗
ESPMES#122.94	7e5e095f95bfbcbe	アミルント要塞への行き方を知っているか？\n	accepted	67f3088dbe032cbc	Codex	full-20261006	2026-10-06	全量日文候選；未經母語者審閱；正式預算及版面另驗
ESPMES#122.95	80c03222b9a07db8	知っていたところで、何だというんだ？\n	accepted	4c019c4dc28c573e	Codex	full-20261006	2026-10-06	全量日文候選；未經母語者審閱；正式預算及版面另驗
ESPMES#122.96	6a7148baec8d88be	おい、待て！金はあるか？1000Ｇで案内してやる！	accepted	ed9c1ec1e66f9341	Codex	full-20261006	2026-10-06	全量日文候選；未經母語者審閱；正式預算及版面另驗
ESPMES#122.97	f53c13fd8bb82dac	来い！案内してやる！	accepted	751e7fea66739e3b	Codex	full-20261006	2026-10-06	全量日文候選；未經母語者審閱；正式預算及版面另驗
ESPMES#122.98	e6bd01a237b1e672	金が足りないようだな！	accepted	38be47c077e79982	Codex	full-20261006	2026-10-06	全量日文候選；未經母語者審閱；正式預算及版面另驗
ESPMES#122.99	e6f6dff77840657a	そうか！なら、止めだ！	accepted	edf2fb2ff7154229	Codex	full-20261006	2026-10-06	全量日文候選；未經母語者審閱；正式預算及版面另驗
ESPMES#122.100	a4311b92bd77cda9	あの酔った客だ。	accepted	3b3b024a9acff3b3	Codex	full-20261006	2026-10-06	全量日文候選；未經母語者審閱；正式預算及版面另驗
ESPMES#122.101	346b0a9d0472cdac	タナン市へ行きたいか？費用は1000Ｇだ。	accepted	adf9ebd260b678ea	Codex	full-20261006	2026-10-06	全量日文候選；未經母語者審閱；正式預算及版面另驗
ESPMES#122.102	f53c13fd8bb82dac	来い！案内してやる！	accepted	751e7fea66739e3b	Codex	full-20261006	2026-10-06	全量日文候選；未經母語者審閱；正式預算及版面另驗
ESPMES#122.103	e6bd01a237b1e672	金が足りないようだな！	accepted	38be47c077e79982	Codex	full-20261006	2026-10-06	全量日文候選；未經母語者審閱；正式預算及版面另驗
ESPMES#122.104	e6f6dff77840657a	そうか！なら、止めだ！	accepted	edf2fb2ff7154229	Codex	full-20261006	2026-10-06	全量日文候選；未經母語者審閱；正式預算及版面另驗
ESPMES#122.105	a5a40fb5f3a86f47	ああ、来ましたね！失礼、私はフランエン城射撃大会の実行委員長です。前回の優勝者ですね？\n	accepted	430937dc0ee008b9	Codex	full-20261006	2026-10-06	全量日文候選；未經母語者審閱；正式預算及版面另驗
ESPMES#122.106	bd8948d98c86c75f	実は、優勝杯を返して頂けませんか？\n	accepted	dd99b928f5a7157b	Codex	full-20261006	2026-10-06	全量日文候選；未經母語者審閱；正式預算及版面另驗
ESPMES#122.107	d21fd03dc1d2a2d0	優勝杯を返しますか？	accepted	5cbe485acbda18a6	Codex	full-20261006	2026-10-06	全量日文候選；未經母語者審閱；正式預算及版面另驗
ESPMES#122.108	483597fbc1afb5d9	ありがとう！今回もぜひ参加してください！では、また！\n	accepted	28eafaf2eb4bb754	Codex	full-20261006	2026-10-06	全量日文候選；未經母語者審閱；正式預算及版面另驗
ESPMES#122.109	1bc51a0760d97b8d	賭け事か？ああ、やってるぞ！\n身内も忘れる、\n引き返せない道だよ！	accepted	6014ef4efc2b2bbf	Codex	full-20261006	2026-10-06	全量日文候選；未經母語者審閱；正式預算及版面另驗
ESPMES#122.110	f26f46471ce2c2d7	うむ‥金を稼ぎたいなら‥\n射撃大会を知ってるか？へへ、聞きたいか？\n	accepted	52a6e6d7098e4446	Codex	full-20261006	2026-10-06	全量日文候選；未經母語者審閱；正式預算及版面另驗
ESPMES#122.111	a2c4b0d9e12ffb9d	うむ、なるほど‥	accepted	b7a4a11bc1cf055b	Codex	full-20261006	2026-10-06	全量日文候選；未經母語者審閱；正式預算及版面另驗
ESPMES#122.112	861a9168dd97a565	なるほど‥	accepted	effddd8c3402f4d5	Codex	full-20261006	2026-10-06	全量日文候選；未經母語者審閱；正式預算及版面另驗
ESPMES#122.113	85442b4813e62948	そうだったのか‥	accepted	ea42d2a3c4cb9468	Codex	full-20261006	2026-10-06	全量日文候選；未經母語者審閱；正式預算及版面另驗
ESPMES#122.114	9c2881cc8d3c7d32	おお！‥	accepted	4d9f4d7892f5a930	Codex	full-20261006	2026-10-06	全量日文候選；未經母語者審閱；正式預算及版面另驗
ESPMES#122.115	62c5ca9b11d984a1	そういうことか‥	accepted	12b4db7f0a83c1b2	Codex	full-20261006	2026-10-06	全量日文候選；未經母語者審閱；正式預算及版面另驗
ESPMES#122.116	2daf6eff438a9c24	なるほどね‥	accepted	31a4aaa91c9b0503	Codex	full-20261006	2026-10-06	全量日文候選；未經母語者審閱；正式預算及版面另驗
ESPMES#122.117	d211d419b6c9acf9	よし、話してくれ！	accepted	f0dfa7b0920e3bd0	Codex	full-20261006	2026-10-06	全量日文候選；未經母語者審閱；正式預算及版面另驗
ESPMES#122.118	9f622730b3088803	聞かせてくれ！	accepted	6a2d4476541181e8	Codex	full-20261006	2026-10-06	全量日文候選；未經母語者審閱；正式預算及版面另驗
ESPMES#122.119	65efa2bb1deabe57	どうぞ、聞かせてください！	accepted	e8c8d26f79c910f9	Codex	full-20261006	2026-10-06	全量日文候選；未經母語者審閱；正式預算及版面另驗
ESPMES#122.120	a8e6e219fcc21df4	聞いてみよう！	accepted	ed884e4c593cc427	Codex	full-20261006	2026-10-06	全量日文候選；未經母語者審閱；正式預算及版面另驗
ESPMES#122.121	5987b5a72395626c	話してもらえるか？	accepted	a42f711a9f49af08	Codex	full-20261006	2026-10-06	全量日文候選；未經母語者審閱；正式預算及版面另驗
ESPMES#122.122	bd92d224cc0b3d40	聞けば分かる！	accepted	c702ad7d43aa3abe	Codex	full-20261006	2026-10-06	全量日文候選；未經母語者審閱；正式預算及版面另驗
ESPMES#122.123	282a9afd114ed9a4	結構だ！	accepted	909391f5cb9d8b3a	Codex	full-20261006	2026-10-06	全量日文候選；未經母語者審閱；正式預算及版面另驗
ESPMES#122.124	7168987da3a0a22b	やはり止めよう！	accepted	4cc8feb46172ce0d	Codex	full-20261006	2026-10-06	全量日文候選；未經母語者審閱；正式預算及版面另驗
ESPMES#122.125	7c7eac0174fdeacd	やっぱり要らない！	accepted	c5580cf8b9ee0f43	Codex	full-20261006	2026-10-06	全量日文候選；未經母語者審閱；正式預算及版面另驗
ESPMES#122.126	5b26af904dab3bc6	うむ、結構だ！	accepted	1b73a7bd232242c0	Codex	full-20261006	2026-10-06	全量日文候選；未經母語者審閱；正式預算及版面另驗
ESPMES#122.127	bddd958fe4225209	結構だ、ありがとう！	accepted	47e3cf0614fb8185	Codex	full-20261006	2026-10-06	全量日文候選；未經母語者審閱；正式預算及版面另驗
ESPMES#122.128	91d5ea35f5556a6b	興味はない！	accepted	007c0851e7204834	Codex	full-20261006	2026-10-06	全量日文候選；未經母語者審閱；正式預算及版面另驗
ESPMES#122.129	83fbb7d8306d92e8	半年に一度、領主自らが開く射撃大会だ。\n大陸各地の名手が\n参加する。\n	accepted	5deecb9d73eca403	Codex	full-20261006	2026-10-06	全量日文候選；未經母語者審閱；正式預算及版面另驗
ESPMES#122.130	3a68f4216d6f33f1	その時、誰が勝つか賭けられる。\n大金を稼ぐなら、これだ！運を試してみるか？へへ！	accepted	abbd10d0640704d9	Codex	full-20261006	2026-10-06	全量日文候選；未經母語者審閱；正式預算及版面另驗
ESPMES#122.131	f7cb75e4b08ed802	賭けてみるか？	accepted	fe18538693ad1050	Codex	full-20261006	2026-10-06	全量日文候選；未經母語者審閱；正式預算及版面另驗
ESPMES#122.132	20a34959705fec25	倍率の計算を教えよう。	accepted	e9dde86397e58b90	Codex	full-20261006	2026-10-06	全量日文候選；未經母語者審閱；正式預算及版面另驗
ESPMES#122.133	66237bcaedbc7a01	参加部隊は全部で８隊だ。\n	accepted	bcff26808a6663eb	Codex	full-20261006	2026-10-06	全量日文候選；未經母語者審閱；正式預算及版面另驗
ESPMES#122.134	33e3811ce26b2dc1	今は７隊しかいないようだ。	accepted	04413bc93a8ee6f5	Codex	full-20261006	2026-10-06	全量日文候選；未經母語者審閱；正式預算及版面另驗
ESPMES#122.135	66237bcaedbc7a01	参加部隊は全部で８隊だ。\n	accepted	bcff26808a6663eb	Codex	full-20261006	2026-10-06	全量日文候選；未經母語者審閱；正式預算及版面另驗
ESPMES#122.136	a31a82422fde781c	%sの\n倍率は%ld%ld倍。\nこれに賭けるか？	accepted	aea78bf65099b590	Codex	full-20261006	2026-10-06	全量日文候選；未經母語者審閱；正式預算及版面另驗
ESPMES#122.137	16cf269509ad521f	うむ、次は？	accepted	18bb6103b939808f	Codex	full-20261006	2026-10-06	全量日文候選；未經母語者審閱；正式預算及版面另驗
ESPMES#122.138	48412a3ab11c39ea	1000Ｇなら、払い戻しは%ldＧだろう！	accepted	83fdf43c5c0a714e	Codex	full-20261006	2026-10-06	全量日文候選；未經母語者審閱；正式預算及版面另驗
ESPMES#122.139	9a056e7228c63cfd	金額不足	accepted	7f4ca45bfb4ff151	Codex	full-20261006	2026-10-06	全量日文候選；未經母語者審閱；正式預算及版面另驗
ESPMES#122.140	b685085ad1b962c2	2000Ｇなら、払い戻しは%ldＧだろう！	accepted	680e3a53486448ae	Codex	full-20261006	2026-10-06	全量日文候選；未經母語者審閱；正式預算及版面另驗
ESPMES#122.141	9a056e7228c63cfd	金額不足	accepted	7f4ca45bfb4ff151	Codex	full-20261006	2026-10-06	全量日文候選；未經母語者審閱；正式預算及版面另驗
ESPMES#122.142	7787160099d396c0	5000Ｇなら、払い戻しは%ldＧだろう！	accepted	b9787536881d608a	Codex	full-20261006	2026-10-06	全量日文候選；未經母語者審閱；正式預算及版面另驗
ESPMES#122.143	9a056e7228c63cfd	金額不足	accepted	7f4ca45bfb4ff151	Codex	full-20261006	2026-10-06	全量日文候選；未經母語者審閱；正式預算及版面另驗
ESPMES#122.144	4f599ed5924a805f	10000Ｇなら、払い戻しは%ldＧだろう！	accepted	0f637ce36abb6132	Codex	full-20261006	2026-10-06	全量日文候選；未經母語者審閱；正式預算及版面另驗
ESPMES#122.145	9a056e7228c63cfd	金額不足	accepted	7f4ca45bfb4ff151	Codex	full-20261006	2026-10-06	全量日文候選；未經母語者審閱；正式預算及版面另驗
ESPMES#122.146	881ec4506c2937e4	もう賭けないのか？	accepted	93496fff9fbbed61	Codex	full-20261006	2026-10-06	全量日文候選；未經母語者審閱；正式預算及版面另驗
ESPMES#122.147	78d82829f77e282e	え、帰るのか？	accepted	fb143a6606d6a32e	Codex	full-20261006	2026-10-06	全量日文候選；未經母語者審閱；正式預算及版面另驗
ESPMES#122.148	31f5b3076b157182	本当に賭けないのか？	accepted	3cb0090aa391432c	Codex	full-20261006	2026-10-06	全量日文候選；未經母語者審閱；正式預算及版面另驗
ESPMES#122.149	726626e5e40324db	よし、試合は終わった！結果を聞くか？	accepted	4eb5e12c55742c6b	Codex	full-20261006	2026-10-06	全量日文候選；未經母語者審閱；正式預算及版面另驗
ESPMES#122.150	b6a39a6d2bbf9489	ああ、この金は月末までしか預からない！期限後は払わないぞ！	accepted	772ba9594e0fa1f0	Codex	full-20261006	2026-10-06	全量日文候選；未經母語者審閱；正式預算及版面另驗
ESPMES#122.151	5116aad171cf6774	気が変わったら、また来な！	accepted	c38a62acbeaf804a	Codex	full-20261006	2026-10-06	全量日文候選；未經母語者審閱；正式預算及版面另驗
ESPMES#122.152	c4ea73e74027c867	何だ、帰るのか！	accepted	6e2f7789dfb6e9c0	Codex	full-20261006	2026-10-06	全量日文候選；未經母語者審閱；正式預算及版面另驗
ESPMES#122.153	7a87a5e6070de1bc	‥倍率が%d%dなら、\n総額は%d0だ。	accepted	2069f9fb3f6dd204	Codex	full-20261006	2026-10-06	全量日文候選；未經母語者審閱；正式預算及版面另驗
ESPMES#122.154	f9ecf696513b4f6c	当てるとは思わなかった！\nこれで%ldＧの勝ちだ。	accepted	43eb322372450253	Codex	full-20261006	2026-10-06	全量日文候選；未經母語者審閱；正式預算及版面另驗
ESPMES#122.155	c36be146c95bfaec	%ldＧを受け取った！	accepted	9cdb78bd500024b3	Codex	full-20261006	2026-10-06	全量日文候選；未經母語者審閱；正式預算及版面另驗
ESPMES#122.156	56fd3d523b27e932	残念、外れた！	accepted	aab47cc270ba2af9	Codex	full-20261006	2026-10-06	全量日文候選；未經母語者審閱；正式預算及版面另驗
ESPMES#122.157	a382a228fd520035	大会は半年に一度だ。\n３月と９月にまた来な！	accepted	545c042af04fd6df	Codex	full-20261006	2026-10-06	全量日文候選；未經母語者審閱；正式預算及版面另驗
ESPMES#122.158	ece10403c95c54d3	大会に参加するか？	accepted	14bda08e9400ef4d	Codex	full-20261006	2026-10-06	全量日文候選；未經母語者審閱；正式預算及版面另驗
ESPMES#122.159	036eba8416408b5b	ここで６日待ってくれ。	accepted	9de9ca945014bb8f	Codex	full-20261006	2026-10-06	全量日文候選；未經母語者審閱；正式預算及版面另驗
ESPMES#122.160	b1b56f15793fddad	そうか、じゃあ帰るよ！	accepted	7e4cd45f80fe63ce	Codex	full-20261006	2026-10-06	全量日文候選；未經母語者審閱；正式預算及版面另驗
ESPMES#122.161	690e06b1864cd1c0	すまない、申し込みは終わった。\n次回、また来てくれ！	accepted	ed6deb51e11a3c46	Codex	full-20261006	2026-10-06	全量日文候選；未經母語者審閱；正式預算及版面另驗
ESPMES#122.162	690e06b1864cd1c0	すまない、申し込みは終わった。\n次回、また来てくれ！	accepted	ed6deb51e11a3c46	Codex	full-20261006	2026-10-06	全量日文候選；未經母語者審閱；正式預算及版面另驗
ESPMES#122.163	690e06b1864cd1c0	すまない、申し込みは終わった。\n次回、また来てくれ！	accepted	ed6deb51e11a3c46	Codex	full-20261006	2026-10-06	全量日文候選；未經母語者審閱；正式預算及版面另驗
ESPMES#122.164	acc4c0824c47be10	大会の申し込みは、３月と９月の１日から６日までだ。それまで腕を磨いてくれ！	accepted	920dab936aa583c0	Codex	full-20261006	2026-10-06	全量日文候選；未經母語者審閱；正式預算及版面另驗
ESPMES#122.165	338324b70049e36c	フランエン城射撃大会、%d回戦。\n%sと\n%sの対戦！	accepted	aeb990eb83754343	Codex	full-20261006	2026-10-06	全量日文候選；未經母語者審閱；正式預算及版面另驗
ESPMES#122.166	d255a7c4d193673f	試合結果！\n%sの勝利！	accepted	fe19584d3bb40892	Codex	full-20261006	2026-10-06	全量日文候選；未經母語者審閱；正式預算及版面另驗
ESPMES#122.167	338324b70049e36c	フランエン城射撃大会、%d回戦。\n%sと\n%sの対戦！	accepted	aeb990eb83754343	Codex	full-20261006	2026-10-06	全量日文候選；未經母語者審閱；正式預算及版面另驗
ESPMES#122.168	fc4c80cedd3ffe4d	%d回戦の結果！\n%sの勝利！	accepted	18e3f5d2c09549e0	Codex	full-20261006	2026-10-06	全量日文候選；未經母語者審閱；正式預算及版面另驗
ESPMES#122.169	338324b70049e36c	フランエン城射撃大会、%d回戦。\n%sと\n%sの対戦！	accepted	aeb990eb83754343	Codex	full-20261006	2026-10-06	全量日文候選；未經母語者審閱；正式預算及版面另驗
ESPMES#122.170	fc4c80cedd3ffe4d	%d回戦の結果！\n%sの勝利！	accepted	18e3f5d2c09549e0	Codex	full-20261006	2026-10-06	全量日文候選；未經母語者審閱；正式預算及版面另驗
ESPMES#122.171	a9e94e89aed23556	フランエン城主主催の射撃大会、開始！	accepted	d4fd907f7185d5fd	Codex	full-20261006	2026-10-06	全量日文候選；未經母語者審閱；正式預算及版面另驗
ESPMES#122.172	d5cf6a303921c8c4	続いて、第１回戦開始！	accepted	78dbb5f49fa6d507	Codex	full-20261006	2026-10-06	全量日文候選；未經母語者審閱；正式預算及版面另驗
ESPMES#122.173	9dd373d485fc8973	１回戦の勝者は‥	accepted	91cbbb6e90dd1c39	Codex	full-20261006	2026-10-06	全量日文候選；未經母語者審閱；正式預算及版面另驗
ESPMES#122.174	9ac4f9b6ef2802a0	%s！\n%s！\n%s！\n%s！\n	accepted	6542c47743761073	Codex	full-20261006	2026-10-06	全量日文候選；未經母語者審閱；正式預算及版面另驗
ESPMES#122.175	381ebdcc9efbf299	以上！	accepted	db2b483d73c08d57	Codex	full-20261006	2026-10-06	全量日文候選；未經母語者審閱；正式預算及版面另驗
ESPMES#122.176	9d9be7df5dc5d365	続いて、第２回戦開始！	accepted	6dec440d188b6237	Codex	full-20261006	2026-10-06	全量日文候選；未經母語者審閱；正式預算及版面另驗
ESPMES#122.177	ff329d6f47e2aef7	２回戦の勝者は‥	accepted	bc83ae63a20e91d4	Codex	full-20261006	2026-10-06	全量日文候選；未經母語者審閱；正式預算及版面另驗
ESPMES#122.178	bad7c88c08000208	%s！\n%s！	accepted	dcdb38d6d7197f4a	Codex	full-20261006	2026-10-06	全量日文候選；未經母語者審閱；正式預算及版面另驗
ESPMES#122.179	381ebdcc9efbf299	以上！	accepted	db2b483d73c08d57	Codex	full-20261006	2026-10-06	全量日文候選；未經母語者審閱；正式預算及版面另驗
ESPMES#122.180	9ac2aa90b95fd421	では、これより決勝戦を始める！	accepted	82dce3a7934bdb78	Codex	full-20261006	2026-10-06	全量日文候選；未經母語者審閱；正式預算及版面另驗
ESPMES#122.181	e5140431f0a34151	すべての試合が終了した！	accepted	86b4551e5181c0f8	Codex	full-20261006	2026-10-06	全量日文候選；未經母語者審閱；正式預算及版面另驗
ESPMES#122.182	7a9f10761deb2341	本大会の優勝者は‥\n	accepted	9824cd9c48d89f36	Codex	full-20261006	2026-10-06	全量日文候選；未經母語者審閱；正式預算及版面另驗
ESPMES#122.183	3db4db259a85c260	%s！\nおめでとう！！\n	accepted	f788799ded81bac7	Codex	full-20261006	2026-10-06	全量日文候選；未經母語者審閱；正式預算及版面另驗
ESPMES#122.184	6f380cb9eb282edd	君たちは大陸最強の射撃の名手だ。その栄誉をたたえ、大会優勝杯を贈る！	accepted	724bee50ec836a17	Codex	full-20261006	2026-10-06	全量日文候選；未經母語者審閱；正式預算及版面另驗
ESPMES#122.185	7f9954a2544990f9	優勝杯を受け取った！	accepted	285894779a230a38	Codex	full-20261006	2026-10-06	全量日文候選；未經母語者審閱；正式預算及版面另驗
ESPMES#122.186	9154f95b4080a20e	おいおい、何だってんだ！すごい物を売るだと？全部でたらめだ！あの戦車屋には絶対行くな！‥うわっ！	accepted	30d38291b3dc5ae2	Codex	full-20261006	2026-10-06	全量日文候選；未經母語者審閱；正式預算及版面另驗
ESPMES#122.187	c3fbdbb4a5086f2d	うわっ、うわっ！何だって！‥戦車屋？‥専門店？‥。	accepted	0c940d954631fcd6	Codex	full-20261006	2026-10-06	全量日文候選；未經母語者審閱；正式預算及版面另驗
ESPMES#122.188	be04543a50186d05	うわっ、この酔っ払い！戦車屋がどうした‥？戦車屋？‥すごい物？‥	accepted	2d6774578f97a013	Codex	full-20261006	2026-10-06	全量日文候選；未經母語者審閱；正式預算及版面另驗
ESPMES#122.189	5801476311ae39ba	困ったな‥戦車屋か？何かいい物があるのかな？見に行こう。いい物があるかもしれない！\n	accepted	4c36a2431f14ee9b	Codex	full-20261006	2026-10-06	全量日文候選；未經母語者審閱；正式預算及版面另驗
ESPMES#122.190	c3fbdbb4a5086f2d	うわっ、うわっ！何だって！‥戦車屋？‥専門店？‥。	accepted	0c940d954631fcd6	Codex	full-20261006	2026-10-06	全量日文候選；未經母語者審閱；正式預算及版面另驗
ESPMES#122.191	aa8ec478b33f5468	何だよ、この酔っ払い！戦車屋で何があった？俺に関係あるのか‥戦車屋？	accepted	20b3314573a30471	Codex	full-20261006	2026-10-06	全量日文候選；未經母語者審閱；正式預算及版面另驗
ESPMES#122.192	dbf5061f0a3422d4	戦車屋？聞いたことがない！何があるのか‥面白そうだ！\n	accepted	23f6ddad73699a4d	Codex	full-20261006	2026-10-06	全量日文候選；未經母語者審閱；正式預算及版面另驗
ESPMES#122.193	f8191dcbeed745ee	こんにちは！戦車専門店のドです。いい品を売っていますよ！お値段もお手頃です！	accepted	a6fd3b6d743c6911	Codex	full-20261006	2026-10-06	全量日文候選；未經母語者審閱；正式預算及版面另驗
ESPMES#122.194	4951128a650a56e4	こんにちは、いらっしゃい！いい品ですよ、とてもいい品！	accepted	4f61ad57acf85a1c	Codex	full-20261006	2026-10-06	全量日文候選；未經母語者審閱；正式預算及版面另驗
ESPMES#122.195	a3f9c645fc671e8b	え、買わないの？きっと後悔しますよ！	accepted	5d9d81961c1785b0	Codex	full-20261006	2026-10-06	全量日文候選；未經母語者審閱；正式預算及版面另驗
ESPMES#122.196	36af1bf3e06cbb20	よし、ついに呪いが解けた！この戦車を買おう。	accepted	eab0d3eef14da02b	Codex	full-20261006	2026-10-06	本機使用者已接受語境修讀；來源修讀hypothesis，未證實解碼；日文譯文candidate；未經母語者審閱；正式字模、預算與前端另驗
ESPMES#122.197	5529a810c6d37eec	ありがとう！また暇な時に来てください！	accepted	ff56e1af15594375	Codex	full-20261006	2026-10-06	全量日文候選；未經母語者審閱；正式預算及版面另驗
ESPMES#122.198	5529a810c6d37eec	ありがとう！また暇な時に来てください！	accepted	ff56e1af15594375	Codex	full-20261006	2026-10-06	全量日文候選；未經母語者審閱；正式預算及版面另驗
ESPMES#122.199	2246547b3fbed084	呪われたって？！大丈夫！酒場で聞いてみよう！	accepted	5445095741136ccb	Codex	full-20261006	2026-10-06	本機使用者已接受語境修讀；來源修讀hypothesis，未證實解碼；日文譯文candidate；未經母語者審閱；正式字模、預算與前端另驗
ESPMES#122.200	56a5b65b3b87d607	呪われても、ロボットさえいれば大丈夫！これを無料であげる。一銭も取らないよ！	accepted	dfb7b7abb59a11a6	Codex	full-20261006	2026-10-06	本機使用者已接受語境修讀；來源修讀hypothesis，未證實解碼；日文譯文candidate；未經母語者審閱；正式字模、預算與前端另驗
ESPMES#122.201	debac5ce82257c1c	今は在庫がありません。\nまた来てください！	accepted	bc404d393fe4741d	Codex	full-20261006	2026-10-06	全量日文候選；未經母語者審閱；正式預算及版面另驗
ESPMES#122.202	98738309af1746f6	おいおい、何だってんだ！すごい物だと？全部でたらめだ！あの科学者には絶対会いに行くな！‥うわっ！	accepted	998e682012ac8b21	Codex	full-20261006	2026-10-06	全量日文候選；未經母語者審閱；正式預算及版面另驗
ESPMES#122.203	712ed36211911e98	あの科学者を知ってるか？変人で、妙なロボットを作るんだ。しかも動く‥怖いぞ！	accepted	497efa483229d968	Codex	full-20261006	2026-10-06	全量日文候選；未經母語者審閱；正式預算及版面另驗
ESPMES#122.204	63a5505d9de16953	この町にいる！\n何か役に立つかもしれないな？\n	accepted	e779a496444aceda	Codex	full-20261006	2026-10-06	全量日文候選；未經母語者審閱；正式預算及版面另驗
ESPMES#122.205	c952d769279e175c	うわっ、また来た！‥科学者？‥技術者‥。	accepted	f3f0d385963d9c9e	Codex	full-20261006	2026-10-06	全量日文候選；未經母語者審閱；正式預算及版面另驗
ESPMES#122.206	069e4e55ae84f8a4	うわっ、また酔っ払いだ！科学者って何だ‥？科学者？‥ロボット？‥えっ‥	accepted	45e4ad259daa557b	Codex	full-20261006	2026-10-06	全量日文候選；未經母語者審閱；正式預算及版面另驗
ESPMES#122.207	518a404c1c205506	困ったな‥科学者か？何かいい物があるのかな？見に行こう。いい物があるかもしれない！\n	accepted	6263166d9200242d	Codex	full-20261006	2026-10-06	全量日文候選；未經母語者審閱；正式預算及版面另驗
ESPMES#122.208	c952d769279e175c	うわっ、また来た！‥科学者？‥技術者‥。	accepted	f3f0d385963d9c9e	Codex	full-20261006	2026-10-06	全量日文候選；未經母語者審閱；正式預算及版面另驗
ESPMES#122.209	94591873716bf658	何だよ、この酔っ払い！科学者に何があった？俺に関係あるのか‥科学者？	accepted	7f1081a6c975d5c2	Codex	full-20261006	2026-10-06	全量日文候選；未經母語者審閱；正式預算及版面另驗
ESPMES#122.210	35f7912ad6ba1eba	科学者か？いい物があるかもしれない‥面白そうだ！\n	accepted	4e1e010e9fc40ff3	Codex	full-20261006	2026-10-06	全量日文候選；未經母語者審閱；正式預算及版面另驗
ESPMES#122.211	e0d84ab4eacaa024	エンドルントはいるか！\n誰もいないのか？！	accepted	f0dd5a098f078f12	Codex	full-20261006	2026-10-06	全量日文候選；未經母語者審閱；正式預算及版面另驗
ESPMES#122.212	f93f5b6308f024d1	やあ、こんにちは！安物の戦車を買って、厄介なことになったそうだね？失礼、口が滑った！はは！	accepted	e9db3a0a1bcd9682	Codex	full-20261006	2026-10-06	全量日文候選；未經母語者審閱；正式預算及版面另驗
ESPMES#122.213	6b2f83e775878967	私は何でも知っている！ル・ドミニが毎晩おねしょするかどうかも知っている。さて、そんな話はいい！戦車がどうした？	accepted	2cd3d647f6d29285	Codex	full-20261006	2026-10-06	全量日文候選；未經母語者審閱；正式預算及版面另驗；明示是否尿床的間接疑問，避免かも知れない語感
ESPMES#122.214	729ad653524cecda	…え、おねしょ…	accepted	97ca8595ef187217	Codex	full-20261006	2026-10-06	全量日文候選；未經母語者審閱；正式預算及版面另驗
ESPMES#122.215	7300aad1a3676e32	え、何？	accepted	856f138c8c8378ee	Codex	full-20261006	2026-10-06	全量日文候選；未經母語者審閱；正式預算及版面另驗
ESPMES#122.216	438bb1e922289c40	はは、笑ってしまうよ…	accepted	34bad1040b8407e9	Codex	full-20261006	2026-10-06	全量日文候選；未經母語者審閱；正式預算及版面另驗
ESPMES#122.217	d11bbf4e93f4ce7d	くそっ、でたらめを言うな！	accepted	436aa82eeb5f2cca	Codex	full-20261006	2026-10-06	全量日文候選；未經母語者審閱；正式預算及版面另驗
ESPMES#122.218	e382af1bc046880d	え！ひひ、ひひひひひ！	accepted	5f11bdfb458ab181	Codex	full-20261006	2026-10-06	全量日文候選；未經母語者審閱；正式預算及版面另驗
ESPMES#122.219	6f1f3527b4fc5b60	…うむ、なるほど…。	accepted	21e724cd4af7f9de	Codex	full-20261006	2026-10-06	全量日文候選；未經母語者審閱；正式預算及版面另驗
ESPMES#122.220	57f7f763b95790aa	よし、無駄話は終わり！戦車を渡せばいい！ただ、金はかかるぞ！へへ、冗談だ！ははは！	accepted	edc0d9994148a13a	Codex	full-20261006	2026-10-06	全量日文候選；未經母語者審閱；正式預算及版面另驗
ESPMES#122.221	30f3a506363e0db5	理由を説明しようか？	accepted	a59ec9857c88d192	Codex	full-20261006	2026-10-06	全量日文候選；未經母語者審閱；正式預算及版面另驗
ESPMES#122.222	be05c70462020321	よし、戦車で問題が起きる理由を調べよう。これは前文明の最も偉大な装置の一つなのだ。	accepted	78dd7a53245cadd1	Codex	full-20261006	2026-10-06	全量日文候選；未經母語者審閱；正式預算及版面另驗
ESPMES#122.223	8d28d3a7b186a39d	すごい、偉大だ！なぜ磁場の異常が生じるかは、私にも分からない！それで、あんなことになる！	accepted	9db7a9dbcdf9c3be	Codex	full-20261006	2026-10-06	全量日文候選；未經母語者審閱；正式預算及版面另驗
ESPMES#122.224	8aa237465c0e15ad	心配無用！私の発明、全自動踊り子「Ｋ・イキウン」だ！これがあれば、二度と起きない！偉大だ！	accepted	8b5da55dfbefe488	Codex	full-20261006	2026-10-06	全量日文候選；未經母語者審閱；正式預算及版面另驗
ESPMES#122.225	0f3b477ed79fae1c	この美しい踊り子は、私の大のお気に入りだ！妙な気を起こすなよ！費用は‥うむ、まあいい！	accepted	c13b65bf1e398209	Codex	full-20261006	2026-10-06	全量日文候選；未經母語者審閱；正式預算及版面另驗
ESPMES#122.226	56caa5a1825a3c68	‥寝床の前に月明かり‥。‥地上の霜かと見まがう‥。	accepted	d20d1aa0cbe8274f	Codex	full-20261006	2026-10-06	全量日文候選；未經母語者審閱；正式預算及版面另驗
ESPMES#122.227	603537d85aeab20e	またエンドルントに会いたいのか？	accepted	f1a2a54a9d96fc69	Codex	full-20261006	2026-10-06	全量日文候選；未經母語者審閱；正式預算及版面另驗
ESPMES#122.228	c85c27ef0a2c7a98	はは、言っただろう！秀才は家にいて天下を知る。今度は何が起きた？詳しく教えよう！	accepted	b83bb0d36b50b11f	Codex	full-20261006	2026-10-06	全量日文候選；未經母語者審閱；正式預算及版面另驗
ESPMES#122.229	be05c70462020321	よし、戦車で問題が起きる理由を調べよう。これは前文明の最も偉大な装置の一つなのだ。	accepted	78dd7a53245cadd1	Codex	full-20261006	2026-10-06	全量日文候選；未經母語者審閱；正式預算及版面另驗
ESPMES#122.230	8d28d3a7b186a39d	すごい、偉大だ！なぜ磁場の異常が生じるかは、私にも分からない！それで、あんなことになる！	accepted	9db7a9dbcdf9c3be	Codex	full-20261006	2026-10-06	全量日文候選；未經母語者審閱；正式預算及版面另驗
ESPMES#122.231	8aa237465c0e15ad	心配無用！私の発明、全自動踊り子「Ｋ・イキウン」だ！これがあれば、二度と起きない！偉大だ！	accepted	8b5da55dfbefe488	Codex	full-20261006	2026-10-06	全量日文候選；未經母語者審閱；正式預算及版面另驗
ESPMES#122.232	0f3b477ed79fae1c	この美しい踊り子は、私の大のお気に入りだ！妙な気を起こすなよ！費用は‥うむ、まあいい！	accepted	c13b65bf1e398209	Codex	full-20261006	2026-10-06	全量日文候選；未經母語者審閱；正式預算及版面另驗
ESPMES#122.233	f985cbacea52bfa2	‥ここに来た目的は、何だったか‥	accepted	cf5dbd1f43e7e6e0	Codex	full-20261006	2026-10-06	全量日文候選；未經母語者審閱；正式預算及版面另驗
ESPMES#122.234	5208710371a2c555	あれ？\n戦車の扉が閉まった‥	accepted	ab53ce35190e683d	Codex	full-20261006	2026-10-06	全量日文候選；未經母語者審閱；正式預算及版面另驗
ESPMES#122.235	6af22ae33595989e	え？\n外で誰かが扉を押さえてる？出られない！	accepted	3f6d630cf3df5bcf	Codex	full-20261006	2026-10-06	全量日文候選；未經母語者審閱；正式預算及版面另驗
ESPMES#122.236	19c79a6f9765def4	妙だ！なぜ出られない？このまま進むしかない！	accepted	a549a82e3bdd859c	Codex	full-20261006	2026-10-06	全量日文候選；未經母語者審閱；正式預算及版面另驗
ESPMES#122.237	9c78475ee597f489	ああ、戦車が壊れた！\nなぜ勝手に走り回る！	accepted	1428030b65c51427	Codex	full-20261006	2026-10-06	全量日文候選；未經母語者審閱；正式預算及版面另驗
ESPMES#122.238	7f441260ad41003c	おかしい！\n戦車が動かないようだ！	accepted	ce493ea1456600f5	Codex	full-20261006	2026-10-06	全量日文候選；未經母語者審閱；正式預算及版面另驗
ESPMES#122.239	a850739b0adacf28	え？\nこの戦車、何かおかしいぞ？\n	accepted	e09902073ff904d3	Codex	full-20261006	2026-10-06	全量日文候選；未經母語者審閱；正式預算及版面另驗
ESPMES#122.240	30599443ebac3659	ああ、やはり呪われていたか‥全自動踊り子がいてよかった‥	accepted	7b1843ac9f51de34	Codex	full-20261006	2026-10-06	本機使用者已接受語境修讀；來源修讀hypothesis，未證實解碼；日文譯文candidate；未經母語者審閱；正式字模、預算與前端另驗
ESPMES#122.241	30599443ebac3659	ああ、やはり呪われていたか‥全自動踊り子がいてよかった‥	accepted	7b1843ac9f51de34	Codex	full-20261006	2026-10-06	本機使用者已接受語境修讀；來源修讀hypothesis，未證實解碼；日文譯文candidate；未經母語者審閱；正式字模、預算與前端另驗
ESPMES#122.242	59a67004f418ee3e	呪いはどうなるのだろう‥全自動踊り子を‥	accepted	fe38e461905f6e52	Codex	full-20261006	2026-10-06	本機使用者已接受語境修讀；來源修讀hypothesis，未證實解碼；日文譯文candidate；未經母語者審閱；正式字模、預算與前端另驗
ESPMES#122.243	c79b534a820ad232	？あの呪いはどうなった？全自動踊り子が封じたようだ。	accepted	84eae8e213fa572b	Codex	full-20261006	2026-10-06	本機使用者已接受語境修讀；來源修讀hypothesis，未證實解碼；日文譯文candidate；未經母語者審閱；正式字模、預算與前端另驗
ESPMES#122.244	727d4bc80998c461	はは！呪いは封じられたようだ！全自動踊り子のおかげだ。	accepted	6e80af4a396592a6	Codex	full-20261006	2026-10-06	本機使用者已接受語境修讀；來源修讀hypothesis，未證實解碼；日文譯文candidate；未經母語者審閱；正式字模、預算與前端另驗
ESPMES#122.245	80f1321147ea9129	呪いは封じられた‥これで旅を続けられる‥	accepted	f13bc49cbdb471c9	Codex	full-20261006	2026-10-06	本機使用者已接受語境修讀；來源修讀hypothesis，未證實解碼；日文譯文candidate；未經母語者審閱；正式字模、預算與前端另驗
ESPMES#122.246	fba2cd6abd87877e	この戦車は呪われている！うわっ、体力が減っていく‥町へ戻って調べよう！	accepted	6a3fb7888ac63aba	Codex	full-20261006	2026-10-06	本機使用者已接受語境修讀；來源修讀hypothesis，未證實解碼；日文譯文candidate；未經母語者審閱；正式字模、預算與前端另驗
ESPMES#122.247	85c50c5d6f0a8d02	なぜ痛むんだ‥\n‥この戦車、妙だ！\n町へ戻って調べよう！	accepted	40e86cf555a1aa4a	Codex	full-20261006	2026-10-06	全量日文候選；未經母語者審閱；正式預算及版面另驗
ESPMES#122.248	80e55c231549edc0	うわっ、体力が減っていく‥\n原因はこの戦車だ！\n早く町へ戻らねば！	accepted	701fedca462d6e12	Codex	full-20261006	2026-10-06	全量日文候選；未經母語者審閱；正式預算及版面另驗
ESPMES#122.249	c497f08320ebddb6	痛い！\n体力が減る！この戦車め！	accepted	1656cf13587c1e6b	Codex	full-20261006	2026-10-06	全量日文候選；未經母語者審閱；正式預算及版面另驗
ESPMES#122.250	85e44319252d68c2	この呪われた戦車め！体力が少しずつ減り続けているようだ。早く町へ戻らねば‥	accepted	5b2fabf7b279a145	Codex	full-20261006	2026-10-06	本機使用者已接受語境修讀；來源修讀hypothesis，未證實解碼；日文譯文candidate；未經母語者審閱；正式字模、預算與前端另驗
ESPMES#122.251	a177672621c6756a	こ、これは！体力が‥この戦車は呪われている！早く町へ戻らないと‥	accepted	9d074695a4cb2a8f	Codex	full-20261006	2026-10-06	本機使用者已接受語境修讀；來源修讀hypothesis，未證實解碼；日文譯文candidate；未經母語者審閱；正式字模、預算與前端另驗
ESPMES#122.252	79bffbbdb53e0927	事情をご説明します。率直にいえば、主人は伴侶を探しております。ただ、条件が非常に厳しいのです。	accepted	b89f938e6c085e1c	Codex	full-20261006	2026-10-06	全量日文候選；未經母語者審閱；正式預算及版面另驗；完整字詞保持，改由既定折行器重新折行
ESPMES#122.253	5008c4025795d56c	これまで%4d回失敗しました。主人は、自分の将来と次の世代のためにも、ふさわしい相手を望んでいます。	accepted	eb2788d27ffae5ed	Codex	full-20261006	2026-10-06	全量日文候選；未經母語者審閱；正式預算及版面另驗
ESPMES#122.254	5008c4025795d56c	これまで%4d回失敗しました。主人は、自分の将来と次の世代のためにも、ふさわしい相手を望んでいます。	accepted	eb2788d27ffae5ed	Codex	full-20261006	2026-10-06	全量日文候選；未經母語者審閱；正式預算及版面另驗
ESPMES#122.255	0e5c2ad767267a3d	ご一緒の女性は、主人にぴったりです。ご同意頂ければ、私の全財産を報酬として差し上げます。\n	accepted	d5dddb0efa83e1c5	Codex	full-20261006	2026-10-06	全量日文候選；未經母語者審閱；正式預算及版面另驗
ESPMES#122.256	35cf16bdadcdc4b8	アシュワト城の領主に会いに行く。	accepted	96c800945136aff3	Codex	full-20261006	2026-10-06	全量日文候選；未經母語者審閱；正式預算及版面另驗
ESPMES#122.257	35cf16bdadcdc4b8	アシュワト城の領主に会いに行く。	accepted	96c800945136aff3	Codex	full-20261006	2026-10-06	全量日文候選；未經母語者審閱；正式預算及版面另驗
ESPMES#122.258	35cf16bdadcdc4b8	アシュワト城の領主に会いに行く。	accepted	96c800945136aff3	Codex	full-20261006	2026-10-06	全量日文候選；未經母語者審閱；正式預算及版面另驗
ESPMES#122.259	35cf16bdadcdc4b8	アシュワト城の領主に会いに行く。	accepted	96c800945136aff3	Codex	full-20261006	2026-10-06	全量日文候選；未經母語者審閱；正式預算及版面另驗
ESPMES#122.260	35cf16bdadcdc4b8	アシュワト城の領主に会いに行く。	accepted	96c800945136aff3	Codex	full-20261006	2026-10-06	全量日文候選；未經母語者審閱；正式預算及版面另驗
ESPMES#122.261	35cf16bdadcdc4b8	アシュワト城の領主に会いに行く。	accepted	96c800945136aff3	Codex	full-20261006	2026-10-06	全量日文候選；未經母語者審閱；正式預算及版面另驗
ESPMES#122.262	41d305011a786701	助けに行こうか！	accepted	47913b2f70f3c0fa	Codex	full-20261006	2026-10-06	全量日文候選；未經母語者審閱；正式預算及版面另驗
ESPMES#122.263	41d305011a786701	助けに行こうか！	accepted	47913b2f70f3c0fa	Codex	full-20261006	2026-10-06	全量日文候選；未經母語者審閱；正式預算及版面另驗
ESPMES#122.264	be2a683cb36ecd52	何が起きたのか、見に行こう！	accepted	2e4fe312640f7aea	Codex	full-20261006	2026-10-06	全量日文候選；未經母語者審閱；正式預算及版面另驗
ESPMES#122.265	b75a403ea5292467	ディスさんだ！\n助けに来たぞ！	accepted	38c39916472dfa62	Codex	full-20261006	2026-10-06	全量日文候選；未經母語者審閱；正式預算及版面另驗
ESPMES#122.266	5a0c896ba35064d8	ドミニを連れ戻そう！	accepted	7aeb0d2d4955f46f	Codex	full-20261006	2026-10-06	全量日文候選；未經母語者審閱；正式預算及版面另驗
ESPMES#122.267	220c04b4d346b2ba	む。\n領主に抗議しに行こう。	accepted	3265f5a9ed89a0e1	Codex	full-20261006	2026-10-06	全量日文候選；未經母語者審閱；正式預算及版面另驗
ESPMES#122.268	5b971aecc5099dca	急に、無理な気がしてきた。\n本当に！	accepted	e0367d70ab792274	Codex	full-20261006	2026-10-06	全量日文候選；未經母語者審閱；正式預算及版面另驗
ESPMES#122.269	a10a54d795d871ab	助けに来るのが遅い！\n本当に嫌な体験だったわ‥	accepted	99b04d046fd570de	Codex	full-20261006	2026-10-06	全量日文候選；未經母語者審閱；正式預算及版面另驗
ESPMES#122.270	bf77395497f42ad0	本当に申し訳ありません‥どうかお許しを。なぜこうなったのか、私にも分かりません。	accepted	7f7ad80bdd4b7e22	Codex	full-20261006	2026-10-06	全量日文候選；未經母語者審閱；正式預算及版面另驗
ESPMES#122.271	c89cf1f9ddf43e8c	うむ、君が隊長か？いいぞ！この女性は気に入った！決めた、この人だ！	accepted	b7c405a29b8a2f10	Codex	full-20261006	2026-10-06	全量日文候選；未經母語者審閱；正式預算及版面另驗
ESPMES#122.272	782e0c0aa9b6889b	何、この偉そうな奴！高望みもいいところね！何様のつもり？笑わせないで、この大馬鹿！	accepted	4c2a62f4d359b951	Codex	full-20261006	2026-10-06	全量日文候選；未經母語者審閱；正式預算及版面另驗
ESPMES#122.273	ef72d1220d7750b5	どうか、そんなことを言わず！我が国の民を助けるつもりで、お願いです。ご恩は一生忘れません！\n	accepted	36c42c07e3e74d40	Codex	full-20261006	2026-10-06	全量日文候選；未經母語者審閱；正式預算及版面另驗
ESPMES#122.274	ae29039b11981799	へへ、ついに私のものだ！うれしいぞ！さて、結婚はいつがいい‥明日か、明後日か？！	accepted	507830dea72f702f	Codex	full-20261006	2026-10-06	全量日文候選；未經母語者審閱；正式預算及版面另驗
ESPMES#122.275	2a8b324e26f65d51	え、この男、まだ諦めないの！\nはは、笑わせるわ！大馬鹿！	accepted	79a5e783794eaa88	Codex	full-20261006	2026-10-06	全量日文候選；未經母語者審閱；正式預算及版面另驗
ESPMES#122.276	0407ddaa1589ae81	‥危なかった‥本当に。何とか、俺たちもただ者ではない‥。	accepted	a31d640d5316fe73	Codex	full-20261006	2026-10-06	全量日文候選；未經母語者審閱；正式預算及版面另驗
ESPMES#122.277	ef72d1220d7750b5	どうか、そんなことを言わず！我が国の民を助けるつもりで、お願いです。ご恩は一生忘れません！\n	accepted	36c42c07e3e74d40	Codex	full-20261006	2026-10-06	全量日文候選；未經母語者審閱；正式預算及版面另驗
ESPMES#122.278	92eab3de7ec84069	うわっ、モロ！ジェシー！誰か助けて！あの偉そうな奴の思い通りになってしまう！くそっ！	accepted	5cac3de6077351d2	Codex	full-20261006	2026-10-06	全量日文候選；未經母語者審閱；正式預算及版面另驗；原文莫洛譯作モロ，未證實與莫諾同人，不合併名稱
ESPMES#122.279	c89cf1f9ddf43e8c	うむ、君が隊長か？いいぞ！この女性は気に入った！決めた、この人だ！	accepted	b7c405a29b8a2f10	Codex	full-20261006	2026-10-06	全量日文候選；未經母語者審閱；正式預算及版面另驗
ESPMES#122.280	9baa261024984f47	‥何よ、この変態オカマ！鳥肌が立つ！絶対、私に触らないで！気持ち悪い！！	accepted	49d102b6cce4f558	Codex	full-20261006	2026-10-06	全量日文候選；未經母語者審閱；正式預算及版面另驗
ESPMES#122.281	ef72d1220d7750b5	どうか、そんなことを言わず！我が国の民を助けるつもりで、お願いです。ご恩は一生忘れません！\n	accepted	36c42c07e3e74d40	Codex	full-20261006	2026-10-06	全量日文候選；未經母語者審閱；正式預算及版面另驗
ESPMES#122.282	ae29039b11981799	へへ、ついに私のものだ！うれしいぞ！さて、結婚はいつがいい‥明日か、明後日か？！	accepted	507830dea72f702f	Codex	full-20261006	2026-10-06	全量日文候選；未經母語者審閱；正式預算及版面另驗
ESPMES#122.283	9baa261024984f47	‥何よ、この変態オカマ！鳥肌が立つ！絶対、私に触らないで！気持ち悪い！！	accepted	49d102b6cce4f558	Codex	full-20261006	2026-10-06	全量日文候選；未經母語者審閱；正式預算及版面另驗
ESPMES#122.284	ef72d1220d7750b5	どうか、そんなことを言わず！我が国の民を助けるつもりで、お願いです。ご恩は一生忘れません！\n	accepted	36c42c07e3e74d40	Codex	full-20261006	2026-10-06	全量日文候選；未經母語者審閱；正式預算及版面另驗
ESPMES#122.285	fafb13f325296970	腹が立つわ！変態！	accepted	5713d2e5d2d28553	Codex	full-20261006	2026-10-06	全量日文候選；未經母語者審閱；正式預算及版面另驗
ESPMES#122.286	bf77395497f42ad0	本当に申し訳ありません‥どうかお許しを。なぜこうなったのか、私にも分かりません。	accepted	7f7ad80bdd4b7e22	Codex	full-20261006	2026-10-06	全量日文候選；未經母語者審閱；正式預算及版面另驗
ESPMES#122.287	1f40a222a3be196d	しまった、出られない！出してよ、この悪党！‥うう、誰か助けて！	accepted	9a065df71706cf60	Codex	full-20261006	2026-10-06	全量日文候選；未經母語者審閱；正式預算及版面另驗
ESPMES#122.288	9983a63d3d1ea902	私も年だ。結婚したら早く子を作り、領地を継がせねばならん。	accepted	1a0db66f938eca3f	Codex	full-20261006	2026-10-06	全量日文候選；未經母語者審閱；正式預算及版面另驗
ESPMES#122.289	826880d998d81370	よい相手を、できるだけ早く見つけたい。\n頼んでもいいかね？\n	accepted	da29d7f15de284c3	Codex	full-20261006	2026-10-06	全量日文候選；未經母語者審閱；正式預算及版面另驗
ESPMES#122.290	cbd865fede50461b	ありがとう！よろしく頼む！	accepted	68bce4b61cae2a06	Codex	full-20261006	2026-10-06	全量日文候選；未經母語者審閱；正式預算及版面另驗
ESPMES#122.291	235a352bbb164321	はあ、薄情だな。他の者を探すしかない。\n	accepted	dc2ad990f9c9a3b7	Codex	full-20261006	2026-10-06	全量日文候選；未經母語者審閱；正式預算及版面另驗
ESPMES#122.292	3920bc2ed8bdba96	はあ、まだ少し足りない！私の高貴な身分に合わねば。悪いが、もう一度頼む！\n	accepted	caec6e9a0b5544fc	Codex	full-20261006	2026-10-06	全量日文候選；未經母語者審閱；正式預算及版面另驗
ESPMES#122.293	ac294d655a2528d3	まだ駄目なのか？私には時間がない。何とか助けてくれないか？\n	accepted	5c92e88a968bc9c4	Codex	full-20261006	2026-10-06	全量日文候選；未經母語者審閱；正式預算及版面另驗
ESPMES#122.294	17b41a11b8327490	ごほ、ごほ！若者よ、頼みがある。成功すれば領主から賞金が出る！やってみるか？	accepted	0282230a28e9c151	Codex	full-20261006	2026-10-06	全量日文候選；未經母語者審閱；正式預算及版面另驗
ESPMES#122.295	92bad5cd27030e19	いつも世話になって、ありがとう！ここでは皆、平和で幸せに暮らしているよ。はは！	accepted	36932f27cfe50eaf	Codex	full-20261006	2026-10-06	全量日文候選；未經母語者審閱；正式預算及版面另驗
ESPMES#122.296	d39f14260805448e	これは！‥暖かさが戻った‥！よかった、本当によかった！	accepted	84b2f066f30593f9	Codex	full-20261006	2026-10-06	全量日文候選；未經母語者審閱；正式預算及版面另驗
ESPMES#122.297	a2049d007b69eb13	どうした、何が起きた！また寒波が来るのか‥。	accepted	4f806a562dfce899	Codex	full-20261006	2026-10-06	全量日文候選；未經母語者審閱；正式預算及版面另驗
ESPMES#122.298	f1c03348dc6c04f5	はあ、困ったな！皆、この寒波に頭を抱えている。どうすればいいのか‥？	accepted	24e6c93a81968a99	Codex	full-20261006	2026-10-06	全量日文候選；未經母語者審閱；正式預算及版面另驗
ESPMES#122.299	e5900a4f506812e0	俺たちも凍えかけたが、町の衛兵に助けられた。\n一体どういうことだ？	accepted	07629a584a441eef	Codex	full-20261006	2026-10-06	全量日文候選；未經母語者審閱；正式預算及版面另驗
ESPMES#122.300	3716944663a18ad1	ここの発明家の装置に、何か起きて故障したのです！\n助けて頂けませんか？	accepted	4db20ac586b28708	Codex	full-20261006	2026-10-06	全量日文候選；未經母語者審閱；正式預算及版面另驗
ESPMES#122.301	04f699a726cd98e9	すべて頼んだよ。この寒さには耐えられない！	accepted	a6093f755934f0df	Codex	full-20261006	2026-10-06	全量日文候選；未經母語者審閱；正式預算及版面另驗
ESPMES#122.302	aa8253399c8bea98	洞窟にいるはずだ！\nできるだけ急いでくれ！寒い！\n	accepted	3d892e1dc395aa28	Codex	full-20261006	2026-10-06	全量日文候選；未經母語者審閱；正式預算及版面另驗
ESPMES#122.303	2ff60f1a8e213ef5	ごほ、ごほ！がっかりだ、本当に残念だ！すまない、風邪のようだ。失礼する！\n	accepted	456328a515674bb6	Codex	full-20261006	2026-10-06	全量日文候選；未經母語者審閱；正式預算及版面另驗
ESPMES#122.304	d52ff5fd525abe1d	ごほ、ごほ！もしもし？ごほ！すまない、私は！ごほ！	accepted	6e51ba12635ecb0b	Codex	full-20261006	2026-10-06	全量日文候選；未經母語者審閱；正式預算及版面另驗
ESPMES#122.305	18c6f35911e20432	ごほ、ごほ！頼みがある。隣国でラキアという男を探してくれ。私の古い友人だ。	accepted	f8ac75386f453403	Codex	full-20261006	2026-10-06	全量日文候選；未經母語者審閱；正式預算及版面另驗
ESPMES#122.306	853b9a0e9d0cac15	この寒波は、私の発明した機械の故障のせいだ。部品を交換せねばならん。\n古い友人なら持っているはずだ。	accepted	d99e0c07bd4ea3da	Codex	full-20261006	2026-10-06	全量日文候選；未經母語者審閱；正式預算及版面另驗
ESPMES#122.307	551d256ea797592f	年を取り、病気もあるので、\n私にはもう無理だ。\n君たちに頼むしかない。	accepted	8ed9d067bbbab60a	Codex	full-20261006	2026-10-06	全量日文候選；未經母語者審閱；正式預算及版面另驗
ESPMES#122.308	08177271be4ea7da	すべて頼んだよ。この寒さには耐えられない！ごほ、ごほ！	accepted	8c55f03bacdd5e3f	Codex	full-20261006	2026-10-06	全量日文候選；未經母語者審閱；正式預算及版面另驗
ESPMES#122.309	2ff60f1a8e213ef5	ごほ、ごほ！がっかりだ、本当に残念だ！すまない、風邪のようだ。失礼する！\n	accepted	456328a515674bb6	Codex	full-20261006	2026-10-06	全量日文候選；未經母語者審閱；正式預算及版面另驗
ESPMES#122.310	071c2a7c42729f3a	ありがとう、これで修理できる！やっと安心だ！ごほ！	accepted	1cf88a67349b8eec	Codex	full-20261006	2026-10-06	全量日文候選；未經母語者審閱；正式預算及版面另驗
ESPMES#122.311	678d5ae3d9d6ca3f	もう問題ない！修理は終わった！	accepted	9fe42828e54f4ea9	Codex	full-20261006	2026-10-06	全量日文候選；未經母語者審閱；正式預算及版面另驗
ESPMES#122.312	476f72a79e5b1e18	どうか急いでくれ！このままでは、凍え死んでしまうかもしれん！	accepted	178545b8ae695436	Codex	full-20261006	2026-10-06	全量日文候選；未經母語者審閱；正式預算及版面另驗
ESPMES#122.313	74a78869a2b419de	ああ、やっと来たか！心配ない、あの爺さんから聞いた。この部品だ、持っていけ！	accepted	6fd5d141f7228820	Codex	full-20261006	2026-10-06	全量日文候選；未經母語者審閱；正式預算及版面另驗
ESPMES#122.314	1a704cf2971c3be8	修理部品を手に入れた！	accepted	7ebcf6171167982f	Codex	full-20261006	2026-10-06	全量日文候選；未經母語者審閱；正式預算及版面另驗
ESPMES#122.315	0b09f8419c1399a6	何をしている、早く持っていけ！みんな凍え死にそうだぞ！	accepted	1f4e30c522e3e0d5	Codex	full-20261006	2026-10-06	全量日文候選；未經母語者審閱；正式預算及版面另驗
ESPMES#122.316	b3fa47e66fbc1a67	やっと装置が直った。\nこれで皆も安心だ！\n‥やっと平和になった！\n	accepted	0aff2b4953271fdb	Codex	full-20261006	2026-10-06	全量日文候選；未經母語者審閱；正式預算及版面另驗
ESPMES#122.317	9775d7f51ba193e1	もう心配は要らない！よかった！はは！\n	accepted	bcb4a7d4e2057478	Codex	full-20261006	2026-10-06	全量日文候選；未經母語者審閱；正式預算及版面另驗
ESPMES#122.318	17b41a11b8327490	ごほ、ごほ！若者よ、頼みがある。成功すれば領主から賞金が出る！やってみるか？	accepted	0282230a28e9c151	Codex	full-20261006	2026-10-06	全量日文候選；未經母語者審閱；正式預算及版面另驗
ESPMES#122.319	92bad5cd27030e19	いつも世話になって、ありがとう！ここでは皆、平和で幸せに暮らしているよ。はは！	accepted	36932f27cfe50eaf	Codex	full-20261006	2026-10-06	全量日文候選；未經母語者審閱；正式預算及版面另驗
ESPMES#122.320	43e7ffed43b93fcb	これは！‥気温が戻った‥！よかった、本当によかった！	accepted	b18dff7892c30153	Codex	full-20261006	2026-10-06	全量日文候選；未經母語者審閱；正式預算及版面另驗
ESPMES#122.321	2f062205c11f1189	どうした、何が起きた！また熱波が来るのか‥。	accepted	eefbdcbbba1a3a19	Codex	full-20261006	2026-10-06	全量日文候選；未經母語者審閱；正式預算及版面另驗
ESPMES#122.322	cd03165c52d066d7	はあ、困ったな！皆、この熱波に頭を抱えている。どうすればいいのか‥？	accepted	b2927a1a1c4f860c	Codex	full-20261006	2026-10-06	全量日文候選；未經母語者審閱；正式預算及版面另驗
ESPMES#122.323	ec44c861cb93b6f1	俺たちも熱で倒れかけたが、町の衛兵に助けられた。\n一体どういうことだ？	accepted	55b83e5ccc46d91c	Codex	full-20261006	2026-10-06	全量日文候選；未經母語者審閱；正式預算及版面另驗
ESPMES#122.324	3716944663a18ad1	ここの発明家の装置に、何か起きて故障したのです！\n助けて頂けませんか？	accepted	4db20ac586b28708	Codex	full-20261006	2026-10-06	全量日文候選；未經母語者審閱；正式預算及版面另驗
ESPMES#122.325	a51117182efafe26	すべて頼んだよ。この天気には耐えられない！暑くて倒れそうだ！\n	accepted	208430267c65e700	Codex	full-20261006	2026-10-06	全量日文候選；未經母語者審閱；正式預算及版面另驗
ESPMES#122.326	de61a691c0f47cb7	はあ、残念だ！こうなるとは思わなかった！\n	accepted	bf2dc26f54ec003c	Codex	full-20261006	2026-10-06	全量日文候選；未經母語者審閱；正式預算及版面另驗
ESPMES#122.327	fa5cdf0956480f81	ごほ、ごほ！もしもし？すまない、私は！ごほ！この持病が！	accepted	f03e890ce9fc1cad	Codex	full-20261006	2026-10-06	全量日文候選；未經母語者審閱；正式預算及版面另驗
ESPMES#122.328	18c6f35911e20432	ごほ、ごほ！頼みがある。隣国でラキアという男を探してくれ。私の古い友人だ。	accepted	f8ac75386f453403	Codex	full-20261006	2026-10-06	全量日文候選；未經母語者審閱；正式預算及版面另驗
ESPMES#122.329	14273b262c87e02a	この熱波は、私の発明した機械の故障のせいだ。部品を交換せねばならん。\n古い友人なら持っているはずだ。	accepted	88f0d890178e87d5	Codex	full-20261006	2026-10-06	全量日文候選；未經母語者審閱；正式預算及版面另驗
ESPMES#122.330	551d256ea797592f	年を取り、病気もあるので、\n私にはもう無理だ。\n君たちに頼むしかない。	accepted	8ed9d067bbbab60a	Codex	full-20261006	2026-10-06	全量日文候選；未經母語者審閱；正式預算及版面另驗
ESPMES#122.331	a51117182efafe26	すべて頼んだよ。この天気には耐えられない！暑くて倒れそうだ！\n	accepted	208430267c65e700	Codex	full-20261006	2026-10-06	全量日文候選；未經母語者審閱；正式預算及版面另驗
ESPMES#122.332	c7fb1bdcc2826152	ごほ、ごほ！がっかりだ、本当に残念だ！すまない、暑さで倒れそうだ。失礼する！\n	accepted	07cc819aae0ee47b	Codex	full-20261006	2026-10-06	全量日文候選；未經母語者審閱；正式預算及版面另驗
ESPMES#122.333	7a294db6314995e9	ありがとう！これで修理できる。もう心配しなくていい！	accepted	ec302c19a3f91a4e	Codex	full-20261006	2026-10-06	全量日文候選；未經母語者審閱；正式預算及版面另驗
ESPMES#122.334	d5a6a6bd7443052a	もう問題ない！	accepted	40b30cde589917d9	Codex	full-20261006	2026-10-06	全量日文候選；未經母語者審閱；正式預算及版面另驗
ESPMES#122.335	33bec29283172746	何をしている、早く行け！みんな暑さで死にそうだぞ！	accepted	f459b0f4b9e371c8	Codex	full-20261006	2026-10-06	全量日文候選；未經母語者審閱；正式預算及版面另驗
ESPMES#122.336	74a78869a2b419de	ああ、やっと来たか！心配ない、あの爺さんから聞いた。この部品だ、持っていけ！	accepted	6fd5d141f7228820	Codex	full-20261006	2026-10-06	全量日文候選；未經母語者審閱；正式預算及版面另驗
ESPMES#122.337	a67f7abcf82303fb	何をしている、早く持っていけ！みんな暑さで死にそうだぞ！	accepted	939dd7cfcdae7c6a	Codex	full-20261006	2026-10-06	全量日文候選；未經母語者審閱；正式預算及版面另驗
ESPMES#122.338	b3fa47e66fbc1a67	やっと装置が直った。\nこれで皆も安心だ！\n‥やっと平和になった！\n	accepted	0aff2b4953271fdb	Codex	full-20261006	2026-10-06	全量日文候選；未經母語者審閱；正式預算及版面另驗
ESPMES#122.339	9775d7f51ba193e1	もう心配は要らない！よかった！はは！\n	accepted	bcb4a7d4e2057478	Codex	full-20261006	2026-10-06	全量日文候選；未經母語者審閱；正式預算及版面另驗
ESPMES#122.340	987f9e42186667ef	知っているか？\nこの箱は‥\n開かないそうだ‥	accepted	bf3cfe28962377be	Codex	full-20261006	2026-10-06	全量日文候選；未經母語者審閱；正式預算及版面另驗
ESPMES#122.341	0f805b12e5c52bbc	やあ、この箱を知ってるか？謎の箱ともいうらしい。ある宝に関わるそうだ‥	accepted	c05b305da3558b90	Codex	full-20261006	2026-10-06	全量日文候選；未經母語者審閱；正式預算及版面另驗
ESPMES#122.342	665f0ac6870aafcd	やあ、旅の人！\n噂を教えよう。箱には精霊がいて、願いを三つかなえるという！	accepted	393dfb42ed8ac51e	Codex	full-20261006	2026-10-06	全量日文候選；未經母語者審閱；正式預算及版面另驗
ESPMES#122.343	da09d1cbe5091037	秘密が分かったら、知らせてくれよ！	accepted	0b04c7ccf86e4404	Codex	full-20261006	2026-10-06	全量日文候選；未經母語者審閱；正式預算及版面另驗
ESPMES#122.344	772602107d2f02e7	おい、宝箱の話を聞いたか？中には絶世の美女がいるという！しっ、小声で！	accepted	c1812a02a05c64cc	Codex	full-20261006	2026-10-06	全量日文候選；未經母語者審閱；正式預算及版面另驗
ESPMES#122.345	f3ed20421e933266	やあ、君たちの噂は聞いたよ！\nルレーン王が妙な物を探しているらしい。武器のような物とか‥。	accepted	17399296a7b5c3d9	Codex	full-20261006	2026-10-06	全量日文候選；未經母語者審閱；正式預算及版面另驗
ESPMES#122.346	e52e95fb616e7906	ルレーン王が宝を探しているらしい。骨董品のような物で、賞金もかなり高いとか‥。\n	accepted	3481ff2cc74a9a50	Codex	full-20261006	2026-10-06	全量日文候選；未經母語者審閱；正式預算及版面另驗
ESPMES#122.347	e29806348282e4dd	‥ある領主が宝箱を探しているという。中には宝の地図があり、古代の遺物に関係するらしい？\n	accepted	9c570ae3658d386a	Codex	full-20261006	2026-10-06	全量日文候選；未經母語者審閱；正式預算及版面另驗
ESPMES#122.348	9670999199deeead	‥北の領主が何かを探しているとか。賞金もかなり高いらしい！\n	accepted	a235d744b0ad004a	Codex	full-20261006	2026-10-06	全量日文候選；未經母語者審閱；正式預算及版面另驗
ESPMES#122.349	fc1331f273e92859	世には不思議な話が多い。旧世紀の遺産とかね。ある学者は、謎の箱を解けるという！\n	accepted	ab3d9e58dcce3fa7	Codex	full-20261006	2026-10-06	全量日文候選；未經母語者審閱；正式預算及版面另驗
ESPMES#122.350	cfe8cd200322cfb3	開かない箱か？\n‥どんな箱でも開ける人を知っている。学者だったと思う。	accepted	dee7077cbf1d4b72	Codex	full-20261006	2026-10-06	全量日文候選；未經母語者審閱；正式預算及版面另驗
ESPMES#122.351	4a5490de04d68334	‥秘密を教えよう！ある学者によると、箱には鍵があるそうだ。早く探してみな！\n	accepted	58cd1ae05752b0f6	Codex	full-20261006	2026-10-06	全量日文候選；未經母語者審閱；正式預算及版面另驗
ESPMES#122.352	036c15c139704072	‥ルレーンには学者や科学者も多く、人材が豊富だ。一人はロボット作りが得意で、女性型らしいぞ！	accepted	32206fddfc48d46e	Codex	full-20261006	2026-10-06	全量日文候選；未經母語者審閱；正式預算及版面另驗
ESPMES#122.353	7568c2f5300c7616	‥洞窟には何があるのか‥以前、扉のような物を見たが、鍵がない。中には、もしかすると‥。\n	accepted	403f9b1ba861e37b	Codex	full-20261006	2026-10-06	全量日文候選；未經母語者審閱；正式預算及版面另驗
ESPMES#122.354	9e11359c073f9704	‥私もあの扉を見た！鍵なしでは絶対に開かない。中には財宝がたくさんあるはずだ！	accepted	02d049dab757ec69	Codex	full-20261006	2026-10-06	全量日文候選；未經母語者審閱；正式預算及版面另驗
ESPMES#122.355	594a90dc1e17d2c4	‥洞窟‥の中？魔物‥亡霊‥何だ？人は近づくな‥入れば出られぬ‥。\n	accepted	bac89225bd34bfae	Codex	full-20261006	2026-10-06	全量日文候選；未經母語者審閱；正式預算及版面另驗
ESPMES#122.356	a65366f99e32a94c	‥あの洞窟には、盗賊団がさらった女がいる。早く助けに行け！何かあるかも‥。	accepted	a59c3994148facdc	Codex	full-20261006	2026-10-06	全量日文候選；未經母語者審閱；正式預算及版面另驗
ESPMES#122.357	66e72ff83524c7cc	困った、こんなに多くの洗剤を急いで届けねば。\nリカノ・ニの彼の所へ運ぶんだ！どうだ？\n	accepted	f63aff641fe3fb39	Codex	full-20261006	2026-10-06	全量日文候選；未經母語者審閱；正式預算及版面另驗；原文利卡諾保留為リカノ，不猜合併利卡洛
ESPMES#122.358	f730946a38166cda	ありがとう！よろしく頼む！	accepted	68bce4b61cae2a06	Codex	full-20261006	2026-10-06	全量日文候選；未經母語者審閱；正式預算及版面另驗
ESPMES#122.359	70f81510d1db427f	洗剤を受け取った！	accepted	6cdfa7cc7f8171a6	Codex	full-20261006	2026-10-06	全量日文候選；未經母語者審閱；正式預算及版面另驗
ESPMES#122.360	74ff78694cc49e8a	困ったな！仕方ない、他の人を探すよ！\n	accepted	af3005c81d66425b	Codex	full-20261006	2026-10-06	全量日文候選；未經母語者審閱；正式預算及版面另驗
ESPMES#122.361	e01fcb9d681c8939	‥あれ、閉まってる！大急ぎだったのでは？\nこの洗剤、どうしよう‥。\n	accepted	97456f4e76552ac8	Codex	full-20261006	2026-10-06	全量日文候選；未經母語者審閱；正式預算及版面另驗
ESPMES#122.362	2b5a2123f69b56df	あれ、休みか？そんな！わざわざ来たのに！\n	accepted	76fbd52a6da9bb69	Codex	full-20261006	2026-10-06	全量日文候選；未經母語者審閱；正式預算及版面另驗
ESPMES#122.363	018d4b8ff7853a5a	‥あれ、店がつぶれた？この洗剤はどうすれば‥。	accepted	ad24fc058d0dc50a	Codex	full-20261006	2026-10-06	全量日文候選；未經母語者審閱；正式預算及版面另驗
ESPMES#122.364	fc2374c4d50ffaf8	あれ、店が休みだ！洗剤を届けに来たのに、どうしよう？	accepted	61acb29117670889	Codex	full-20261006	2026-10-06	全量日文候選；未經母語者審閱；正式預算及版面另驗
ESPMES#122.365	00b65c41ab5f2710	ああ、閉まってる！どうすればいい？！\n	accepted	ee52a8d0e84fcb06	Codex	full-20261006	2026-10-06	全量日文候選；未經母語者審閱；正式預算及版面另驗
ESPMES#122.366	17939588d157ba14	なぜ閉まっている？この洗剤はどうする？\n	accepted	b32b0fb94bec695f	Codex	full-20261006	2026-10-06	全量日文候選；未經母語者審閱；正式預算及版面另驗
ESPMES#122.367	395412f9fca5d5ee	‥はは、何の用だ？店主は死んだよ！\n昨日、流れ弾で‥。\nだから休業だ。\n	accepted	793b95f2f8d63352	Codex	full-20261006	2026-10-06	全量日文候選；未經母語者審閱；正式預算及版面另驗
ESPMES#122.368	1c19d92757a11d29	へへ、そんなに洗剤を持って、\n何に使う気だ？\n何、この箱と交換？まあ、いいだろう！\n	accepted	6a5078d741562bc1	Codex	full-20261006	2026-10-06	全量日文候選；未經母語者審閱；正式預算及版面另驗
ESPMES#122.369	ab146c4c5ae4d9a7	はは、交換だ！\nじゃあな、気を付けろよ！はは！	accepted	6066b688770b648e	Codex	full-20261006	2026-10-06	全量日文候選；未經母語者審閱；正式預算及版面另驗
ESPMES#122.370	9a0bb32d6bacf352	洗剤を箱と交換した！	accepted	500c12af1aee83b7	Codex	full-20261006	2026-10-06	全量日文候選；未經母語者審閱；正式預算及版面另驗
ESPMES#122.371	b22d4171e8ac0f94	‥え、交換しないのか！	accepted	85d70f695abc95d5	Codex	full-20261006	2026-10-06	全量日文候選；未經母語者審閱；正式預算及版面另驗
ESPMES#122.372	a508e89b64592457	ん、これは‥ほ、本物だ！渡してくれれば、賞金を払おう！\n	accepted	7c84c8c6741f3fe3	Codex	full-20261006	2026-10-06	全量日文候選；未經母語者審閱；正式預算及版面另驗
ESPMES#122.373	c2bf67b79946046e	おお、持っていても役に立たんだろう。私に渡せ！さもなくば容赦はせん！全員、戦闘準備！\n	accepted	615cc1b9b0b5b2f2	Codex	full-20261006	2026-10-06	全量日文候選；未經母語者審閱；正式預算及版面另驗
ESPMES#122.374	8b2f722b8e842160	‥ふん、諦めはしない！\n次は、そう簡単には逃がさん！\n	accepted	4bcfe2328fe30dfc	Codex	full-20261006	2026-10-06	全量日文候選；未經母語者審閱；正式預算及版面另驗
ESPMES#122.375	7e0510dcc025ed28	おとなしく渡せ‥。\nこの悪党ども！素直に聞かねば、痛い目に遭うぞ！\nよく考えろ！\n	accepted	058892a5160c7db9	Codex	full-20261006	2026-10-06	全量日文候選；未經母語者審閱；正式預算及版面另驗
ESPMES#122.376	ede8e8919b99acd1	はは、よかった！物分かりがいいな。これが賞金だ。\n全部で500万Ｇ。\n十分だろう！\n	accepted	1543e313f93ae098	Codex	full-20261006	2026-10-06	全量日文候選；未經母語者審閱；正式預算及版面另驗
ESPMES#122.377	c84f31e863549427	他に用がなければ、早く帰ってくれ。宝箱を見つけたなら別だが、あり得まい！\n	accepted	39ebd8759b6f9811	Codex	full-20261006	2026-10-06	全量日文候選；未經母語者審閱；正式預算及版面另驗
ESPMES#122.378	16a3a11277c6184b	何の用だ‥？研究で忙しい！\n用がなければ‥。宝箱の話なら別だが！	accepted	0ecb2833f8bc56a7	Codex	full-20261006	2026-10-06	全量日文候選；未經母語者審閱；正式預算及版面另驗
ESPMES#122.379	adee9d2b067e63d1	おお、君たちか！\n今は忙しく、相手ができない。\n用がなければ失礼する！\n	accepted	2d0d8a3abe11a655	Codex	full-20261006	2026-10-06	全量日文候選；未經母語者審閱；正式預算及版面另驗
ESPMES#122.380	69c9ba3089c2f96a	‥これは！この品々は‥これ、これは、この場所‥。うむ、よくやった！\n	accepted	19c53650e2396d08	Codex	full-20261006	2026-10-06	全量日文候選；未經母語者審閱；正式預算及版面另驗
ESPMES#122.381	ae20a91c0fa6cd77	え、宝箱を持ってきた‥古文書も？これは‥\n！！！\n	accepted	0667631495f0adb4	Codex	full-20261006	2026-10-06	全量日文候選；未經母語者審閱；正式預算及版面另驗
ESPMES#122.382	4f7eddaf39694022	‥宝箱！急いで分析しよう！カ、カメラ‥くそ、どこへ行った！\n	accepted	9a3ae1b9ac362a27	Codex	full-20261006	2026-10-06	全量日文候選；未經母語者審閱；正式預算及版面另驗
ESPMES#122.383	a2da986d9df53121	‥‥‥‥‥‥‥これは‥人の頭‥‥‥‥‥大変だ‥。	accepted	fa56906f4e00f813	Codex	full-20261006	2026-10-06	全量日文候選；未經母語者審閱；正式預算及版面另驗
ESPMES#122.384	a2da986d9df53121	‥‥‥‥‥‥‥これは‥人の頭‥‥‥‥‥大変だ‥。	accepted	fa56906f4e00f813	Codex	full-20261006	2026-10-06	全量日文候選；未經母語者審閱；正式預算及版面另驗
ESPMES#122.385	b68d06cb5f807cc9	‥‥‥‥‥‥‥これは‥人の頭‥‥‥‥‥でも違うようだ‥。	accepted	9232449631229fce	Codex	full-20261006	2026-10-06	全量日文候選；未經母語者審閱；正式預算及版面另驗
ESPMES#122.386	53e81b09f92e266d	‥‥‥‥‥‥‥人の頭？‥‥‥‥‥ええっ‥。	accepted	9c8bc01c35a4651d	Codex	full-20261006	2026-10-06	全量日文候選；未經母語者審閱；正式預算及版面另驗
ESPMES#122.387	30df10fd0c4f9f7c	‥‥‥‥‥何だ、これは人の頭？‥‥気持ち悪い‥。	accepted	e0700c8a9e66bad6	Codex	full-20261006	2026-10-06	全量日文候選；未經母語者審閱；正式預算及版面另驗
ESPMES#122.388	79baa448f6ec50cc	‥‥‥‥‥これは‥人の頭なのか‥‥うむ‥。	accepted	f14349e1486fce09	Codex	full-20261006	2026-10-06	全量日文候選；未經母語者審閱；正式預算及版面另驗
ESPMES#122.389	d11013c133336607	‥わ、分かった‥教えよう！この鍵を持っていけ。あの扉を開けろ！それは‥遺‥	accepted	826366765446dbc1	Codex	full-20261006	2026-10-06	全量日文候選；未經母語者審閱；正式預算及版面另驗
ESPMES#122.390	89d17e3c5782820b	‥この鍵を持って、古代の遺産を手に入れろ！\n	accepted	9d5330691c761037	Codex	full-20261006	2026-10-06	全量日文候選；未經母語者審閱；正式預算及版面另驗
ESPMES#122.391	89d17e3c5782820b	‥この鍵を持って、古代の遺産を手に入れろ！\n	accepted	9d5330691c761037	Codex	full-20261006	2026-10-06	全量日文候選；未經母語者審閱；正式預算及版面另驗
ESPMES#122.392	25f722976b9ed2ac	‥この鍵を持って、古代の遺産を手に入れろ！\n早く行け！\n	accepted	a9b28987bfea46c8	Codex	full-20261006	2026-10-06	全量日文候選；未經母語者審閱；正式預算及版面另驗
ESPMES#122.393	89d17e3c5782820b	‥この鍵を持って、古代の遺産を手に入れろ！\n	accepted	9d5330691c761037	Codex	full-20261006	2026-10-06	全量日文候選；未經母語者審閱；正式預算及版面另驗
ESPMES#122.394	ef1fb45fafdbafcb	‥この鍵を持って、古代の遺産を手に入れろ！\n大変なことになるぞ！\n	accepted	dbb572a655030452	Codex	full-20261006	2026-10-06	全量日文候選；未經母語者審閱；正式預算及版面另驗
ESPMES#122.395	f7cb8422a6fe1bbf	‥この鍵を持って、古代の遺産を手に入れろ！\nはは、はは！	accepted	84be479ff100868a	Codex	full-20261006	2026-10-06	全量日文候選；未經母語者審閱；正式預算及版面另驗
ESPMES#122.396	2ccd9f9de685d942	古代の鍵を手に入れた！	accepted	68dee129bed7b598	Codex	full-20261006	2026-10-06	全量日文候選；未經母語者審閱；正式預算及版面另驗
ESPMES#122.397	23d23aa3fc77a456	さて、この鍵を持って、どこへ行けばいい？あちこち探すしかない！	accepted	aa8003b42bf1b708	Codex	full-20261006	2026-10-06	全量日文候選；未經母語者審閱；正式預算及版面另驗
ESPMES#122.398	7ddd8ab51c0c5ab6	どうした、また説明が必要か？	accepted	72f71d6e2f88156c	Codex	full-20261006	2026-10-06	全量日文候選；未經母語者審閱；正式預算及版面另驗
ESPMES#122.399	6c5ae1ef0f90a959	よし、よく聞け！	accepted	c135058a50311c17	Codex	full-20261006	2026-10-06	全量日文候選；未經母語者審閱；正式預算及版面另驗
ESPMES#122.400	9b52895d4594c725	では、早く出発しなさい！	accepted	a600b5608b9d6f32	Codex	full-20261006	2026-10-06	全量日文候選；未經母語者審閱；正式預算及版面另驗
ESPMES#122.401	35ffb57f43086834	何の用かね？え、これは‥謎の箱ではないか！？	accepted	7275c61ba75c7f9f	Codex	full-20261006	2026-10-06	全量日文候選；未經母語者審閱；正式預算及版面另驗
ESPMES#122.402	de55ee3e70640750	ついに、この日が来たのか‥\nうむ、古文書に説明があるはずだ！	accepted	2ba87168eaf254f6	Codex	full-20261006	2026-10-06	全量日文候選；未經母語者審閱；正式預算及版面另驗
ESPMES#122.403	0501c98cd46c03dc	学者が古文書を開いた。	accepted	e5d9f68b147f3153	Codex	full-20261006	2026-10-06	全量日文候選；未經母語者審閱；正式預算及版面另驗
ESPMES#122.404	ad4144298662e623	‥箱について、記述があるようだ。「試験官」は４人。この４人を探し、答えを求めねばならない。	accepted	548f6a531413877d	Codex	full-20261006	2026-10-06	全量日文候選；未經母語者審閱；正式預算及版面另驗；完整字詞保持，改由既定折行器重新折行
ESPMES#122.405	2840e4c6416437c3	「東部の賢者」\n「西部の廃城の王」\n「南部の教主」\n「北部の将軍」\n	accepted	0cbbf449179bd531	Codex	full-20261006	2026-10-06	全量日文候選；未經母語者審閱；正式預算及版面另驗
ESPMES#122.406	c0b56ce928bf2897	すべて答えれば、\n手に入る。この箱は渡そう。うまくやるのだ。\n	accepted	afa566dc5245424d	Codex	full-20261006	2026-10-06	全量日文候選；未經母語者審閱；正式預算及版面另驗
ESPMES#122.407	be7c8a6c74d74537	まず、この４人を探そう。\nでは出発だ！\n	accepted	33f09700edf6258f	Codex	full-20261006	2026-10-06	全量日文候選；未經母語者審閱；正式預算及版面另驗
ESPMES#122.408	3c7b63eacafce658	‥悲しき玩具‥\n	accepted	f188706ec21ff2c2	Codex	full-20261006	2026-10-06	全量日文候選；未經母語者審閱；正式預算及版面另驗
ESPMES#122.409	18cf84415a783f18	‥もてあそべぬ玩具。その悲しき力を封じ、\nまた私を訪ねよ‥。\n	accepted	f32fd3d6534d80d5	Codex	full-20261006	2026-10-06	全量日文候選；未經母語者審閱；正式預算及版面另驗
ESPMES#122.410	1cbcee5f8244539c	‥ようやく持ってきたか。\nならば、道を示そう‥。\n	accepted	de39f231df075f1d	Codex	full-20261006	2026-10-06	全量日文候選；未經母語者審閱；正式預算及版面另驗
ESPMES#122.411	90b62c1462ebe3c0	一つ目の品を手に入れた！	accepted	e5734ce00a21fab0	Codex	full-20261006	2026-10-06	全量日文候選；未經母語者審閱；正式預算及版面另驗
ESPMES#122.412	1cbcee5f8244539c	‥ようやく持ってきたか。\nならば、道を示そう‥。\n	accepted	de39f231df075f1d	Codex	full-20261006	2026-10-06	全量日文候選；未經母語者審閱；正式預算及版面另驗
ESPMES#122.413	d70e8c92b892260c	二つ目の品を手に入れた！	accepted	e398e1b093365e85	Codex	full-20261006	2026-10-06	全量日文候選；未經母語者審閱；正式預算及版面另驗
ESPMES#122.414	d9e3498d152f6eb7	‥聖なる女神‥。\n	accepted	3f9d01135d2fc341	Codex	full-20261006	2026-10-06	全量日文候選；未經母語者審閱；正式預算及版面另驗
ESPMES#122.415	e016d946c9149eb1	‥人の心を試す、聖なる女神よ。また私を訪ねなさい‥。\n	accepted	e5960233e6b21391	Codex	full-20261006	2026-10-06	全量日文候選；未經母語者審閱；正式預算及版面另驗
ESPMES#122.416	5819619d0a754c75	‥おお、箱を手に入れたようだな。よろしい！\nある場所へ届ければ、使命は終わりだ！	accepted	2ec03e2a5a54c48e	Codex	full-20261006	2026-10-06	全量日文候選；未經母語者審閱；正式預算及版面另驗
ESPMES#122.417	5e7d0b80e010d786	何の用だ？\nもう助けられることはない‥\n	accepted	01368f402aee66ce	Codex	full-20261006	2026-10-06	全量日文候選；未經母語者審閱；正式預算及版面另驗
ESPMES#122.418	1e9156a2398ceb1d	ここは男子禁制だ‥\n決して男を連れてくるな。\n	accepted	80d9fe954b5474e7	Codex	full-20261006	2026-10-06	全量日文候選；未經母語者審閱；正式預算及版面另驗
ESPMES#122.419	1cbcee5f8244539c	‥ようやく持ってきたか。\nならば、道を示そう‥。\n	accepted	de39f231df075f1d	Codex	full-20261006	2026-10-06	全量日文候選；未經母語者審閱；正式預算及版面另驗
ESPMES#122.420	1cc2c87230ff5d0d	三つ目の品を手に入れた！	accepted	1fddb5463f715e11	Codex	full-20261006	2026-10-06	全量日文候選；未經母語者審閱；正式預算及版面另驗
ESPMES#122.421	2f1fc4375410baed	‥舞の輝きを放て‥\n	accepted	ad0cd9f8b62c5938	Codex	full-20261006	2026-10-06	全量日文候選；未經母語者審閱；正式預算及版面另驗
ESPMES#122.422	c44b181c5c7b68e0	‥踊り子の手から輝きを映し、また私を訪ねよ‥。\n	accepted	98675dc0d9bdc86d	Codex	full-20261006	2026-10-06	全量日文候選；未經母語者審閱；正式預算及版面另驗
ESPMES#122.423	99dc715153670203	ここらしい‥扉だ‥怪物が出てこないか？\n開けてみよう！\n	accepted	07e868eed1d1e035	Codex	full-20261006	2026-10-06	全量日文候選；未經母語者審閱；正式預算及版面另驗
ESPMES#122.424	3bc0e6aa4203bdc3	‥ここだな‥へへ、がらくたばかりかもしれん！	accepted	c0432edde131b4c8	Codex	full-20261006	2026-10-06	全量日文候選；未經母語者審閱；正式預算及版面另驗
ESPMES#122.425	98d816f9f6313198	やっと来た！\n開けてみよう！\n	accepted	cbb46230733291bb	Codex	full-20261006	2026-10-06	全量日文候選；未經母語者審閱；正式預算及版面另驗
ESPMES#122.426	f996f01563034e52	苦労してたどり着いた！\n早く開けてみよう！	accepted	107a3a5c3eed3d01	Codex	full-20261006	2026-10-06	全量日文候選；未經母語者審閱；正式預算及版面另驗
ESPMES#122.427	b80c9003f3e9ba41	‥‥‥‥‥開けるぞ‥。\n	accepted	12f6259b6604a1a5	Codex	full-20261006	2026-10-06	全量日文候選；未經母語者審閱；正式預算及版面另驗
ESPMES#122.428	5443d277680fd22b	この洞窟だ！\n開けるぞ！\n	accepted	c11b69abfd5d2530	Codex	full-20261006	2026-10-06	全量日文候選；未經母語者審閱；正式預算及版面另驗
ESPMES#122.429	e086c1e30310b5ea	何だ、これは！洞窟に、こんな見事な扉があるとは。だが鍵がなければ？\n	accepted	b80849df31b0308d	Codex	full-20261006	2026-10-06	全量日文候選；未經母語者審閱；正式預算及版面另驗
ESPMES#122.430	ba5690658cb7ace8	何だ、この扉め！鍵なしでは開かない。\n	accepted	abce71c6725c16ad	Codex	full-20261006	2026-10-06	全量日文候選；未經母語者審閱；正式預算及版面另驗
ESPMES#122.431	72c51b27d280c72e	洞窟に閉じた扉が‥？\n鍵なしでは開かないようだ。\n	accepted	ced96c96002b6557	Codex	full-20261006	2026-10-06	全量日文候選；未經母語者審閱；正式預算及版面另驗
ESPMES#122.432	ffe800ee5733d26d	なぜ、こんな所に扉が！\n駄目だ、鍵が要る！くそっ！\n	accepted	d07e0bc4312c9907	Codex	full-20261006	2026-10-06	全量日文候選；未經母語者審閱；正式預算及版面另驗
ESPMES#122.433	e815b0082eacc31a	何だ、この扉は！\nどんな鍵で開く？\nどうすればいい！\n	accepted	b9e9a790c5acaa5f	Codex	full-20261006	2026-10-06	全量日文候選；未經母語者審閱；正式預算及版面另驗
ESPMES#122.434	8402744d0c89a9f1	扉に鍵が掛かっている‥\n鍵なしでは開かない。	accepted	8d3765aeabb59cca	Codex	full-20261006	2026-10-06	全量日文候選；未經母語者審閱；正式預算及版面另驗
ESPMES#122.435	eee15c12671789a7	‥‥‥驚いた‥これは‥いくらあるんだ‥。へへへへ！大儲けだ！	accepted	066005a1f4c9fa17	Codex	full-20261006	2026-10-06	全量日文候選；未經母語者審閱；正式預算及版面另驗
ESPMES#122.436	eee15c12671789a7	‥‥‥驚いた‥これは‥いくらあるんだ‥。へへへへ！大儲けだ！	accepted	066005a1f4c9fa17	Codex	full-20261006	2026-10-06	全量日文候選；未經母語者審閱；正式預算及版面另驗
ESPMES#122.437	bcd2d0d8bff891d4	‥‥‥わあ、これは‥見たこともない‥。俺は大金持ちだ！ははは！	accepted	35144c26cb65b66c	Codex	full-20261006	2026-10-06	全量日文候選；未經母語者審閱；正式預算及版面另驗
ESPMES#122.438	eee15c12671789a7	‥‥‥驚いた‥これは‥いくらあるんだ‥。へへへへ！大儲けだ！	accepted	066005a1f4c9fa17	Codex	full-20261006	2026-10-06	全量日文候選；未經母語者審閱；正式預算及版面另驗
ESPMES#122.439	bccec7c3e61d2d5a	‥‥‥何だ、これは‥いくらあるんだ‥。はははは！俺は大儲けだ！	accepted	86359047852f2f39	Codex	full-20261006	2026-10-06	全量日文候選；未經母語者審閱；正式預算及版面另驗
ESPMES#122.440	ec9fd69fab69251f	‥‥‥すごい、すごい！数え切れない‥。はははは！大儲けだ！	accepted	07df815e7d22b8c0	Codex	full-20261006	2026-10-06	全量日文候選；未經母語者審閱；正式預算及版面另驗
ESPMES#122.441	aff2e7e6d8fcdc7e	1000万Ｇを発見した！！！	accepted	3d81bfed0d9e9ff7	Codex	full-20261006	2026-10-06	全量日文候選；未經母語者審閱；正式預算及版面另驗
ESPMES#122.442	687188194f5d4678	他には何もなかった。	accepted	53cfc9506ccdcce5	Codex	full-20261006	2026-10-06	全量日文候選；未經母語者審閱；正式預算及版面另驗
ESPMES#122.443	687188194f5d4678	他には何もなかった。	accepted	53cfc9506ccdcce5	Codex	full-20261006	2026-10-06	全量日文候選；未經母語者審閱；正式預算及版面另驗
ESPMES#122.444	687188194f5d4678	他には何もなかった。	accepted	53cfc9506ccdcce5	Codex	full-20261006	2026-10-06	全量日文候選；未經母語者審閱；正式預算及版面另驗
ESPMES#122.445	687188194f5d4678	他には何もなかった。	accepted	53cfc9506ccdcce5	Codex	full-20261006	2026-10-06	全量日文候選；未經母語者審閱；正式預算及版面另驗
ESPMES#122.446	687188194f5d4678	他には何もなかった。	accepted	53cfc9506ccdcce5	Codex	full-20261006	2026-10-06	全量日文候選；未經母語者審閱；正式預算及版面另驗
ESPMES#122.447	687188194f5d4678	他には何もなかった。	accepted	53cfc9506ccdcce5	Codex	full-20261006	2026-10-06	全量日文候選；未經母語者審閱；正式預算及版面另驗
ESPMES#123.0	0233a920b158d9a8	ディナンド？！\n	accepted	b49ebfdefbdc7716	Codex	full-20261006	2026-10-06	全量日文候選；未經母語者審閱；正式預算及版面另驗
ESPMES#123.1	2fe946e0f70699ca	やっと来たか‥\nまだ間に合うだろうか？\nそれとも諦めるのか‥	accepted	93db946883039999	Codex	full-20261006	2026-10-06	全量日文候選；未經母語者審閱；正式預算及版面另驗
ESPMES#123.2	099b7c580458161d	冗談じゃない！俺も君たちと同じで借金だらけだ。金の話なら頼らないでくれ。	accepted	45d30bc306421e0f	Codex	full-20261006	2026-10-06	全量日文候選；未經母語者審閱；正式預算及版面另驗
ESPMES#123.3	d88186833c6c0139	本当に大事な用なのか‥\n	accepted	b80e206f831003a5	Codex	full-20261006	2026-10-06	全量日文候選；未經母語者審閱；正式預算及版面另驗
ESPMES#123.4	0e75d02174ffb89f	バイアランスのために‥\n戦うだって！？	accepted	5e5165b01e8b55ce	Codex	full-20261006	2026-10-06	全量日文候選；未經母語者審閱；正式預算及版面另驗
ESPMES#123.5	bb1993a9ad2197c8	なぜだ？	accepted	416e40dcad24127a	Codex	full-20261006	2026-10-06	全量日文候選；未經母語者審閱；正式預算及版面另驗
ESPMES#123.6	e4e70c5a722d3db1	それが悪いか？\n大陸を少し歩けば、分かる！	accepted	ab9a5b85c6513fde	Codex	full-20261006	2026-10-06	全量日文候選；未經母語者審閱；正式預算及版面另驗
ESPMES#123.7	8e505e6a79b6a6b3	任せてくれ！\n詳しい話は誰に聞けばいい？	accepted	f858f33754f05519	Codex	full-20261006	2026-10-06	全量日文候選；未經母語者審閱；正式預算及版面另驗
ESPMES#123.8	65a490869a4ad65e	バナンリス参謀を訪ねてください。\n	accepted	be57b3fe45134208	Codex	full-20261006	2026-10-06	全量日文候選；未經母語者審閱；正式預算及版面另驗
ESPMES#123.9	219fb5c8f8a012d0	分かった、会いに行こう！	accepted	c9c94620f606d058	Codex	full-20261006	2026-10-06	全量日文候選；未經母語者審閱；正式預算及版面另驗
ESPMES#123.10	9af97143786d388b	ディナンドは、私の仲間なの？	accepted	2ec17fc1365f44f8	Codex	full-20261006	2026-10-06	全量日文候選；未經母語者審閱；正式預算及版面另驗
ESPMES#123.11	0c8c997e35158d2d	少しお待ちください‥	accepted	fc739be709283d3b	Codex	full-20261006	2026-10-06	全量日文候選；未經母語者審閱；正式預算及版面另驗
ESPMES#123.12	9766a250d2f4902f	バイアランスを救ってください！	accepted	75a90cc6e1f4b192	Codex	full-20261006	2026-10-06	全量日文候選；未經母語者審閱；正式預算及版面另驗
ESPMES#123.13	4378bdca826a3622	ディナンド‥\n私、決めたわ‥	accepted	acb1567f7e072009	Codex	full-20261006	2026-10-06	全量日文候選；未經母語者審閱；正式預算及版面另驗
ESPMES#123.14	5b96f52690218df5	この国のために戦った恩人に報いる方法は、一つだけ。\n	accepted	3005bb799282c488	Codex	full-20261006	2026-10-06	全量日文候選；未經母語者審閱；正式預算及版面另驗
ESPMES#123.15	b7b3d91fb26a1bbe	あなたたちと一緒に旅に出るわ。\n	accepted	cdb61815fd000552	Codex	full-20261006	2026-10-06	全量日文候選；未經母語者審閱；正式預算及版面另驗
ESPMES#123.16	2539ee26a843961c	え？！困った‥\n	accepted	bc534e742a63c586	Codex	full-20261006	2026-10-06	全量日文候選；未經母語者審閱；正式預算及版面另驗
ESPMES#123.17	50bb21666e4c6bdd	迷惑なの‥？	accepted	94bc9d633c1777d1	Codex	full-20261006	2026-10-06	全量日文候選；未經母語者審閱；正式預算及版面另驗
ESPMES#123.18	62fe9f3dd4ad16e2	そういう意味じゃ‥\nただ、俺たちは‥	accepted	6c7240e6610a1cb6	Codex	full-20261006	2026-10-06	全量日文候選；未經母語者審閱；正式預算及版面另驗
ESPMES#123.19	67eb5552a15ed7d6	駄目なの？\n姫を守らないと、\n王様が怒るわよ？	accepted	4ab8723a6c542d0e	Codex	full-20261006	2026-10-06	全量日文候選；未經母語者審閱；正式預算及版面另驗
ESPMES#123.20	c6076d1b2fac7fc2	何をぐずぐずしてるの！\n早く決めてと言ったでしょう？	accepted	42c88999822776b9	Codex	full-20261006	2026-10-06	全量日文候選；未經母語者審閱；正式預算及版面另驗
ESPMES#123.21	f4189555acd41ff0	‥あなたたちだけなの‥	accepted	145e2404fe1b729c	Codex	full-20261006	2026-10-06	全量日文候選；未經母語者審閱；正式預算及版面另驗
ESPMES#123.22	44177c80d50364ca	事情はすべて話したでしょう。\n気は変えないわ。	accepted	e77bf899b0c57955	Codex	full-20261006	2026-10-06	全量日文候選；未經母語者審閱；正式預算及版面另驗
ESPMES#123.23	e2f77a363d762dc4	仕方ない！\n連れていこう！	accepted	3f3895870413ffc2	Codex	full-20261006	2026-10-06	全量日文候選；未經母語者審閱；正式預算及版面另驗
ESPMES#123.24	83bf204ea5372162	わあ、ありがとう！\n一緒に旅ができる‥\nうれしい！	accepted	b1f23acad63e775c	Codex	full-20261006	2026-10-06	全量日文候選；未經母語者審閱；正式預算及版面另驗
ESPMES#123.25	ffd91a1d1c02a548	‥一緒に連れていってくれないの‥	accepted	52126440f92c68b6	Codex	full-20261006	2026-10-06	全量日文候選；未經母語者審閱；正式預算及版面另驗
ESPMES#123.26	db0068cfa520706a	そんなつもりではなかった。	accepted	4ab91b149276be52	Codex	full-20261006	2026-10-06	全量日文候選；未經母語者審閱；正式預算及版面另驗
ESPMES#123.27	aa8a1e1eba901c2f	姫‥これからは、ご自分を大切に‥	accepted	4fb6839cd3cf56c7	Codex	full-20261006	2026-10-06	全量日文候選；未經母語者審閱；正式預算及版面另驗
ESPMES#123.28	576f31886486c64e	報酬を忘れるなよ！\n約束の100万Ｇだ。	accepted	2e437c50dfd05a90	Codex	full-20261006	2026-10-06	全量日文候選；未經母語者審閱；正式預算及版面另驗
ESPMES#123.29	bc46375e75d95136	ありがとう！\n機会があれば、必ずまた来てね！	accepted	33b679bffbbdb022	Codex	full-20261006	2026-10-06	全量日文候選；未經母語者審閱；正式預算及版面另驗
ESPMES#123.30	23e59013cb012b5f	お元気で！\n	accepted	f763c563e314bedb	Codex	full-20261006	2026-10-06	全量日文候選；未經母語者審閱；正式預算及版面另驗
ESPMES#123.31	aef5322d78ebbc54	お元気で！	accepted	01200bbe61c7dc30	Codex	full-20261006	2026-10-06	全量日文候選；未經母語者審閱；正式預算及版面另驗
ESPMES#123.32	bf3476b1c0ea1f91	ディナンドか？\n少し待ってくれ‥	accepted	73ab932c9be8aa62	Codex	full-20261006	2026-10-06	全量日文候選；未經母語者審閱；正式預算及版面另驗
ESPMES#123.33	7384b85815a9b409	はは、やっと来たな‥\n噂は聞いたぞ。\n大きな借金を抱えているとか？	accepted	b4ac467e95080e58	Codex	full-20261006	2026-10-06	全量日文候選；未經母語者審閱；正式預算及版面另驗
ESPMES#123.34	5fa977108904668f	知っているなら、俺たちが\n金を必要としているのも分かるな。	accepted	7c7007922120675a	Codex	full-20261006	2026-10-06	全量日文候選；未經母語者審閱；正式預算及版面另驗
ESPMES#123.35	3cee2da7e8ebb05b	うむ、腕はある‥\n仕事を頼めそうだな‥\nジェシーは相変わらずか？	accepted	6d69380a0b11438b	Codex	full-20261006	2026-10-06	全量日文候選；未經母語者審閱；正式預算及版面另驗
ESPMES#123.36	111b0839e9a7dcbd	俺は相変わらず、あちこち走ってる。\nその日暮らしさ！	accepted	93951b599da882bb	Codex	full-20261006	2026-10-06	全量日文候選；未經母語者審閱；正式預算及版面另驗
ESPMES#123.37	5f1a2a6b669ec732	士官学校の頃と変わらんな。	accepted	d9b2e47cc457931f	Codex	full-20261006	2026-10-06	全量日文候選；未經母語者審閱；正式預算及版面另驗
ESPMES#123.38	c57bfe1765d222c6	‥うむ、話は後にしよう。\nバイアランスをどれほど知っている？	accepted	5828c76a53c67b50	Codex	full-20261006	2026-10-06	全量日文候選；未經母語者審閱；正式預算及版面另驗
ESPMES#123.39	f0ad4ee8cfe8b763	レズニアクが背後から攻め、\n危機が迫っている‥	accepted	1a0195e6e91d52b7	Codex	full-20261006	2026-10-06	全量日文候選；未經母語者審閱；正式預算及版面另驗
ESPMES#123.40	a2eb921361320836	２か月前、レズニアク軍が和平条約を破り、侵入した。\n区別なく、すべてを攻撃した。	accepted	3df55ab358f6bb6b	Codex	full-20261006	2026-10-06	全量日文候選；未經母語者審閱；正式預算及版面另驗
ESPMES#123.41	82394b8688866c60	なぜ、そんなことを‥理解できない。\nレズニアク女王の狙いは何だ？	accepted	fc7a19bb606437f7	Codex	full-20261006	2026-10-06	全量日文候選；未經母語者審閱；正式預算及版面另驗
ESPMES#123.42	6b57ec3930cac75a	内部で‥何か起きたのか？	accepted	978e201d5415edef	Codex	full-20261006	2026-10-06	全量日文候選；未經母語者審閱；正式預算及版面另驗
ESPMES#123.43	e919a51f59623cea	長く友好を保ってきたのに、あまりにひどくないか！バイアランス王も、この件で悩んでいる。	accepted	5c90b490ce1d240e	Codex	full-20261006	2026-10-06	全量日文候選；未經母語者審閱；正式預算及版面另驗
ESPMES#123.44	4db66209bdde9c0d	レズニアク軍には、親族も多いだろう！	accepted	67dc9625b886a385	Codex	full-20261006	2026-10-06	全量日文候選；未經母語者審閱；正式預算及版面另驗
ESPMES#123.45	4c446c8c54bb5be8	我が王は正面衝突を避けたい‥だが、事態は深刻だ‥	accepted	bcaa891a223322f5	Codex	full-20261006	2026-10-06	全量日文候選；未經母語者審閱；正式預算及版面另驗
ESPMES#123.46	86537627e4d1c15f	だから俺たちを呼んだんだな。\nよし！\nレズニアクの問題は任せろ！	accepted	882b555edae45941	Codex	full-20261006	2026-10-06	全量日文候選；未經母語者審閱；正式預算及版面另驗
ESPMES#123.47	3b0d030ea6a05e80	頼んだぞ！\n敵前逃亡はするなよ！必ずこの戦争を収めてくれ！	accepted	6bdee8f44e28ee5c	Codex	full-20261006	2026-10-06	全量日文候選；未經母語者審閱；正式預算及版面另驗
ESPMES#123.48	9d08f3bccedb097f	うむ、\nまず、やることは‥	accepted	e17ff4ff7dc18aba	Codex	full-20261006	2026-10-06	全量日文候選；未經母語者審閱；正式預算及版面另驗
ESPMES#123.49	e017ab4d0728ebcc	リファレ町と\nバルサガン要塞を奪還せよ。\n二つの作戦の報酬は10万Ｇだ。	accepted	1950ffb2967c7c51	Codex	full-20261006	2026-10-06	全量日文候選；未經母語者審閱；正式預算及版面另驗
ESPMES#123.50	a9e5791f248c7870	この条件で引き受けるか？	accepted	c2d80145d16e2d89	Codex	full-20261006	2026-10-06	全量日文候選；未經母語者審閱；正式預算及版面另驗
ESPMES#123.51	cf7617c7cc1dab4f	では、頼んだ！\nこちらも防衛の準備を進める！	accepted	3a5d45b8ea396423	Codex	full-20261006	2026-10-06	全量日文候選；未經母語者審閱；正式預算及版面另驗
ESPMES#123.52	8e819fffda6a5195	では、すべて\n君たちに任せる。	accepted	a43d1a81e57b3647	Codex	full-20261006	2026-10-06	全量日文候選；未經母語者審閱；正式預算及版面另驗
ESPMES#123.53	4447f8910113d285	なぜ断るんだ？\n俺たちは友人だろう？	accepted	c778a8054f9bf463	Codex	full-20261006	2026-10-06	全量日文候選；未經母語者審閱；正式預算及版面另驗
ESPMES#123.54	463550dd80224afc	早く前線を維持せねば！	accepted	ddfd7c156cbb4e99	Codex	full-20261006	2026-10-06	全量日文候選；未經母語者審閱；正式預算及版面另驗
ESPMES#123.55	fd66ed2d62118fa8	リダム要塞まで落ちれば、バイアランスを守るのは難しい‥	accepted	86b6bae28128922e	Codex	full-20261006	2026-10-06	全量日文候選；未經母語者審閱；正式預算及版面另驗
ESPMES#123.56	c5549240200a12cf	リファレ町を奪還できれば‥\n北部に補給支援ができる。	accepted	fe17c8910bce0e54	Codex	full-20261006	2026-10-06	全量日文候選；未經母語者審閱；正式預算及版面另驗
ESPMES#123.57	abce87cf682a203c	早くリファレ町を奪還せよ！	accepted	1285ce9a45cdd623	Codex	full-20261006	2026-10-06	全量日文候選；未經母語者審閱；正式預算及版面另驗
ESPMES#123.58	65d1ae6c80cf68db	バルサガン要塞を奪還しないと、南部での行動が制限される。	accepted	840fa00671df4366	Codex	full-20261006	2026-10-06	全量日文候選；未經母語者審閱；正式預算及版面另驗
ESPMES#123.59	afaf54692f783063	南部は危機にある。この戦いは厳しいぞ。急いで対策を考えろ！	accepted	e55e4113522f11c6	Codex	full-20261006	2026-10-06	全量日文候選；未經母語者審閱；正式預算及版面另驗
ESPMES#123.60	29878a457c0e7688	さすがディナンド傭兵団だ！\n	accepted	0629bd59adcb5030	Codex	full-20261006	2026-10-06	全量日文候選；未經母語者審閱；正式預算及版面另驗
ESPMES#123.61	75ef4a7dc9fb9187	戦争がようやく終わった‥\n	accepted	2c1ffa5dc3e24741	Codex	full-20261006	2026-10-06	全量日文候選；未經母語者審閱；正式預算及版面另驗
ESPMES#123.62	d3b2abf8d3a089da	勇敢な戦いぶりは見事だった。フィルミア姫が会いたがっている。\n	accepted	f65c820bf6c283e0	Codex	full-20261006	2026-10-06	全量日文候選；未經母語者審閱；正式預算及版面另驗
ESPMES#123.63	1b62783b0c687793	まだ戦後処理が残っている。	accepted	e6e6e8d5db9a1479	Codex	full-20261006	2026-10-06	全量日文候選；未經母語者審閱；正式預算及版面另驗
ESPMES#123.64	c5e5edbf30574a33	懐かしいな！\n借金は返したか？	accepted	df6f6162ebd821db	Codex	full-20261006	2026-10-06	全量日文候選；未經母語者審閱；正式預算及版面另驗
ESPMES#123.65	e18a20c2f48305d1	バイアランス城を奪還した！	accepted	96cde3aeeffd22eb	Codex	full-20261006	2026-10-06	全量日文候選；未經母語者審閱；正式預算及版面另驗
ESPMES#123.66	b9b29e67b072c4ab	リファレ町を奪還した！	accepted	1e2edeb2940bbe58	Codex	full-20261006	2026-10-06	全量日文候選；未經母語者審閱；正式預算及版面另驗
ESPMES#123.67	4d7cd522ad61a917	レアリ市を攻略した！	accepted	2e6ab244302cbdbc	Codex	full-20261006	2026-10-06	全量日文候選；未經母語者審閱；正式預算及版面另驗
ESPMES#123.68	9a1cdf33960df109	バルサガン要塞を奪還した！	accepted	7c4ff374523cb3dd	Codex	full-20261006	2026-10-06	全量日文候選；未經母語者審閱；正式預算及版面另驗
ESPMES#123.69	a77af502f7b0db53	キストム要塞を攻略した！	accepted	63ed93acfd3aa4cf	Codex	full-20261006	2026-10-06	全量日文候選；未經母語者審閱；正式預算及版面另驗
ESPMES#123.70	c9bd7ffaa7df8247	レズニアク城を攻略した！	accepted	0e29f3450909ee8d	Codex	full-20261006	2026-10-06	全量日文候選；未經母語者審閱；正式預算及版面另驗
ESPMES#123.71	f98b25c4c4c12615	ラル・ブラキア市を攻略した！	accepted	df6e77416534e52f	Codex	full-20261006	2026-10-06	全量日文候選；未經母語者審閱；正式預算及版面另驗
ESPMES#123.72	2d435161ab7a0e42	ブラキア城を攻略した！	accepted	a7dd10d3f0a607fa	Codex	full-20261006	2026-10-06	全量日文候選；未經母語者審閱；正式預算及版面另驗
ESPMES#123.73	ddfc08f2792866dc	来たか！	accepted	36fa44844b4efef8	Codex	full-20261006	2026-10-06	全量日文候選；未經母語者審閱；正式預算及版面另驗
ESPMES#123.74	9f7d9e1e8c9fde82	情報士官の報告では、ブラキア国境付近に不穏な動きがあるようだ。	accepted	8769025214b7b24e	Codex	full-20261006	2026-10-06	全量日文候選；未經母語者審閱；正式預算及版面另驗
ESPMES#123.75	2b17dcfd09f282fc	ブラキアの陸軍は精鋭だという。\n軍備も十分に整っている。	accepted	8a56e57b2b83af61	Codex	full-20261006	2026-10-06	全量日文候選；未經母語者審閱；正式預算及版面另驗
ESPMES#123.76	197dab9d2c79a6b2	そこで王は、先に攻撃するつもりだ。\n	accepted	24bf2cac81dad32e	Codex	full-20261006	2026-10-06	全量日文候選；未經母語者審閱；正式預算及版面另驗
ESPMES#123.77	d81f31ef9c93ef9c	奇襲に成功すれば勝てる。失敗すれば、苦戦は免れない！	accepted	01cff9ff19540883	Codex	full-20261006	2026-10-06	全量日文候選；未經母語者審閱；正式預算及版面另驗
ESPMES#123.78	ef520a0b35a9bfdc	これが君たちの任務だ。成功すれば100万Ｇを払う。\n難しい任務だが、やってみるか？	accepted	e7cef7c8ba51361c	Codex	full-20261006	2026-10-06	全量日文候選；未經母語者審閱；正式預算及版面另驗
ESPMES#123.79	46db3aa9358551c4	ありがとう！\nではブラキア城で会おう！	accepted	c7cd7277906d3ee1	Codex	full-20261006	2026-10-06	全量日文候選；未經母語者審閱；正式預算及版面另驗
ESPMES#123.80	5bc800798192d1f3	では！	accepted	e0f02f248731de5e	Codex	full-20261006	2026-10-06	全量日文候選；未經母語者審閱；正式預算及版面另驗
ESPMES#123.81	0e51bbd35c7c0ec1	頼むよ‥\nバイアランスの兵では、この任務は果たせない‥	accepted	897c8554063cb84d	Codex	full-20261006	2026-10-06	全量日文候選；未經母語者審閱；正式預算及版面另驗
ESPMES#123.82	b7d265d754f053f0	レイ・レズニアクが、ブラキア城に捕らわれているという‥\n時間がない‥	accepted	984a8b481b84ea63	Codex	full-20261006	2026-10-06	全量日文候選；未經母語者審閱；正式預算及版面另驗
ESPMES#123.83	fa12cc905b09a66e	ようやくリファレ町へ戻った。これから、本当の作戦が始まる‥	accepted	4de4cdf3e53ee7de	Codex	full-20261006	2026-10-06	全量日文候選；未經母語者審閱；正式預算及版面另驗
ESPMES#123.84	76d471dab5ede7a1	部下の報告によれば‥	accepted	6c17ea20954ddb90	Codex	full-20261006	2026-10-06	全量日文候選；未經母語者審閱；正式預算及版面另驗
ESPMES#123.85	9064983baaae714b	リファレ町の北にティア要塞がある。レズニアク軍の大半が、ここに集結している。	accepted	559ca7faaeb9ee60	Codex	full-20261006	2026-10-06	全量日文候選；未經母語者審閱；正式預算及版面另驗
ESPMES#123.86	be56fb1357003525	レズニアク軍を回復させてはならない。\n攻撃を続ける必要がある！	accepted	75889d4c6b3a7634	Codex	full-20261006	2026-10-06	全量日文候選；未經母語者審閱；正式預算及版面另驗
ESPMES#123.87	0edacccee5e5c864	どうだ、手伝ってくれるか？\n報酬は30万Ｇだ‥	accepted	c62ffa34a0eb776a	Codex	full-20261006	2026-10-06	全量日文候選；未經母語者審閱；正式預算及版面另驗
ESPMES#123.88	a793d51e210d9dbc	攻撃目標はティア要塞。	accepted	a72400c04481f645	Codex	full-20261006	2026-10-06	全量日文候選；未經母語者審閱；正式預算及版面另驗
ESPMES#123.89	637a4159cc823910	‥時間がない！\n我が軍も急いで準備せねば！\n	accepted	7a6d2d8a8ffcca4c	Codex	full-20261006	2026-10-06	全量日文候選；未經母語者審閱；正式預算及版面另驗
ESPMES#123.90	80c39611378c2752	私の顔を立ててくれないか？\n	accepted	5c4cac05ac846723	Codex	full-20261006	2026-10-06	全量日文候選；未經母語者審閱；正式預算及版面另驗
ESPMES#123.91	62f78c00e25c698c	ティア要塞の敵を壊滅させよ！	accepted	5cacbafb95a5270f	Codex	full-20261006	2026-10-06	全量日文候選；未經母語者審閱；正式預算及版面另驗
ESPMES#123.92	32975160a679a134	停戦交渉が決裂したとの知らせだ！	accepted	179c7b6d101071e2	Codex	full-20261006	2026-10-06	全量日文候選；未經母語者審閱；正式預算及版面另驗
ESPMES#123.93	bfaee902fa9d0913	なぜ女王は、まだ戦いを続ける‥	accepted	c7d9480aa51c50fb	Codex	full-20261006	2026-10-06	全量日文候選；未經母語者審閱；正式預算及版面另驗
ESPMES#123.94	a2806da9560f0b9f	バイアランス王家は、戦争など起きないと思っていた。判断を誤ったようだ。	accepted	69eae71cfeb6c341	Codex	full-20261006	2026-10-06	全量日文候選；未經母語者審閱；正式預算及版面另驗
ESPMES#123.95	f375298b82d61b84	国土を荒らさぬよう、長い持久戦は避けねばならない。	accepted	13d47d28075fb1fd	Codex	full-20261006	2026-10-06	全量日文候選；未經母語者審閱；正式預算及版面另驗
ESPMES#123.96	28b9dc3a7d60f6ff	電撃的に攻め込み、レズニアク女王を諦めさせろ！	accepted	1add7d5ead4b4ec9	Codex	full-20261006	2026-10-06	全量日文候選；未經母語者審閱；正式預算及版面另驗
ESPMES#123.97	4760524a608e906a	もちろんバイアランス軍も加わる。	accepted	9f8a16d4288ce68d	Codex	full-20261006	2026-10-06	全量日文候選；未經母語者審閱；正式預算及版面另驗
ESPMES#123.98	3333eb8bbe9ae88e	君たちも、この作戦に加わってくれ！	accepted	59edde4972b3a27c	Codex	full-20261006	2026-10-06	全量日文候選；未經母語者審閱；正式預算及版面另驗
ESPMES#123.99	2a42a4ceac5494a1	どうだ、レズニアク城を\n攻めてみないか？\n報酬は60万Ｇだ！	accepted	c0d440258d9375cb	Codex	full-20261006	2026-10-06	全量日文候選；未經母語者審閱；正式預算及版面另驗
ESPMES#123.100	9936bc174f589167	どうだ、引き受けてくれれば最高だ！	accepted	520939cc1e149ab3	Codex	full-20261006	2026-10-06	全量日文候選；未經母語者審閱；正式預算及版面另驗
ESPMES#123.101	54faa54d6fadfa72	レズニアク城はここだ。\n	accepted	e8e61b3476ca05d3	Codex	full-20261006	2026-10-06	全量日文候選；未經母語者審閱；正式預算及版面另驗
ESPMES#123.102	ea103986b4bc497d	まず北へ、ラディス街道の東だ。どこから攻めるかは、判断が難しい‥	accepted	c168ae898eb73f90	Codex	full-20261006	2026-10-06	全量日文候選；未經母語者審閱；正式預算及版面另驗
ESPMES#123.103	fe20496ac4cde863	できる限り力を尽くす！\nだが、今回は助けてくれ。	accepted	0ce866650cc42aaa	Codex	full-20261006	2026-10-06	全量日文候選；未經母語者審閱；正式預算及版面另驗
ESPMES#123.104	a00f2c744a8229fc	女王が気を変えぬなら‥戦いを続けるしかない‥	accepted	5eb131e49717a910	Codex	full-20261006	2026-10-06	全量日文候選；未經母語者審閱；正式預算及版面另驗
ESPMES#123.105	622fcf8e80287806	‥ようやく来たか。\nなぜ戦争を始めたのだ‥	accepted	46c7788695799c85	Codex	full-20261006	2026-10-06	全量日文候選；未經母語者審閱；正式預算及版面另驗
ESPMES#123.106	9624abf986a34e61	私から話そう！	accepted	b45d493c10084415	Codex	full-20261006	2026-10-06	全量日文候選；未經母語者審閱；正式預算及版面另驗
ESPMES#123.107	6173339bd4e475e0	‥バイアランスの皆に、心から謝る‥だが、すべては娘のレイ・レズニアクのためだった。	accepted	233a678839be4388	Codex	full-20261006	2026-10-06	全量日文候選；未經母語者審閱；正式預算及版面另驗
ESPMES#123.108	a09d9867e6dcf838	２か月ほど前‥娘が突然、姿を消した‥\nたった一人の娘で、我が国の後継者なのだ。	accepted	5206504f9740ff90	Codex	full-20261006	2026-10-06	全量日文候選；未經母語者審閱；正式預算及版面另驗
ESPMES#123.109	98bf7b4d8667d5e3	その時、ブラキアの使者が来た。\nレイの手紙を持っていた。	accepted	946a78d2f9f8f059	Codex	full-20261006	2026-10-06	全量日文候選；未經母語者審閱；正式預算及版面另驗
ESPMES#123.110	3c62f4ba6afa891c	レイは無事だ‥ブラキア城で、手厚くもてなしている。姫を返してほしければ、条件は一つ。	accepted	8097c22545779a56	Codex	full-20261006	2026-10-06	全量日文候選；未經母語者審閱；正式預算及版面另驗
ESPMES#123.111	3cc6190d6d7625e8	バイアランスに宣戦せよ‥\n我々を裏切るな‥	accepted	3feb1e3663962c75	Codex	full-20261006	2026-10-06	全量日文候選；未經母語者審閱；正式預算及版面另驗
ESPMES#123.112	2b89610ab95c580b	そういうことだったか。\n今頃ブラキアは、バイアランス侵攻の準備を済ませているだろう！	accepted	b91c9e8eb06905f6	Codex	full-20261006	2026-10-06	全量日文候選；未經母語者審閱；正式預算及版面另驗
ESPMES#123.113	17b3600f4eb4e9d9	急いでバイアランスのバルサガン要塞へ戻り、\n作戦方針を決めねば。	accepted	d53d9c43799a7403	Codex	full-20261006	2026-10-06	全量日文候選；未經母語者審閱；正式預算及版面另驗
ESPMES#123.114	65e424e78428da87	そうだ、報酬を渡そう。\n60万Ｇだ、受け取ってくれ‥	accepted	c2b338da9daad5cd	Codex	full-20261006	2026-10-06	全量日文候選；未經母語者審閱；正式預算及版面另驗
ESPMES#123.115	1f80586936c4e130	ここで別れよう。\n	accepted	9453ec72f6af690f	Codex	full-20261006	2026-10-06	全量日文候選；未經母語者審閱；正式預算及版面另驗
ESPMES#123.116	f787606f0de7540a	‥一つお願いがある‥	accepted	80cf5599671a49a1	Codex	full-20261006	2026-10-06	全量日文候選；未經母語者審閱；正式預算及版面另驗
ESPMES#123.117	fdea96ac390b0437	バイアランスをこんな姿にしたのは、すべて私の過ちだ！	accepted	ad8804f7305ceb0d	Codex	full-20261006	2026-10-06	全量日文候選；未經母語者審閱；正式預算及版面另驗
ESPMES#123.118	c93c51bd34374935	私は‥一つ頼みたい！	accepted	2551d31f0d2eed10	Codex	full-20261006	2026-10-06	全量日文候選；未經母語者審閱；正式預算及版面另驗
ESPMES#123.119	e1788a9bc1fa1621	助けてほしい‥\nバイアランスを！\n報酬は払う。\nこの50万Ｇを受け取ってくれ‥	accepted	61125b8b995eca7e	Codex	full-20261006	2026-10-06	全量日文候選；未經母語者審閱；正式預算及版面另驗
ESPMES#123.120	50eccf967b63222f	‥すべて頼んだ‥	accepted	308308f41918b35b	Codex	full-20261006	2026-10-06	全量日文候選；未經母語者審閱；正式預算及版面另驗
ESPMES#123.121	6dc7a43f5e9d5443	本当に申し訳ない‥\n	accepted	d20022c0b716b479	Codex	full-20261006	2026-10-06	全量日文候選；未經母語者審閱；正式預算及版面另驗
ESPMES#123.122	77289f41d298650b	バイアランスの皆に、伝えてくれ‥	accepted	e4206a0c5ddd8dac	Codex	full-20261006	2026-10-06	全量日文候選；未經母語者審閱；正式預算及版面另驗
ESPMES#123.123	04c53b6e8a73aeeb	レイのためとはいえ‥何と言えばよいのか‥	accepted	11a44fdc586031eb	Codex	full-20261006	2026-10-06	全量日文候選；未經母語者審閱；正式預算及版面另驗
ESPMES#123.124	5874d2e86b97c443	よければ、城に数日滞在してくれ‥	accepted	413665eea69b0da4	Codex	full-20261006	2026-10-06	全量日文候選；未經母語者審閱；正式預算及版面另驗
ESPMES#123.125	70a25432f23b9c7d	部隊が回復した！	accepted	dffb6520f58a3177	Codex	full-20261006	2026-10-06	全量日文候選；未經母語者審閱；正式預算及版面另驗
ESPMES#123.126	71fab6def7e33c57	本当にありがとう‥	accepted	d751c7cf996ed8f6	Codex	full-20261006	2026-10-06	全量日文候選；未經母語者審閱；正式預算及版面另驗
ESPMES#123.127	7d65fae6bbfdc406	もう少し奥へ進める‥	accepted	4e1fd959182cb825	Codex	full-20261006	2026-10-06	全量日文候選；未經母語者審閱；正式預算及版面另驗
ESPMES#123.128	65c325297449e346	奥へ行こう‥	accepted	7ff4419509483375	Codex	full-20261006	2026-10-06	全量日文候選；未經母語者審閱；正式預算及版面另驗
ESPMES#123.129	273161b1601b9df0	もう道がないようだ‥	accepted	2ab574c16ca84f65	Codex	full-20261006	2026-10-06	全量日文候選；未經母語者審閱；正式預算及版面另驗
ESPMES#123.130	3699e6f7777548f2	入口へ戻ろう！‥	accepted	82b1a621d11f13e0	Codex	full-20261006	2026-10-06	全量日文候選；未經母語者審閱；正式預算及版面另驗
ESPMES#123.131	076a9aac9c20cd14	ディナンドさん！\n我が国を助けてください！	accepted	7e1df4b54ec59033	Codex	full-20261006	2026-10-06	全量日文候選；未經母語者審閱；正式預算及版面另驗
ESPMES#123.132	1dc6683ec54e525e	え、突然何だ？\nそれは、どういう意味だ？	accepted	025b91e9e064127e	Codex	full-20261006	2026-10-06	全量日文候選；未經母語者審閱；正式預算及版面另驗
ESPMES#123.133	9cbba29b160817d9	この通行証で、東のレーン要塞を通れます。バイアランス城へ来てください。	accepted	8328b3c540b9e9f3	Codex	full-20261006	2026-10-06	全量日文候選；未經母語者審閱；正式預算及版面另驗
ESPMES#123.134	d705e5eb8d09b5b3	どうか、バイアランス城へ来て‥	accepted	70fe7d0e64a166f2	Codex	full-20261006	2026-10-06	全量日文候選；未經母語者審閱；正式預算及版面另驗
ESPMES#123.135	db8cb07fce8aabfa	ああ、もう行った！\nバイアランス城か‥東の大国‥見に行こうか‥	accepted	a1b19c66ae8b2c35	Codex	full-20261006	2026-10-06	全量日文候選；未經母語者審閱；正式預算及版面另驗
ESPMES#123.136	5e1654f256c94d20	ディナンドさんですか‥\n違うなら、この話はできません‥	accepted	f79234f3bb6fbc4a	Codex	full-20261006	2026-10-06	全量日文候選；未經母語者審閱；正式預算及版面另驗
ESPMES#123.137	3a4abec8dfc4ae41	対岸はロダグト渡場です。渡りますか？	accepted	113f3ade11732c30	Codex	full-20261006	2026-10-06	全量日文候選；未經母語者審閱；正式預算及版面另驗
ESPMES#123.138	66901358d74e30ae	では、乗ってください！\n船を出します。	accepted	23e1498ffda12088	Codex	full-20261006	2026-10-06	全量日文候選；未經母語者審閱；正式預算及版面另驗
ESPMES#123.139	f13d8a96c1645586	そうですか。渡りたくなったら、また来てください！	accepted	1955eea2dc33fd5e	Codex	full-20261006	2026-10-06	全量日文候選；未經母語者審閱；正式預算及版面另驗
ESPMES#123.140	072f54b347a5463b	対岸はパリル渡場です。渡りますか？	accepted	ea5d25fab05d96b0	Codex	full-20261006	2026-10-06	全量日文候選；未經母語者審閱；正式預算及版面另驗
ESPMES#123.141	66901358d74e30ae	では、乗ってください！\n船を出します。	accepted	23e1498ffda12088	Codex	full-20261006	2026-10-06	全量日文候選；未經母語者審閱；正式預算及版面另驗
ESPMES#123.142	f13d8a96c1645586	そうですか。渡りたくなったら、また来てください！	accepted	1955eea2dc33fd5e	Codex	full-20261006	2026-10-06	全量日文候選；未經母語者審閱；正式預算及版面另驗
ESPMES#123.143	bc03d3147a6caffe	ブラキアの拠点を確保した。\n安心して戦える。	accepted	c0bffecff495a992	Codex	full-20261006	2026-10-06	全量日文候選；未經母語者審閱；正式預算及版面另驗
ESPMES#123.144	d210d4022360e950	ようやく来たか。\nレイ姫はブラキア城にいるはずだ。\n	accepted	78909e3034cc440e	Codex	full-20261006	2026-10-06	全量日文候選；未經母語者審閱；正式預算及版面另驗
ESPMES#123.145	3f497cf396e1b1d6	急げ！\n追い詰められたブラキア王が、何をするか分からない！\nレイ・レズニアクを探せ！	accepted	b9248fcb3703acce	Codex	full-20261006	2026-10-06	全量日文候選；未經母語者審閱；正式預算及版面另驗
ESPMES#123.146	7631e189e3dcf43c	早くブラキア王の手から、姫を救い出せ！\n	accepted	cdbfdab531bebbbd	Codex	full-20261006	2026-10-06	全量日文候選；未經母語者審閱；正式預算及版面另驗
ESPMES#123.147	0fe154c4318ca8c9	急に具合が悪くなった。どうやら病院へ行かねば‥。	accepted	12c928b512259ec6	Codex	full-20261006	2026-10-06	全量日文候選；未經母語者審閱；正式預算及版面另驗
ESPMES#123.148	86e53e5ca4315d0e	今の部隊の状態では、戦えそうにない。\nまず病院へ行こう！	accepted	db7e66b0e60ab211	Codex	full-20261006	2026-10-06	全量日文候選；未經母語者審閱；正式預算及版面另驗
ESPMES#123.149	87782ccebb39fd43	準備はしたが、\nもう一度立て直した方がよさそうだ。	accepted	32d3ec5352217ad1	Codex	full-20261006	2026-10-06	全量日文候選；未經母語者審閱；正式預算及版面另驗
ESPMES#123.150	f8e908c37627d586	レイを探したい！\nだが体力がない。\n病院へ行こう。	accepted	efda11765d373bd5	Codex	full-20261006	2026-10-06	全量日文候選；未經母語者審閱；正式預算及版面另驗
ESPMES#123.151	d8126f8485c2ef1b	こんな弱った体では戦えない。\n回復せねばならない‥	accepted	291c187955bb8246	Codex	full-20261006	2026-10-06	全量日文候選；未經母語者審閱；正式預算及版面另驗
ESPMES#123.152	7eafb9b814f60ec3	気持ちはあっても力が足りない。探しには行けそうにない！\n困ったな！	accepted	b3e524155139e531	Codex	full-20261006	2026-10-06	全量日文候選；未經母語者審閱；正式預算及版面另驗
ESPMES#123.153	7f9c658434a5836c	次はどこだ？	accepted	106123b4c8cb5bfd	Codex	full-20261006	2026-10-06	全量日文候選；未經母語者審閱；正式預算及版面另驗
ESPMES#123.154	7f9c658434a5836c	次はどこだ？	accepted	106123b4c8cb5bfd	Codex	full-20261006	2026-10-06	全量日文候選；未經母語者審閱；正式預算及版面另驗
ESPMES#123.155	08360652986e558a	どこで探そう？	accepted	7a479ca312a2ff6b	Codex	full-20261006	2026-10-06	全量日文候選；未經母語者審閱；正式預算及版面另驗
ESPMES#123.156	4dbb0ebc14f216fb	レイ、どこにいる？	accepted	6a9e92a8c11f4ec3	Codex	full-20261006	2026-10-06	全量日文候選；未經母語者審閱；正式預算及版面另驗
ESPMES#123.157	4dbb0ebc14f216fb	レイ、どこにいる？	accepted	6a9e92a8c11f4ec3	Codex	full-20261006	2026-10-06	全量日文候選；未經母語者審閱；正式預算及版面另驗
ESPMES#123.158	26120fbb21350a43	ここに‥隠れているのか？	accepted	755676a8e796e2f0	Codex	full-20261006	2026-10-06	全量日文候選；未經母語者審閱；正式預算及版面另驗
ESPMES#123.159	f7dbb57885cc0b59	私を殺す気か‥\n私が死ねば、姫も見つからんぞ！	accepted	9b2b8178acfd687a	Codex	full-20261006	2026-10-06	全量日文候選；未經母語者審閱；正式預算及版面另驗
ESPMES#123.160	279524a9d6643811	助けて！	accepted	e47f741e6b99f7d5	Codex	full-20261006	2026-10-06	全量日文候選；未經母語者審閱；正式預算及版面另驗
ESPMES#123.161	d5ddc476bcfc4fc9	静かにしろ！\nこっちへ来い！	accepted	845581016e20545b	Codex	full-20261006	2026-10-06	全量日文候選；未經母語者審閱；正式預算及版面另驗
ESPMES#123.162	0e8ddeaada51bb04	次は失敗しない！	accepted	c41a2d5bf8a1d2da	Codex	full-20261006	2026-10-06	全量日文候選；未經母語者審閱；正式預算及版面另驗
ESPMES#123.163	0e8ddeaada51bb04	次は失敗しない！	accepted	c41a2d5bf8a1d2da	Codex	full-20261006	2026-10-06	全量日文候選；未經母語者審閱；正式預算及版面另驗
ESPMES#123.164	0e8ddeaada51bb04	次は失敗しない！	accepted	c41a2d5bf8a1d2da	Codex	full-20261006	2026-10-06	全量日文候選；未經母語者審閱；正式預算及版面另驗
ESPMES#123.165	0e8ddeaada51bb04	次は失敗しない！	accepted	c41a2d5bf8a1d2da	Codex	full-20261006	2026-10-06	全量日文候選；未經母語者審閱；正式預算及版面另驗
ESPMES#123.166	0e8ddeaada51bb04	次は失敗しない！	accepted	c41a2d5bf8a1d2da	Codex	full-20261006	2026-10-06	全量日文候選；未經母語者審閱；正式預算及版面另驗
ESPMES#123.167	634970c40f999e3c	‥ブラキア王、覚悟しろ‥	accepted	df330011c1aa17dd	Codex	full-20261006	2026-10-06	全量日文候選；未經母語者審閱；正式預算及版面另驗
ESPMES#123.168	d94594bea9993119	無駄だ！そう簡単には倒れん！	accepted	75d489e805a2b0e2	Codex	full-20261006	2026-10-06	全量日文候選；未經母語者審閱；正式預算及版面另驗
ESPMES#123.169	c67d71fdbea6c5d1	助けてくれたのね！\nありがとう、皆さん！	accepted	d1affe11ae62a0e7	Codex	full-20261006	2026-10-06	全量日文候選；未經母語者審閱；正式預算及版面另驗
ESPMES#123.170	b8c7b85c533c1ad0	ようやく戦争が終わった。\nバイアランス城へ戻ろう。報酬は城に着いたら払う。	accepted	d36373f3d42dab96	Codex	full-20261006	2026-10-06	全量日文候選；未經母語者審閱；正式預算及版面另驗
ESPMES#123.171	41c0493fb2235dd4	勝利して帰国！	accepted	cfea5992d6e63b31	Codex	full-20261006	2026-10-06	全量日文候選；未經母語者審閱；正式預算及版面另驗
ESPMES#123.172	c8b8cc70279ca854	負け犬め！	accepted	167ee1bbe2064eae	Codex	full-20261006	2026-10-06	全量日文候選；未經母語者審閱；正式預算及版面另驗
ESPMES#124.0	485f43fcdabcba62	今日はディナンド傭兵団の給料日だ。	accepted	3bdb848b45444284	Codex	full-20261006	2026-10-06	全量日文候選；未經母語者審閱；正式預算及版面另驗
ESPMES#124.1	b769f658b1afb483	給料を払うぞ！	accepted	ebd5c790419c40c7	Codex	full-20261006	2026-10-06	全量日文候選；未經母語者審閱；正式預算及版面另驗
ESPMES#124.2	3d6950d9828c9edb	‥誰も雇っていないので、\n給料を払う必要はない。	accepted	a395264d62b6c5fe	Codex	full-20261006	2026-10-06	全量日文候選；未經母語者審閱；正式預算及版面另驗
ESPMES#124.3	b769f658b1afb483	給料を払うぞ！	accepted	ebd5c790419c40c7	Codex	full-20261006	2026-10-06	全量日文候選；未經母語者審閱；正式預算及版面另驗
ESPMES#124.4	38a8f53132611d53	今月の給料は‥\n全部で%ldＧ。	accepted	b1de075cb5649690	Codex	full-20261006	2026-10-06	全量日文候選；未經母語者審閱；正式預算及版面另驗
ESPMES#124.5	f67414e9b19fc8c2	全員の給料、%ldＧを払った！	accepted	280a15d79b05af75	Codex	full-20261006	2026-10-06	全量日文候選；未經母語者審閱；正式預算及版面另驗
ESPMES#124.6	b769f658b1afb483	給料を払うぞ！	accepted	ebd5c790419c40c7	Codex	full-20261006	2026-10-06	全量日文候選；未經母語者審閱；正式預算及版面另驗
ESPMES#124.7	38a8f53132611d53	今月の給料は‥\n全部で%ldＧ。	accepted	b1de075cb5649690	Codex	full-20261006	2026-10-06	全量日文候選；未經母語者審閱；正式預算及版面另驗
ESPMES#124.8	6fca8370a1b8772c	‥ああ、金が足りない‥\n	accepted	736ec9a9a90ca3fc	Codex	full-20261006	2026-10-06	全量日文候選；未經母語者審閱；正式預算及版面另驗
ESPMES#124.9	0f582a731f559b86	給料を払えない！	accepted	a51d1168c326484a	Codex	full-20261006	2026-10-06	全量日文候選；未經母語者審閱；正式預算及版面另驗
ESPMES#124.10	a796b416a0c24f00	ディナンド、\n%sから多くの者が契約を破り、去った‥	accepted	1323b022958b13e5	Codex	full-20261006	2026-10-06	全量日文候選；未經母語者審閱；正式預算及版面另驗
