id	src_sha256	text	status	acc_sha	by	batch	date	note
ESPMES#44.0	66e4e742ccb873b2	금고에서 숨겨진 돈을 꺼낸다.	accepted	66c0db5904cbfbc8	Codex	full-ko-20261006	2026-10-06	全量本機候選；未經母語者審閱；韓文普通空白採 8 px；窗口與正式包另驗
ESPMES#44.1	93d4ba4b8120f1cd	부대명［%s］ 무기%2d 방어구%2d\n레벨   %02d %02d %02d\nＬC%1d S%03d H%03d \n１C%1d S%03d H%03d ２C%1d S%03d H%03d\n３C%1d S%03d H%03d ４C%1d S%03d H%03d\n５C%1d S%03d H%03d ６C%1d S%03d H%03d\n７C%1d S%03d H%03d ８C%1d S%03d H%03d\n９C%1d S%03d H%03d ＡC%1d S%03d H%03d\n	accepted	bccb03fb0fae50c3	Codex	full-ko-20261006	2026-10-06	全量本機候選；未經母語者審閱；韓文普通空白採 8 px；窗口與正式包另驗
ESPMES#44.2	93d4ba4b8120f1cd	부대명［%s］ 무기%2d 방어구%2d\n레벨   %02d %02d %02d\nＬC%1d S%03d H%03d \n１C%1d S%03d H%03d ２C%1d S%03d H%03d\n３C%1d S%03d H%03d ４C%1d S%03d H%03d\n５C%1d S%03d H%03d ６C%1d S%03d H%03d\n７C%1d S%03d H%03d ８C%1d S%03d H%03d\n９C%1d S%03d H%03d ＡC%1d S%03d H%03d\n	accepted	bccb03fb0fae50c3	Codex	full-ko-20261006	2026-10-06	全量本機候選；未經母語者審閱；韓文普通空白採 8 px；窗口與正式包另驗
ESPMES#116.0	254fe3bff53b89e4	모노 디난도에게 독신인 아름다운 여인이 달려왔다‥	accepted	41592805d08fc56a	Codex	full-ko-20261006	2026-10-06	全量本機候選；未經母語者審閱；韓文普通空白採 8 px；窗口與正式包另驗
ESPMES#116.1	1699fac5a57af466	모노 디난도 씨인가요?\n	accepted	f60ad1fa59ea56ae	Codex	full-ko-20261006	2026-10-06	全量本機候選；未經母語者審閱；韓文普通空白採 8 px；窗口與正式包另驗
ESPMES#116.2	b1a4fffbbabf0bb0	처음 뵙겠습니다.\n세계은행에서 온 특별 담당자 레키 파르스입니다.	accepted	7aeb76ed143c8709	Codex	full-ko-20261006	2026-10-06	全量本機候選；未經母語者審閱；韓文普通空白採 8 px；窗口與正式包另驗
ESPMES#116.3	021f16cb076e58d5	지금부터 매주 제가 10000000Ｇ의 빚을 분할 상환받겠습니다.	accepted	56bd370567b2c500	Codex	full-ko-20261006	2026-10-06	全量本機候選；未經母語者審閱；韓文普通空白採 8 px；窗口與正式包另驗
ESPMES#116.4	0b4827312f1077b7	주간 최소 상환액은 5000Ｇ입니다.\n갚을 능력이 없으면 계약에 따라 상환액이 늘어납니다.	accepted	40055a3c6c791fbb	Codex	full-ko-20261006	2026-10-06	全量本機候選；未經母語者審閱；韓文普通空白採 8 px；窗口與正式包另驗
ESPMES#116.5	eba3056f35a65d8c	자! 다음 주부터 시작합니다. 반드시 미리 5000Ｇ를 준비해 두세요.	accepted	3b56cdd584b2e017	Codex	full-ko-20261006	2026-10-06	全量本機候選；未經母語者審閱；韓文普通空白採 8 px；窗口與正式包另驗
ESPMES#116.6	7f2b62116ad22d5e	잘 부탁드립니다!\n	accepted	178eed456d22a0de	Codex	full-ko-20261006	2026-10-06	全量本機候選；未經母語者審閱；韓文普通空白採 8 px；窗口與正式包另驗
ESPMES#116.7	f8ea35c40fcf0f2d	그럼 다음 주에 뵙겠습니다.\n	accepted	04d73eb5fbcb5105	Codex	full-ko-20261006	2026-10-06	全量本機候選；未經母語者審閱；韓文普通空白採 8 px；窗口與正式包另驗
ESPMES#116.8	ea573de80d0a1524	레키 파르스 특별 담당자가 또 모노 디난도를 찾아왔다‥	accepted	ae443755821871fa	Codex	full-ko-20261006	2026-10-06	全量本機候選；未經母語者審閱；韓文普通空白採 8 px；窗口與正式包另驗
ESPMES#116.9	84abfc89cbabd478	약속한 주가 됐네요～  \n이제 빚을 갚으실 수 있겠죠!	accepted	236d5a10c2e7483c	Codex	full-ko-20261006	2026-10-06	全量本機候選；未經母語者審閱；韓文普通空白採 8 px；窗口與正式包另驗
ESPMES#116.10	e17a7b4cf67b79f1	어떤가요? 돈은 있나요?	accepted	f0bfdd7ee112836f	Codex	full-ko-20261006	2026-10-06	全量本機候選；未經母語者審閱；韓文普通空白採 8 px；窗口與正式包另驗
ESPMES#116.11	f00b2d8fd32a2eb7	매주 조금씩이라도 갚지 않으면 이 빚은 영원히 끝나지 않아요.‥그럼 이번 주에는 얼마를 갚으실 건가요?	accepted	080c98d4b2116f0e	Codex	full-ko-20261006	2026-10-06	全量本機候選；未經母語者審閱；韓文普通空白採 8 px；窗口與正式包另驗
ESPMES#116.12	a3331ff8977ec33d	자! 5000Ｇ.\n고마워요.	accepted	881746da341c8dfc	Codex	full-ko-20261006	2026-10-06	全量本機候選；未經母語者審閱；韓文普通空白採 8 px；窗口與正式包另驗
ESPMES#116.13	d2766a48fa8cff2b	잘하셨어요. 하루라도 빨리 빚을 다 갚으면 좋죠.\n	accepted	73e0e3927437f37e	Codex	full-ko-20261006	2026-10-06	全量本機候選；未經母語者審閱；韓文普通空白採 8 px；窗口與正式包另驗
ESPMES#116.14	eaf4bbb7aeea9d08	맞아요. 10000Ｇ를 확실히 받았습니다.\n	accepted	ce7768ad677778eb	Codex	full-ko-20261006	2026-10-06	全量本機候選；未經母語者審閱；韓文普通空白採 8 px；窗口與正式包另驗
ESPMES#116.15	9cdc0627e86722b0	이번 주에는 20000Ｇ군요‥\n	accepted	6efca48c2ff68899	Codex	full-ko-20261006	2026-10-06	全量本機候選；未經母語者審閱；韓文普通空白採 8 px；窗口與正式包另驗
ESPMES#116.16	defab2a7e4a600f8	이번 주에는 50000Ｇ군요‥\n	accepted	cc0fe4b790573e0f	Codex	full-ko-20261006	2026-10-06	全量本機候選；未經母語者審閱；韓文普通空白採 8 px；窗口與正式包另驗
ESPMES#116.17	a713236686d694d7	어머!\n100000Ｇ를 갚으시게요?\n제법 잘 나가시나 봐요!	accepted	acf8d9c9df237b38	Codex	full-ko-20261006	2026-10-06	全量本機候選；未經母語者審閱；韓文普通空白採 8 px；窗口與正式包另驗
ESPMES#116.18	40f8741dbc99ea64	100000Ｇ를 확실히 받았습니다.	accepted	175ac75c23965490	Codex	full-ko-20261006	2026-10-06	全量本機候選；未經母語者審閱；韓文普通空白採 8 px；窗口與正式包另驗
ESPMES#116.19	a79d5f86e8f7efe1	와!\n200000Ｇ를 갚으시게요?\n벌이가 좋으신가 봐요!	accepted	5fb316873125bd60	Codex	full-ko-20261006	2026-10-06	全量本機候選；未經母語者審閱；韓文普通空白採 8 px；窗口與正式包另驗
ESPMES#116.20	0bef343aead62fa8	200000Ｇ를 확실히 받았습니다.	accepted	c020644535cb649e	Codex	full-ko-20261006	2026-10-06	全量本機候選；未經母語者審閱；韓文普通空白採 8 px；窗口與正式包另驗
ESPMES#116.21	6ab9dc236f705985	와!\n500000Ｇ를 갚으시게요?\n경기가 좋으신가 봐요.	accepted	fadfe9d69ad6853a	Codex	full-ko-20261006	2026-10-06	全量本機候選；未經母語者審閱；韓文普通空白採 8 px；窗口與正式包另驗
ESPMES#116.22	4f33d9b465429728	500000Ｇ를 확실히 받았습니다.	accepted	d1a605eb1d19146c	Codex	full-ko-20261006	2026-10-06	全量本機候選；未經母語者審閱；韓文普通空白採 8 px；窗口與正式包另驗
ESPMES#116.23	f9ef18f044bc44b9	와!\n1000000Ｇ를 갚으시게요?\n경기가 아주 좋으신가 봐요.	accepted	cf60a78a9dfa6b2b	Codex	full-ko-20261006	2026-10-06	全量本機候選；未經母語者審閱；韓文普通空白採 8 px；窗口與正式包另驗
ESPMES#116.24	d1aa53e07efbc4ac	1000000Ｇ를 확실히 받았습니다.	accepted	001e63ba9f3171d0	Codex	full-ko-20261006	2026-10-06	全量本機候選；未經母語者審閱；韓文普通空白採 8 px；窗口與正式包另驗
ESPMES#116.25	ece5f63629d1559e	와!\n2000000Ｇ를 갚으시게요?\n경기가 아주 좋으시네요.	accepted	ba40a009f91be6e0	Codex	full-ko-20261006	2026-10-06	全量本機候選；未經母語者審閱；韓文普通空白採 8 px；窗口與正式包另驗
ESPMES#116.26	0e4dbab95bf4c218	2000000Ｇ를 확실히 받았습니다.	accepted	a632d3d546dc3d42	Codex	full-ko-20261006	2026-10-06	全量本機候選；未經母語者審閱；韓文普通空白採 8 px；窗口與正式包另驗
ESPMES#116.27	f4220a8835cf5678	와!\n한 번에 5000000Ｇ를 갚으시게요?\n대단해요! 정말 대단해요!	accepted	e5b0bb296f51ef3d	Codex	full-ko-20261006	2026-10-06	全量本機候選；未經母語者審閱；韓文普通空白採 8 px；窗口與正式包另驗
ESPMES#116.28	2d84829d2b6f4128	5000000Ｇ를 확실히 받았습니다.	accepted	4fb8fd981a9308d4	Codex	full-ko-20261006	2026-10-06	全量本機候選；未經母語者審閱；韓文普通空白採 8 px；窗口與正式包另驗
ESPMES#116.29	bf2d78d7b856553d	와아!\n한꺼번에 10000000Ｇ를 갚으시게요?\n꿈같은 이야기네요.	accepted	f918e23ca43d868d	Codex	full-ko-20261006	2026-10-06	全量本機候選；未經母語者審閱；韓文普通空白採 8 px；窗口與正式包另驗
ESPMES#116.30	f9bd19f597d62206	10000000Ｇ를 정말 확실히 받았습니다.\n	accepted	d69f40f91ac5f24f	Codex	full-ko-20261006	2026-10-06	全量本機候選；未經母語者審閱；韓文普通空白採 8 px；窗口與正式包另驗
ESPMES#116.31	508b61f84adfddf4	어? 매주 최소 5000Ｇ를 갚기로 했잖아요?	accepted	5dde69e02cd28b6d	Codex	full-ko-20261006	2026-10-06	全量本機候選；未經母語者審閱；韓文普通空白採 8 px；窗口與正式包另驗
ESPMES#116.32	4eae2c9233b33f85	그럼 계약대로 위약금 100000Ｇ가 추가됩니다.	accepted	56e1e5d339ad46c4	Codex	full-ko-20261006	2026-10-06	全量本機候選；未經母語者審閱；韓文普通空白採 8 px；窗口與正式包另驗
ESPMES#116.33	c5964feb5aa1c4e7	어? 잠깐 생각해 볼게요. 음‥	accepted	b831f4c481bc9cb3	Codex	full-ko-20261006	2026-10-06	全量本機候選；未經母語者審閱；韓文普通空白採 8 px；窗口與正式包另驗
ESPMES#116.34	c29a82b2deacc9ab	잠시만 기다려 주세요‥	accepted	46f27f7eddac7e77	Codex	full-ko-20261006	2026-10-06	全量本機候選；未經母語者審閱；韓文普通空白採 8 px；窗口與正式包另驗
ESPMES#116.35	2a43199d140fc6b6	지금 정확히 계산해 보니‥음. 틀림없네요. 이제 빚이 남지 않았어요‥.	accepted	2ba8a1f0c82483b5	Codex	full-ko-20261006	2026-10-06	全量本機候選；未經母語者審閱；韓文普通空白採 8 px；窗口與正式包另驗
ESPMES#116.36	aff65cf0d29e7773	채무 계약.	accepted	add90edca1c0f818	Codex	full-ko-20261006	2026-10-06	全量本機候選；未經母語者審閱；韓文普通空白採 8 px；窗口與正式包另驗
ESPMES#116.37	950cb54b6fa95b4c	남은 빚은 %ldＧ입니다. 다음 주에도 힘내세요!	accepted	14d7895d67318aae	Codex	full-ko-20261006	2026-10-06	全量本機候選；未經母語者審閱；韓文普通空白採 8 px；窗口與正式包另驗
ESPMES#116.38	607425d0e6995d5e	뭐～요! 떼를 쓰시게요?\n돈을 안 갚으면‥제 부하들이 놀고 있는 줄 아세요?	accepted	e5430e33de82f1cc	Codex	full-ko-20261006	2026-10-06	全量本機候選；未經母語者審閱；韓文普通空白採 8 px；窗口與正式包另驗
ESPMES#116.39	daf3e4def3b2b8bb	어? 다친 몸으로 제게 저항하는 건 불가능해요.\n포기하세요!	accepted	37df0e153590f41d	Codex	full-ko-20261006	2026-10-06	全量本機候選；未經母語者審閱；韓文普通空白採 8 px；窗口與正式包另驗
ESPMES#116.40	eca2caf8008cbf9a	하하～도전해 보시게요?	accepted	8300574017a13920	Codex	full-ko-20261006	2026-10-06	全量本機候選；未經母語者審閱；韓文普通空白採 8 px；窗口與正式包另驗
ESPMES#116.41	ceb05084f101b7ec	이 녀석들, 내 무서움을 맛봐라!	accepted	50e88adaaa393a53	Codex	full-ko-20261006	2026-10-06	全量本機候選；未經母語者審閱；韓文普通空白採 8 px；窗口與正式包另驗
ESPMES#116.42	3dfa112fa24e8d33	이 부하들은 밥만 축내는군요‥\n다음 주에는 더 강한 부하를 데려올 테니 두고 보세요!	accepted	e078555d63cceaf0	Codex	full-ko-20261006	2026-10-06	全量本機候選；未經母語者審閱；韓文普通空白採 8 px；窗口與正式包另驗
ESPMES#116.43	ac8ca31a39f0de51	다음 주에는 이렇게 쉽지 않을 거예요!	accepted	647dec6c4d1b214b	Codex	full-ko-20261006	2026-10-06	全量本機候選；未經母語者審閱；韓文普通空白採 8 px；窗口與正式包另驗
ESPMES#116.44	92901115c179e649	얌전히 돈을 내놓으세요!\n	accepted	8465648abd50c9a6	Codex	full-ko-20261006	2026-10-06	全量本機候選；未經母語者審閱；韓文普通空白採 8 px；窗口與正式包另驗
ESPMES#117.0	2c24ff90a07e56b0	제법 잘한다더군. %s를 %s로 옮기면 %ldＧ 준다. 어때?	accepted	a59a5688e151ed75	Codex	full-ko-20261006	2026-10-06	全量本機候選；未經母語者審閱；韓文普通空白採 8 px；2026-10-06 保留全義的窗口超量修訂；未升 accepted
ESPMES#117.1	751298d1f464c46d	기한은 %d일.\n일찍 끝내면 보수는 두 배다.\n	accepted	939bd05dce36eaa0	Codex	full-ko-20261006	2026-10-06	全量本機候選；未經母語者審閱；韓文普通空白採 8 px；窗口與正式包另驗
ESPMES#117.2	f76656c25cd05004	괜찮지? 해 볼 텐가?	accepted	ee255bc588aba27a	Codex	full-ko-20261006	2026-10-06	全量本機候選；未經母語者審閱；韓文普通空白採 8 px；窗口與正式包另驗
ESPMES#117.3	ad855390c9807ab8	그럼 어서 시작하게.\n도착하면 보수를 주겠네.	accepted	2b0a3be6f1986cc7	Codex	full-ko-20261006	2026-10-06	全量本機候選；未經母語者審閱；韓文普通空白採 8 px；窗口與正式包另驗
ESPMES#117.4	09c683b0d7e72173	그런가! 더 할 말은 없군.	accepted	e3761a2fdc2b719b	Codex	full-ko-20261006	2026-10-06	全量本機候選；未經母語者審閱；韓文普通空白採 8 px；窗口與正式包另驗
ESPMES#117.5	149d1452e91e442d	군인 아저씨, 아저씨. 부탁이 좀 있어요‥\n	accepted	4bc9497fa8ca43f5	Codex	full-ko-20261006	2026-10-06	全量本機候選；未經母語者審閱；韓文普通空白採 8 px；窗口與正式包另驗
ESPMES#117.6	555b248a842b9d52	%d일 안에\n%s 를 %s 로 보내 주실래요?	accepted	c51374a2cda6e0e1	Codex	full-ko-20261006	2026-10-06	全量本機候選；未經母語者審閱；韓文普通空白採 8 px；窗口與正式包另驗
ESPMES#117.7	7d5672d6d67502ec	보수는 드릴게요.\n%ldＧ를 줄게요.\n맡아 주실래요?	accepted	d4babe5d30e8cfff	Codex	full-ko-20261006	2026-10-06	全量本機候選；未經母語者審閱；韓文普通空白採 8 px；窗口與正式包另驗
ESPMES#117.8	d87f499ee9688139	다행이에요. 받아 주셨군요.\n그럼 모두 부탁드립니다.	accepted	ed1ab3fb09606cea	Codex	full-ko-20261006	2026-10-06	全量本機候選；未經母語者審閱；韓文普通空白採 8 px；窗口與正式包另驗
ESPMES#117.9	b48d05014a048c31	그렇군요. 정말 맡으실 수 없다니‥\n아쉽네요‥	accepted	1c86ce9eae83e394	Codex	full-ko-20261006	2026-10-06	全量本機候選；未經母語者審閱；韓文普通空白採 8 px；窗口與正式包另驗
ESPMES#117.10	5985f5c5a4097d72	젊은이, 와 줘서 정말 다행이네.\n곤경에 빠진 나를 좀 돕겠나?	accepted	3fa92e1c1fecdf8e	Codex	full-ko-20261006	2026-10-06	全量本機候選；未經母語者審閱；韓文普通空白採 8 px；窗口與正式包另驗
ESPMES#117.11	810f52eac14f5575	부탁할 일은 이것일세.\n%d일 안에 %s 를 %s 로 운반해 주게.	accepted	4b971ecbbc84126e	Codex	full-ko-20261006	2026-10-06	全量本機候選；未經母語者審閱；韓文普通空白採 8 px；窗口與正式包另驗
ESPMES#117.12	44574b3fe7fa7515	이 어지러운 세상에서 나는 어찌할 도리가 없네. 제발 도와주게‥\n보수는 %ldＧ일세.	accepted	47bf330d039c2a20	Codex	full-ko-20261006	2026-10-06	全量本機候選；未經母語者審閱；韓文普通空白採 8 px；窗口與正式包另驗
ESPMES#117.13	947916e043627a29	어떤가? 도와줄 수 있겠나?	accepted	a489a8c3b32fbc93	Codex	full-ko-20261006	2026-10-06	全量本機候選；未經母語者審閱；韓文普通空白採 8 px；窗口與正式包另驗
ESPMES#117.14	2fa6c5ca668ab47d	이 일을 도와주겠다고!\n	accepted	e363585289a6caed	Codex	full-ko-20261006	2026-10-06	全量本機候選；未經母語者審閱；韓文普通空白採 8 px；窗口與正式包另驗
ESPMES#117.15	c9968dfd7e4eba32	고맙네, 젊은이.\n이 은혜는 잊지 않겠네!	accepted	8ea2eba1e30078d0	Codex	full-ko-20261006	2026-10-06	全量本機候選；未經母語者審閱；韓文普通空白採 8 px；窗口與正式包另驗
ESPMES#117.16	fe6c08489c92f3d1	도와줄 수 없다니‥\n어쩔 수 없는 일이겠지‥	accepted	28734e379ea5f90a	Codex	full-ko-20261006	2026-10-06	全量本機候選；未經母語者審閱；韓文普通空白採 8 px；窗口與正式包另驗
ESPMES#117.17	02ca11eb189ae60f	하～하, 잘 왔어.\n마침 아주 알맞은 일이 있어.\n물론 내 덕분이겠지?	accepted	441c9d2983b81f1b	Codex	full-ko-20261006	2026-10-06	全量本機候選；未經母語者審閱；韓文普通空白採 8 px；窗口與正式包另驗
ESPMES#117.18	0962c7a8f4e97f93	히히, 당연하지.\n너처럼 귀여운 아가씨라면.	accepted	eba0611654989eb2	Codex	full-ko-20261006	2026-10-06	全量本機候選；未經母語者審閱；韓文普通空白採 8 px；窗口與正式包另驗
ESPMES#117.19	31207ed8e045f99c	? 못 들은 걸로 하지.\n이 세상에 감히 나를 거절하는 녀석이 있다니.\n	accepted	044f1c24bcbdbcf6	Codex	full-ko-20261006	2026-10-06	全量本機候選；未經母語者審閱；韓文普通空白採 8 px；窗口與正式包另驗
ESPMES#117.20	1fb7a0750801ec8d	히히! 그럼 알려 줄게.	accepted	5b9299e0a6eb259f	Codex	full-ko-20261006	2026-10-06	全量本機候選；未經母語者審閱；韓文普通空白採 8 px；窗口與正式包另驗
ESPMES#117.21	14e0d3c55d8c305c	%s 를 %s 로 운반해.	accepted	6cecee67d94476b6	Codex	full-ko-20261006	2026-10-06	全量本機候選；未經母語者審閱；韓文普通空白採 8 px；窗口與正式包另驗
ESPMES#117.22	055f7a3a4c084b28	물론 %d일 안에 해야 해.	accepted	da41c5b444d34155	Codex	full-ko-20261006	2026-10-06	全量本機候選；未經母語者審閱；韓文普通空白採 8 px；窗口與正式包另驗
ESPMES#117.23	6564d8f6e5a08d51	보수는 %ldＧ야.\n어이! 동의하나?	accepted	0891a4c1c57343ff	Codex	full-ko-20261006	2026-10-06	全量本機候選；未經母語者審閱；韓文普通空白採 8 px；窗口與正式包另驗
ESPMES#117.24	4cd2f01272bf8852	히히! 고마워.\n어이! 어서 가.	accepted	ec283f49b0e84a5d	Codex	full-ko-20261006	2026-10-06	全量本機候選；未經母語者審閱；韓文普通空白採 8 px；窗口與正式包另驗
ESPMES#117.25	9c13483ae0a8287d	뭐?\n감히 나를 거절해?	accepted	fc8b0fb9e56c756e	Codex	full-ko-20261006	2026-10-06	全量本機候選；未經母語者審閱；韓文普通空白採 8 px；窗口與正式包另驗
ESPMES#117.26	49563c46b7c573b6	정말 화나네!\n어서 꺼져 버려!	accepted	50542cbf28986651	Codex	full-ko-20261006	2026-10-06	全量本機候選；未經母語者審閱；韓文普通空白採 8 px；窗口與正式包另驗
ESPMES#117.27	039e3f6674ccf06e	일을 찾는 사람 없나?	accepted	3b9671722e7a06cf	Codex	full-ko-20261006	2026-10-06	全量本機候選；未經母語者審閱；韓文普通空白採 8 px；窗口與正式包另驗
ESPMES#117.28	0b2d2a5b7ed74a61	드디어 사람이 왔군!\n제발 이 %s 를 %s 로 운반해 주게.	accepted	f6d70790bdf74e43	Codex	full-ko-20261006	2026-10-06	全量本機候選；未經母語者審閱；韓文普通空白採 8 px；窗口與正式包另驗
ESPMES#117.29	3dc2b9f1b358b32d	빨리 보내야 하는데‥나는 어찌할 도리가 없네‥	accepted	91afd7c3041c6d84	Codex	full-ko-20261006	2026-10-06	全量本機候選；未經母語者審閱；韓文普通空白採 8 px；窗口與正式包另驗
ESPMES#117.30	a49a4247b9c79288	%d일 안에 꼭 도착해야 하네‥ 보수는 %ldＧ를 주겠네. 	accepted	4eb3b4a14f998236	Codex	full-ko-20261006	2026-10-06	全量本機候選；未經母語者審閱；韓文普通空白採 8 px；窗口與正式包另驗；完整字詞保持，改由既定折行器重新折行
ESPMES#117.31	1a122a452ad61bb1	고맙네. 드디어 도와줄 사람이 생겼군.\n	accepted	3a22bac675d011c3	Codex	full-ko-20261006	2026-10-06	全量本機候選；未經母語者審閱；韓文普通空白採 8 px；窗口與正式包另驗
ESPMES#117.32	bea046325afcab49	정말‥안타깝군‥	accepted	4304c477e4970b11	Codex	full-ko-20261006	2026-10-06	全量本機候選；未經母語者審閱；韓文普通空白採 8 px；窗口與正式包另驗
ESPMES#117.33	fbc30ca9db003e66	나, 나는 이제 끝장이야!\n이 불쌍한 사람을 도와줄 사람 없나‥	accepted	2084242338d4a99f	Codex	full-ko-20261006	2026-10-06	全量本機候選；未經母語者審閱；韓文普通空白採 8 px；窗口與正式包另驗
ESPMES#117.34	019e0daf2dcd9941	‥이 %s 를 주기로 했는데‥나는 %s 에 갈 수가 없어.	accepted	81f7dae461c2f870	Codex	full-ko-20261006	2026-10-06	全量本機候選；未經母語者審閱；韓文普通空白採 8 px；窗口與正式包另驗
ESPMES#117.35	f869166edf5d3f1c	보수로 %ldＧ를 줄 테니‥꼭 %d일 안에 도착해야 해.	accepted	b0cc3bd7d43e2c1f	Codex	full-ko-20261006	2026-10-06	全量本機候選；未經母語者審閱；韓文普通空白採 8 px；窗口與正式包另驗
ESPMES#117.36	a67b564ee1d9db8a	이 임무를 맡을 수 있나?	accepted	0baa95ff1d278978	Codex	full-ko-20261006	2026-10-06	全量本機候選；未經母語者審閱；韓文普通空白採 8 px；窗口與正式包另驗
ESPMES#117.37	7f38eb80957a2d1b	정말 잘됐어!\n그럼 모두 부탁할게.	accepted	ce9bc46d090d51e4	Codex	full-ko-20261006	2026-10-06	全量本機候選；未經母語者審閱；韓文普通空白採 8 px；窗口與正式包另驗
ESPMES#117.38	4978fafac8b36395	그런가‥\n이제 나는 어쩌면 좋지‥	accepted	2f7dbb4f7ffd1bcf	Codex	full-ko-20261006	2026-10-06	全量本機候選；未經母語者審閱；韓文普通空白採 8 px；窗口與正式包另驗
ESPMES#117.39	d308d382b46928f7	잘됐군. 드디어 도착했네.	accepted	21a7baa69f0fcfd6	Codex	full-ko-20261006	2026-10-06	全量本機候選；未經母語者審閱；韓文普通空白採 8 px；窗口與正式包另驗
ESPMES#117.40	8fa2db0f21b6b0f0	보수 %ldＧ다.\n받게.	accepted	e60629e6cf20aefc	Codex	full-ko-20261006	2026-10-06	全量本機候選；未經母語者審閱；韓文普通空白採 8 px；窗口與正式包另驗
ESPMES#117.41	3a8364c2926329ee	하하, 드디어 왔군. 자, 이게 자네 보수야.	accepted	78d7389d62a55b71	Codex	full-ko-20261006	2026-10-06	全量本機候選；未經母語者審閱；韓文普通空白採 8 px；窗口與正式包另驗
ESPMES#117.42	6c0aee57dbbc08e2	사양 말고 받게.	accepted	2cfc46ce951ce74a	Codex	full-ko-20261006	2026-10-06	全量本機候選；未經母語者審閱；韓文普通空白採 8 px；窗口與正式包另驗
ESPMES#117.43	e60ef487ba1d9679	드디어 도착했군!\n정말 고맙네!\n이제 살았어!	accepted	46bb85a638893f2f	Codex	full-ko-20261006	2026-10-06	全量本機候選；未經母語者審閱；韓文普通空白採 8 px；窗口與正式包另驗
ESPMES#117.44	2834de525cc1770b	한참 기다렸네.\n그래도 약속은 지켰군‥	accepted	d1e9511da00d50bb	Codex	full-ko-20261006	2026-10-06	全量本機候選；未經母語者審閱；韓文普通空白採 8 px；窗口與正式包另驗
ESPMES#117.45	7ac02e0d86eb04e9	약속대로 보수를 주겠네.\n여기 %ldＧ일세.\n	accepted	92ad952e36a6cbc5	Codex	full-ko-20261006	2026-10-06	全量本機候選；未經母語者審閱；韓文普通空白採 8 px；窗口與正式包另驗
ESPMES#117.46	f4614f1de94db946	드디어 도착했군!\n정말 고맙네!	accepted	44e0e013a7043e13	Codex	full-ko-20261006	2026-10-06	全量本機候選；未經母語者審閱；韓文普通空白採 8 px；窗口與正式包另驗
ESPMES#117.47	eeb83349d2c4d479	자,\n받아야 할 보수일세. 받게.	accepted	50f47d6003c8cd4f	Codex	full-ko-20261006	2026-10-06	全量本機候選；未經母語者審閱；韓文普通空白採 8 px；窗口與正式包另驗
ESPMES#117.48	5ef3ff6e8b5482ac	정말 고맙네!\n나를 위해‥고맙네‥	accepted	3ecf54b8bb9d345f	Codex	full-ko-20261006	2026-10-06	全量本機候選；未經母語者審閱；韓文普通空白採 8 px；窗口與正式包另驗
ESPMES#117.49	0217aaca3e94a192	‥이 은혜는 잊지 않겠네‥\n약속한 보수일세.	accepted	4c1e9cf9f737f28f	Codex	full-ko-20261006	2026-10-06	全量本機候選；未經母語者審閱；韓文普通空白採 8 px；窗口與正式包另驗
ESPMES#117.50	22810ed87b861250	%ldＧ일세. 받게.	accepted	53af39197ac955d0	Codex	full-ko-20261006	2026-10-06	全量本機候選；未經母語者審閱；韓文普通空白採 8 px；窗口與正式包另驗
ESPMES#117.51	55411b612097dd90	늦었어! 너무 늦었어!\n용서 못 해! 위약금을 내!	accepted	f5429e2a4789b4f5	Codex	full-ko-20261006	2026-10-06	全量本機候選；未經母語者審閱；韓文普通空白採 8 px；窗口與正式包另驗
ESPMES#117.52	9546d742e26ced89	너희처럼 쓸모없는 놈은 혼나야 해. 어이, %ldＧ를 배상해!	accepted	8b2e413a5b3f4abe	Codex	full-ko-20261006	2026-10-06	全量本機候選；未經母語者審閱；韓文普通空白採 8 px；窗口與正式包另驗
ESPMES#117.53	51cd2b22f1a19fba	계약은 파기됐다.\n어서 떠나!	accepted	bc72be1b8cbc4242	Codex	full-ko-20261006	2026-10-06	全量本機候選；未經母語者審閱；韓文普通空白採 8 px；窗口與正式包另驗
ESPMES#117.54	7a3d9d9b9302ec8a	골치 아프군‥\n약속한 날까지 도착하지 못했으니 보수를 줄 수도 없네.	accepted	f731693237ba7e28	Codex	full-ko-20261006	2026-10-06	全量本機候選；未經母語者審閱；韓文普通空白採 8 px；窗口與正式包另驗
ESPMES#117.55	10a49b75b35dbd8a	그렇게 약속했잖나.\n다음에 또 기회가 있는지 보세.	accepted	506d9f146a6f1f3d	Codex	full-ko-20261006	2026-10-06	全量本機候選；未經母語者審閱；韓文普通空白採 8 px；窗口與正式包另驗
ESPMES#117.56	12637ad857d29a1e	안타깝네.\n더는 기다릴 수 없네.	accepted	9a3a9171ea54cfc5	Codex	full-ko-20261006	2026-10-06	全量本機候選；未經母語者審閱；韓文普通空白採 8 px；窗口與正式包另驗
ESPMES#117.57	b5ff8497f625ec84	도와줘서 고맙네‥	accepted	5670bc7dfe0a32ce	Codex	full-ko-20261006	2026-10-06	全量本機候選；未經母語者審閱；韓文普通空白採 8 px；窗口與正式包另驗
ESPMES#117.58	588c2606352cfcb0	아이고～!	accepted	9a779b668bbfc9ea	Codex	full-ko-20261006	2026-10-06	全量本機候選；未經母語者審閱；韓文普通空白採 8 px；窗口與正式包另驗
ESPMES#117.59	7e82c9f641551fd6	아직 도착하지 않았어?	accepted	a5d93e25457913fb	Codex	full-ko-20261006	2026-10-06	全量本機候選；未經母語者審閱；韓文普通空白採 8 px；窗口與正式包另驗
ESPMES#117.60	ecb1081322774be0	됐어, 됐어.\n계약은 여기서 끝이야.\n어서 위약금을 내고\n저리 가 버려!	accepted	a58b597e18d2700b	Codex	full-ko-20261006	2026-10-06	全量本機候選；未經母語者審閱；韓文普通空白採 8 px；窗口與正式包另驗
ESPMES#117.61	729df17def82adeb	안타깝지만‥\n이 일을 계속해도 이제 의미가 없네‥	accepted	cbdde1ca4ee71c16	Codex	full-ko-20261006	2026-10-06	全量本機候選；未經母語者審閱；韓文普通空白採 8 px；窗口與正式包另驗
ESPMES#117.62	9de43bc98027275f	맙소사! 이제 시간이 없네.	accepted	65d8d486d87a7967	Codex	full-ko-20261006	2026-10-06	全量本機候選；未經母語者審閱；韓文普通空白採 8 px；窗口與正式包另驗
ESPMES#117.63	2318768b6b0173c8	도와줘서 정말 고맙네.\n하지만 이미 늦었어.	accepted	9ec36eb082a70914	Codex	full-ko-20261006	2026-10-06	全量本機候選；未經母語者審閱；韓文普通空白採 8 px；窗口與正式包另驗
ESPMES#117.64	c242c80e40bccc13	그럼 잘 가게‥	accepted	88b70f1b72571804	Codex	full-ko-20261006	2026-10-06	全量本機候選；未經母語者審閱；韓文普通空白採 8 px；窗口與正式包另驗
ESPMES#117.65	4e2dcbd10958c824	이미 일을 맡았으니‥%s 에 가지 않으면 안 돼‥	accepted	1ab6e5a634fc8719	Codex	full-ko-20261006	2026-10-06	全量本機候選；未經母語者審閱；韓文普通空白採 8 px；窗口與正式包另驗
ESPMES#117.66	1a5a4c9cc835bc6c	오! 피 묻은 천사를 보라.\n우리의 피비린내 나는 죄를 참회하자. 그러면 하느님께 용서받을 수 있다.	accepted	ac20d7ccff9dc0ee	Codex	full-ko-20261006	2026-10-06	全量本機候選；未經母語者審閱；韓文普通空白採 8 px；窗口與正式包另驗
ESPMES#117.67	e51c53ed58e0d64d	마음씨 착한 전사들이여, 마음 깊이 신께서 늘 함께하심을 믿으시오.	accepted	4a13c4a09ac94fd7	Codex	full-ko-20261006	2026-10-06	全量本機候選；未經母語者審閱；韓文普通空白採 8 px；窗口與正式包另驗
ESPMES#117.68	6262cd37045ab8dc	병사들의 피로가 풀렸다.\n	accepted	4d3c122022863b26	Codex	full-ko-20261006	2026-10-06	全量本機候選；未經母語者審閱；韓文普通空白採 8 px；窗口與正式包另驗
ESPMES#117.69	47bb746196450bd8	이교도들아!\n어서 이 성지를 떠나라!\n	accepted	5641a1978f957db2	Codex	full-ko-20261006	2026-10-06	全量本機候選；未經母語者審閱；韓文普通空白採 8 px；窗口與正式包另驗
ESPMES#117.70	40b3df1cc3fb3b7c	어서 와요! 뭘 마시겠어요?\n	accepted	c5abe45e83e8b863	Codex	full-ko-20261006	2026-10-06	全量本機候選；未經母語者審閱；韓文普通空白採 8 px；窗口與正式包另驗
ESPMES#117.71	2be39383199f0bdb	처음 오셨나요?\n잘됐네요. 손님은 다 반갑죠. 좋은 분들 같아요.\n느긋하게 즐기세요!	accepted	bab6999dbc09b466	Codex	full-ko-20261006	2026-10-06	全量本機候選；未經母語者審閱；韓文普通空白採 8 px；窗口與正式包另驗
ESPMES#117.72	ac8e228d9b4e9848	아～날 꼬시러 일부러 왔어요?\n그러지 마요. 화낼 거예요.\n마시고 싶은 건 편하게 말해요.	accepted	baf48412adf19312	Codex	full-ko-20261006	2026-10-06	全量本機候選；未經母語者審閱；韓文普通空白採 8 px；窗口與正式包另驗
ESPMES#117.73	1430b91133a90a9a	어이! 잘난 척은 그만하지?\n날 무시해‥젠장! 이 녀석들! 내 무서움을 맛봐라!	accepted	0b9be0c3c83748b3	Codex	full-ko-20261006	2026-10-06	全量本機候選；未經母語者審閱；韓文普通空白採 8 px；窗口與正式包另驗
ESPMES#118.0	ded1ca1ab7a145b5	디난도 대장!\n%s 의 상황이 좀 이상한 것 같습니다.	accepted	a5d9c8fab7abe8d1	Codex	full-ko-20261006	2026-10-06	全量本機候選；未經母語者審閱；韓文普通空白採 8 px；窗口與正式包另驗
ESPMES#118.1	2ae8ab6a5cf38f6a	입수한 정보에 따르면 %s 가 %s 를 점령했습니다. 	accepted	e32081eee888c29a	Codex	full-ko-20261006	2026-10-06	全量本機候選；未經母語者審閱；韓文普通空白採 8 px；窗口與正式包另驗；完整字詞保持，改由既定折行器重新折行
ESPMES#118.2	d3a9ef19602c5369	%s 에서 %s 가 활동 중입니다. 상황이 매우 급박하다고 합니다.	accepted	60176c0b9add9589	Codex	full-ko-20261006	2026-10-06	全量本機候選；未經母語者審閱；韓文普通空白採 8 px；窗口與正式包另驗
ESPMES#118.3	1fab4a5d21e4f0c0	%s 의 상황이 좀 이상한 것 같습니다.	accepted	eeecb0f1be39b0da	Codex	full-ko-20261006	2026-10-06	全量本機候選；未經母語者審閱；韓文普通空白採 8 px；窗口與正式包另驗
ESPMES#118.4	023d67b91092ad11	%s 가 %s 를 공격하여 성공한 것 같습니다.	accepted	8c9d56d2d62a3b2a	Codex	full-ko-20261006	2026-10-06	全量本機候選；未經母語者審閱；韓文普通空白採 8 px；窗口與正式包另驗
ESPMES#118.5	c7681a708449a64a	%s 의 세력이 커졌습니다. 보고에 따르면 거점이 %d개입니다.	accepted	596d69fa75b3c9dd	Codex	full-ko-20261006	2026-10-06	全量本機候選；未經母語者審閱；韓文普通空白採 8 px；窗口與正式包另驗
ESPMES#118.6	1cbd69101e52118e	%s 가 %s 를 공격한 것 같습니다. 하지만 정보에 따르면 격퇴당한 듯합니다.	accepted	662e229d859273dc	Codex	full-ko-20261006	2026-10-06	全量本機候選；未經母語者審閱；韓文普通空白採 8 px；窗口與正式包另驗
ESPMES#118.7	d97d47dedcb318a7	용병인가?\n그렇다면 이 임무를 맡아 보겠나?	accepted	fef9c17ccc35497f	Codex	full-ko-20261006	2026-10-06	全量本機候選；未經母語者審閱；韓文普通空白採 8 px；窗口與正式包另驗
ESPMES#118.8	53bb79b072a31d46	의뢰인은 이곳 %s 의 유명 인사다. 보수는 %ldＧ다. 더는 말할 수 없다. 맡겠나?	accepted	c887a586cda885ab	Codex	full-ko-20261006	2026-10-06	全量本機候選；未經母語者審閱；韓文普通空白採 8 px；窗口與正式包另驗；完整字詞保持，改由既定折行器重新折行
ESPMES#118.9	493481afa39b9b44	잘됐군.	accepted	859871737b4e532a	Codex	full-ko-20261006	2026-10-06	全量本機候選；未經母語者審閱；韓文普通空白採 8 px；窗口與正式包另驗
ESPMES#118.10	784a721ca21ccf9d	부탁하네! 승리한 뒤 보수를 주겠네.	accepted	e1d6e85ad1583d1d	Codex	full-ko-20261006	2026-10-06	全量本機候選；未經母語者審閱；韓文普通空白採 8 px；窗口與正式包另驗
ESPMES#118.11	55eb60fd74295e99	오! 그런가!\n그럼 다른 용병단을 찾아야겠군.	accepted	d0c5c867b4752226	Codex	full-ko-20261006	2026-10-06	全量本機候選；未經母語者審閱；韓文普通空白採 8 px；窗口與正式包另驗
ESPMES#118.12	af6efcc1333cee76	참 잘 왔군.\n마침 너희와 죽이 맞을 만한 임무가 있어‥	accepted	17577e5673aa09eb	Codex	full-ko-20261006	2026-10-06	全量本機候選；未經母語者審閱；韓文普通空白採 8 px；窗口與正式包另驗
ESPMES#118.13	688077277e412145	%s 는 지금 봉쇄되어 있네‥\n문제는 그 거점을 그대로 내버려 둘 수 없다는 거야.	accepted	6dffc844984c0c27	Codex	full-ko-20261006	2026-10-06	全量本機候選；未經母語者審閱；韓文普通空白採 8 px；窗口與正式包另驗
ESPMES#118.14	dbf7a5da1abf9c8c	각지의 영웅을 모집하며 후한 보수를 주겠네.	accepted	748ea3847c7576f1	Codex	full-ko-20261006	2026-10-06	全量本機候選；未經母語者審閱；韓文普通空白採 8 px；窗口與正式包另驗
ESPMES#118.15	57b7bf54d6427357	상금은 %ldＧ다. 너희에게 딱 맞겠지.	accepted	d1ba29e0276d318a	Codex	full-ko-20261006	2026-10-06	全量本機候選；未經母語者審閱；韓文普通空白採 8 px；窗口與正式包另驗
ESPMES#118.16	2c5d712fff55f318	나는 너무 늙어 예전처럼 싸울 수 없네.\n어떤가? 나 대신 출정하겠나?	accepted	469e51dda865be4e	Codex	full-ko-20261006	2026-10-06	全量本機候選；未經母語者審閱；韓文普通空白採 8 px；窗口與正式包另驗
ESPMES#118.17	7e46692996cbd267	음! 좋아!\n승리하면 상금을 줄 테니 안심하고 싸우게!	accepted	1a4b20751b319de0	Codex	full-ko-20261006	2026-10-06	全量本機候選；未經母語者審閱；韓文普通空白採 8 px；窗口與正式包另驗
ESPMES#118.18	af25ef7c4a262494	기운을 내게!	accepted	a9f686b2c300cfda	Codex	full-ko-20261006	2026-10-06	全量本機候選；未經母語者審閱；韓文普通空白採 8 px；窗口與正式包另驗
ESPMES#118.19	79d7137626c186ee	너희를 잘못 봤군‥\n	accepted	a680d3c5e1842671	Codex	full-ko-20261006	2026-10-06	全量本機候選；未經母語者審閱；韓文普通空白採 8 px；窗口與正式包另驗
ESPMES#118.20	60c9bdaf5497d828	‥용병인가?\n‥그럼 쓸데없는 말은 그만.\n%s 의 적을 물리쳐.	accepted	72ebdab4d1cf2a45	Codex	full-ko-20261006	2026-10-06	全量本機候選；未經母語者審閱；韓文普通空白採 8 px；窗口與正式包另驗
ESPMES#118.21	4d763013176db816	보수는 %ldＧ다.\n싸움이 너희에게 가장 좋은 선택이지.	accepted	dc77a77aff15b8f4	Codex	full-ko-20261006	2026-10-06	全量本機候選；未經母語者審閱；韓文普通空白採 8 px；窗口與正式包另驗
ESPMES#118.22	b53d1f897fc5275e	좋다면! 어서 전장으로 가!	accepted	36e58b7216a48be5	Codex	full-ko-20261006	2026-10-06	全量本機候選；未經母語者審閱；韓文普通空白採 8 px；窗口與正式包另驗
ESPMES#118.23	ad84ccd794f32da4	싸우지 않고 무슨 용병이냐!	accepted	0f9e69ff8d09c56f	Codex	full-ko-20261006	2026-10-06	全量本機候選；未經母語者審閱；韓文普通空白採 8 px；窗口與正式包另驗
ESPMES#118.24	084cd73edb0a2613	잘 왔네.\n마침 맡길 일이 있어‥	accepted	2b7a0806c8a3c1dc	Codex	full-ko-20261006	2026-10-06	全量本機候選；未經母語者審閱；韓文普通空白採 8 px；窗口與正式包另驗
ESPMES#118.25	a834d7723f06ca9e	이곳의 어떤 분이 %s 의 방어력 강화를 부탁했네.\n	accepted	fe14bf7429430849	Codex	full-ko-20261006	2026-10-06	全量本機候選；未經母語者審閱；韓文普通空白採 8 px；窗口與正式包另驗
ESPMES#118.26	411925140dc41174	임무는 이곳 내구력을\n%d까지 높이는 것이네.	accepted	09fe235e14185941	Codex	full-ko-20261006	2026-10-06	全量本機候選；未經母語者審閱；韓文普通空白採 8 px；窗口與正式包另驗
ESPMES#118.27	a839d7b77623f57b	보수는 %ldＧ다. 어떤가? 해 보겠나?	accepted	4326462639fde425	Codex	full-ko-20261006	2026-10-06	全量本機候選；未經母語者審閱；韓文普通空白採 8 px；窗口與正式包另驗
ESPMES#118.28	499554439a77f040	그럼 완료하면 다시 만나세.	accepted	c0dde342280b3250	Codex	full-ko-20261006	2026-10-06	全量本機候選；未經母語者審閱；韓文普通空白採 8 px；窗口與正式包另驗
ESPMES#118.29	8c3566d1d3a12933	맡을 수 없다니‥아쉽군‥	accepted	dfabad171c2aae7d	Codex	full-ko-20261006	2026-10-06	全量本機候選；未經母語者審閱；韓文普通空白採 8 px；窗口與正式包另驗
ESPMES#118.30	62ac383b25c36962	너희는 %s 의 적에게 패하고 돌아왔네.\n보수를 줄 수는 없지만 고생했으니 절반만 주겠네.	accepted	c41cbb0396fec8a0	Codex	full-ko-20261006	2026-10-06	全量本機候選；未經母語者審閱；韓文普通空白採 8 px；窗口與正式包另驗
ESPMES#118.31	62ac383b25c36962	너희는 %s 의 적에게 패하고 돌아왔네.\n보수를 줄 수는 없지만 고생했으니 절반만 주겠네.	accepted	c41cbb0396fec8a0	Codex	full-ko-20261006	2026-10-06	全量本機候選；未經母語者審閱；韓文普通空白採 8 px；窗口與正式包另驗
ESPMES#118.32	62ac383b25c36962	너희는 %s 의 적에게 패하고 돌아왔네.\n보수를 줄 수는 없지만 고생했으니 절반만 주겠네.	accepted	c41cbb0396fec8a0	Codex	full-ko-20261006	2026-10-06	全量本機候選；未經母語者審閱；韓文普通空白採 8 px；窗口與正式包另驗
ESPMES#118.33	78ed975477239931	목표 %s 를 점령했군.\n보수는 %ldＧ다.\n	accepted	213ed0591033dd09	Codex	full-ko-20261006	2026-10-06	全量本機候選；未經母語者審閱；韓文普通空白採 8 px；窗口與正式包另驗
ESPMES#118.34	78ed975477239931	목표 %s 를 점령했군.\n보수는 %ldＧ다.\n	accepted	213ed0591033dd09	Codex	full-ko-20261006	2026-10-06	全量本機候選；未經母語者審閱；韓文普通空白採 8 px；窗口與正式包另驗
ESPMES#118.35	78ed975477239931	목표 %s 를 점령했군.\n보수는 %ldＧ다.\n	accepted	213ed0591033dd09	Codex	full-ko-20261006	2026-10-06	全量本機候選；未經母語者審閱；韓文普通空白採 8 px；窗口與正式包另驗
ESPMES#118.36	56cbbcbf9f78b519	%s 의 강화가\n완료되었군.\n	accepted	4c5a665c66d5ab3c	Codex	full-ko-20261006	2026-10-06	全量本機候選；未經母語者審閱；韓文普通空白採 8 px；窗口與正式包另驗
ESPMES#118.37	44dec46ce015f6f1	보수 %ldＧ다.\n받게.	accepted	e60629e6cf20aefc	Codex	full-ko-20261006	2026-10-06	全量本機候選；未經母語者審閱；韓文普通空白採 8 px；窗口與正式包另驗
ESPMES#118.38	33dfe258f2bbcd60	%s 가 점령당했군‥\n	accepted	9bd22f49ac654bf8	Codex	full-ko-20261006	2026-10-06	全量本機候選；未經母語者審閱；韓文普通空白採 8 px；窗口與正式包另驗
ESPMES#118.39	26182526eab03120	보수를 줄 사람도 없어졌으니 계속할 필요가 없네. 계약은 무효로 하세.	accepted	513f80b20974e80d	Codex	full-ko-20261006	2026-10-06	全量本機候選；未經母語者審閱；韓文普通空白採 8 px；窗口與正式包另驗
ESPMES#118.40	502b073bf915af6d	잘됐군. 드디어 숨겨진 집을 찾았어!\n여기서도 붙잡힌다면 인정할 수밖에!	accepted	db55b0c09398f7ba	Codex	full-ko-20261006	2026-10-06	全量本機候選；未經母語者審閱；韓文普通空白採 8 px；窗口與正式包另驗
ESPMES#118.41	5278d47263555fb3	이 배신자!\n여기서 처단해 주마!\n세라피 공작의 딸 디시레드 카디르는 비겁하게 숨지 않는다!	accepted	c95a2fe2f15623e5	Codex	full-ko-20261006	2026-10-06	全量本機候選；未經母語者審閱；韓文普通空白採 8 px；窗口與正式包另驗
ESPMES#118.42	9fe42acceb25265a	어이, 어이! 참 잘 말했군.\n내가 있을 필요도 없겠어. 다시 나설 생각도 없으니 모든 건 자네에게 달렸네.	accepted	718e7ba3cf4c5893	Codex	full-ko-20261006	2026-10-06	全量本機候選；未經母語者審閱；韓文普通空白採 8 px；窗口與正式包另驗
ESPMES#118.43	4a0d68e304910e28	어이! 좀 조용히 해! 여자에게 이런 짓은 하고 싶지 않아!\n나는 네가 생각하는 그런 악당이 아니야.	accepted	5a30619c661e7b06	Codex	full-ko-20261006	2026-10-06	全量本機候選；未經母語者審閱；韓文普通空白採 8 px；窗口與正式包另驗
ESPMES#118.44	9a415980e357387a	아가씨, 고난 속에서 고결한 뜻이 드러나는 법이오.\n이 녀석의 행동을 어떻게 생각하시오?	accepted	329d9f327794c48c	Codex	full-ko-20261006	2026-10-06	全量本機候選；未經母語者審閱；韓文普通空白採 8 px；窗口與正式包另驗
ESPMES#118.45	0f557165fdb132f1	아주 나쁜 사람 같지는 않고\n나름 사나이답군요.\n죽일 필요는 없을 것 같아요.\n	accepted	5bf07a477be67742	Codex	full-ko-20261006	2026-10-06	全量本機候選；未經母語者審閱；韓文普通空白採 8 px；窗口與正式包另驗
ESPMES#118.46	305ee94c72e65288	현 세라피 국왕 바디엔은 매우 교활해 비열한 수단으로 나라를 농락하고 있어.	accepted	3e02094ba30fe674	Codex	full-ko-20261006	2026-10-06	全量本機候選；未經母語者審閱；韓文普通空白採 8 px；窗口與正式包另驗
ESPMES#118.47	9856de7fd306dd41	좀 더 조심하지 않으면 언제 속는지도 모를 거야‥\n	accepted	784f3ef8365918fb	Codex	full-ko-20261006	2026-10-06	全量本機候選；未經母語者審閱；韓文普通空白採 8 px；窗口與正式包另驗
ESPMES#118.48	21b9a7443da5034b	‥그럼 나를 바디엔에게 데려다줄래?\n	accepted	429879300b2ee0e6	Codex	full-ko-20261006	2026-10-06	全量本機候選；未經母語者審閱；韓文普通空白採 8 px；窗口與正式包另驗
ESPMES#118.49	3c4d2472a6779c5e	지금 상태로는 얕보일 거야.\n조금 더 힘내!	accepted	b63a9a0c8877f0ec	Codex	full-ko-20261006	2026-10-06	全量本機候選；未經母語者審閱；韓文普通空白採 8 px；窗口與正式包另驗
ESPMES#118.50	4fed3f93e7197760	숨겨진 집이 있다고?\n북쪽 해안에‥	accepted	a3e858e34bdd41a3	Codex	full-ko-20261006	2026-10-06	全量本機候選；未經母語者審閱；韓文普通空白採 8 px；窗口與正式包另驗
ESPMES#118.51	0fc82d3d97608aa0	여기는 아닌 것 같아‥	accepted	98307778118ffd32	Codex	full-ko-20261006	2026-10-06	全量本機候選；未經母語者審閱；韓文普通空白採 8 px；窗口與正式包另驗
ESPMES#119.0	9236bcf56beaf050	공연을 열고 싶다고?	accepted	a6b34985ca75cc37	Codex	full-ko-20261006	2026-10-06	全量本機候選；未經母語者審閱；韓文普通空白採 8 px；窗口與正式包另驗
ESPMES#119.1	cc99fabc3952ec1a	글쎄‥지금 관객들에게\n인기 있는 건 %s 야.	accepted	7446e6b775197919	Codex	full-ko-20261006	2026-10-06	全量本機候選；未經母語者審閱；韓文普通空白採 8 px；窗口與正式包另驗
ESPMES#119.2	4bc4c54850c05f4a	여기서는 %s 가 유행해. 기간은 %d일이야.\n해 볼래?	accepted	696b5c43f5bfa13f	Codex	full-ko-20261006	2026-10-06	全量本機候選；未經母語者審閱；韓文普通空白採 8 px；窗口與正式包另驗
ESPMES#119.3	e34daeaa479f83d1	열심히 해.	accepted	ffe01c4d39b62a51	Codex	full-ko-20261006	2026-10-06	全量本機候選；未經母語者審閱；韓文普通空白採 8 px；窗口與正式包另驗
ESPMES#119.4	436fad5a659ebbfd	헛수고했네.\n	accepted	22b94504f09b92fa	Codex	full-ko-20261006	2026-10-06	全量本機候選；未經母語者審閱；韓文普通空白採 8 px；窗口與正式包另驗
ESPMES#119.5	2c2916a4a8de41b6	‥어이! 단원이 부족한데.	accepted	c0583a06a7ae8ba8	Codex	full-ko-20261006	2026-10-06	全量本機候選；未經母語者審閱；韓文普通空白採 8 px；窗口與正式包另驗
ESPMES#119.6	ec5fb4658ba2322b	%s 공연에는\n무희 %d명과\n가수 %d명이 필요해.	accepted	251af38b5ed6a259	Codex	full-ko-20261006	2026-10-06	全量本機候選；未經母語者審閱；韓文普通空白採 8 px；窗口與正式包另驗
ESPMES#119.7	88e472edbe5def53	‥공연하겠다면서 단원도 부족하잖아‥\n이 일은 없었던 걸로 하자.	accepted	ec9b1d6dc294ec75	Codex	full-ko-20261006	2026-10-06	全量本機候選；未經母語者審閱；韓文普通空白採 8 px；窗口與正式包另驗
ESPMES#119.8	90b3529151dfa32a	하하! 관객들이 아주 좋아했어!\n공연은 대성공이야!\n	accepted	777088effdb77d8a	Codex	full-ko-20261006	2026-10-06	全量本機候選；未經母語者審閱；韓文普通空白採 8 px；窗口與正式包另驗
ESPMES#119.9	1c6fddaed6488369	공연 수입은 %ldＧ야.	accepted	18151b8890cd9c54	Codex	full-ko-20261006	2026-10-06	全量本機候選；未經母語者審閱；韓文普通空白採 8 px；窗口與正式包另驗
ESPMES#119.10	d29916f8a4565a1d	그저 그렇군.\n공연은 성공한 편이야.	accepted	76ee06001c0c0efd	Codex	full-ko-20261006	2026-10-06	全量本機候選；未經母語者審閱；韓文普通空白採 8 px；窗口與正式包另驗
ESPMES#119.11	1c6fddaed6488369	공연 수입은 %ldＧ야.	accepted	18151b8890cd9c54	Codex	full-ko-20261006	2026-10-06	全量本機候選；未經母語者審閱；韓文普通空白採 8 px；窗口與正式包另驗
ESPMES#119.12	415f5f4af9a86c07	이게 대체 뭐야‥	accepted	033d4a6d525e23c3	Codex	full-ko-20261006	2026-10-06	全量本機候選；未經母語者審閱；韓文普通空白採 8 px；窗口與正式包另驗
ESPMES#119.13	b254861aef92eceb	공연이 완전히 실패했어!\n우리 가게 손님을 다 쫓아냈잖아!	accepted	def055d486e3418e	Codex	full-ko-20261006	2026-10-06	全量本機候選；未經母語者審閱；韓文普通空白採 8 px；窗口與正式包另驗
ESPMES#119.14	eb00b169ef2c51c9	공연으로 큰 손해를 봤다.\n%ldＧ 손실.	accepted	3f6465599633c445	Codex	full-ko-20261006	2026-10-06	全量本機候選；未經母語者審閱；韓文普通空白採 8 px；窗口與正式包另驗
ESPMES#119.15	63cea134ccc01f41	공연 실패!\n손님들이 불쾌해하며 떠났어.	accepted	dcef54a852b1e843	Codex	full-ko-20261006	2026-10-06	全量本機候選；未經母語者審閱；韓文普通空白採 8 px；窗口與正式包另驗
ESPMES#119.16	5d7fc36fee01c9a9	공연으로 손해를 봤다.\n%ldＧ 손실.	accepted	afe51c71883ae601	Codex	full-ko-20261006	2026-10-06	全量本機候選；未經母語者審閱；韓文普通空白採 8 px；窗口與正式包另驗
ESPMES#119.17	c7cd51d153a4d649	공연을 열고 싶다고?\n‥아직 일정이 잡히지 않았어.\n좀 있다가 다시 와 봐. 	accepted	0105ef09fd2a7135	Codex	full-ko-20261006	2026-10-06	全量本機候選；未經母語者審閱；韓文普通空白採 8 px；窗口與正式包另驗
ESPMES#119.18	749aca9496bbd336	우리 디난도 집단에는 무희나 가수가 없습니다.\n이만 가겠습니다.	accepted	a68b6cff085426c3	Codex	full-ko-20261006	2026-10-06	全量本機候選；未經母語者審閱；韓文普通空白採 8 px；窗口與正式包另驗
ESPMES#119.19	3fd008caf2a2766f	‥여자가 하나도 없으니 여기 와도 소용없어.\n어서 돌아가.	accepted	0c1fed5c8e75c086	Codex	full-ko-20261006	2026-10-06	全量本機候選；未經母語者審閱；韓文普通空白採 8 px；窗口與正式包另驗
ESPMES#119.20	c8ed814bc44ee986	우리 집단에도 춤추는 사람을 구해야겠군‥\n음! 구하면 다시 오겠어.	accepted	a62231d003645f75	Codex	full-ko-20261006	2026-10-06	全量本機候選；未經母語者審閱；韓文普通空白採 8 px；窗口與正式包另驗
ESPMES#119.21	351d1b98f9631ec4	음! 마음은 좋지만 춤출 사람이 없잖아.\n내가 춤추면 꼴이 우습겠지‥돌아가자.	accepted	d004a78da60135b4	Codex	full-ko-20261006	2026-10-06	全量本機候選；未經母語者審閱；韓文普通空白採 8 px；窗口與正式包另驗
ESPMES#119.22	494c4a58ab8fc2e7	일부러 여기까지 왔지만\n우리 중에 춤출 사람이 없네‥그냥 가자.	accepted	eb69c7b82a528147	Codex	full-ko-20261006	2026-10-06	全量本機候選；未經母語者審閱；韓文普通空白採 8 px；窗口與正式包另驗
ESPMES#119.23	539d4641de712f69	공연 대성공.	accepted	e2c517bd28112221	Codex	full-ko-20261006	2026-10-06	全量本機候選；未經母語者審閱；韓文普通空白採 8 px；窗口與正式包另驗
ESPMES#119.24	d661296109d44bc8	공연 성공.	accepted	3fc6cce15a286152	Codex	full-ko-20261006	2026-10-06	全量本機候選；未經母語者審閱；韓文普通空白採 8 px；窗口與正式包另驗
ESPMES#119.25	367b8e69e7aa837f	공연 실패.	accepted	3c3197c50eabcde2	Codex	full-ko-20261006	2026-10-06	全量本機候選；未經母語者審閱；韓文普通空白採 8 px；窗口與正式包另驗
ESPMES#119.26	ac6d80ca41c99371	봐! 자위대 모집에 모두 적극적이군.\n	accepted	b66788240d7d51a5	Codex	full-ko-20261006	2026-10-06	全量本機候選；未經母語者審閱；韓文普通空白採 8 px；窗口與正式包另驗
ESPMES#119.27	6074a5306095dd05	꾀부리는 사람 없이 모두 열심히 했어.\n오늘 아주 잘했군.	accepted	9bea3a1230ebf302	Codex	full-ko-20261006	2026-10-06	全量本機候選；未經母語者審閱；韓文普通空白採 8 px；窗口與正式包另驗
ESPMES#119.28	df2bc19063b1a791	이 젊은이들의 성과는 모두가 인정할 만하군‥\n	accepted	d5f217d703131176	Codex	full-ko-20261006	2026-10-06	全量本機候選；未經母語者審閱；韓文普通空白採 8 px；窗口與正式包另驗
ESPMES#119.29	f1424fc1ecd9672e	오늘 아주 잘했어!\n동지들! 수고했다!\n가르친 보람이 있군.	accepted	1349a2644631ae9a	Codex	full-ko-20261006	2026-10-06	全量本機候選；未經母語者審閱；韓文普通空白採 8 px；窗口與正式包另驗
ESPMES#119.30	526e758849226dbd	오늘 성과는 놀랍군. 이제 내 용병 집단에 들어올 자격이 있어!	accepted	6b137c8817df4a97	Codex	full-ko-20261006	2026-10-06	全量本機候選；未經母語者審閱；韓文普通空白採 8 px；窗口與正式包另驗
ESPMES#119.31	f4401a5c4de357c0	음! 바로 그거야!\n오늘 잘했어.\n	accepted	325dd9d8ae99d903	Codex	full-ko-20261006	2026-10-06	全量本機候選；未經母語者審閱；韓文普通空白採 8 px；窗口與正式包另驗
ESPMES#119.32	fb30c18c74a669dc	음! 그저 그렇군.\n하지만 내 부대는 적당히 하는 걸 용납하지 않아. 더 훈련해야겠어.	accepted	c0407503c05af508	Codex	full-ko-20261006	2026-10-06	全量本機候選；未經母語者審閱；韓文普通空白採 8 px；窗口與正式包另驗
ESPMES#119.33	a1cfdf5bc1d21321	오늘 훈련에는 제법 마음을 썼군.\n이렇게 계속하면 겨우 내 호위병은 되겠어.	accepted	4af4021cb7070588	Codex	full-ko-20261006	2026-10-06	全量本機候選；未經母語者審閱；韓文普通空白採 8 px；窗口與正式包另驗
ESPMES#119.34	eca70ad48be6eff0	부대가 조금씩 자리를 잡는군. 그래도 자만하지 말고 계속 노력해야 해.	accepted	d13e3b2bd3d417bd	Codex	full-ko-20261006	2026-10-06	全量本機候選；未經母語者審閱；韓文普通空白採 8 px；窗口與正式包另驗
ESPMES#119.35	45fc981ea4888317	모두 열심히 했지만\n진짜 실력을 갖추려면 경험을 더 쌓아야 해. 더 노력하도록.	accepted	fe0dfa91dcdddbcf	Codex	full-ko-20261006	2026-10-06	全量本機候選；未經母語者審閱；韓文普通空白採 8 px；窗口與正式包另驗
ESPMES#119.36	9c34ab64a726e142	어이, 어이! 오늘 왜 이래?\n너무 형편없어. 내 말을 듣기는 했나?	accepted	92bf1c7e92b44b3f	Codex	full-ko-20261006	2026-10-06	全量本機候選；未經母語者審閱；韓文普通空白採 8 px；窗口與正式包另驗
ESPMES#119.37	f80f295af5731487	이대로 계속해도 의미가 없겠군.\n	accepted	147da878f5e1ca83	Codex	full-ko-20261006	2026-10-06	全量本機候選；未經母語者審閱；韓文普通空白採 8 px；窗口與正式包另驗
ESPMES#119.38	148b07b811357a93	멈춰, 멈춰!\n오늘 훈련은 여기까지!	accepted	acfdeb121d769410	Codex	full-ko-20261006	2026-10-06	全量本機候選；未經母語者審閱；韓文普通空白採 8 px；窗口與正式包另驗
ESPMES#119.39	ba54d9449d8b4c31	내일은 더 진지하게 해!	accepted	e9998aa4f06ec9ba	Codex	full-ko-20261006	2026-10-06	全量本機候選；未經母語者審閱；韓文普通空白採 8 px；窗口與正式包另驗
ESPMES#119.40	d7a6d89935bfe04a	다들 왜 이래?\n지금까지\n훈련 성과가 있는 사람이 하나도 없어‥	accepted	f5bc3892ad7e6036	Codex	full-ko-20261006	2026-10-06	全量本機候選；未經母語者審閱；韓文普通空白採 8 px；窗口與正式包另驗
ESPMES#119.41	4c948501ff511273	다음 훈련은 더 엄격히 해야겠군.	accepted	48c44d0d91c34771	Codex	full-ko-20261006	2026-10-06	全量本機候選；未經母語者審閱；韓文普通空白採 8 px；窗口與正式包另驗
ESPMES#119.42	fef09ba615fb58d4	꾀부리지 마～\n제대로 훈련해! 진지하게 안 하면 한 푼도 안 줄 거야.	accepted	ece2cbfded6a4148	Codex	full-ko-20261006	2026-10-06	全量本機候選；未經母語者審閱；韓文普通空白採 8 px；窗口與正式包另驗
ESPMES#119.43	b7a18c0215b05816	오늘 훈련은 차마 못 봐 줄 지경이야.	accepted	d21a19bef1c79658	Codex	full-ko-20261006	2026-10-06	全量本機候選；未經母語者審閱；韓文普通空白採 8 px；窗口與正式包另驗
ESPMES#119.44	7a87dafbdad7b4c4	노력한 만큼 얻어야 쓸모 있는 병사가 된다.\n낙심 말고 계속 힘내.	accepted	07016aa6b2af97a5	Codex	full-ko-20261006	2026-10-06	全量本機候選；未經母語者審閱；韓文普通空白採 8 px；窗口與正式包另驗
ESPMES#120.0	35814ca7728e7e86	어서 와요. 처음 뵙겠네요. 안녕하세요! 군인들이죠?	accepted	860245ff74447862	Codex	full-ko-20261006	2026-10-06	全量本機候選；未經母語者審閱；韓文普通空白採 8 px；窗口與正式包另驗
ESPMES#120.1	f859a3f5a409b00d	음! 맛이 정말 좋군. 이런 곳에서 좋은 술을 마실 줄이야.	accepted	20327d0915eab4f4	Codex	full-ko-20261006	2026-10-06	全量本機候選；未經母語者審閱；韓文普通空白採 8 px；窗口與正式包另驗
ESPMES#120.2	90cca28bbf350344	어? 저 아가씨가 날 보네. 히히! 언제 시간 돼? 같이 밥 먹을래?	accepted	70d1781eb0140323	Codex	full-ko-20261006	2026-10-06	全量本機候選；未經母語者審閱；韓文普通空白採 8 px；窗口與正式包另驗
ESPMES#120.3	3dd104fd7bc29f65	아하! 나는 싸움을 업으로 삼는 사람이지. 도움이 필요한 일 없나? 아무리 격렬한 전투라도 문제없어!	accepted	09c95470d32b8f6a	Codex	full-ko-20261006	2026-10-06	全量本機候選；未經母語者審閱；韓文普通空白採 8 px；窗口與正式包另驗
ESPMES#120.4	616e3bd43ff9c5f1	멋진 군인 아저씨! 총이 정말 근사하네요. 보여 주세요. 히히! 이 아가씨가 나한테 관심 있나?	accepted	a222cda8c32b66b6	Codex	full-ko-20261006	2026-10-06	全量本機候選；未經母語者審閱；韓文普通空白採 8 px；窗口與正式包另驗；完整字詞保持，改由既定折行器重新折行
ESPMES#120.5	bf0a92cae65ac73a	‥맞아. 지금은 용병으로 일해.	accepted	8ed20f267516641b	Codex	full-ko-20261006	2026-10-06	全量本機候選；未經母語者審閱；韓文普通空白採 8 px；窗口與正式包另驗
ESPMES#120.6	f89236bb2b99a6d9	그렇군요‥. 오래 싸웠으니 잘 쉬어야죠. 자, 술부터 한 잔 드세요.	accepted	00310c64c69d5df0	Codex	full-ko-20261006	2026-10-06	全量本機候選；未經母語者審閱；韓文普通空白採 8 px；窗口與正式包另驗
ESPMES#120.7	89ba0796148cca9e	하하하! 고마워! 고마워! 앞으로 잘 부탁해.	accepted	03ef249b04abd789	Codex	full-ko-20261006	2026-10-06	全量本機候選；未經母語者審閱；韓文普通空白採 8 px；窗口與正式包另驗
ESPMES#120.8	e2ab8ef8b7aea10f	어서 와요. 군인이세요? 들어오세요!	accepted	b565fc00e1806720	Codex	full-ko-20261006	2026-10-06	全量本機候選；未經母語者審閱；韓文普通空白採 8 px；窗口與正式包另驗
ESPMES#120.9	f3a93ef395d16431	음‥. 다음은 어디를 공격할까‥?\n아! 여기서 가장 좋은 술을 줘.‥조금도 방심할 수 없지.	accepted	ea72f542fbf2ffbb	Codex	full-ko-20261006	2026-10-06	全量本機候選；未經母語者審閱；韓文普通空白採 8 px；窗口與正式包另驗
ESPMES#120.10	06f7e85f5cbf8e16	이야! 멋지군! 미녀가 이렇게 많다니. 미녀를 보며 마시면 술맛도 달라지는걸.	accepted	defe22a0672c1d8a	Codex	full-ko-20261006	2026-10-06	全量本機候選；未經母語者審閱；韓文普通空白採 8 px；窗口與正式包另驗
ESPMES#120.11	df6271a959872ec6	과찬이야! 사실 나는 이 용병 집단의 대장이지.\n어때? 풍기는 기품이 좀 다르지?	accepted	842fe117b7e11d36	Codex	full-ko-20261006	2026-10-06	全量本機候選；未經母語者審閱；韓文普通空白採 8 px；窗口與正式包另驗
ESPMES#120.12	616e3bd43ff9c5f1	멋진 군인 아저씨! 총이 정말 근사하네요. 보여 주세요. 히히! 이 아가씨가 나한테 관심 있나?	accepted	a222cda8c32b66b6	Codex	full-ko-20261006	2026-10-06	全量本機候選；未經母語者審閱；韓文普通空白採 8 px；窗口與正式包另驗；完整字詞保持，改由既定折行器重新折行
ESPMES#120.13	b7f271cfe0e0b5a3	안녕! 가게가 참 예쁘네.	accepted	d2624a5b9ff88e0b	Codex	full-ko-20261006	2026-10-06	全量本機候選；未經母語者審閱；韓文普通空白採 8 px；窗口與正式包另驗
ESPMES#120.14	ad043b2840a0a2eb	하하, 잘 부탁해. 여기는 참 편안한 느낌이네.	accepted	33cffda2a8b0234a	Codex	full-ko-20261006	2026-10-06	全量本機候選；未經母語者審閱；韓文普通空白採 8 px；窗口與正式包另驗
ESPMES#120.15	6ad7217a131f4156	하하! 고마워! 일도 열심히 해.	accepted	1515a02aab6ccc1b	Codex	full-ko-20261006	2026-10-06	全量本機候選；未經母語者審閱；韓文普通空白採 8 px；窗口與正式包另驗
ESPMES#120.16	e4462c7201aa27b4	어서 와요! 어? 용병이에요? 요즘 정말 불안하네요. 편하게 앉으세요.	accepted	fa8bc06655d2ee5e	Codex	full-ko-20261006	2026-10-06	全量本機候選；未經母語者審閱；韓文普通空白採 8 px；窗口與正式包另驗
ESPMES#120.17	bfe9bcf1ce496147	세상이 불안해야 우리가 먹고살지. 우리가 있어야 너도 먹고살잖아? 여기서 좀 쉬자!	accepted	ae4df5263fdb1021	Codex	full-ko-20261006	2026-10-06	全量本機候選；未經母語者審閱；韓文普通空白採 8 px；窗口與正式包另驗
ESPMES#120.18	18ac1b8eb9694700	하하! 요즘 정말 바쁘군.\n가끔은 사랑하는 여자와 어디든 바람 쐬러 가고 싶어.	accepted	354ddb54d6614100	Codex	full-ko-20261006	2026-10-06	全量本機候選；未經母語者審閱；韓文普通空白採 8 px；窗口與正式包另驗
ESPMES#120.19	0971aaf8a0e08552	하하! 세상이 어지러워야 우리 장사가 잘되지. 하지만 너무 잘되는 것도 좋은 징조는 아니야.	accepted	2faab8b876c34d58	Codex	full-ko-20261006	2026-10-06	全量本機候選；未經母語者審閱；韓文普通空白採 8 px；窗口與正式包另驗
ESPMES#120.20	137c69742c21c600	와～! 너무 피곤해! 좀 쉬자.\n세상이 불안할 때가 우리가 돈 벌 기회지.	accepted	f050f1c0b3d6d4ff	Codex	full-ko-20261006	2026-10-06	全量本機候選；未經母語者審閱；韓文普通空白採 8 px；窗口與正式包另驗
ESPMES#120.21	e5c34b5f6e6ddde8	‥맞아. 이 난세가 빨리 진정되면 좋겠군. 우리도 힘을 보태겠어.	accepted	dd2de010787bb481	Codex	full-ko-20261006	2026-10-06	全量本機候選；未經母語者審閱；韓文普通空白採 8 px；窗口與正式包另驗
ESPMES#120.22	a602b57198aa9b1a	이 난세가 언제 끝날지 모르겠군! 우리는 계속 힘써야겠어.	accepted	89b007ac98a56f26	Codex	full-ko-20261006	2026-10-06	全量本機候選；未經母語者審閱；韓文普通空白採 8 px；窗口與正式包另驗
ESPMES#120.23	4ec9333307d89d78	하하하! 군인은 원래 그래. 불평하지 마. 이 시대가 그렇잖아.	accepted	bca970dac8859b48	Codex	full-ko-20261006	2026-10-06	全量本機候選；未經母語者審閱；韓文普通空白採 8 px；窗口與正式包另驗
ESPMES#120.24	0b7408af8d69f293	‥어서 오세요‥.	accepted	73b3df79091e024a	Codex	full-ko-20261006	2026-10-06	全量本機候選；未經母語者審閱；韓文普通空白採 8 px；窗口與正式包另驗
ESPMES#120.25	f7a9df681693c73c	‥‥。	accepted	63cb9ce9f9e6d272	Codex	full-ko-20261006	2026-10-06	全量本機候選；未經母語者審閱；韓文普通空白採 8 px；窗口與正式包另驗
ESPMES#120.26	308dbe68379bb8e6	‥‥왜 그래? 몸이 안 좋아? 의사를 불러 줄까? 너처럼 예쁜 아가씨는 더 기운을 내야지.	accepted	be2b08171a727885	Codex	full-ko-20261006	2026-10-06	全量本機候選；未經母語者審閱；韓文普通空白採 8 px；窗口與正式包另驗
ESPMES#120.27	46c89ba58f5c3239	‥。	accepted	ce47446777b6354e	Codex	full-ko-20261006	2026-10-06	全量本機候選；未經母語者審閱；韓文普通空白採 8 px；窗口與正式包另驗
ESPMES#120.28	deed7d29b3cd188d	어? 기분이 안 좋아!	accepted	bddad6d9a09ee9b6	Codex	full-ko-20261006	2026-10-06	全量本機候選；未經母語者審閱；韓文普通空白採 8 px；窗口與正式包另驗
ESPMES#120.29	f78a41c7ef3919fa	‥어‥어디가 불편한가?	accepted	540b3e9499b0bb3d	Codex	full-ko-20261006	2026-10-06	全量本機候選；未經母語者審閱；韓文普通空白採 8 px；窗口與正式包另驗
ESPMES#120.30	f7a9df681693c73c	‥‥。	accepted	63cb9ce9f9e6d272	Codex	full-ko-20261006	2026-10-06	全量本機候選；未經母語者審閱；韓文普通空白採 8 px；窗口與正式包另驗
ESPMES#120.31	f7a9df681693c73c	‥‥。	accepted	63cb9ce9f9e6d272	Codex	full-ko-20261006	2026-10-06	全量本機候選；未經母語者審閱；韓文普通空白採 8 px；窗口與正式包另驗
ESPMES#120.32	be972d76711a4c74	또 왔군! 너희를 보니 반가워!	accepted	991ce603d149801f	Codex	full-ko-20261006	2026-10-06	全量本機候選；未經母語者審閱；韓文普通空白採 8 px；窗口與正式包另驗
ESPMES#120.33	75fd6249e31b5973	‥여기 술이 맛있으니까. 뭐? 다 팔렸어! 어떻게 이래?	accepted	01ca75e584957697	Codex	full-ko-20261006	2026-10-06	全量本機候選；未經母語者審閱；韓文普通空白採 8 px；窗口與正式包另驗
ESPMES#120.34	081eb102a1a4d5c9	어? 우리를 기억하네! 일부러 왔으니 나중에 같이 한잔하자!	accepted	a5ad43d1c98c9841	Codex	full-ko-20261006	2026-10-06	全量本機候選；未經母語者審閱；韓文普通空白採 8 px；窗口與正式包另驗
ESPMES#120.35	5c145912477b921b	하하! 기운이 좋아 보이네.\n너처럼 귀여운 아가씨와는 자꾸 더 이야기하고 싶어!	accepted	154d721a7f83381c	Codex	full-ko-20261006	2026-10-06	全量本機候選；未經母語者審閱；韓文普通空白採 8 px；窗口與正式包另驗
ESPMES#120.36	32005aefbfe19bd7	음! 하마터면 못 올 뻔했어, 아가씨! 우리와 함께할래? 대우는 괜찮아!	accepted	4c3add98ce4307f1	Codex	full-ko-20261006	2026-10-06	全量本機候選；未經母語者審閱；韓文普通空白採 8 px；窗口與正式包另驗
ESPMES#120.37	e01f2d2a44d0572c	고마워! 하지만 다음 전투를 준비해야 해서 푹 쉴 수는 없을 것 같아.	accepted	4226568574fb8a86	Codex	full-ko-20261006	2026-10-06	全量本機候選；未經母語者審閱；韓文普通空白採 8 px；窗口與正式包另驗
ESPMES#120.38	1ef594274044f2bb	아하! 몇 번째 왔는지도 모르겠네! 하지만 오늘은 바빠서 한잔하고 곧 떠나야 해. 미안해.	accepted	99474efe6dab53e5	Codex	full-ko-20261006	2026-10-06	全量本機候選；未經母語者審閱；韓文普通空白採 8 px；窗口與正式包另驗
ESPMES#120.39	4d26b9093a831e34	음! 맞아.\n미안하지만 다음에 이야기하자!	accepted	0238d1372706e4f3	Codex	full-ko-20261006	2026-10-06	全量本機候選；未經母語者審閱；韓文普通空白採 8 px；窗口與正式包另驗
ESPMES#120.40	156f7b24b5377035	어서 와요! 당신들 이야기는 자주 들었어요!	accepted	6adb69bf6939765a	Codex	full-ko-20261006	2026-10-06	全量本機候選；未經母語者審閱；韓文普通空白採 8 px；窗口與正式包另驗
ESPMES#120.41	77d2a14fe1badac0	덕분에 오늘까지 살았지. 우리 용병은 매일 칼날 위에서 살아. 언제 끝장날지 몰라.	accepted	5acc084ea55635da	Codex	full-ko-20261006	2026-10-06	全量本機候選；未經母語者審閱；韓文普通空白採 8 px；窗口與正式包另驗
ESPMES#120.42	3cf93ae57ba5317a	오! 그럼 다음에 둘이서 제대로 이야기할 기회를 잡자!	accepted	860e27ba10db36bb	Codex	full-ko-20261006	2026-10-06	全量本機候選；未經母語者審閱；韓文普通空白採 8 px；窗口與正式包另驗
ESPMES#120.43	4f7fb65a2ca90776	오! 우리 소문을 들었나? 남들 말을 믿지 말고 직접 보고 믿어.	accepted	7e0e7ab294afef9c	Codex	full-ko-20261006	2026-10-06	全量本機候選；未經母語者審閱；韓文普通空白採 8 px；窗口與正式包另驗
ESPMES#120.44	bf236cfaf795d74e	하하하! 무슨 소문이 도는 거야? 그런 건 믿지 마!	accepted	ec61ed2c25a22613	Codex	full-ko-20261006	2026-10-06	全量本機候選；未經母語者審閱；韓文普通空白採 8 px；窗口與正式包另驗
ESPMES#120.45	1410ba8fc669a6b4	‥‥하하! 전설이라고?	accepted	819a597a85f83b1f	Codex	full-ko-20261006	2026-10-06	全量本機候選；未經母語者審閱；韓文普通空白採 8 px；窗口與正式包另驗
ESPMES#120.46	d9eac2bd96d15783	전장에서 도는 이야기는 대개 믿을 수 없어. 과장도 심하니 믿지 마.	accepted	ff5f7e893e6a3bae	Codex	full-ko-20261006	2026-10-06	全量本機候選；未經母語者審閱；韓文普通空白採 8 px；窗口與正式包另驗
ESPMES#120.47	2761036f12028f13	하하! 나도 제법 유명하군!	accepted	4f9eb951d8982a2f	Codex	full-ko-20261006	2026-10-06	全量本機候選；未經母語者審閱；韓文普通空白採 8 px；窗口與正式包另驗
ESPMES#120.48	4db1d957868e6428	어서 와요! 또 왔네요! 오늘은 실컷 마셔요!	accepted	d71ea1bca6ed395c	Codex	full-ko-20261006	2026-10-06	全量本機候選；未經母語者審閱；韓文普通空白採 8 px；窗口與正式包另驗
ESPMES#120.49	d2507834e5344183	음! 고생한 우리를 위해 건배!	accepted	d0e98a8cb87f30f5	Codex	full-ko-20261006	2026-10-06	全量本機候選；未經母語者審閱；韓文普通空白採 8 px；窗口與正式包另驗
ESPMES#120.50	491b442a35966ca0	하하하! 너 같은 미녀를 보러 왔지! 미녀를 위해 한잔하자!	accepted	c9b2b8241155a1d6	Codex	full-ko-20261006	2026-10-06	全量本機候選；未經母語者審閱；韓文普通空白採 8 px；窗口與正式包另驗
ESPMES#120.51	dfaa07d891c62e86	이 일은 정말 고되군. 우리는 장사 쪽으로 나가고 싶어!	accepted	1c70d8c4b61bc5c9	Codex	full-ko-20261006	2026-10-06	全量本機候選；未經母語者審閱；韓文普通空白採 8 px；窗口與正式包另驗
ESPMES#120.52	6521e9b2d3b9a7ec	모두를 격려하며 한잔하자!	accepted	f85758ae15bd71b9	Codex	full-ko-20261006	2026-10-06	全量本機候選；未經母語者審閱；韓文普通空白採 8 px；窗口與正式包另驗
ESPMES#120.53	78b408f4e66aebc3	고마워! 이 나라의 평화와 발전을 위해 건배!	accepted	2251ae1dfd4f6521	Codex	full-ko-20261006	2026-10-06	全量本機候選；未經母語者審閱；韓文普通空白採 8 px；窗口與正式包另驗
ESPMES#120.54	c6331e3a598138ef	미안하군! 우리의 승리를 위해 건배!	accepted	11052143f2fa2005	Codex	full-ko-20261006	2026-10-06	全量本機候選；未經母語者審閱；韓文普通空白採 8 px；窗口與正式包另驗
ESPMES#120.55	54c58ee581ee4b80	하하하! 건배!\n여러분! 앞으로도 잘 부탁해!	accepted	4d6155a193b1df85	Codex	full-ko-20261006	2026-10-06	全量本機候選；未經母語者審閱；韓文普通空白採 8 px；窗口與正式包另驗
ESPMES#120.56	514cc0ea9f4d6a81	‥어서 오세요‥.	accepted	73b3df79091e024a	Codex	full-ko-20261006	2026-10-06	全量本機候選；未經母語者審閱；韓文普通空白採 8 px；窗口與正式包另驗
ESPMES#120.57	f7a9df681693c73c	‥‥。	accepted	63cb9ce9f9e6d272	Codex	full-ko-20261006	2026-10-06	全量本機候選；未經母語者審閱；韓文普通空白採 8 px；窗口與正式包另驗
ESPMES#120.58	f7a9df681693c73c	‥‥。	accepted	63cb9ce9f9e6d272	Codex	full-ko-20261006	2026-10-06	全量本機候選；未經母語者審閱；韓文普通空白採 8 px；窗口與正式包另驗
ESPMES#120.59	46c89ba58f5c3239	‥。	accepted	ce47446777b6354e	Codex	full-ko-20261006	2026-10-06	全量本機候選；未經母語者審閱；韓文普通空白採 8 px；窗口與正式包另驗
ESPMES#120.60	f7a9df681693c73c	‥‥。	accepted	63cb9ce9f9e6d272	Codex	full-ko-20261006	2026-10-06	全量本機候選；未經母語者審閱；韓文普通空白採 8 px；窗口與正式包另驗
ESPMES#120.61	f7a9df681693c73c	‥‥。	accepted	63cb9ce9f9e6d272	Codex	full-ko-20261006	2026-10-06	全量本機候選；未經母語者審閱；韓文普通空白採 8 px；窗口與正式包另驗
ESPMES#120.62	f7a9df681693c73c	‥‥。	accepted	63cb9ce9f9e6d272	Codex	full-ko-20261006	2026-10-06	全量本機候選；未經母語者審閱；韓文普通空白採 8 px；窗口與正式包另驗
ESPMES#120.63	f7a9df681693c73c	‥‥。	accepted	63cb9ce9f9e6d272	Codex	full-ko-20261006	2026-10-06	全量本機候選；未經母語者審閱；韓文普通空白採 8 px；窗口與正式包另驗
ESPMES#120.64	22f087347ba7d701	특별한 소문은 없다.	accepted	c1bc4314689d1697	Codex	full-ko-20261006	2026-10-06	全量本機候選；未經母語者審閱；韓文普通空白採 8 px；窗口與正式包另驗
ESPMES#120.65	9272450ecfbf503a	맡고 있는 군사 작전 임무는 없다.	accepted	0fd1221b45e82263	Codex	full-ko-20261006	2026-10-06	全量本機候選；未經母語者審閱；韓文普通空白採 8 px；窗口與正式包另驗
ESPMES#120.66	82b78696a8f28f30	－점령 작전－   ‧목표‥%s ‧보수‥%ldＧ 	accepted	51a80ed0d559b80c	Codex	full-ko-20261006	2026-10-06	全量本機候選；未經母語者審閱；韓文普通空白採 8 px；窗口與正式包另驗；完整字詞保持，改由既定折行器重新折行
ESPMES#120.67	90ab4a7b4cdf6f7b	－강화 작전－   ‧거점‥‥%s ‧보수‥‥%ldＧ ‧목표 내구도‥%d 	accepted	6608877aa1ca4455	Codex	full-ko-20261006	2026-10-06	全量本機候選；未經母語者審閱；韓文普通空白採 8 px；窗口與正式包另驗；完整字詞保持，改由既定折行器重新折行
ESPMES#120.68	565399d0f823f0c1	맡고 있는 임무는 없다.	accepted	d451d4f023a4f243	Codex	full-ko-20261006	2026-10-06	全量本機候選；未經母語者審閱；韓文普通空白採 8 px；窗口與正式包另驗
ESPMES#120.69	b0ee4f1c7cfa4f24	－%s 운반－   ‧부대‥‥%s ‧보수‥‥%ldＧ ‧남은 기간%d 	accepted	e208e51cec9d13a9	Codex	full-ko-20261006	2026-10-06	全量本機候選；未經母語者審閱；韓文普通空白採 8 px；窗口與正式包另驗；完整字詞保持，改由既定折行器重新折行
ESPMES#120.70	9e46cdff6cca6c60	‧전 부대 봉급 합계‥‥%ldＧ\n‧부대별 합계\n    %s‥‥‥%2d명 %10ldＧ\n    %s‥‥‥%2d명 %10ldＧ\n    %s‥‥‥%2d명 %10ldＧ\n    %s‥‥‥%2d명 %10ldＧ\n    %s‥‥‥%2d명 %10ldＧ\n    %s‥‥‥%2d명 %10ldＧ\n	accepted	1226d80962626bfd	Codex	full-ko-20261006	2026-10-06	全量本機候選；未經母語者審閱；韓文普通空白採 8 px；窗口與正式包另驗
ESPMES#120.71	cd44ebb4c00d8d9a	［전 부대 봉급 합계］	accepted	9a85d91231893d12	Codex	full-ko-20261006	2026-10-06	全量本機候選；未經母語者審閱；韓文普通空白採 8 px；窗口與正式包另驗
ESPMES#120.72	72a941b277aa023b	획득한 물품이 없다.	accepted	87862d3f1daa1626	Codex	full-ko-20261006	2026-10-06	全量本機候選；未經母語者審閱；韓文普通空白採 8 px；窗口與正式包另驗
ESPMES#120.73	4a26b2bd932c9049	미티리티 성채 도시로 보내야 하는 세탁물. 소유자  %s 	accepted	634d17550e0b0f38	Codex	full-ko-20261006	2026-10-06	全量本機候選；未經母語者審閱；韓文普通空白採 8 px；窗口與正式包另驗；完整字詞保持，改由既定折行器重新折行
ESPMES#120.74	99e55cd6486d312f	수수께끼의 고문서. 모두 중세에 사라진 문자다. 소유자  %s 	accepted	2ed9eb05432919b4	Codex	full-ko-20261006	2026-10-06	全量本機候選；未經母語者審閱；韓文普通空白採 8 px；窗口與正式包另驗；完整字詞保持，改由既定折行器重新折行
ESPMES#120.75	a099d30f90142ef9	고대 비보의 위치를 표시한 지도. 소유자  %s 	accepted	b27d07044100df57	Codex	full-ko-20261006	2026-10-06	全量本機候選；未經母語者審閱；韓文普通空白採 8 px；窗口與正式包另驗；完整字詞保持，改由既定折行器重新折行
ESPMES#120.76	a59351cd07ec0d9c	동굴에서 힘들게 얻은 전리품인 목각 인형.\n	accepted	e5dd87fa6ede22c1	Codex	full-ko-20261006	2026-10-06	全量本機候選；未經母語者審閱；韓文普通空白採 8 px；窗口與正式包另驗
ESPMES#120.77	e5eb4326e99dc317	프란엔 무술 대회 우승으로 얻은 용사의 증표. 소유자  %s 	accepted	6073b49b16931b85	Codex	full-ko-20261006	2026-10-06	全量本機候選；未經母語者審閱；韓文普通空白採 8 px；窗口與正式包另驗；完整字詞保持，改由既定折行器重新折行
ESPMES#120.78	510c97979679ca23	아렘국 한파의 원인인 수수께끼의 기후 제어 기계 수리 도구.\n소유자  %s	accepted	562e7360c28c0b77	Codex	full-ko-20261006	2026-10-06	全量本機候選；未經母語者審閱；韓文普通空白採 8 px；窗口與正式包另驗
ESPMES#120.79	de4fc46169df3293	파시스국 리카로 니시의 세탁소로 보내야 하는 많은 세제.	accepted	0a48187dca59c66a	Codex	full-ko-20261006	2026-10-06	全量本機候選；未經母語者審閱；韓文普通空白採 8 px；窗口與正式包另驗
ESPMES#120.80	ad68b264ad197aa9	교환해도 되지만 쓸 때 들키면 안 된다.\n소유자  %s	accepted	c0cfb774494eff32	Codex	full-ko-20261006	2026-10-06	全量本機候選；未經母語者審閱；韓文普通空白採 8 px；窗口與正式包另驗
ESPMES#120.81	6845c7f31ee02f40	정교하게 만든 작은 상자. 고대 문명의 기술로 만들었다고 한다.\n소유자  %s	accepted	ce6c7fa430789c8a	Codex	full-ko-20261006	2026-10-06	全量本機候選；未經母語者審閱；韓文普通空白採 8 px；窗口與正式包另驗
ESPMES#120.82	1134080b9bb97359	동부 현자에게 얻은 １번째 물품. 수수께끼 상자를 여는 열쇠라고 한다.	accepted	3532e5c26a77be8c	Codex	full-ko-20261006	2026-10-06	全量本機候選；未經母語者審閱；韓文普通空白採 8 px；窗口與正式包另驗
ESPMES#120.83	7595ed7712ddfc74	서부 폐성의 왕에게 얻은 ２번째 물품. 수수께끼 상자를 여는 열쇠라고 한다.	accepted	2d4ad8c3975370df	Codex	full-ko-20261006	2026-10-06	全量本機候選；未經母語者審閱；韓文普通空白採 8 px；窗口與正式包另驗
ESPMES#120.84	43d745ddc6512513	남부 교주에게 얻은 ３번째 물품. 수수께끼 상자를 여는 열쇠라고 한다.	accepted	638f0d087ffbeb6c	Codex	full-ko-20261006	2026-10-06	全量本機候選；未經母語者審閱；韓文普通空白採 8 px；窗口與正式包另驗
ESPMES#120.85	3f5579a91084d690	북부 장군에게 얻은 ４번째 물품. 수수께끼 상자를 여는 열쇠라고 한다.	accepted	f355a7e8804af2a7	Codex	full-ko-20261006	2026-10-06	全量本機候選；未經母語者審閱；韓文普通空白採 8 px；窗口與正式包另驗
ESPMES#120.86	ef01568da7cc4b39	수수께끼 상자에서 얻은 옛 열쇠. 고대 보물의 문을 연다고 한다.\n소유자  %s	accepted	11e12f985c8501f9	Codex	full-ko-20261006	2026-10-06	全量本機候選；未經母語者審閱；韓文普通空白採 8 px；窗口與正式包另驗
ESPMES#120.87	547f9dbf1edb256d	모두 건강하다.\n치료할 필요가 없다.	accepted	35625874cd78d05c	Codex	full-ko-20261006	2026-10-06	全量本機候選；未經母語者審閱；韓文普通空白採 8 px；窗口與正式包另驗
ESPMES#120.88	b576870eeff1d7f2	도움이 필요한가요?\n‥그렇군요. 당신들은\n%ldＧ가 필요합니다.\n치료할까요?	accepted	1bb4cfd97e2a13bf	Codex	full-ko-20261006	2026-10-06	全量本機候選；未經母語者審閱；韓文普通空白採 8 px；窗口與正式包另驗
ESPMES#120.89	0dc25cd1ac4e31c8	알겠습니다.\n잠시 기다려 주세요.	accepted	fb087460a8471959	Codex	full-ko-20261006	2026-10-06	全量本機候選；未經母語者審閱；韓文普通空白採 8 px；窗口與正式包另驗
ESPMES#120.90	83b324f38d08b2dc	모두 회복했다.	accepted	060941d61f44051c	Codex	full-ko-20261006	2026-10-06	全量本機候選；未經母語者審閱；韓文普通空白採 8 px；窗口與正式包另驗
ESPMES#120.91	b2cdee95a799f1a9	치료 완료.	accepted	1959983a7ae1cb2b	Codex	full-ko-20261006	2026-10-06	全量本機候選；未經母語者審閱；韓文普通空白採 8 px；窗口與正式包另驗
ESPMES#120.92	4f6c21a4a1d3f080	그런가요?\n몸을 잘 돌보세요‥	accepted	23e7806572f62900	Codex	full-ko-20261006	2026-10-06	全量本機候選；未經母語者審閱；韓文普通空白採 8 px；窗口與正式包另驗
ESPMES#120.93	cd9fbf459ea433b3	어? 돈이 부족한 것 같군요‥\n죄송해요! 치료해 드릴 수 없어요.	accepted	1aeec53ea6348afb	Codex	full-ko-20261006	2026-10-06	全量本機候選；未經母語者審閱；韓文普通空白採 8 px；窗口與正式包另驗
ESPMES#121.0	3157b294e63d2d8e	젠장!\n모두 사라졌어‥	accepted	be2f1476dfc58c33	Codex	pilot-otherlangs-20261004	2026-10-04	2026-10-05 使用者明示接受譯文；未經母語者審閱；字模及正式語言包路徑另驗
ESPMES#121.1	9234ff65bfaeb2db	게다가 세계은행 놈들도\n우리를 가만두지 않을 거야.\n다들 무슨 수가 없나?	accepted	6d778b01a73a795b	Codex	pilot-otherlangs-20261004	2026-10-04	2026-10-05 使用者明示接受譯文；未經母語者審閱；字模及正式語言包路徑另驗
ESPMES#121.2	d153f5d8cd84f0bd	이제 정말 처음부터 다시야.	accepted	f1400f353a818b7a	Codex	pilot-otherlangs-20261004	2026-10-04	2026-10-05 使用者明示接受譯文；未經母語者審閱；字模及正式語言包路徑另驗
ESPMES#121.3	003dbdc4c510d61a	바보야! 빚이 남았잖아!\n마이너스부터 시작이지!	accepted	471c378a79144e0f	Codex	pilot-otherlangs-20261004	2026-10-04	2026-10-05 使用者明示接受譯文；未經母語者審閱；字模及正式語言包路徑另驗
ESPMES#121.4	1575bde8bd93cd65	제시‥\n늘 도와줘서 고마워! 난‥\n힘들 때 진짜 친구가 보여.	accepted	8e28566fd6c49004	Codex	pilot-otherlangs-20261004	2026-10-04	2026-10-05 使用者明示接受譯文；未經母語者審閱；字模及正式語言包路徑另驗
ESPMES#121.5	5c866a634b9cd790	쓸데없는 생각은 그만해!\n기운 내고 돈이나 벌자!	accepted	f6a592bcb9b4f8a6	Codex	pilot-otherlangs-20261004	2026-10-04	2026-10-05 使用者明示接受譯文；未經母語者審閱；字模及正式語言包路徑另驗
ESPMES#121.6	d19ffe49d71e0879	걱정 마, 걱정 마!\n운은 돌고 도는 법이야.\n잃은 것도 언젠가 돌아와.\n괜찮아!	accepted	547332b5754c54d8	Codex	pilot-otherlangs-20261004	2026-10-04	2026-10-05 使用者明示接受譯文；未經母語者審閱；字模及正式語言包路徑另驗
ESPMES#121.7	7ca5a5a5d1742bdd	가문을 일으키긴 어렵지만,\n내가 있잖아‥\n	accepted	b50151a43f61dea3	Codex	pilot-otherlangs-20261004	2026-10-04	2026-10-05 使用者明示接受譯文；未經母語者審閱；字模及正式語言包路徑另驗
ESPMES#121.8	fce431bab23f2496	맞아, 디난도!\n내 매력만 있으면\n빚은 금방 해결될 거야!\n	accepted	8a66a6c599d3f629	Codex	pilot-otherlangs-20261004	2026-10-04	2026-10-05 使用者明示接受譯文；未經母語者審閱；字模及正式語言包路徑另驗
ESPMES#121.9	2b930c5157e280cc	가문이 다시 일어나면\n나도 왕실 사교 모임에\n데려가 줘‥	accepted	a8ccc71801b8be21	Codex	pilot-otherlangs-20261004	2026-10-04	2026-10-05 使用者明示接受譯文；未經母語者審閱；字模及正式語言包路徑另驗
ESPMES#121.10	8f577c2e2255f6f7	디난도, 나도 잊지 마.\n이 혼란한 세상에서도\n신념은 지켜야 해‥	accepted	fd14c5dbf56baf7f	Codex	pilot-otherlangs-20261004	2026-10-04	2026-10-05 使用者明示接受譯文；未經母語者審閱；字模及正式語言包路徑另驗
ESPMES#121.11	bd926de314cf0341	아, 알아! 알고 있다고!\n어쨌든 빚에서 벗어날\n방법을 찾아야겠어‥	accepted	2a8a76ba1bb83de2	Codex	pilot-otherlangs-20261004	2026-10-04	2026-10-05 使用者明示接受譯文；未經母語者審閱；字模及正式語言包路徑另驗
ESPMES#121.12	78b9bc9e9a248b6c	맞아!\n내가 방법을 찾아볼게.\n다들 도와줘.	accepted	3fdad2d1f14b8baa	Codex	pilot-otherlangs-20261004	2026-10-04	2026-10-05 使用者明示接受譯文；未經母語者審閱；字模及正式語言包路徑另驗
ESPMES#121.13	9d20c871f6e2ce43	어쨌든 빨리 돈을 벌어야\n그 빚쟁이를 상대하지.	accepted	9a5a9f48e56cf37e	Codex	pilot-otherlangs-20261004	2026-10-04	2026-10-05 使用者明示接受譯文；未經母語者審閱；字模及正式語言包路徑另驗
ESPMES#121.14	e6843958bc5b71f0	뭐든 좋으니 어서 떠나자!\n여기서 말다툼해 봐야\n소용없어!	accepted	c7f7e5090db6b554	Codex	pilot-otherlangs-20261004	2026-10-04	2026-10-05 使用者明示接受譯文；未經母語者審閱；字模及正式語言包路徑另驗
ESPMES#121.15	3194959e1b28b7dd	그래, 떠나자!\n조금씩 빚을 갚아서\n빚을 모두 없애자!	accepted	6a3e64b13c556890	Codex	pilot-otherlangs-20261004	2026-10-04	2026-10-05 使用者明示接受譯文；未經母語者審閱；字模及正式語言包路徑另驗
ESPMES#121.16	9df5418b24bac435	리파레와 바루샤간의 적을 섬멸했군.	accepted	d37002812eb179fb	Codex	full-ko-20261006	2026-10-06	全量本機候選；未經母語者審閱；韓文普通空白採 8 px；窗口與正式包另驗
ESPMES#121.17	bf45f79baabfee04	보수 10만Ｇ를 곧 지급하겠다.	accepted	bbe0f4466ec658dc	Codex	full-ko-20261006	2026-10-06	全量本機候選；未經母語者審閱；韓文普通空白採 8 px；窗口與正式包另驗
ESPMES#121.18	7a96d3ad87db2444	사령부를 리파레로 옮기려 한다.\n나도 그곳으로 가겠다.	accepted	eb787e917ca003c2	Codex	full-ko-20261006	2026-10-06	全量本機候選；未經母語者審閱；韓文普通空白採 8 px；窗口與正式包另驗
ESPMES#121.19	9e95138599c6063f	앞으로의 행동은 더 연구해야\n하니 나를 찾아오게.	accepted	d6c590df2b861b0a	Codex	full-ko-20261006	2026-10-06	全量本機候選；未經母語者審閱；韓文普通空白採 8 px；窗口與正式包另驗
ESPMES#121.20	c62713f9015b6301	이제 바이아란스 전역을 통제했군.\n	accepted	971c6f9f852b5acc	Codex	full-ko-20261006	2026-10-06	全量本機候選；未經母語者審閱；韓文普通空白採 8 px；窗口與正式包另驗
ESPMES#121.21	c4b6ec0790e54500	개전 때 잃은 영토를 되찾았으니 레즈니아크 공국과 휴전을 고려 중이다‥	accepted	a8083f39c6d7ab9c	Codex	full-ko-20261006	2026-10-06	全量本機候選；未經母語者審閱；韓文普通空白採 8 px；窗口與正式包另驗
ESPMES#121.22	b25a4f4ec2238cd3	휴전 회담은 레즈니아크 영내의 레아리시에서 열릴 예정이다.	accepted	4442e16cf71bcca9	Codex	full-ko-20261006	2026-10-06	全量本機候選；未經母語者審閱；韓文普通空白採 8 px；窗口與正式包另驗
ESPMES#121.23	bdd366db9e1f3a04	약속한 보수 30만Ｇ를 곧 지급하겠다.	accepted	a672d70bf399e9a0	Codex	full-ko-20261006	2026-10-06	全量本機候選；未經母語者審閱；韓文普通空白採 8 px；窗口與正式包另驗
ESPMES#121.24	cb5910c937ed51b1	나도 레아리시로 갈 생각이다.\n우리를 위해 해 준 모든 일에\n고맙다.\n	accepted	9124c31d318e34c8	Codex	full-ko-20261006	2026-10-06	全量本機候選；未經母語者審閱；韓文普通空白採 8 px；窗口與正式包另驗
ESPMES#121.25	6e78ea87965533da	도난스타 요새가 점령당했다니, 어찌 된 일인가?!\n우리 병사들은 대체 뭘 하고 있나!	accepted	f4ba07e6031dd124	Codex	full-ko-20261006	2026-10-06	全量本機候選；未經母語者審閱；韓文普通空白採 8 px；窗口與正式包另驗
ESPMES#121.26	6e2f3600a6fde609	병력을 키드리오 요새로 모아라! 레즈니아크 성을 지키는 요새다. 절대 바이아란스가 쳐들어오게 해선 안 된다!	accepted	2a6e00d07de874b6	Codex	full-ko-20261006	2026-10-06	全量本機候選；未經母語者審閱；韓文普通空白採 8 px；窗口與正式包另驗；完整字詞保持，改由既定折行器重新折行
ESPMES#121.27	a710f16e3f8b67a1	이것이 레즈니아크 성을 지키는 키드리오 요새다.	accepted	1a81d8e6ef9ec5cf	Codex	full-ko-20261006	2026-10-06	全量本機候選；未經母語者審閱；韓文普通空白採 8 px；窗口與正式包另驗
ESPMES#121.28	fbeab8c27a8544b6	키드리오 요새가 함락되면 레즈니아크 여왕은 항복할 것이다. 어서 출발하자! 빨리 전쟁을 끝내자!	accepted	4269c71f0e76fbf5	Codex	full-ko-20261006	2026-10-06	全量本機候選；未經母語者審閱；韓文普通空白採 8 px；窗口與正式包另驗
ESPMES#121.29	1ea74f742ca86175	총사령관마저 전사했나‥\n우리 일족의 앞날은 어찌 될까‥	accepted	93081cc350e74f93	Codex	full-ko-20261006	2026-10-06	全量本機候選；未經母語者審閱；韓文普通空白採 8 px；窗口與正式包另驗
ESPMES#121.30	dae0e4aa23d05cea	‥레즈니아크 북부는 함락될 것 같군‥	accepted	9b7be79cbc5f144f	Codex	full-ko-20261006	2026-10-06	全量本機候選；未經母語者審閱；韓文普通空白採 8 px；窗口與正式包另驗
ESPMES#121.31	f5caf56c711dfc59	‥그래도 이렇게 포기할 수는 없어‥‥목숨 걸고 싸우는 수밖에‥	accepted	72c66873d84db8e3	Codex	full-ko-20261006	2026-10-06	全量本機候選；未經母語者審閱；韓文普通空白採 8 px；窗口與正式包另驗
ESPMES#121.32	20d7b939251fc0a8	샤레기시가 점령당했다고?	accepted	05b48b10bb426e81	Codex	full-ko-20261006	2026-10-06	全量本機候選；未經母語者審閱；韓文普通空白採 8 px；窗口與正式包另驗
ESPMES#121.33	3aa89423b3ad54de	여기까지인가‥\n‥이제 방법이 없군‥	accepted	1335666d5268ca1b	Codex	full-ko-20261006	2026-10-06	全量本機候選；未經母語者審閱；韓文普通空白採 8 px；窗口與正式包另驗
ESPMES#121.34	2f43c51b72b29b18	우리나라는‥항복을 선언한다‥\n바이아란스 국왕이여, 레즈니아크는 모든 저항을 멈추고 무조건 항복한다.	accepted	da14749445fa0df3	Codex	full-ko-20261006	2026-10-06	全量本機候選；未經母語者審閱；韓文普通空白採 8 px；窗口與正式包另驗
ESPMES#121.35	f675a72373f72d77	드디어 이겼다! 레즈니아크 성으로 가 봐야겠어!\n디난도! 너도 레즈니아크 성으로 와!	accepted	ca6ace73dc528306	Codex	full-ko-20261006	2026-10-06	全量本機候選；未經母語者審閱；韓文普通空白採 8 px；窗口與正式包另驗
ESPMES#121.36	3aa89423b3ad54de	여기까지인가‥\n‥이제 방법이 없군‥	accepted	1335666d5268ca1b	Codex	full-ko-20261006	2026-10-06	全量本機候選；未經母語者審閱；韓文普通空白採 8 px；窗口與正式包另驗
ESPMES#121.37	2f43c51b72b29b18	우리나라는‥항복을 선언한다‥\n바이아란스 국왕이여, 레즈니아크는 모든 저항을 멈추고 무조건 항복한다.	accepted	da14749445fa0df3	Codex	full-ko-20261006	2026-10-06	全量本機候選；未經母語者審閱；韓文普通空白採 8 px；窗口與正式包另驗
ESPMES#121.38	f675a72373f72d77	드디어 이겼다! 레즈니아크 성으로 가 봐야겠어!\n디난도! 너도 레즈니아크 성으로 와!	accepted	ca6ace73dc528306	Codex	full-ko-20261006	2026-10-06	全量本機候選；未經母語者審閱；韓文普通空白採 8 px；窗口與正式包另驗
ESPMES#121.39	1296be3d218b1aa7	하하! 나를 상대할 셈인가?\n좋아!‥죽음이 두렵지 않다면 와라!	accepted	493c10642426c869	Codex	full-ko-20261006	2026-10-06	全量本機候選；未經母語者審閱；韓文普通空白採 8 px；窗口與正式包另驗
ESPMES#121.40	e8b7749b31c8dd68	좋아! 라루 브라키아를 점령했다! 사령부 전진!	accepted	197cd59a3c4b6e45	Codex	full-ko-20261006	2026-10-06	全量本機候選；未經母語者審閱；韓文普通空白採 8 px；窗口與正式包另驗
ESPMES#121.41	8102137969a145ba	하하!‥브라키아 북부에서 우회 작전이라‥	accepted	65494fdf1384edad	Codex	full-ko-20261006	2026-10-06	全量本機候選；未經母語者審閱；韓文普通空白採 8 px；窗口與正式包另驗
ESPMES#121.42	eb878645aeeecafb	하지만 젊은이,\n다음도 쉬울 거라 생각하지 마라.	accepted	163e7890c84f699a	Codex	full-ko-20261006	2026-10-06	全量本機候選；未經母語者審閱；韓文普通空白採 8 px；窗口與正式包另驗
ESPMES#121.43	daeb8bdf9bcec420	두고 봐라!‥육상 최강 키스템 요새를 공격해 봐라!	accepted	af174bf40f961142	Codex	full-ko-20261006	2026-10-06	全量本機候選；未經母語者審閱；韓文普通空白採 8 px；窗口與正式包另驗
ESPMES#121.44	89b893e1e65edaed	아!‥키스템 요새가 함락되었군‥	accepted	9dd853597547870a	Codex	full-ko-20261006	2026-10-06	全量本機候選；未經母語者審閱；韓文普通空白採 8 px；窗口與正式包另驗
ESPMES#121.45	f655425bc7fc7e60	운명으로 받아들이겠다! 브라키아 성에서 기다리마. 내 목숨을 원하면 와라!	accepted	4f9526332fbc75ec	Codex	full-ko-20261006	2026-10-06	全量本機候選；未經母語者審閱；韓文普通空白採 8 px；窗口與正式包另驗
ESPMES#121.46	72fac73c895e56e9	이제 브라키아 성의 늙고 약한 잔병만 남았다.\n이 상황에서 브라키아 왕이 무엇을 할 수 있을까?\n	accepted	6a4160a0877bff58	Codex	full-ko-20261006	2026-10-06	全量本機候選；未經母語者審閱；韓文普通空白採 8 px；窗口與正式包另驗
ESPMES#121.47	aa27089ca749228a	나라의 미래를 위해!\n단숨에 진격하자!	accepted	796919d807c036b6	Codex	full-ko-20261006	2026-10-06	全量本機候選；未經母語者審閱；韓文普通空白採 8 px；窗口與正式包另驗
ESPMES#121.48	3d13c6d106cf7465	나는 브라키아 성에서\n레즈니아크 여왕을 만나겠다.\n그때 다시 보자!	accepted	4ac9b035012eb066	Codex	full-ko-20261006	2026-10-06	全量本機候選；未經母語者審閱；韓文普通空白採 8 px；窗口與正式包另驗
ESPMES#121.49	1ffe8d1f70608650	바이아란스 성이 점령당했다!	accepted	ecdaa0fc2e56254c	Codex	full-ko-20261006	2026-10-06	全量本機候選；未經母語者審閱；韓文普通空白採 8 px；窗口與正式包另驗
ESPMES#121.50	da3fa55828296440	끝에 다다랐군‥	accepted	b67f5d3137ce2c94	Codex	full-ko-20261006	2026-10-06	全量本機候選；未經母語者審閱；韓文普通空白採 8 px；窗口與正式包另驗
ESPMES#121.51	d6fd32f8d5be1d30	리파레 마을이 점령당했다!	accepted	50a86a66cdd69e58	Codex	full-ko-20261006	2026-10-06	全量本機候選；未經母語者審閱；韓文普通空白採 8 px；窗口與正式包另驗
ESPMES#121.52	b758d699436e4420	사령부가 바이아란스 성으로 후퇴!	accepted	ae9866a2ba838656	Codex	full-ko-20261006	2026-10-06	全量本機候選；未經母語者審閱；韓文普通空白採 8 px；窗口與正式包另驗
ESPMES#121.53	2b66a5499816ba3f	리파레 마을을 탈환했다!	accepted	1fe13d454a37d7d8	Codex	full-ko-20261006	2026-10-06	全量本機候選；未經母語者審閱；韓文普通空白採 8 px；窗口與正式包另驗
ESPMES#121.54	ac42bcecbd8113c6	사령부를 리파레 마을로 이동!	accepted	73b685599c7aa306	Codex	full-ko-20261006	2026-10-06	全量本機候選；未經母語者審閱；韓文普通空白採 8 px；窗口與正式包另驗
ESPMES#121.55	23cc3094e6a8ef00	레아리시가 점령당했다!	accepted	309aedf6a83fcfc4	Codex	full-ko-20261006	2026-10-06	全量本機候選；未經母語者審閱；韓文普通空白採 8 px；窗口與正式包另驗
ESPMES#121.56	b758d699436e4420	사령부가 바이아란스 성으로 후퇴!	accepted	ae9866a2ba838656	Codex	full-ko-20261006	2026-10-06	全量本機候選；未經母語者審閱；韓文普通空白採 8 px；窗口與正式包另驗
ESPMES#121.57	d840de624052fa70	레아리시를 탈환했다!	accepted	45b7671abae73084	Codex	full-ko-20261006	2026-10-06	全量本機候選；未經母語者審閱；韓文普通空白採 8 px；窗口與正式包另驗
ESPMES#121.58	cfc59f730e772b9f	사령부를 레아리시로 이동!	accepted	fa1c52c701ab0b35	Codex	full-ko-20261006	2026-10-06	全量本機候選；未經母語者審閱；韓文普通空白採 8 px；窗口與正式包另驗
ESPMES#121.59	a4f0481b43005ccc	바루샤간 요새가 점령당했다!	accepted	589a83dc625c8088	Codex	full-ko-20261006	2026-10-06	全量本機候選；未經母語者審閱；韓文普通空白採 8 px；窗口與正式包另驗
ESPMES#121.60	b758d699436e4420	사령부가 바이아란스 성으로 후퇴!	accepted	ae9866a2ba838656	Codex	full-ko-20261006	2026-10-06	全量本機候選；未經母語者審閱；韓文普通空白採 8 px；窗口與正式包另驗
ESPMES#121.61	48adddfe23bf1e6e	바루샤간 요새를 탈환했다!	accepted	8bc640714e4db781	Codex	full-ko-20261006	2026-10-06	全量本機候選；未經母語者審閱；韓文普通空白採 8 px；窗口與正式包另驗
ESPMES#121.62	aebe818c000ac045	사령부를 바루샤간 요새로 이동!	accepted	a5c490f1aad43062	Codex	full-ko-20261006	2026-10-06	全量本機候選；未經母語者審閱；韓文普通空白採 8 px；窗口與正式包另驗
ESPMES#121.63	e84644bc9c9d779b	키스템 요새가 점령당했다!	accepted	dbf03d86de574a00	Codex	full-ko-20261006	2026-10-06	全量本機候選；未經母語者審閱；韓文普通空白採 8 px；窗口與正式包另驗
ESPMES#121.64	b758d699436e4420	사령부가 바이아란스 성으로 후퇴!	accepted	ae9866a2ba838656	Codex	full-ko-20261006	2026-10-06	全量本機候選；未經母語者審閱；韓文普通空白採 8 px；窗口與正式包另驗
ESPMES#121.65	88f8a175099c88ba	키스템 요새를 탈환했다!	accepted	2c000e9f9e0ef36e	Codex	full-ko-20261006	2026-10-06	全量本機候選；未經母語者審閱；韓文普通空白採 8 px；窗口與正式包另驗
ESPMES#121.66	d55d2ce9341b4af5	사령부를 키스템 요새로 이동!	accepted	54060fe2711e307d	Codex	full-ko-20261006	2026-10-06	全量本機候選；未經母語者審閱；韓文普通空白採 8 px；窗口與正式包另驗
ESPMES#121.67	931fcc0c92ad0234	레즈니아크 성이 점령당했다!	accepted	8054ae3f9f33ad56	Codex	full-ko-20261006	2026-10-06	全量本機候選；未經母語者審閱；韓文普通空白採 8 px；窗口與正式包另驗
ESPMES#121.68	b758d699436e4420	사령부가 바이아란스 성으로 후퇴!	accepted	ae9866a2ba838656	Codex	full-ko-20261006	2026-10-06	全量本機候選；未經母語者審閱；韓文普通空白採 8 px；窗口與正式包另驗
ESPMES#121.69	fa33e789249106ae	레즈니아크 성을 탈환했다!	accepted	8e0d6598d17570d8	Codex	full-ko-20261006	2026-10-06	全量本機候選；未經母語者審閱；韓文普通空白採 8 px；窗口與正式包另驗
ESPMES#121.70	a9ffae471702d5a5	사령부를 레즈니아크 성으로 이동!	accepted	533be4528d8093d6	Codex	full-ko-20261006	2026-10-06	全量本機候選；未經母語者審閱；韓文普通空白採 8 px；窗口與正式包另驗
ESPMES#121.71	5a8999f851e8772a	라루 브라키아시가 점령당했다!	accepted	726ad011c358fc9a	Codex	full-ko-20261006	2026-10-06	全量本機候選；未經母語者審閱；韓文普通空白採 8 px；窗口與正式包另驗
ESPMES#121.72	b758d699436e4420	사령부가 바이아란스 성으로 후퇴!	accepted	ae9866a2ba838656	Codex	full-ko-20261006	2026-10-06	全量本機候選；未經母語者審閱；韓文普通空白採 8 px；窗口與正式包另驗
ESPMES#121.73	1c2debc383f678ef	라루 브라키아시를 탈환했다!	accepted	fd615c5f74cbe048	Codex	full-ko-20261006	2026-10-06	全量本機候選；未經母語者審閱；韓文普通空白採 8 px；窗口與正式包另驗
ESPMES#121.74	6c269d2a50862f40	사령부를 라루 브라키아시로 이동!	accepted	6251333e387429fd	Codex	full-ko-20261006	2026-10-06	全量本機候選；未經母語者審閱；韓文普通空白採 8 px；窗口與正式包另驗
ESPMES#121.75	93a3322df540ac78	브라키아 성이 점령당했다!	accepted	6342b594d87bb98a	Codex	full-ko-20261006	2026-10-06	全量本機候選；未經母語者審閱；韓文普通空白採 8 px；窗口與正式包另驗
ESPMES#121.76	b758d699436e4420	사령부가 바이아란스 성으로 후퇴!	accepted	ae9866a2ba838656	Codex	full-ko-20261006	2026-10-06	全量本機候選；未經母語者審閱；韓文普通空白採 8 px；窗口與正式包另驗
ESPMES#121.77	099cf1e6f1cd532b	브라키아 성을 탈환했다!	accepted	001c57250e6ab2b6	Codex	full-ko-20261006	2026-10-06	全量本機候選；未經母語者審閱；韓文普通空白採 8 px；窗口與正式包另驗
ESPMES#121.78	18c9f76f77afdc3a	사령부를 브라키아 성으로 이동!	accepted	d19aa0c6a24de10b	Codex	full-ko-20261006	2026-10-06	全量本機候選；未經母語者審閱；韓文普通空白採 8 px；窗口與正式包另驗
ESPMES#122.0	d9eb74a305614b4b	‥무희가 근처에 있는 것 같아‥	accepted	cc046f654113e844	Codex	full-ko-20261006	2026-10-06	全量本機候選；未經母語者審閱；韓文普通空白採 8 px；窗口與正式包另驗
ESPMES#122.1	101d85ff25ea5814	‥부탁 하나 해도 될까요? 나이드레이아시까지 호위해 주세요.\n지금 길은 너무 불안해서 사고가 나기 쉬워요.\n	accepted	01859a8cd6535241	Codex	full-ko-20261006	2026-10-06	全量本機候選；未經母語者審閱；韓文普通空白採 8 px；窗口與正式包另驗
ESPMES#122.2	c2dbf733174bb12e	어이! 나이드레이아는 이쪽이야.	accepted	a16383ce7b160080	Codex	full-ko-20261006	2026-10-06	全量本機候選；未經母語者審閱；韓文普通空白採 8 px；窗口與正式包另驗
ESPMES#122.3	526c751ad21cc73d	먼저 10000을 주고\n나머지는 도착하면 줄게요.\n어때요? 맡아 줄래요?\n	accepted	87c2dd8d9455b959	Codex	full-ko-20261006	2026-10-06	全量本機候選；未經母語者審閱；韓文普通空白採 8 px；窗口與正式包另驗
ESPMES#122.4	fe0bb6edb0a0ae67	고마워요! 모두 부탁드립니다.\n	accepted	5d1ba967479438e0	Codex	full-ko-20261006	2026-10-06	全量本機候選；未經母語者審閱；韓文普通空白採 8 px；窗口與正式包另驗
ESPMES#122.5	153af045b90436ee	‥아! 데려가 줄 수 없나요? 할 수 없죠. 다른 사람을 찾을게요. 아아! 	accepted	5ae643c7e8231227	Codex	full-ko-20261006	2026-10-06	全量本機候選；未經母語者審閱；韓文普通空白採 8 px；窗口與正式包另驗；完整字詞保持，改由既定折行器重新折行
ESPMES#122.6	c650f5ab3f8e05bc	‥아쉽네요. 할 수 없죠. 다른 사람을 찾을게요. 아아! 	accepted	95db56e337ef62f3	Codex	full-ko-20261006	2026-10-06	全量本機候選；未經母語者審閱；韓文普通空白採 8 px；窗口與正式包另驗；完整字詞保持，改由既定折行器重新折行
ESPMES#122.7	6ffc6ec9beaf05f9	드디어 도착했어요.\n	accepted	3f9e06db21a2a96b	Codex	full-ko-20261006	2026-10-06	全量本機候選；未經母語者審閱；韓文普通空白採 8 px；窗口與正式包另驗
ESPMES#122.8	666bd6cac071816d	겨우 도착했군요, 아가씨!\n	accepted	37e14bf87fa743ed	Codex	full-ko-20261006	2026-10-06	全量本機候選；未經母語者審閱；韓文普通空白採 8 px；窗口與正式包另驗
ESPMES#122.9	6315ddf134949962	오! 도착했군.\n	accepted	476db6cacf09e16e	Codex	full-ko-20261006	2026-10-06	全量本機候選；未經母語者審閱；韓文普通空白採 8 px；窗口與正式包另驗
ESPMES#122.10	a67367f0fede030d	겨우 도착했군. 지쳐 죽겠어.\n	accepted	b7b8db20dc583260	Codex	full-ko-20261006	2026-10-06	全量本機候選；未經母語者審閱；韓文普通空白採 8 px；窗口與正式包另驗
ESPMES#122.11	0059ba41f728324d	힘들게 도착했군.\n	accepted	717e12ef662c039a	Codex	full-ko-20261006	2026-10-06	全量本機候選；未經母語者審閱；韓文普通空白採 8 px；窗口與正式包另驗
ESPMES#122.12	d8a882baae00ed00	‥무사히 도착했군.\n	accepted	0d7679d489a37814	Codex	full-ko-20261006	2026-10-06	全量本機候選；未經母語者審閱；韓文普通空白採 8 px；窗口與正式包另驗
ESPMES#122.13	aa4250ff71a080e0	고마워요!\n이제 헤어져야겠네요. 여행이 정말 즐거웠어요‥\n아아!\n	accepted	39a3316222abef7f	Codex	full-ko-20261006	2026-10-06	全量本機候選；未經母語者審閱；韓文普通空白採 8 px；窗口與正式包另驗
ESPMES#122.14	d79addd6c96bb526	헤헤! 아주 잘 왔군.\n여기까지면 충분해. 그 아가씨를 넘기면 끝이야. 헤헤!\n	accepted	3e8a0d267bff66e9	Codex	full-ko-20261006	2026-10-06	全量本機候選；未經母語者審閱；韓文普通空白採 8 px；窗口與正式包另驗
ESPMES#122.15	5e6b8298a97387c2	‥‥‥‥‥‥‥‥‥‥정말 용감하네요!\n결심했어요! 저도 데리고 함께 여행해 주실래요?	accepted	7d1b6a802fc94bb0	Codex	full-ko-20261006	2026-10-06	全量本機候選；未經母語者審閱；韓文普通空白採 8 px；窗口與正式包另驗
ESPMES#122.16	769610fc945dca78	그가 드디어 일을 마쳤다!\n	accepted	2a34a904d20a2600	Codex	full-ko-20261006	2026-10-06	全量本機候選；未經母語者審閱；韓文普通空白採 8 px；窗口與正式包另驗
ESPMES#122.17	5e6b8298a97387c2	‥‥‥‥‥‥‥‥‥‥정말 용감하네요!\n결심했어요! 저도 데리고 함께 여행해 주실래요?	accepted	7d1b6a802fc94bb0	Codex	full-ko-20261006	2026-10-06	全量本機候選；未經母語者審閱；韓文普通空白採 8 px；窗口與正式包另驗
ESPMES#122.18	769610fc945dca78	그가 드디어 일을 마쳤다!\n	accepted	2a34a904d20a2600	Codex	full-ko-20261006	2026-10-06	全量本機候選；未經母語者審閱；韓文普通空白採 8 px；窗口與正式包另驗
ESPMES#122.19	814188d0cafdda48	헤헤! 데려오게 해서 미안하군. 헤헤!\n	accepted	b6fb5f1ef5564424	Codex	full-ko-20261006	2026-10-06	全量本機候選；未經母語者審閱；韓文普通空白採 8 px；窗口與正式包另驗
ESPMES#122.20	a9b3e1e2181c91bd	하하!‥드디어 데려왔군. 어? 잔금?\n	accepted	e714d20ed11e3da7	Codex	full-ko-20261006	2026-10-06	全量本機候選；未經母語者審閱；韓文普通空白採 8 px；窗口與正式包另驗
ESPMES#122.21	459c61fc30f27f4e	그게‥곤란하군!\n돈이 없어‥.\n	accepted	d58106a199dc2c2c	Codex	full-ko-20261006	2026-10-06	全量本機候選；未經母語者審閱；韓文普通空白採 8 px；窗口與正式包另驗
ESPMES#122.22	b64ab2e16c7e1c7f	음! 그렇다면\n다음에 만나면 이야기하지‥‥.	accepted	44e59a18f001f634	Codex	full-ko-20261006	2026-10-06	全量本機候選；未經母語者審閱；韓文普通空白採 8 px；窗口與正式包另驗
ESPMES#122.23	ba35d74cb1c20a4e	큰일이야! 끝장이야! 지갑이 없어졌어!\n	accepted	d72b48a1ec369178	Codex	full-ko-20261006	2026-10-06	全量本機候選；未經母語者審閱；韓文普通空白採 8 px；窗口與正式包另驗
ESPMES#122.24	705eb099991f6416	‥‥흑흑! 젠장!\n잔금이 있는 줄은 몰랐어!\n	accepted	97e21e78492c2949	Codex	full-ko-20261006	2026-10-06	全量本機候選；未經母語者審閱；韓文普通空白採 8 px；窗口與正式包另驗
ESPMES#122.25	fc163be2f0bccf59	어? 무슨 소리야!\n나는 아무것도 모르겠어!\n	accepted	3940657ef3626480	Codex	full-ko-20261006	2026-10-06	全量本機候選；未經母語者審閱；韓文普通空白採 8 px；窗口與正式包另驗
ESPMES#122.26	afb6feb3f4cf4f70	그가 일을 망쳤다.\n	accepted	a94830638c571243	Codex	full-ko-20261006	2026-10-06	全量本機候選；未經母語者審閱；韓文普通空白採 8 px；窗口與正式包另驗
ESPMES#122.27	0855e6a0dca2cfaa	일을 찾나?\n	accepted	ba1269d494da7b57	Codex	full-ko-20261006	2026-10-06	全量本機候選；未經母語者審閱；韓文普通空白採 8 px；窗口與正式包另驗
ESPMES#122.28	5bb7bf7b40cfe5fb	정말 골치 아프군‥\n이 근처는 이렇게 위험하고‥\n세탁물 보내는 여자도 무서워‥\n	accepted	d8d43264dd7eb7ae	Codex	full-ko-20261006	2026-10-06	全量本機候選；未經母語者審閱；韓文普通空白採 8 px；窗口與正式包另驗
ESPMES#122.29	f226d066275f436b	이 세탁물을 빨리 보내야 하는데 정말 많아!\n어쩌지‥	accepted	1d690d73a9eb681e	Codex	full-ko-20261006	2026-10-06	全量本機候選；未經母語者審閱；韓文普通空白採 8 px；窗口與正式包另驗
ESPMES#122.30	a8720715c53731be	미티리티 성채 도시로 보내야 하는데 도와줄 수 있나?\n	accepted	9a71967db99aa029	Codex	full-ko-20261006	2026-10-06	全量本機候選；未經母語者審閱；韓文普通空白採 8 px；窗口與正式包另驗
ESPMES#122.31	01c8b1418cb73068	세탁물을 받았다!	accepted	33ca98e4e1e886d7	Codex	full-ko-20261006	2026-10-06	全量本機候選；未經母語者審閱；韓文普通空白採 8 px；窗口與正式包另驗
ESPMES#122.32	7873a5874959ff2c	죄송합니다!\n미티리티 성채 도시에는 남자가 들어갈 수 없습니다.\n부탁해도 소용없어요.\n정말 죄송합니다!	accepted	6cb9a94c200c9c0a	Codex	full-ko-20261006	2026-10-06	全量本機候選；未經母語者審閱；韓文普通空白採 8 px；窗口與正式包另驗
ESPMES#122.33	f438cb5d16ab3703	죄송하지만 여기는 남자 출입 금지입니다! 어서 떠나세요!\n	accepted	8466257ab20bac4b	Codex	full-ko-20261006	2026-10-06	全量本機候選；未經母語者審閱；韓文普通空白採 8 px；窗口與正式包另驗
ESPMES#122.34	49096e3ac0d0af58	어!～어째서～?\n	accepted	de57fe474e9135d1	Codex	full-ko-20261006	2026-10-06	全量本機候選；未經母語者審閱；韓文普通空白採 8 px；窗口與正式包另驗
ESPMES#122.35	ef1fcad8c99b49b0	‥‥조금만 봐주면 안 될까요‥.	accepted	d3ecffe5d5e18a11	Codex	full-ko-20261006	2026-10-06	全量本機候選；未經母語者審閱；韓文普通空白採 8 px；窗口與正式包另驗
ESPMES#122.36	0c02af44b6f74eb6	이제 모두 헛수고가 됐군.\n	accepted	f6bc1c394966247e	Codex	full-ko-20261006	2026-10-06	全量本機候選；未經母語者審閱；韓文普通空白採 8 px；窗口與正式包另驗
ESPMES#122.37	de350ec15154e809	! 제발 부탁이야! 이렇게 빌게!\n	accepted	d4cfc88b92e1ba5d	Codex	full-ko-20261006	2026-10-06	全量本機候選；未經母語者審閱；韓文普通空白採 8 px；窗口與正式包另驗
ESPMES#122.38	20aca30dd85ec6b0	중요한 임무가 있는데 잠깐 들어가면 안 될까요?\n	accepted	d3a739b489a28210	Codex	full-ko-20261006	2026-10-06	全量本機候選；未經母語者審閱；韓文普通空白採 8 px；窗口與正式包另驗
ESPMES#122.39	6a97609031c65edd	정말! 여기까지 왔는데\n이런 일이 생기다니!\n	accepted	5eb314018c558990	Codex	full-ko-20261006	2026-10-06	全量本機候選；未經母語者審閱；韓文普通空白採 8 px；窗口與正式包另驗
ESPMES#122.40	8181dc64285ee8a3	아! 무슨 말을 해도 소용없어!	accepted	5785f24c926d121f	Codex	full-ko-20261006	2026-10-06	全量本機候選；未經母語者審閱；韓文普通空白採 8 px；窗口與正式包另驗
ESPMES#122.41	0e71de61cbeda34f	오! 죄송해요! 세탁소에 필요한 물건이군요. 잘됐어요!\n고맙습니다!\n	accepted	0e6717f4c479c7c1	Codex	full-ko-20261006	2026-10-06	全量本機候選；未經母語者審閱；韓文普通空白採 8 px；窗口與正式包另驗
ESPMES#122.42	769610fc945dca78	그가 드디어 일을 마쳤다!\n	accepted	2a34a904d20a2600	Codex	full-ko-20261006	2026-10-06	全量本機候選；未經母語者審閱；韓文普通空白採 8 px；窗口與正式包另驗
ESPMES#122.43	2e97f9815aa0059c	하하! 그렇게 고생할 것 없어요. 세탁물은 여기서 제게 주세요!\n	accepted	c94e90cea8f185e5	Codex	full-ko-20261006	2026-10-06	全量本機候選；未經母語者審閱；韓文普通空白採 8 px；窗口與正式包另驗
ESPMES#122.44	4603f36fdce404b2	이 이상한 고문서는 뭐지?\n	accepted	0856c5de692c7159	Codex	full-ko-20261006	2026-10-06	全量本機候選；未經母語者審閱；韓文普通空白採 8 px；窗口與正式包另驗
ESPMES#122.45	bbba94634e309cad	뭐야? 무슨 용건이지?\n	accepted	642701677fef6639	Codex	full-ko-20261006	2026-10-06	全量本機候選；未經母語者審閱；韓文普通空白採 8 px；窗口與正式包另驗
ESPMES#122.46	f3d197cf472b2c28	특별한 일이 없다면‥	accepted	d71da6cd2d41e445	Codex	full-ko-20261006	2026-10-06	全量本機候選；未經母語者審閱；韓文普通空白採 8 px；窗口與正式包另驗
ESPMES#122.47	5c81257da7b805ed	떠나 주게!	accepted	6e72325c8e2965c6	Codex	full-ko-20261006	2026-10-06	全量本機候選；未經母語者審閱；韓文普通空白採 8 px；窗口與正式包另驗
ESPMES#122.48	e7fa29e75151a282	뭐! 아가씨가 한 명뿐이야!\n재미없군!	accepted	9918404a54ab9475	Codex	full-ko-20261006	2026-10-06	全量本機候選；未經母語者審閱；韓文普通空白採 8 px；窗口與正式包另驗
ESPMES#122.49	4d485fb1f9fa2922	뭐야!\n나가!	accepted	d8ce7e1e208e8571	Codex	full-ko-20261006	2026-10-06	全量本機候選；未經母語者審閱；韓文普通空白採 8 px；窗口與正式包另驗
ESPMES#122.50	de9e3ebe1f4e323b	정말 죄송합니다!\n길을 잘못 든 것 같아요.	accepted	0236673ba67be1a6	Codex	full-ko-20261006	2026-10-06	全量本機候選；未經母語者審閱；韓文普通空白採 8 px；窗口與正式包另驗
ESPMES#122.51	3cc9667c955e8a17	음! 그럼 어서 가!	accepted	794c1c6d9177d49c	Codex	full-ko-20261006	2026-10-06	全量本機候選；未經母語者審閱；韓文普通空白採 8 px；窗口與正式包另驗
ESPMES#122.52	2a2f4b0aba2363e4	뭐야! 재미없군!\n돌아가자!	accepted	813e03f2bb0f83ca	Codex	full-ko-20261006	2026-10-06	全量本機候選；未經母語者審閱；韓文普通空白採 8 px；窗口與正式包另驗
ESPMES#122.53	02e551997472fa85	‥‥‥‥‥‥	accepted	ee93febd1f0710c8	Codex	full-ko-20261006	2026-10-06	全量本機候選；未經母語者審閱；韓文普通空白採 8 px；窗口與正式包另驗
ESPMES#122.54	dc6e75ef7246a35c	죄송합니다!\n저는 디시레드예요‥‥	accepted	56326a31b9802223	Codex	full-ko-20261006	2026-10-06	全量本機候選；未經母語者審閱；韓文普通空白採 8 px；窗口與正式包另驗
ESPMES#122.55	b085db6c0f06ea1a	들어 본 적 없어! 가라!	accepted	84898cbd3f933321	Codex	full-ko-20261006	2026-10-06	全量本機候選；未經母語者審閱；韓文普通空白採 8 px；窗口與正式包另驗
ESPMES#122.56	8dc02b6532e288e5	어! 혼자인 아가씨?\n	accepted	8db1a34325db94a6	Codex	full-ko-20261006	2026-10-06	全量本機候選；未經母語者審閱；韓文普通空白採 8 px；窗口與正式包另驗
ESPMES#122.57	f610323b4224c247	주인님은 너를 만날 시간이 없다.\n돌아가라!	accepted	95d448bf63538ca8	Codex	full-ko-20261006	2026-10-06	全量本機候選；未經母語者審閱；韓文普通空白採 8 px；窗口與正式包另驗
ESPMES#122.58	e0827541a31da1dc	얻은 게 이 인형뿐이야?‥하하! 하하! 하하하! 안타깝군! 아아!	accepted	a83dc98b21105d4b	Codex	full-ko-20261006	2026-10-06	全量本機候選；未經母語者審閱；韓文普通空白採 8 px；窗口與正式包另驗
ESPMES#122.59	a81ba92b5737c067	미안해! 인형은 내가 가져갈게. 돈은 돌려줄게, 히히!‥시간 나면 또 와! 잘 지내! 	accepted	18bf266b025d7b05	Codex	full-ko-20261006	2026-10-06	全量本機候選；未經母語者審閱；韓文普通空白採 8 px；窗口與正式包另驗；完整字詞保持，改由既定折行器重新折行
ESPMES#122.60	b3b3e7c2c1aa574b	음! 고대 보물의 위치를 표시한 것 같아. 보물 지도라는 거지.\n	accepted	864d04efb40d433d	Codex	full-ko-20261006	2026-10-06	全量本機候選；未經母語者審閱；韓文普通空白採 8 px；窗口與正式包另驗
ESPMES#122.61	6b8039c0f2e417eb	어때? 1000Ｇ를 주면 자세히 알려 줄게.	accepted	d2b93252c5725291	Codex	full-ko-20261006	2026-10-06	全量本機候選；未經母語者審閱；韓文普通空白採 8 px；窗口與正式包另驗
ESPMES#122.62	c15c284212744873	고마워! 설명해 주지! 여기에는 모트리루 동굴만 쓰여 있어. 나머지는 가 봐야 알아. 모두 너희에게 달렸어! 	accepted	2cb302d136a25d7d	Codex	full-ko-20261006	2026-10-06	全量本機候選；未經母語者審閱；韓文普通空白採 8 px；窗口與正式包另驗；完整字詞保持，改由既定折行器重新折行
ESPMES#122.63	04f789fd64323a6f	‥돈이 부족하군! 그럼 알려 줄 수 없어‥.\n	accepted	e0a46fef86569a4a	Codex	full-ko-20261006	2026-10-06	全量本機候選；未經母語者審閱；韓文普通空白採 8 px；窗口與正式包另驗
ESPMES#122.64	d68fd77e31c7e8df	그렇군! 그럼 다음에 이야기하자!\n	accepted	da7b7c1430997e58	Codex	full-ko-20261006	2026-10-06	全量本機候選；未經母語者審閱；韓文普通空白採 8 px；窗口與正式包另驗
ESPMES#122.65	f9f4ff1511cef482	어때? 들어 볼 생각 있나?	accepted	b806bea931d7e0c9	Codex	full-ko-20261006	2026-10-06	全量本機候選；未經母語者審閱；韓文普通空白採 8 px；窗口與正式包另驗
ESPMES#122.66	c15c284212744873	고마워! 설명해 주지! 여기에는 모트리루 동굴만 쓰여 있어. 나머지는 가 봐야 알아. 모두 너희에게 달렸어! 	accepted	2cb302d136a25d7d	Codex	full-ko-20261006	2026-10-06	全量本機候選；未經母語者審閱；韓文普通空白採 8 px；窗口與正式包另驗；完整字詞保持，改由既定折行器重新折行
ESPMES#122.67	8ab2f314d240b928	‥아직 돈이 부족하군.\n아! 돈을 다 모으면\n다시 와!\n	accepted	07e418362aa920a1	Codex	full-ko-20261006	2026-10-06	全量本機候選；未經母語者審閱；韓文普通空白採 8 px；窗口與正式包另驗
ESPMES#122.68	d68fd77e31c7e8df	그렇군! 그럼 다음에 이야기하자!\n	accepted	da7b7c1430997e58	Codex	full-ko-20261006	2026-10-06	全量本機候選；未經母語者審閱；韓文普通空白採 8 px；窗口與正式包另驗
ESPMES#122.69	e5dc134d1f5525c7	동굴에 가 봐야 안다고 했잖아.\n알았으면 어서 가!‥고대의 비밀을 발견할지도 몰라!	accepted	467b08d1690e621e	Codex	full-ko-20261006	2026-10-06	全量本機候選；未經母語者審閱；韓文普通空白採 8 px；窗口與正式包另驗
ESPMES#122.70	cea974537eb8fb3e	어? 졌다고! 이것도 시련이겠지‥‥‥‥‥다시 가 봐!\n모든 것은 승리 속에 있어!\n	accepted	12091ddd2e1f4206	Codex	full-ko-20261006	2026-10-06	全量本機候選；未經母語者審閱；韓文普通空白採 8 px；窗口與正式包另驗
ESPMES#122.71	01dd9a4e1c2d8dc7	음? 인형?‥그렇군! 꼭 필요하겠어! 가져가!‥사양할 것 없어.\n	accepted	fd2ba8db3e350af7	Codex	full-ko-20261006	2026-10-06	全量本機候選；未經母語者審閱；韓文普通空白採 8 px；窗口與正式包另驗
ESPMES#122.72	9db60a92a054d475	인형이 도움이 됐나?	accepted	2e1bd9d44dde5531	Codex	full-ko-20261006	2026-10-06	全量本機候選；未經母語者審閱；韓文普通空白採 8 px；窗口與正式包另驗
ESPMES#122.73	ad889ede3c95d488	인형? 지금 연구 중이지만 정말 필요하면 먼저 주지!\n다 쓰면 바로 돌려줘야 해.	accepted	4e0f99a392631c32	Codex	full-ko-20261006	2026-10-06	全量本機候選；未經母語者審閱；韓文普通空白採 8 px；窗口與正式包另驗
ESPMES#122.74	2c2dc561305fb6f7	아악!! 살려 줘!!!	accepted	6595aed998c2303a	Codex	full-ko-20261006	2026-10-06	全量本機候選；未經母語者審閱；韓文普通空白採 8 px；窗口與正式包另驗
ESPMES#122.75	1f373ac58b7e5d7b	축하한다, 용감한 영웅들이여! 이 관문을 통과했군.\n	accepted	a1f4516209a350b1	Codex	full-ko-20261006	2026-10-06	全量本機候選；未經母語者審閱；韓文普通空白採 8 px；窗口與正式包另驗
ESPMES#122.76	9742cbd80be58967	‥보물은?\n	accepted	d5cb2a868ee2af9b	Codex	full-ko-20261006	2026-10-06	全量本機候選；未經母語者審閱；韓文普通空白採 8 px；窗口與正式包另驗
ESPMES#122.77	08dd592daad142f7	그다음! 보물은‥?\n	accepted	d2e8922e22ecb359	Codex	full-ko-20261006	2026-10-06	全量本機候選；未經母語者審閱；韓文普通空白採 8 px；窗口與正式包另驗
ESPMES#122.78	18c2272215dbebc9	보물을 찾을 수 있겠지!\n	accepted	c7d6873238e0fa4e	Codex	full-ko-20261006	2026-10-06	全量本機候選；未經母語者審閱；韓文普通空白採 8 px；窗口與正式包另驗
ESPMES#122.79	9aa817854d636314	와! 어디에? 어디에?	accepted	6ffc83f1a5c0e137	Codex	full-ko-20261006	2026-10-06	全量本機候選；未經母語者審閱；韓文普通空白採 8 px；窗口與正式包另驗
ESPMES#122.80	f0c2f594b6b12f5f	보물은 어디 있지?\n	accepted	3b29dd8d22f77ed2	Codex	full-ko-20261006	2026-10-06	全量本機候選；未經母語者審閱；韓文普通空白採 8 px；窗口與正式包另驗
ESPMES#122.81	7046d9bb92b403ae	보물이 어디 갔지?\n	accepted	c4fb7f2311ccf235	Codex	full-ko-20261006	2026-10-06	全量本機候選；未經母語者審閱；韓文普通空白採 8 px；窗口與正式包另驗
ESPMES#122.82	3e98ae1aa7d5bae7	보물이란 너희의 정의로운 마음이다! 잘 가라～‥	accepted	2b4d61fdfcc155c1	Codex	full-ko-20261006	2026-10-06	全量本機候選；未經母語者審閱；韓文普通空白採 8 px；窗口與正式包另驗
ESPMES#122.83	f0a86d7088f5a83b	‥‥헛수고했군‥‥.\n	accepted	e61eb06b28c05b55	Codex	full-ko-20261006	2026-10-06	全量本機候選；未經母語者審閱；韓文普通空白採 8 px；窗口與正式包另驗
ESPMES#122.84	3dcd50d49129ea0e	목각 인형을 얻었다.	accepted	466173529d7815af	Codex	full-ko-20261006	2026-10-06	全量本機候選；未經母語者審閱；韓文普通空白採 8 px；窗口與正式包另驗
ESPMES#122.85	c10e6ffe29764c99	‥상대가 사라졌다!\n	accepted	27de5e6b7c18f5e3	Codex	full-ko-20261006	2026-10-06	全量本機候選；未經母語者審閱；韓文普通空白採 8 px；窗口與正式包另驗
ESPMES#122.86	df1d645d7feb8571	이 일을 할 수 있는 건 강자뿐이다‥. 정말 대단하군!‥받아라!\n너희에게 도움이 되길 바란다.\n	accepted	8a6dbf339e8d92fd	Codex	full-ko-20261006	2026-10-06	全量本機候選；未經母語者審閱；韓文普通空白採 8 px；窗口與正式包另驗
ESPMES#122.87	df1d645d7feb8571	이 일을 할 수 있는 건 강자뿐이다‥. 정말 대단하군!‥받아라!\n너희에게 도움이 되길 바란다.\n	accepted	8a6dbf339e8d92fd	Codex	full-ko-20261006	2026-10-06	全量本機候選；未經母語者審閱；韓文普通空白採 8 px；窗口與正式包另驗
ESPMES#122.88	b5c51993cd483d5c	４번째 물품을 얻었다!	accepted	c98532cc3f6c1021	Codex	full-ko-20261006	2026-10-06	全量本機候選；未經母語者審閱；韓文普通空白採 8 px；窗口與正式包另驗
ESPMES#122.89	af297c0c52795b3c	‥불패의 탑은 이곳에 세워졌다‥\n	accepted	8dabdc21b474713c	Codex	full-ko-20261006	2026-10-06	全量本機候選；未經母語者審閱；韓文普通空白採 8 px；窗口與正式包另驗
ESPMES#122.90	970e8102357601eb	‥여기에는 최고의 고수만 있다‥ 이 증서를 받고 기회가 되면 다시 오라‥! 	accepted	3e35e3b100d70e5a	Codex	full-ko-20261006	2026-10-06	全量本機候選；未經母語者審閱；韓文普通空白採 8 px；窗口與正式包另驗；完整字詞保持，改由既定折行器重新折行
ESPMES#122.91	af297c0c52795b3c	‥불패의 탑은 이곳에 세워졌다‥\n	accepted	8dabdc21b474713c	Codex	full-ko-20261006	2026-10-06	全量本機候選；未經母語者審閱；韓文普通空白採 8 px；窗口與正式包另驗
ESPMES#122.92	970e8102357601eb	‥여기에는 최고의 고수만 있다‥ 이 증서를 받고 기회가 되면 다시 오라‥! 	accepted	3e35e3b100d70e5a	Codex	full-ko-20261006	2026-10-06	全量本機候選；未經母語者審閱；韓文普通空白採 8 px；窗口與正式包另驗；完整字詞保持，改由既定折行器重新折行
ESPMES#122.93	dfbe8c26a0d0549a	술 취한 손님이 다가왔다‥	accepted	e397315f278663bc	Codex	full-ko-20261006	2026-10-06	全量本機候選；未經母語者審閱；韓文普通空白採 8 px；窗口與正式包另驗
ESPMES#122.94	7e5e095f95bfbcbe	아미룬트 요새로 가는 길을 아나?\n	accepted	6846a967e9e0211d	Codex	full-ko-20261006	2026-10-06	全量本機候選；未經母語者審閱；韓文普通空白採 8 px；窗口與正式包另驗
ESPMES#122.95	80c03222b9a07db8	알든 모르든 무슨 상관이지?\n	accepted	6ddd56aab7767e0f	Codex	full-ko-20261006	2026-10-06	全量本機候選；未經母語者審閱；韓文普通空白採 8 px；窗口與正式包另驗
ESPMES#122.96	6a7148baec8d88be	어이! 잠깐! 돈 있나? 1000Ｇ를 주면 데려다줄게!	accepted	9c8281c41c5c342e	Codex	full-ko-20261006	2026-10-06	全量本機候選；未經母語者審閱；韓文普通空白採 8 px；窗口與正式包另驗
ESPMES#122.97	f53c13fd8bb82dac	와! 내가 데려다줄게!	accepted	6c4804e353592110	Codex	full-ko-20261006	2026-10-06	全量本機候選；未經母語者審閱；韓文普通空白採 8 px；窗口與正式包另驗
ESPMES#122.98	e6bd01a237b1e672	돈이 부족한 것 같은데!	accepted	b6ee06b35057f18d	Codex	full-ko-20261006	2026-10-06	全量本機候選；未經母語者審閱；韓文普通空白採 8 px；窗口與正式包另驗
ESPMES#122.99	e6f6dff77840657a	그런가! 그럼 관두자!	accepted	8bb0ec24dcf1ab79	Codex	full-ko-20261006	2026-10-06	全量本機候選；未經母語者審閱；韓文普通空白採 8 px；窗口與正式包另驗
ESPMES#122.100	a4311b92bd77cda9	그 술 취한 손님.	accepted	d12ab29f31dff065	Codex	full-ko-20261006	2026-10-06	全量本機候選；未經母語者審閱；韓文普通空白採 8 px；窗口與正式包另驗
ESPMES#122.101	346b0a9d0472cdac	타난시로 가고 싶나? 비용은 1000Ｇ야.	accepted	6c9ba07090822f80	Codex	full-ko-20261006	2026-10-06	全量本機候選；未經母語者審閱；韓文普通空白採 8 px；窗口與正式包另驗
ESPMES#122.102	f53c13fd8bb82dac	와! 내가 데려다줄게!	accepted	6c4804e353592110	Codex	full-ko-20261006	2026-10-06	全量本機候選；未經母語者審閱；韓文普通空白採 8 px；窗口與正式包另驗
ESPMES#122.103	e6bd01a237b1e672	돈이 부족한 것 같은데!	accepted	b6ee06b35057f18d	Codex	full-ko-20261006	2026-10-06	全量本機候選；未經母語者審閱；韓文普通空白採 8 px；窗口與正式包另驗
ESPMES#122.104	e6f6dff77840657a	그런가! 그럼 관두자!	accepted	8bb0ec24dcf1ab79	Codex	full-ko-20261006	2026-10-06	全量本機候選；未經母語者審閱；韓文普通空白採 8 px；窗口與正式包另驗
ESPMES#122.105	a5a40fb5f3a86f47	아! 왔군요! 죄송합니다! 저는 프란엔 성 사격 대회 실행 위원회의 주최자입니다. 지난 대회 우승자들이죠‥? 	accepted	f705ed84a6bca47b	Codex	full-ko-20261006	2026-10-06	全量本機候選；未經母語者審閱；韓文普通空白採 8 px；窗口與正式包另驗；完整字詞保持，改由既定折行器重新折行
ESPMES#122.106	bd8948d98c86c75f	사정이 이렇습니다. 우승 트로피를 돌려주실 수 있을까요?\n	accepted	d922070abc45a694	Codex	full-ko-20261006	2026-10-06	全量本機候選；未經母語者審閱；韓文普通空白採 8 px；窗口與正式包另驗
ESPMES#122.107	d21fd03dc1d2a2d0	우승 트로피를 돌려줄까?	accepted	2ce842ff42856615	Codex	full-ko-20261006	2026-10-06	全量本機候選；未經母語者審閱；韓文普通空白採 8 px；窗口與正式包另驗
ESPMES#122.108	483597fbc1afb5d9	고맙습니다! 이번 대회에도 참가해 주세요! 그럼 또 뵙죠!\n	accepted	3f29b64a819b6e6c	Codex	full-ko-20261006	2026-10-06	全量本機候選；未經母語者審閱；韓文普通空白採 8 px；窗口與正式包另驗
ESPMES#122.109	1bc51a0760d97b8d	도박? 음! 하고 있지!\n도박은 가족도 몰라보게 하는\n돌아올 수 없는 길이야!	accepted	bd8ac9711e2775ea	Codex	full-ko-20261006	2026-10-06	全量本機候選；未經母語者審閱；韓文普通空白採 8 px；窗口與正式包另驗
ESPMES#122.110	f26f46471ce2c2d7	음‥‥돈을 벌고 싶다면‥.\n사격 대회를 들어 봤나? 헤헤! 이야기해 줄까?\n	accepted	6f8f4795b726798c	Codex	full-ko-20261006	2026-10-06	全量本機候選；未經母語者審閱；韓文普通空白採 8 px；窗口與正式包另驗
ESPMES#122.111	a2c4b0d9e12ffb9d	음! 그렇군‥	accepted	1dbed3fd3cd8189e	Codex	full-ko-20261006	2026-10-06	全量本機候選；未經母語者審閱；韓文普通空白採 8 px；窗口與正式包另驗
ESPMES#122.112	861a9168dd97a565	그렇군‥	accepted	9e5c4f14102f8d5c	Codex	full-ko-20261006	2026-10-06	全量本機候選；未經母語者審閱；韓文普通空白採 8 px；窗口與正式包另驗
ESPMES#122.113	85442b4813e62948	그런 거였군‥	accepted	2c0cfea09177acc6	Codex	full-ko-20261006	2026-10-06	全量本機候選；未經母語者審閱；韓文普通空白採 8 px；窗口與正式包另驗
ESPMES#122.114	9c2881cc8d3c7d32	오!‥	accepted	759d6156e055d5b4	Codex	full-ko-20261006	2026-10-06	全量本機候選；未經母語者審閱；韓文普通空白採 8 px；窗口與正式包另驗
ESPMES#122.115	62c5ca9b11d984a1	그런 사정이었군‥	accepted	b507d502b4f565a9	Codex	full-ko-20261006	2026-10-06	全量本機候選；未經母語者審閱；韓文普通空白採 8 px；窗口與正式包另驗
ESPMES#122.116	2daf6eff438a9c24	그러니까‥	accepted	f113cf2e39ad5a2b	Codex	full-ko-20261006	2026-10-06	全量本機候選；未經母語者審閱；韓文普通空白採 8 px；窗口與正式包另驗
ESPMES#122.117	d211d419b6c9acf9	좋아! 이야기해 봐!	accepted	c7a1fffb1d90f809	Codex	full-ko-20261006	2026-10-06	全量本機候選；未經母語者審閱；韓文普通空白採 8 px；窗口與正式包另驗
ESPMES#122.118	9f622730b3088803	들어 보자!	accepted	04d5fad5b033c70c	Codex	full-ko-20261006	2026-10-06	全量本機候選；未經母語者審閱；韓文普通空白採 8 px；窗口與正式包另驗
ESPMES#122.119	65efa2bb1deabe57	이야기해 주세요!	accepted	684fca4d97d5ad54	Codex	full-ko-20261006	2026-10-06	全量本機候選；未經母語者審閱；韓文普通空白採 8 px；窗口與正式包另驗
ESPMES#122.120	a8e6e219fcc21df4	들어 볼게!	accepted	39f7c8c79c44f899	Codex	full-ko-20261006	2026-10-06	全量本機候選；未經母語者審閱；韓文普通空白採 8 px；窗口與正式包另驗
ESPMES#122.121	5987b5a72395626c	말해 줄 수 있나?	accepted	4b51608995bd6d4d	Codex	full-ko-20261006	2026-10-06	全量本機候選；未經母語者審閱；韓文普通空白採 8 px；窗口與正式包另驗
ESPMES#122.122	bd92d224cc0b3d40	들어 보면 알겠지!	accepted	fb99349fe010ea19	Codex	full-ko-20261006	2026-10-06	全量本機候選；未經母語者審閱；韓文普通空白採 8 px；窗口與正式包另驗
ESPMES#122.123	282a9afd114ed9a4	필요 없어!	accepted	1baa0c113e8ddedb	Codex	full-ko-20261006	2026-10-06	全量本機候選；未經母語者審閱；韓文普通空白採 8 px；窗口與正式包另驗
ESPMES#122.124	7168987da3a0a22b	관두겠어!	accepted	bc9152d51be1a1d0	Codex	full-ko-20261006	2026-10-06	全量本機候選；未經母語者審閱；韓文普通空白採 8 px；窗口與正式包另驗
ESPMES#122.125	7c7eac0174fdeacd	그냥 됐어!	accepted	e423ba4df4785079	Codex	full-ko-20261006	2026-10-06	全量本機候選；未經母語者審閱；韓文普通空白採 8 px；窗口與正式包另驗
ESPMES#122.126	5b26af904dab3bc6	음! 됐어!	accepted	fec025439e6cd6e0	Codex	full-ko-20261006	2026-10-06	全量本機候選；未經母語者審閱；韓文普通空白採 8 px；窗口與正式包另驗
ESPMES#122.127	bddd958fe4225209	괜찮아! 고마워!	accepted	dee390c3095c272c	Codex	full-ko-20261006	2026-10-06	全量本機候選；未經母語者審閱；韓文普通空白採 8 px；窗口與正式包另驗
ESPMES#122.128	91d5ea35f5556a6b	별로 관심 없어!	accepted	907a6c9f6f6a60dc	Codex	full-ko-20261006	2026-10-06	全量本機候選；未經母語者審閱；韓文普通空白採 8 px；窗口與正式包另驗
ESPMES#122.129	83fbb7d8306d92e8	반년마다 영주가 직접 주최하는 사격 대회야.\n대륙 각지의 고수들이\n모두 참가하지.\n	accepted	14b61b0a32195f6f	Codex	full-ko-20261006	2026-10-06	全量本機候選；未經母語者審閱；韓文普通空白採 8 px；窗口與正式包另驗
ESPMES#122.130	3a68f4216d6f33f1	이때 어느 선수가 이길지 내기를 할 수 있어.\n큰돈을 벌려면 이거지! 운을 시험해 봐. 헤헤!	accepted	50835f590d502690	Codex	full-ko-20261006	2026-10-06	全量本機候選；未經母語者審閱；韓文普通空白採 8 px；窗口與正式包另驗
ESPMES#122.131	f7cb75e4b08ed802	내기해 볼래?	accepted	9bc67641c0959365	Codex	full-ko-20261006	2026-10-06	全量本機候選；未經母語者審閱；韓文普通空白採 8 px；窗口與正式包另驗
ESPMES#122.132	20a34959705fec25	배당률 계산을 가르쳐 줄게.	accepted	f2f91639088eeae6	Codex	full-ko-20261006	2026-10-06	全量本機候選；未經母語者審閱；韓文普通空白採 8 px；窗口與正式包另驗
ESPMES#122.133	66237bcaedbc7a01	참가 부대는 모두 ８개야.\n	accepted	c2ab81379f58357e	Codex	full-ko-20261006	2026-10-06	全量本機候選；未經母語者審閱；韓文普通空白採 8 px；窗口與正式包另驗
ESPMES#122.134	33e3811ce26b2dc1	지금은 ７개 부대뿐인 것 같군.	accepted	5fa5b0b8b1074cad	Codex	full-ko-20261006	2026-10-06	全量本機候選；未經母語者審閱；韓文普通空白採 8 px；窗口與正式包另驗
ESPMES#122.135	66237bcaedbc7a01	참가 부대는 모두 ８개야.\n	accepted	c2ab81379f58357e	Codex	full-ko-20261006	2026-10-06	全量本機候選；未經母語者審閱；韓文普通空白採 8 px；窗口與正式包另驗
ESPMES#122.136	a31a82422fde781c	%s 는\n배당률이 %ld%ld배야.\n여기에 걸래?	accepted	5269d2ad7e58bbab	Codex	full-ko-20261006	2026-10-06	全量本機候選；未經母語者審閱；韓文普通空白採 8 px；窗口與正式包另驗
ESPMES#122.137	16cf269509ad521f	음! 다음은?	accepted	42ae44a72d216fa2	Codex	full-ko-20261006	2026-10-06	全量本機候選；未經母語者審閱；韓文普通空白採 8 px；窗口與正式包另驗
ESPMES#122.138	48412a3ab11c39ea	1000Ｇ를 걸면 %ldＧ를 받겠지!	accepted	ff338e8ec2729487	Codex	full-ko-20261006	2026-10-06	全量本機候選；未經母語者審閱；韓文普通空白採 8 px；窗口與正式包另驗
ESPMES#122.139	9a056e7228c63cfd	금액 부족	accepted	93bdfbe8523ab466	Codex	full-ko-20261006	2026-10-06	全量本機候選；未經母語者審閱；韓文普通空白採 8 px；窗口與正式包另驗
ESPMES#122.140	b685085ad1b962c2	2000Ｇ를 걸면 %ldＧ를 받겠지!	accepted	e1ec6559f3aae1a2	Codex	full-ko-20261006	2026-10-06	全量本機候選；未經母語者審閱；韓文普通空白採 8 px；窗口與正式包另驗
ESPMES#122.141	9a056e7228c63cfd	금액 부족	accepted	93bdfbe8523ab466	Codex	full-ko-20261006	2026-10-06	全量本機候選；未經母語者審閱；韓文普通空白採 8 px；窗口與正式包另驗
ESPMES#122.142	7787160099d396c0	5000Ｇ를 걸면 %ldＧ를 받겠지!	accepted	45f02cf212920253	Codex	full-ko-20261006	2026-10-06	全量本機候選；未經母語者審閱；韓文普通空白採 8 px；窗口與正式包另驗
ESPMES#122.143	9a056e7228c63cfd	금액 부족	accepted	93bdfbe8523ab466	Codex	full-ko-20261006	2026-10-06	全量本機候選；未經母語者審閱；韓文普通空白採 8 px；窗口與正式包另驗
ESPMES#122.144	4f599ed5924a805f	10000Ｇ를 걸면 %ldＧ를 받겠지!	accepted	9c1c8bad7b1bdb62	Codex	full-ko-20261006	2026-10-06	全量本機候選；未經母語者審閱；韓文普通空白採 8 px；窗口與正式包另驗
ESPMES#122.145	9a056e7228c63cfd	금액 부족	accepted	93bdfbe8523ab466	Codex	full-ko-20261006	2026-10-06	全量本機候選；未經母語者審閱；韓文普通空白採 8 px；窗口與正式包另驗
ESPMES#122.146	881ec4506c2937e4	내기는 그만하나?	accepted	92abf410aa866e04	Codex	full-ko-20261006	2026-10-06	全量本機候選；未經母語者審閱；韓文普通空白採 8 px；窗口與正式包另驗
ESPMES#122.147	78d82829f77e282e	어? 가려고?	accepted	01b8aedfa88719e8	Codex	full-ko-20261006	2026-10-06	全量本機候選；未經母語者審閱；韓文普通空白採 8 px；窗口與正式包另驗
ESPMES#122.148	31f5b3076b157182	정말 안 걸 거야?	accepted	a53b6678be92b2c7	Codex	full-ko-20261006	2026-10-06	全量本機候選；未經母語者審閱；韓文普通空白採 8 px；窗口與正式包另驗
ESPMES#122.149	726626e5e40324db	좋아! 경기가 끝났어! 결과를 들어 볼까?	accepted	567affa223b3cd75	Codex	full-ko-20261006	2026-10-06	全量本機候選；未經母語者審閱；韓文普通空白採 8 px；窗口與正式包另驗
ESPMES#122.150	b6a39a6d2bbf9489	아! 이 돈은 월말까지만 맡아 둬! 기한이 지나면 안 줘!	accepted	afe2661477fc7bb9	Codex	full-ko-20261006	2026-10-06	全量本機候選；未經母語者審閱；韓文普通空白採 8 px；窗口與正式包另驗
ESPMES#122.151	5116aad171cf6774	생각이 바뀌면 다시 와!	accepted	f43b814a6158ce53	Codex	full-ko-20261006	2026-10-06	全量本機候選；未經母語者審閱；韓文普通空白採 8 px；窗口與正式包另驗
ESPMES#122.152	c4ea73e74027c867	뭐! 돌아간다고!	accepted	1cddbea0e2c1b79e	Codex	full-ko-20261006	2026-10-06	全量本機候選；未經母語者審閱；韓文普通空白採 8 px；窗口與正式包另驗
ESPMES#122.153	7a87a5e6070de1bc	‥배율이 %d%d라면\n총액은 %d0이야.	accepted	b967dd502b424fb0	Codex	full-ko-20261006	2026-10-06	全量本機候選；未經母語者審閱；韓文普通空白採 8 px；窗口與正式包另驗
ESPMES#122.154	f9ecf696513b4f6c	맞힐 줄은 몰랐군!\n이제 %ldＧ를 땄어.	accepted	078fb7eaae8a0795	Codex	full-ko-20261006	2026-10-06	全量本機候選；未經母語者審閱；韓文普通空白採 8 px；窗口與正式包另驗
ESPMES#122.155	c36be146c95bfaec	%ldＧ를 받았다!	accepted	54f465aca5c81d6b	Codex	full-ko-20261006	2026-10-06	全量本機候選；未經母語者審閱；韓文普通空白採 8 px；窗口與正式包另驗
ESPMES#122.156	56fd3d523b27e932	아쉽군! 못 맞혔어!	accepted	6ee5c1b99fa2db52	Codex	full-ko-20261006	2026-10-06	全量本機候選；未經母語者審閱；韓文普通空白採 8 px；窗口與正式包另驗
ESPMES#122.157	a382a228fd520035	대회는 반년마다 열려.\n３월과 ９월에 다시 와!	accepted	ea1bb904386def0e	Codex	full-ko-20261006	2026-10-06	全量本機候選；未經母語者審閱；韓文普通空白採 8 px；窗口與正式包另驗
ESPMES#122.158	ece10403c95c54d3	대회에 참가하겠나?	accepted	d60ead97132726bb	Codex	full-ko-20261006	2026-10-06	全量本機候選；未經母語者審閱；韓文普通空白採 8 px；窗口與正式包另驗
ESPMES#122.159	036eba8416408b5b	여기서 ６일 기다리게.	accepted	6be318e5d9b85afe	Codex	full-ko-20261006	2026-10-06	全量本機候選；未經母語者審閱；韓文普通空白採 8 px；窗口與正式包另驗
ESPMES#122.160	b1b56f15793fddad	그런가! 그럼 돌아갈게!	accepted	5d41a756add28a3d	Codex	full-ko-20261006	2026-10-06	全量本機候選；未經母語者審閱；韓文普通空白採 8 px；窗口與正式包另驗
ESPMES#122.161	690e06b1864cd1c0	미안하네! 신청이 끝났어.\n다음에 다시 오게!	accepted	12ef79ba3ff847e5	Codex	full-ko-20261006	2026-10-06	全量本機候選；未經母語者審閱；韓文普通空白採 8 px；窗口與正式包另驗
ESPMES#122.162	690e06b1864cd1c0	미안하네! 신청이 끝났어.\n다음에 다시 오게!	accepted	12ef79ba3ff847e5	Codex	full-ko-20261006	2026-10-06	全量本機候選；未經母語者審閱；韓文普通空白採 8 px；窗口與正式包另驗
ESPMES#122.163	690e06b1864cd1c0	미안하네! 신청이 끝났어.\n다음에 다시 오게!	accepted	12ef79ba3ff847e5	Codex	full-ko-20261006	2026-10-06	全量本機候選；未經母語者審閱；韓文普通空白採 8 px；窗口與正式包另驗
ESPMES#122.164	acc4c0824c47be10	대회 참가 신청은 ３월과 ９월의 １일부터 ６일까지다. 그때까지 실력을 갈고닦게!	accepted	7178a0217a1fa5e6	Codex	full-ko-20261006	2026-10-06	全量本機候選；未經母語者審閱；韓文普通空白採 8 px；窗口與正式包另驗
ESPMES#122.165	338324b70049e36c	프란엔성 사격대회 제%d회전, %s 대 %s!	accepted	af874a3b36c9cb7c	Codex	full-ko-20261006	2026-10-06	全量本機候選；未經母語者審閱；韓文普通空白採 8 px；2026-10-06 保留全義的窗口超量修訂；未升 accepted
ESPMES#122.166	d255a7c4d193673f	경기 결과!\n%s 승리!	accepted	e7f80d69f154cd70	Codex	full-ko-20261006	2026-10-06	全量本機候選；未經母語者審閱；韓文普通空白採 8 px；窗口與正式包另驗
ESPMES#122.167	338324b70049e36c	프란엔성 사격대회 제%d회전, %s 대 %s!	accepted	af874a3b36c9cb7c	Codex	full-ko-20261006	2026-10-06	全量本機候選；未經母語者審閱；韓文普通空白採 8 px；2026-10-06 保留全義的窗口超量修訂；未升 accepted
ESPMES#122.168	fc4c80cedd3ffe4d	제%d라운드 결과!\n%s 승리!	accepted	27e7156484cf9942	Codex	full-ko-20261006	2026-10-06	全量本機候選；未經母語者審閱；韓文普通空白採 8 px；窗口與正式包另驗
ESPMES#122.169	338324b70049e36c	프란엔성 사격대회 제%d회전, %s 대 %s!	accepted	af874a3b36c9cb7c	Codex	full-ko-20261006	2026-10-06	全量本機候選；未經母語者審閱；韓文普通空白採 8 px；2026-10-06 保留全義的窗口超量修訂；未升 accepted
ESPMES#122.170	fc4c80cedd3ffe4d	제%d라운드 결과!\n%s 승리!	accepted	27e7156484cf9942	Codex	full-ko-20261006	2026-10-06	全量本機候選；未經母語者審閱；韓文普通空白採 8 px；窗口與正式包另驗
ESPMES#122.171	a9e94e89aed23556	프란엔 성주가 주최하는 사격 대회 개막!	accepted	73fe2f0920d500f4	Codex	full-ko-20261006	2026-10-06	全量本機候選；未經母語者審閱；韓文普通空白採 8 px；窗口與正式包另驗
ESPMES#122.172	d5cf6a303921c8c4	다음! 제１라운드 시작!	accepted	c13057bc9efce4e3	Codex	full-ko-20261006	2026-10-06	全量本機候選；未經母語者審閱；韓文普通空白採 8 px；窗口與正式包另驗
ESPMES#122.173	9dd373d485fc8973	１라운드 승자는‥	accepted	99a975ad695de356	Codex	full-ko-20261006	2026-10-06	全量本機候選；未經母語者審閱；韓文普通空白採 8 px；窗口與正式包另驗
ESPMES#122.174	9ac4f9b6ef2802a0	%s !\n%s !\n%s !\n%s !\n	accepted	89c9a86d362881fa	Codex	full-ko-20261006	2026-10-06	全量本機候選；未經母語者審閱；韓文普通空白採 8 px；窗口與正式包另驗
ESPMES#122.175	381ebdcc9efbf299	이상!	accepted	1e4a273d9e0e2486	Codex	full-ko-20261006	2026-10-06	全量本機候選；未經母語者審閱；韓文普通空白採 8 px；窗口與正式包另驗
ESPMES#122.176	9d9be7df5dc5d365	다음 제２라운드 시작!	accepted	ef1af6f0231ede4a	Codex	full-ko-20261006	2026-10-06	全量本機候選；未經母語者審閱；韓文普通空白採 8 px；窗口與正式包另驗
ESPMES#122.177	ff329d6f47e2aef7	２라운드 승자는‥	accepted	375d476c8b45aa90	Codex	full-ko-20261006	2026-10-06	全量本機候選；未經母語者審閱；韓文普通空白採 8 px；窗口與正式包另驗
ESPMES#122.178	bad7c88c08000208	%s !\n%s !	accepted	11285dba35b2fa95	Codex	full-ko-20261006	2026-10-06	全量本機候選；未經母語者審閱；韓文普通空白採 8 px；窗口與正式包另驗
ESPMES#122.179	381ebdcc9efbf299	이상!	accepted	1e4a273d9e0e2486	Codex	full-ko-20261006	2026-10-06	全量本機候選；未經母語者審閱；韓文普通空白採 8 px；窗口與正式包另驗
ESPMES#122.180	9ac2aa90b95fd421	그럼 지금부터 결승전을 시작한다!	accepted	5a85ae127478fb79	Codex	full-ko-20261006	2026-10-06	全量本機候選；未經母語者審閱；韓文普通空白採 8 px；窗口與正式包另驗
ESPMES#122.181	e5140431f0a34151	모든 라운드가 끝났다!	accepted	c963249e650d0a54	Codex	full-ko-20261006	2026-10-06	全量本機候選；未經母語者審閱；韓文普通空白採 8 px；窗口與正式包另驗
ESPMES#122.182	7a9f10761deb2341	이번 대회 우승자는‥\n	accepted	bb3ce46357cac40f	Codex	full-ko-20261006	2026-10-06	全量本機候選；未經母語者審閱；韓文普通空白採 8 px；窗口與正式包另驗
ESPMES#122.183	3db4db259a85c260	%s !\n축하한다!!\n	accepted	f6738b4cae0f7f0c	Codex	full-ko-20261006	2026-10-06	全量本機候選；未經母語者審閱；韓文普通空白採 8 px；窗口與正式包另驗
ESPMES#122.184	6f380cb9eb282edd	대륙 최강의 명사수들이다! 너희를 기려 대회 우승 트로피를 수여한다!	accepted	18bf0692369674fd	Codex	full-ko-20261006	2026-10-06	全量本機候選；未經母語者審閱；韓文普通空白採 8 px；窗口與正式包另驗
ESPMES#122.185	7f9954a2544990f9	우승 트로피를 받았다!	accepted	a5d293d8e4bc7b25	Codex	full-ko-20261006	2026-10-06	全量本機候選；未經母語者審閱；韓文普通空白採 8 px；窗口與正式包另驗
ESPMES#122.186	9154f95b4080a20e	어이! 대체 뭐야! 뭐가 대단한 물건이냐! 전부 헛소리야! 엉터리라고! 그 전차 가게에는 가지 마?‥와!	accepted	6beb9e2e78b888d8	Codex	full-ko-20261006	2026-10-06	全量本機候選；未經母語者審閱；韓文普通空白採 8 px；窗口與正式包另驗
ESPMES#122.187	c3fbdbb4a5086f2d	와! 와! 와! 와! 뭐야!‥‥전차 가게?‥‥전문점?‥.	accepted	0f969e7318d74030	Codex	full-ko-20261006	2026-10-06	全量本機候選；未經母語者審閱；韓文普通空白採 8 px；窗口與正式包另驗
ESPMES#122.188	be04543a50186d05	와! 이 술 취한 녀석! 전차 가게가 어쨌다고‥‥?‥전차 가게?‥대단해?‥	accepted	ad752e75ff61832d	Codex	full-ko-20261006	2026-10-06	全量本機候選；未經母語者審閱；韓文普通空白採 8 px；窗口與正式包另驗
ESPMES#122.189	5801476311ae39ba	골치 아프군‥‥전차 가게? 좋은 물건이 있을까?‥가 보자! 좋은 게 있을지도!\n	accepted	5da57e3b002aa069	Codex	full-ko-20261006	2026-10-06	全量本機候選；未經母語者審閱；韓文普通空白採 8 px；窗口與正式包另驗
ESPMES#122.190	c3fbdbb4a5086f2d	와! 와! 와! 와! 뭐야!‥‥전차 가게?‥‥전문점?‥.	accepted	0f969e7318d74030	Codex	full-ko-20261006	2026-10-06	全量本機候選；未經母語者審閱；韓文普通空白採 8 px；窗口與正式包另驗
ESPMES#122.191	aa8ec478b33f5468	맙소사! 뭐야! 이 술 취한 녀석! 전차 가게에 무슨 일이 있나? 나와 관계있어‥전차 가게?	accepted	8f960d3cb8c31376	Codex	full-ko-20261006	2026-10-06	全量本機候選；未經母語者審閱；韓文普通空白採 8 px；窗口與正式包另驗
ESPMES#122.192	dbf5061f0a3422d4	전차 가게? 처음 듣는데! 뭐가 있지‥재미있겠어!\n	accepted	588eebacfdc3c734	Codex	full-ko-20261006	2026-10-06	全量本機候選；未經母語者審閱；韓文普通空白採 8 px；窗口與正式包另驗
ESPMES#122.193	f8191dcbeed745ee	안녕! 여기는 전차만 파는 전차 전문점이야. 나는 드라고 해. 좋은 물건이 있고 가격도 합리적이지!	accepted	d31038606c61b477	Codex	full-ko-20261006	2026-10-06	全量本機候選；未經母語者審閱；韓文普通空白採 8 px；窗口與正式包另驗
ESPMES#122.194	4951128a650a56e4	안녕! 어서 와! 좋은 물건! 아주 좋은 물건이야!	accepted	8185a6274ed73a9f	Codex	full-ko-20261006	2026-10-06	全量本機候選；未經母語者審閱；韓文普通空白採 8 px；窗口與正式包另驗
ESPMES#122.195	a3f9c645fc671e8b	어! 안 산다고! 반드시 후회할 거야!	accepted	7629e8b6d2a1dce9	Codex	full-ko-20261006	2026-10-06	全量本機候選；未經母語者審閱；韓文普通空白採 8 px；窗口與正式包另驗
ESPMES#122.196	36af1bf3e06cbb20	음! 드디어 저주를 푸는 데 성공했군.\n이 전차를 사겠어.	accepted	75dd9367926219b3	Codex	full-ko-20261006	2026-10-06	使用者接受語境修讀；新譯 candidate；修讀僅 hypothesis，非 codec confirmed；未經母語者審閱；韓文普通空白採 8 px；原 decode 警告及來源雜湊保留；窗口及正式包另驗
ESPMES#122.197	5529a810c6d37eec	고마워! 와 줘서 고마워! 시간 나면 또 와!	accepted	798f139a0451456e	Codex	full-ko-20261006	2026-10-06	全量本機候選；未經母語者審閱；韓文普通空白採 8 px；窗口與正式包另驗
ESPMES#122.198	5529a810c6d37eec	고마워! 와 줘서 고마워! 시간 나면 또 와!	accepted	798f139a0451456e	Codex	full-ko-20261006	2026-10-06	全量本機候選；未經母語者審閱；韓文普通空白採 8 px；窗口與正式包另驗
ESPMES#122.199	2246547b3fbed084	저주받았다고?!\n문제없어!\n술집에 가서 물어보자!	accepted	6f3093db642655af	Codex	full-ko-20261006	2026-10-06	使用者接受語境修讀；新譯 candidate；修讀僅 hypothesis，非 codec confirmed；未經母語者審閱；韓文普通空白採 8 px；原 decode 警告及來源雜湊保留；窗口及正式包另驗
ESPMES#122.200	56a5b65b3b87d607	저주받았다면! 로봇만 있으면\n모두 문제없어!\n이건 공짜로 줄게!\n한 푼도 받지 않아!	accepted	fd67a448511fa002	Codex	full-ko-20261006	2026-10-06	使用者接受語境修讀；新譯 candidate；修讀僅 hypothesis，非 codec confirmed；未經母語者審閱；韓文普通空白採 8 px；原 decode 警告及來源雜湊保留；窗口及正式包另驗
ESPMES#122.201	debac5ce82257c1c	지금은 재고가 없어.\n다음에 다시 와!	accepted	aaa63d6c7cf40af8	Codex	full-ko-20261006	2026-10-06	全量本機候選；未經母語者審閱；韓文普通空白採 8 px；窗口與正式包另驗
ESPMES#122.202	98738309af1746f6	어이! 대체 뭐야! 뭐가 대단하다고! 전부 헛소리야! 엉터리라고! 그 과학자를 만나지 마?‥와!	accepted	6a75f0c12e7f396c	Codex	full-ko-20261006	2026-10-06	全量本機候選；未經母語者審閱；韓文普通空白採 8 px；窗口與正式包另驗
ESPMES#122.203	712ed36211911e98	과학자를 잘 아나? 그 괴짜 과학자는 이상한 로봇을 만들어. 게다가 움직인다니까‥무서워!	accepted	b8eb6ea9f7417181	Codex	full-ko-20261006	2026-10-06	全量本機候選；未經母語者審閱；韓文普通空白採 8 px；窗口與正式包另驗
ESPMES#122.204	63a5505d9de16953	바로 이 마을에 있어!\n뭔가 도움을 줄지도 몰라.\n	accepted	aab4b10d24b52817	Codex	full-ko-20261006	2026-10-06	全量本機候選；未經母語者審閱；韓文普通空白採 8 px；窗口與正式包另驗
ESPMES#122.205	c952d769279e175c	와! 와! 또 왔네!‥‥과학자?‥‥기술자‥.	accepted	01c5f3798eeaa3e3	Codex	full-ko-20261006	2026-10-06	全量本機候選；未經母語者審閱；韓文普通空白採 8 px；窗口與正式包另驗
ESPMES#122.206	069e4e55ae84f8a4	와! 또 취했군! 무슨 과학자‥‥?‥과학자?‥로봇?‥‥어‥	accepted	61a133d608bbb091	Codex	full-ko-20261006	2026-10-06	全量本機候選；未經母語者審閱；韓文普通空白採 8 px；窗口與正式包另驗
ESPMES#122.207	518a404c1c205506	골치 아프군‥‥과학자? 좋은 물건이 있을까?‥가 보자! 좋은 게 있을지도!\n	accepted	8a75bca24bec61bd	Codex	full-ko-20261006	2026-10-06	全量本機候選；未經母語者審閱；韓文普通空白採 8 px；窗口與正式包另驗
ESPMES#122.208	c952d769279e175c	와! 와! 또 왔네!‥‥과학자?‥‥기술자‥.	accepted	01c5f3798eeaa3e3	Codex	full-ko-20261006	2026-10-06	全量本機候選；未經母語者審閱；韓文普通空白採 8 px；窗口與正式包另驗
ESPMES#122.209	94591873716bf658	맙소사! 뭐야! 이 술 취한 녀석! 과학자에게 무슨 일이 있나? 나와 관계있어‥과학자?	accepted	e98429a7e08b5578	Codex	full-ko-20261006	2026-10-06	全量本機候選；未經母語者審閱；韓文普通空白採 8 px；窗口與正式包另驗
ESPMES#122.210	35f7912ad6ba1eba	과학자? 좋은 물건이 있을지도‥. 재미있겠어!\n	accepted	ec3b9e38e359826c	Codex	full-ko-20261006	2026-10-06	全量本機候選；未經母語者審閱；韓文普通空白採 8 px；窗口與正式包另驗
ESPMES#122.211	e0d84ab4eacaa024	엔드룬트 있나!\n아무도 없어?!	accepted	262aceb69ef0b973	Codex	full-ko-20261006	2026-10-06	全量本機候選；未經母語者審閱；韓文普通空白採 8 px；窗口與正式包另驗
ESPMES#122.212	f93f5b6308f024d1	아! 안녕! 싼 전차를 샀다가 곤란한 일이 생겼다고 들었어. 맞지? 미안! 내가 입이 가벼워! 하하!	accepted	203801e074801528	Codex	full-ko-20261006	2026-10-06	全量本機候選；未經母語者審閱；韓文普通空白採 8 px；窗口與正式包另驗
ESPMES#122.213	6b2f83e775878967	나는 세상 모든 일을 알지! 루 도미니가 매일 밤 이불에 오줌 싸는지도 알아. 자! 이런 말은 그만! 전차는 왜 그래?	accepted	b05cf11171e6709d	Codex	full-ko-20261006	2026-10-06	全量本機候選；未經母語者審閱；韓文普通空白採 8 px；窗口與正式包另驗
ESPMES#122.214	729ad653524cecda	…어? 이불에 오줌…	accepted	61e12aba8529ff45	Codex	full-ko-20261006	2026-10-06	全量本機候選；未經母語者審閱；韓文普通空白採 8 px；窗口與正式包另驗
ESPMES#122.215	7300aad1a3676e32	어? 뭐라고?	accepted	0e374b3f279da6fb	Codex	full-ko-20261006	2026-10-06	全量本機候選；未經母語者審閱；韓文普通空白採 8 px；窗口與正式包另驗
ESPMES#122.216	438bb1e922289c40	하하! 정말 웃겨 죽겠네…	accepted	27abcf4443ba6086	Codex	full-ko-20261006	2026-10-06	全量本機候選；未經母語者審閱；韓文普通空白採 8 px；窗口與正式包另驗
ESPMES#122.217	d11bbf4e93f4ce7d	젠장! 헛소리하지 마!	accepted	44f39291b793edee	Codex	full-ko-20261006	2026-10-06	全量本機候選；未經母語者審閱；韓文普通空白採 8 px；窗口與正式包另驗
ESPMES#122.218	e382af1bc046880d	어! 히히! 히히! 히히히히히!	accepted	3e5a43f9a76ee610	Codex	full-ko-20261006	2026-10-06	全量本機候選；未經母語者審閱；韓文普通空白採 8 px；窗口與正式包另驗
ESPMES#122.219	6f1f3527b4fc5b60	…음! 그렇구나…….	accepted	c8c040ea6c344296	Codex	full-ko-20261006	2026-10-06	全量本機候選；未經母語者審閱；韓文普通空白採 8 px；窗口與正式包另驗
ESPMES#122.220	57f7f763b95790aa	좋아! 쓸데없는 말은 그만! 전차를 넘기면 돼! 하지만 돈이 꽤 들어! 히히! 농담이야! 하하하!	accepted	b2e3ae1bbbed885f	Codex	full-ko-20261006	2026-10-06	全量本機候選；未經母語者審閱；韓文普通空白採 8 px；窗口與正式包另驗
ESPMES#122.221	30f3a506363e0db5	원인을 설명해 줄까?	accepted	89092c9970ccbb95	Codex	full-ko-20261006	2026-10-06	全量本機候選；未經母語者審閱；韓文普通空白採 8 px；窗口與正式包另驗
ESPMES#122.222	be05c70462020321	좋아! 너희 전차에 왜 문제가 생겼는지 알아보자! 이전 문명이 남긴 가장 위대한 장치 중 하나라 할 수 있어.	accepted	ae40da04e7b1cafe	Codex	full-ko-20261006	2026-10-06	全量本機候選；未經母語者審閱；韓文普通空白採 8 px；窗口與正式包另驗
ESPMES#122.223	8d28d3a7b186a39d	대단해! 위대해! 왜 자기장 이상이 생기는지 나도 몰라! 그래서 그 일이 생긴 거야!	accepted	64fb9f181d710fe5	Codex	full-ko-20261006	2026-10-06	全量本機候選；未經母語者審閱；韓文普通空白採 8 px；窗口與正式包另驗
ESPMES#122.224	8aa237465c0e15ad	걱정 마!! 내가 발명한 전자동 무희 『Ｋ·이키웬』이야! 이것만 있으면 다시는 그런 일이 없어! 위대하지!	accepted	4613c55a4134f365	Codex	full-ko-20261006	2026-10-06	全量本機候選；未經母語者審閱；韓文普通空白採 8 px；窗口與正式包另驗
ESPMES#122.225	0f3b477ed79fae1c	이 아름다운 무희는 내가 가장 아끼는 존재야! 허튼 생각하지 마! 비용은! 음! 관두자!	accepted	14b52829d2b3be0e	Codex	full-ko-20261006	2026-10-06	全量本機候選；未經母語者審閱；韓文普通空白採 8 px；窗口與正式包另驗
ESPMES#122.226	56caa5a1825a3c68	‥‥침상 앞 밝은 달빛‥‥.‥‥땅 위의 서리인가‥.	accepted	536c9416ee54b65d	Codex	full-ko-20261006	2026-10-06	全量本機候選；未經母語者審閱；韓文普通空白採 8 px；窗口與正式包另驗
ESPMES#122.227	603537d85aeab20e	또 엔드룬트를 찾나?	accepted	465f3c098c00ab49	Codex	full-ko-20261006	2026-10-06	全量本機候選；未經母語者審閱；韓文普通空白採 8 px；窗口與正式包另驗
ESPMES#122.228	c85c27ef0a2c7a98	하하! 말했잖아! 학자는 집 밖에 안 나가도 세상 일을 알아. 또 무슨 일이야? 자세히 설명해 주지!	accepted	11025233cdb1f418	Codex	full-ko-20261006	2026-10-06	全量本機候選；未經母語者審閱；韓文普通空白採 8 px；窗口與正式包另驗
ESPMES#122.229	be05c70462020321	좋아! 너희 전차에 왜 문제가 생겼는지 알아보자! 이전 문명이 남긴 가장 위대한 장치 중 하나라 할 수 있어.	accepted	ae40da04e7b1cafe	Codex	full-ko-20261006	2026-10-06	全量本機候選；未經母語者審閱；韓文普通空白採 8 px；窗口與正式包另驗
ESPMES#122.230	8d28d3a7b186a39d	대단해! 위대해! 왜 자기장 이상이 생기는지 나도 몰라! 그래서 그 일이 생긴 거야!	accepted	64fb9f181d710fe5	Codex	full-ko-20261006	2026-10-06	全量本機候選；未經母語者審閱；韓文普通空白採 8 px；窗口與正式包另驗
ESPMES#122.231	8aa237465c0e15ad	걱정 마!! 내가 발명한 전자동 무희 『Ｋ·이키웬』이야! 이것만 있으면 다시는 그런 일이 없어! 위대하지!	accepted	4613c55a4134f365	Codex	full-ko-20261006	2026-10-06	全量本機候選；未經母語者審閱；韓文普通空白採 8 px；窗口與正式包另驗
ESPMES#122.232	0f3b477ed79fae1c	이 아름다운 무희는 내가 가장 아끼는 존재야! 허튼 생각하지 마! 비용은! 음! 관두자!	accepted	14b52829d2b3be0e	Codex	full-ko-20261006	2026-10-06	全量本機候選；未經母語者審閱；韓文普通空白採 8 px；窗口與正式包另驗
ESPMES#122.233	f985cbacea52bfa2	‥‥‥여기 온 목적이 대체‥‥	accepted	b8d2366963dde9b9	Codex	full-ko-20261006	2026-10-06	全量本機候選；未經母語者審閱；韓文普通空白採 8 px；窗口與正式包另驗
ESPMES#122.234	5208710371a2c555	어라?\n전차 문이 닫혔어‥	accepted	28aba1b670a86fd1	Codex	full-ko-20261006	2026-10-06	全量本機候選；未經母語者審閱；韓文普通空白採 8 px；窗口與正式包另驗
ESPMES#122.235	6af22ae33595989e	어?\n누가 밖에서 문을 누르나? 나갈 수 없어!	accepted	ea793b2e3c178d0a	Codex	full-ko-20261006	2026-10-06	全量本機候選；未經母語者審閱；韓文普通空白採 8 px；窗口與正式包另驗
ESPMES#122.236	19c79a6f9765def4	이상하군! 왜 못 나가지? 그냥 전진하는 수밖에 없겠어!	accepted	522a6a8b79fa1f94	Codex	full-ko-20261006	2026-10-06	全量本機候選；未經母語者審閱；韓文普通空白採 8 px；窗口與正式包另驗
ESPMES#122.237	9c78475ee597f489	이런! 전차가 고장 났어!\n왜 멋대로 돌아다니지!	accepted	b338c983a2a7e4a6	Codex	full-ko-20261006	2026-10-06	全量本機候選；未經母語者審閱；韓文普通空白採 8 px；窗口與正式包另驗
ESPMES#122.238	7f441260ad41003c	이상하군!\n전차가 움직이지 않는 것 같아!	accepted	d9b246c05330c6ce	Codex	full-ko-20261006	2026-10-06	全量本機候選；未經母語者審閱；韓文普通空白採 8 px；窗口與正式包另驗
ESPMES#122.239	a850739b0adacf28	어?\n전차에 분명 뭔가 이상한 게 있어!\n	accepted	6a5d0e027dba1cfc	Codex	full-ko-20261006	2026-10-06	全量本機候選；未經母語者審閱；韓文普通空白採 8 px；窗口與正式包另驗
ESPMES#122.240	30599443ebac3659	이런! 역시 저주받았군‥\n전자동 무희가 있어 다행이야‥	accepted	fe368cf4e22cf038	Codex	full-ko-20261006	2026-10-06	使用者接受語境修讀；新譯 candidate；修讀僅 hypothesis，非 codec confirmed；未經母語者審閱；韓文普通空白採 8 px；原 decode 警告及來源雜湊保留；窗口及正式包另驗
ESPMES#122.241	30599443ebac3659	이런! 역시 저주받았군‥\n전자동 무희가 있어 다행이야‥	accepted	fe368cf4e22cf038	Codex	full-ko-20261006	2026-10-06	使用者接受語境修讀；新譯 candidate；修讀僅 hypothesis，非 codec confirmed；未經母語者審閱；韓文普通空白採 8 px；原 decode 警告及來源雜湊保留；窗口及正式包另驗
ESPMES#122.242	59a67004f418ee3e	저주가 어떻게 될지 모르겠어‥\n혹시 전자동 무희를‥	accepted	3857c20f2d34683a	Codex	full-ko-20261006	2026-10-06	使用者接受語境修讀；新譯 candidate；修讀僅 hypothesis，非 codec confirmed；未經母語者審閱；韓文普通空白採 8 px；原 decode 警告及來源雜湊保留；窗口及正式包另驗
ESPMES#122.243	c79b534a820ad232	? 그 저주는 어떻게 된 걸까? 전자동 무희가 저주를 봉인한 것 같아.	accepted	a9373315a8c61b73	Codex	full-ko-20261006	2026-10-06	使用者接受語境修讀；新譯 candidate；修讀僅 hypothesis，非 codec confirmed；未經母語者審閱；韓文普通空白採 8 px；原 decode 警告及來源雜湊保留；窗口及正式包另驗
ESPMES#122.244	727d4bc80998c461	하하!\n저주가 봉인된 것 같아!\n모두 전자동 무희 덕분이야.	accepted	a0882ad9c21040be	Codex	full-ko-20261006	2026-10-06	使用者接受語境修讀；新譯 candidate；修讀僅 hypothesis，非 codec confirmed；未經母語者審閱；韓文普通空白採 8 px；原 decode 警告及來源雜湊保留；窗口及正式包另驗
ESPMES#122.245	80f1321147ea9129	저주는 이제 봉인됐어‥\n이제 여행을 계속할 수 있겠어‥	accepted	6ab1b7274dc5ae3c	Codex	full-ko-20261006	2026-10-06	使用者接受語境修讀；新譯 candidate；修讀僅 hypothesis，非 codec confirmed；未經母語者審閱；韓文普通空白採 8 px；原 decode 警告及來源雜湊保留；窗口及正式包另驗
ESPMES#122.246	fba2cd6abd87877e	이 전차는 저주받았어!\n와!‥체력이 계속 줄어‥\n성으로 돌아가 조사하자!	accepted	0adb75349380e509	Codex	full-ko-20261006	2026-10-06	使用者接受語境修讀；新譯 candidate；修讀僅 hypothesis，非 codec confirmed；未經母語者審閱；韓文普通空白採 8 px；原 decode 警告及來源雜湊保留；窗口及正式包另驗
ESPMES#122.247	85c50c5d6f0a8d02	왜 아프지‥\n‥전차가 이상해!\n성으로 돌아가 조사하자!	accepted	051c6756d8243bc3	Codex	full-ko-20261006	2026-10-06	全量本機候選；未經母語者審閱；韓文普通空白採 8 px；窗口與正式包另驗
ESPMES#122.248	80e55c231549edc0	와!‥체력이 계속 줄어‥\n원인은 이 전차야!\n빨리 성으로 돌아가야 해!	accepted	d745c2a8c695e03f	Codex	full-ko-20261006	2026-10-06	全量本機候選；未經母語者審閱；韓文普通空白採 8 px；窗口與正式包另驗
ESPMES#122.249	c497f08320ebddb6	아파!\n체력이 줄어! 이 망할 전차!	accepted	2cc5be4e4604e51c	Codex	full-ko-20261006	2026-10-06	全量本機候選；未經母語者審閱；韓文普通空白採 8 px；窗口與正式包另驗
ESPMES#122.250	85e44319252d68c2	‥이 저주받은 전차! 체력이 조금씩 계속 줄어드는 것 같아.\n빨리 성으로 돌아가야 해‥	accepted	e07d58d23d2fd8b8	Codex	full-ko-20261006	2026-10-06	使用者接受語境修讀；新譯 candidate；修讀僅 hypothesis，非 codec confirmed；未經母語者審閱；韓文普通空白採 8 px；原 decode 警告及來源雜湊保留；窗口及正式包另驗
ESPMES#122.251	a177672621c6756a	이! 이건!\n체력!‥이 전차는 저주받았어! 빨리 성으로 돌아가지 않으면‥	accepted	f2bcd8ffb946d02b	Codex	full-ko-20261006	2026-10-06	使用者接受語境修讀；新譯 candidate；修讀僅 hypothesis，非 codec confirmed；未經母語者審閱；韓文普通空白採 8 px；原 decode 警告及來源雜湊保留；窗口及正式包另驗
ESPMES#122.252	79bffbbdb53e0927	설명해 드리죠. 바로 말하면 저희 주인님은 짝을 찾고 계십니다.\n하지만 조건이 아주 까다롭죠.	accepted	abc581352f4c8141	Codex	full-ko-20261006	2026-10-06	全量本機候選；未經母語者審閱；韓文普通空白採 8 px；窗口與正式包另驗
ESPMES#122.253	5008c4025795d56c	지금까지 %4d번 실패했습니다. 주인님은 본인의 미래와 다음 세대를 위해 알맞은 짝을 원하십니다.	accepted	0d723462052e5b6e	Codex	full-ko-20261006	2026-10-06	全量本機候選；未經母語者審閱；韓文普通空白採 8 px；窗口與正式包另驗
ESPMES#122.254	5008c4025795d56c	지금까지 %4d번 실패했습니다. 주인님은 본인의 미래와 다음 세대를 위해 알맞은 짝을 원하십니다.	accepted	0d723462052e5b6e	Codex	full-ko-20261006	2026-10-06	全量本機候選；未經母語者審閱；韓文普通空白採 8 px；窗口與正式包另驗
ESPMES#122.255	0e5c2ad767267a3d	함께 계신 여성이 저희 주인님과 아주 잘 맞습니다. 동의하시면 제 전 재산을 보수로 드리겠습니다. 	accepted	870b9d5523de45a1	Codex	full-ko-20261006	2026-10-06	全量本機候選；未經母語者審閱；韓文普通空白採 8 px；窗口與正式包另驗；完整字詞保持，改由既定折行器重新折行
ESPMES#122.256	35cf16bdadcdc4b8	아슈와트 성 영주를 만나 보자.	accepted	e77a138af33646a5	Codex	full-ko-20261006	2026-10-06	全量本機候選；未經母語者審閱；韓文普通空白採 8 px；窗口與正式包另驗
ESPMES#122.257	35cf16bdadcdc4b8	아슈와트 성 영주를 만나 보자.	accepted	e77a138af33646a5	Codex	full-ko-20261006	2026-10-06	全量本機候選；未經母語者審閱；韓文普通空白採 8 px；窗口與正式包另驗
ESPMES#122.258	35cf16bdadcdc4b8	아슈와트 성 영주를 만나 보자.	accepted	e77a138af33646a5	Codex	full-ko-20261006	2026-10-06	全量本機候選；未經母語者審閱；韓文普通空白採 8 px；窗口與正式包另驗
ESPMES#122.259	35cf16bdadcdc4b8	아슈와트 성 영주를 만나 보자.	accepted	e77a138af33646a5	Codex	full-ko-20261006	2026-10-06	全量本機候選；未經母語者審閱；韓文普通空白採 8 px；窗口與正式包另驗
ESPMES#122.260	35cf16bdadcdc4b8	아슈와트 성 영주를 만나 보자.	accepted	e77a138af33646a5	Codex	full-ko-20261006	2026-10-06	全量本機候選；未經母語者審閱；韓文普通空白採 8 px；窗口與正式包另驗
ESPMES#122.261	35cf16bdadcdc4b8	아슈와트 성 영주를 만나 보자.	accepted	e77a138af33646a5	Codex	full-ko-20261006	2026-10-06	全量本機候選；未經母語者審閱；韓文普通空白採 8 px；窗口與正式包另驗
ESPMES#122.262	41d305011a786701	도와주러 갈까!	accepted	334d203ec88b2649	Codex	full-ko-20261006	2026-10-06	全量本機候選；未經母語者審閱；韓文普通空白採 8 px；窗口與正式包另驗
ESPMES#122.263	41d305011a786701	도와주러 갈까!	accepted	334d203ec88b2649	Codex	full-ko-20261006	2026-10-06	全量本機候選；未經母語者審閱；韓文普通空白採 8 px；窗口與正式包另驗
ESPMES#122.264	be2a683cb36ecd52	무슨 일이 생겼는지 보러 가자!	accepted	cfd4c670fea353d1	Codex	full-ko-20261006	2026-10-06	全量本機候選；未經母語者審閱；韓文普通空白採 8 px；窗口與正式包另驗
ESPMES#122.265	b75a403ea5292467	디시 누나야!\n도와주러 왔어!	accepted	f844a15bc66a7074	Codex	full-ko-20261006	2026-10-06	全量本機候選；未經母語者審閱；韓文普通空白採 8 px；窗口與正式包另驗
ESPMES#122.266	5a0c896ba35064d8	도미니를 되찾으러 가자!	accepted	735c94f6ea3307a0	Codex	full-ko-20261006	2026-10-06	全量本機候選；未經母語者審閱；韓文普通空白採 8 px；窗口與正式包另驗
ESPMES#122.267	220c04b4d346b2ba	음.\n영주에게 항의하러 가자.	accepted	7ba6f485786bb42c	Codex	full-ko-20261006	2026-10-06	全量本機候選；未經母語者審閱；韓文普通空白採 8 px；窗口與正式包另驗
ESPMES#122.268	5b971aecc5099dca	갑자기 안 될 것 같아.\n정말!	accepted	7bd514bf132b1e96	Codex	full-ko-20261006	2026-10-06	全量本機候選；未經母語者審閱；韓文普通空白採 8 px；窗口與正式包另驗
ESPMES#122.269	a10a54d795d871ab	왜 이렇게 늦게 구하러 왔어!\n정말 불쾌한 경험이었어‥	accepted	d9ab48d3a2e7af04	Codex	full-ko-20261006	2026-10-06	全量本機候選；未經母語者審閱；韓文普通空白採 8 px；窗口與正式包另驗
ESPMES#122.270	bf77395497f42ad0	정말 죄송합니다‥‥‥. 용서해 주세요. 일이 어떻게\n이렇게 되었는지 모르겠습니다.	accepted	6ab9e696f3e90a89	Codex	full-ko-20261006	2026-10-06	全量本機候選；未經母語者審閱；韓文普通空白採 8 px；窗口與正式包另驗
ESPMES#122.271	c89cf1f9ddf43e8c	음! 네가 대장인가? 좋아! 좋아! 이 여성이 아주 마음에 드는군! 결심했어! 바로 그녀다!	accepted	6317f366b912ecaa	Codex	full-ko-20261006	2026-10-06	全量本機候選；未經母語者審閱；韓文普通空白採 8 px；窗口與正式包另驗
ESPMES#122.272	782e0c0aa9b6889b	뭐야! 이 거만한 녀석! 감히 분수도 모르고 넘보다니! 자기가 뭐라고! 웃겨 죽겠네! 큰 바보!	accepted	6b061e0655bc97fc	Codex	full-ko-20261006	2026-10-06	全量本機候選；未經母語者審閱；韓文普通空白採 8 px；窗口與正式包另驗
ESPMES#122.273	ef72d1220d7750b5	그러지 말아 주세요! 우리나라 백성을 돕는 셈 치세요. 평생 은혜를 잊지 않겠습니다!\n	accepted	86d4e28f6ccacdea	Codex	full-ko-20261006	2026-10-06	全量本機候選；未經母語者審閱；韓文普通空白採 8 px；窗口與正式包另驗
ESPMES#122.274	ae29039b11981799	히히! 드디어 내 것이군! 정말 기뻐! 아! 결혼식은 언제가 좋지‥내일! 모레! 언제가 좋을까?!	accepted	ebd3a98d9c185bd5	Codex	full-ko-20261006	2026-10-06	全量本機候選；未經母語者審閱；韓文普通空白採 8 px；窗口與正式包另驗
ESPMES#122.275	2a8b324e26f65d51	어! 아직 포기하지 않았군!\n하하! 웃겨 죽겠네! 큰 바보!	accepted	d47780ac52290faa	Codex	full-ko-20261006	2026-10-06	全量本機候選；未經母語者審閱；韓文普通空白採 8 px；窗口與正式包另驗
ESPMES#122.276	0407ddaa1589ae81	‥‥위험했어‥정말 아슬아슬했군‥우리가 평범한 사람은 아니었지‥.	accepted	0100c14f5e4b21a5	Codex	full-ko-20261006	2026-10-06	全量本機候選；未經母語者審閱；韓文普通空白採 8 px；窗口與正式包另驗
ESPMES#122.277	ef72d1220d7750b5	그러지 말아 주세요! 우리나라 백성을 돕는 셈 치세요. 평생 은혜를 잊지 않겠습니다!\n	accepted	86d4e28f6ccacdea	Codex	full-ko-20261006	2026-10-06	全量本機候選；未經母語者審閱；韓文普通空白採 8 px；窗口與正式包另驗
ESPMES#122.278	92eab3de7ec84069	와! 와! 모로! 제시! 누가 날 구해 줘! 그 잘난 척하는 녀석 뜻대로 되다니! 젠장!	accepted	1e88eed7b743bf96	Codex	full-ko-20261006	2026-10-06	全量本機候選；未經母語者審閱；韓文普通空白採 8 px；窗口與正式包另驗
ESPMES#122.279	c89cf1f9ddf43e8c	음! 네가 대장인가? 좋아! 좋아! 이 여성이 아주 마음에 드는군! 결심했어! 바로 그녀다!	accepted	6317f366b912ecaa	Codex	full-ko-20261006	2026-10-06	全量本機候選；未經母語者審閱；韓文普通空白採 8 px；窗口與正式包另驗
ESPMES#122.280	9baa261024984f47	‥뭐야! 이 변태 같은 여자 행세하는 남자! 소름 돋아! 절대 나를 만지면 안 돼! 정말 역겨워!!	accepted	6e320c98d41f1a88	Codex	full-ko-20261006	2026-10-06	全量本機候選；未經母語者審閱；韓文普通空白採 8 px；窗口與正式包另驗
ESPMES#122.281	ef72d1220d7750b5	그러지 말아 주세요! 우리나라 백성을 돕는 셈 치세요. 평생 은혜를 잊지 않겠습니다!\n	accepted	86d4e28f6ccacdea	Codex	full-ko-20261006	2026-10-06	全量本機候選；未經母語者審閱；韓文普通空白採 8 px；窗口與正式包另驗
ESPMES#122.282	ae29039b11981799	히히! 드디어 내 것이군! 정말 기뻐! 아! 결혼식은 언제가 좋지‥내일! 모레! 언제가 좋을까?!	accepted	ebd3a98d9c185bd5	Codex	full-ko-20261006	2026-10-06	全量本機候選；未經母語者審閱；韓文普通空白採 8 px；窗口與正式包另驗
ESPMES#122.283	9baa261024984f47	‥뭐야! 이 변태 같은 여자 행세하는 남자! 소름 돋아! 절대 나를 만지면 안 돼! 정말 역겨워!!	accepted	6e320c98d41f1a88	Codex	full-ko-20261006	2026-10-06	全量本機候選；未經母語者審閱；韓文普通空白採 8 px；窗口與正式包另驗
ESPMES#122.284	ef72d1220d7750b5	그러지 말아 주세요! 우리나라 백성을 돕는 셈 치세요. 평생 은혜를 잊지 않겠습니다!\n	accepted	86d4e28f6ccacdea	Codex	full-ko-20261006	2026-10-06	全量本機候選；未經母語者審閱；韓文普通空白採 8 px；窗口與正式包另驗
ESPMES#122.285	fafb13f325296970	정말 화나! 변태!	accepted	1f3668728a57a424	Codex	full-ko-20261006	2026-10-06	全量本機候選；未經母語者審閱；韓文普通空白採 8 px；窗口與正式包另驗
ESPMES#122.286	bf77395497f42ad0	정말 죄송합니다‥‥‥. 용서해 주세요. 일이 어떻게\n이렇게 되었는지 모르겠습니다.	accepted	6ab9e696f3e90a89	Codex	full-ko-20261006	2026-10-06	全量本機候選；未經母語者審閱；韓文普通空白採 8 px；窗口與正式包另驗
ESPMES#122.287	1f40a222a3be196d	큰일이야! 못 나가! 내보내 줘! 망할 녀석!!‥흑흑, 누가 구해 줘! 	accepted	1b72e55a0d12926b	Codex	full-ko-20261006	2026-10-06	全量本機候選；未經母語者審閱；韓文普通空白採 8 px；窗口與正式包另驗
ESPMES#122.288	9983a63d3d1ea902	나도 나이가 들었으니 결혼하면 빨리 아이를 낳아 영지를 물려줘야 해.	accepted	a66927a154ecf1a4	Codex	full-ko-20261006	2026-10-06	全量本機候選；未經母語者審閱；韓文普通空白採 8 px；窗口與正式包另驗
ESPMES#122.289	826880d998d81370	좋은 짝을 찾고 싶어. 되도록 빨리.\n부탁할 수 있겠나!\n	accepted	8789ccc80eb30124	Codex	full-ko-20261006	2026-10-06	全量本機候選；未經母語者審閱；韓文普通空白採 8 px；窗口與正式包另驗
ESPMES#122.290	cbd865fede50461b	고맙네! 그럼 부탁하네!	accepted	231b562d9d8e64dd	Codex	full-ko-20261006	2026-10-06	全量本機候選；未經母語者審閱；韓文普通空白採 8 px；窗口與正式包另驗
ESPMES#122.291	235a352bbb164321	아! 동정심도 없군. 다른 사람을 찾아야겠네.\n	accepted	0bc38fcaf3514163	Codex	full-ko-20261006	2026-10-06	全量本機候選；未經母語者審閱；韓文普通空白採 8 px；窗口與正式包另驗
ESPMES#122.292	3920bc2ed8bdba96	아! 아직 조금 부족해! 내 고귀한 신분에 맞아야 하네. 미안하군! 다시 다녀오게!\n	accepted	b8477bf80644b48b	Codex	full-ko-20261006	2026-10-06	全量本機候選；未經母語者審閱；韓文普通空白採 8 px；窗口與正式包另驗
ESPMES#122.293	ac294d655a2528d3	왜 아직 이 모양인가? 시간이 별로 없네. 좀 도와줄 수 없나?\n	accepted	deeef10c732b58b1	Codex	full-ko-20261006	2026-10-06	全量本機候選；未經母語者審閱；韓文普通空白採 8 px；窗口與正式包另驗
ESPMES#122.294	17b41a11b8327490	콜록! 콜록! 젊은이! 도와주게. 성공하면 영주에게 상금을 받을 수 있네! 해 보겠나?	accepted	ebed26d593ac8e1d	Codex	full-ko-20261006	2026-10-06	全量本機候選；未經母語者審閱；韓文普通空白採 8 px；窗口與正式包另驗
ESPMES#122.295	92bad5cd27030e19	계속 도와줘서 고마워! 여기 사람들은 모두 평안하고 행복하게 지내네. 하하!	accepted	12fb2b7bed2454a9	Codex	full-ko-20261006	2026-10-06	全量本機候選；未經母語者審閱；韓文普通空白採 8 px；窗口與正式包另驗
ESPMES#122.296	d39f14260805448e	이건!‥다시 따뜻해졌어‥! 다행이야! 정말 다행이야!	accepted	322c6927117ea67a	Codex	full-ko-20261006	2026-10-06	全量本機候選；未經母語者審閱；韓文普通空白採 8 px；窗口與正式包另驗
ESPMES#122.297	a2049d007b69eb13	왜 그래? 무슨 일이야! 설마 한파가 다시 오는 건가‥.	accepted	ce545e226708da2d	Codex	full-ko-20261006	2026-10-06	全量本機候選；未經母語者審閱；韓文普通空白採 8 px；窗口與正式包另驗
ESPMES#122.298	f1c03348dc6c04f5	아! 골치 아파! 모두 이 한파 때문에\n머리가 아파! 곤란하군‥어떻게 해야 할지 모르겠어‥?	accepted	14bc8c439f71ee70	Codex	full-ko-20261006	2026-10-06	全量本機候選；未經母語者審閱；韓文普通空白採 8 px；窗口與正式包另驗
ESPMES#122.299	e5900a4f506812e0	우리도 거의 얼어 쓰러질 뻔했어. 성 경비병들이 도와줘서 겨우 버텼지.\n대체 무슨 일이야?	accepted	2ab425f214f8d245	Codex	full-ko-20261006	2026-10-06	全量本機候選；未經母語者審閱；韓文普通空白採 8 px；窗口與正式包另驗
ESPMES#122.300	3716944663a18ad1	우리 발명가의 장치가 무슨 일인지 고장 났기 때문이야!\n좀 도와줄 수 있나?	accepted	2f264aa95fb5825c	Codex	full-ko-20261006	2026-10-06	全量本機候選；未經母語者審閱；韓文普通空白採 8 px；窗口與正式包另驗
ESPMES#122.301	04f699a726cd98e9	모두 부탁하네. 이런 추위는 견딜 수 없어!	accepted	9b5b3e3b51a5f5e8	Codex	full-ko-20261006	2026-10-06	全量本機候選；未經母語者審閱；韓文普通空白採 8 px；窗口與正式包另驗
ESPMES#122.302	aa8253399c8bea98	그는 동굴에 있을 거야!\n되도록 서둘러 줘! 추워!\n	accepted	eb9554b229219d46	Codex	full-ko-20261006	2026-10-06	全量本機候選；未經母語者審閱；韓文普通空白採 8 px；窗口與正式包另驗
ESPMES#122.303	2ff60f1a8e213ef5	콜록! 콜록! 실망스럽군! 정말 아쉬워! 미안하네! 감기에 걸린 것 같아! 먼저 가겠네!\n	accepted	48a7d7a5d206bc11	Codex	full-ko-20261006	2026-10-06	全量本機候選；未經母語者審閱；韓文普通空白採 8 px；窗口與正式包另驗
ESPMES#122.304	d52ff5fd525abe1d	콜록! 콜록! 실례지만? 콜록! 미안하네! 나는! 콜록!	accepted	5f121e26039e83fe	Codex	full-ko-20261006	2026-10-06	全量本機候選；未經母語者審閱；韓文普通空白採 8 px；窗口與正式包另驗
ESPMES#122.305	18c6f35911e20432	콜록! 콜록! 부탁이 있네! 이웃 나라에 있는 라키아라는 녀석을 찾아주게. 오랜 친구야.	accepted	d822e9607be954eb	Codex	full-ko-20261006	2026-10-06	全量本機候選；未經母語者審閱；韓文普通空白採 8 px；窗口與正式包另驗
ESPMES#122.306	853b9a0e9d0cac15	이 한파는 내가 발명한 기계가 고장 나서 생겼네. 부품을 갈아야 하는데\n오랜 친구에게 있을 거야.	accepted	873448e5feb407f7	Codex	full-ko-20261006	2026-10-06	全量本機候選；未經母語者審閱；韓文普通空白採 8 px；窗口與正式包另驗
ESPMES#122.307	551d256ea797592f	나는 늙은 데다 병까지 들어\n어찌할 도리가 없네.\n이 일은 너희에게 맡겨야겠어.	accepted	d3790cb2ace0864c	Codex	full-ko-20261006	2026-10-06	全量本機候選；未經母語者審閱；韓文普通空白採 8 px；窗口與正式包另驗
ESPMES#122.308	08177271be4ea7da	모두 부탁하네. 이런 추위는 견딜 수 없어! 콜록!	accepted	e6e9404c514c5a85	Codex	full-ko-20261006	2026-10-06	全量本機候選；未經母語者審閱；韓文普通空白採 8 px；窗口與正式包另驗
ESPMES#122.309	2ff60f1a8e213ef5	콜록! 콜록! 실망스럽군! 정말 아쉬워! 미안하네! 감기에 걸린 것 같아! 먼저 가겠네!\n	accepted	48a7d7a5d206bc11	Codex	full-ko-20261006	2026-10-06	全量本機候選；未經母語者審閱；韓文普通空白採 8 px；窗口與正式包另驗
ESPMES#122.310	071c2a7c42729f3a	고맙네! 이제 수리할 수 있겠어! 마음이 놓이는군! 콜록!	accepted	f32554600d9e31b3	Codex	full-ko-20261006	2026-10-06	全量本機候選；未經母語者審閱；韓文普通空白採 8 px；窗口與正式包另驗
ESPMES#122.311	678d5ae3d9d6ca3f	이제 문제없어! 다 고쳤어!	accepted	b11a6429037dd5c1	Codex	full-ko-20261006	2026-10-06	全量本機候選；未經母語者審閱；韓文普通空白採 8 px；窗口與正式包另驗
ESPMES#122.312	476f72a79e5b1e18	제발 서둘러 줘! 이대로면 얼어 죽을지도 모르겠어!	accepted	aeebc508c864371d	Codex	full-ko-20261006	2026-10-06	全量本機候選；未經母語者審閱；韓文普通空白採 8 px；窗口與正式包另驗
ESPMES#122.313	74a78869a2b419de	와! 드디어 왔군! 문제없어! 그 늙은이에게 들었네. 이 부품이야. 가져가!	accepted	c9f26b17a4f2449a	Codex	full-ko-20261006	2026-10-06	全量本機候選；未經母語者審閱；韓文普通空白採 8 px；窗口與正式包另驗
ESPMES#122.314	1a704cf2971c3be8	수리 부품을 얻었다!	accepted	dd97d7aee53d83e6	Codex	full-ko-20261006	2026-10-06	全量本機候選；未經母語者審閱；韓文普通空白採 8 px；窗口與正式包另驗
ESPMES#122.315	0b09f8419c1399a6	왜 그래? 어서 가져가! 다들 얼어 죽겠어!	accepted	5a0f864d8c600fef	Codex	full-ko-20261006	2026-10-06	全量本機候選；未經母語者審閱；韓文普通空白採 8 px；窗口與正式包另驗
ESPMES#122.316	b3fa47e66fbc1a67	드디어 장치를 고쳤군. 이제 다들 안심하겠네!‥안심이야! ‥이제 세상이 평온해졌어! 	accepted	7002166d3df76c39	Codex	full-ko-20261006	2026-10-06	全量本機候選；未經母語者審閱；韓文普通空白採 8 px；窗口與正式包另驗；完整字詞保持，改由既定折行器重新折行
ESPMES#122.317	9775d7f51ba193e1	앞으로 걱정할 필요 없어! 잘됐군! 하하!\n	accepted	de408893cd5e429c	Codex	full-ko-20261006	2026-10-06	全量本機候選；未經母語者審閱；韓文普通空白採 8 px；窗口與正式包另驗
ESPMES#122.318	17b41a11b8327490	콜록! 콜록! 젊은이! 도와주게. 성공하면 영주에게 상금을 받을 수 있네! 해 보겠나?	accepted	ebed26d593ac8e1d	Codex	full-ko-20261006	2026-10-06	全量本機候選；未經母語者審閱；韓文普通空白採 8 px；窗口與正式包另驗
ESPMES#122.319	92bad5cd27030e19	계속 도와줘서 고마워! 여기 사람들은 모두 평안하고 행복하게 지내네. 하하!	accepted	12fb2b7bed2454a9	Codex	full-ko-20261006	2026-10-06	全量本機候選；未經母語者審閱；韓文普通空白採 8 px；窗口與正式包另驗
ESPMES#122.320	43e7ffed43b93fcb	이건!‥기온이 돌아왔어‥! 다행이야! 정말 다행이야!	accepted	b32364e8ff7d0d5b	Codex	full-ko-20261006	2026-10-06	全量本機候選；未經母語者審閱；韓文普通空白採 8 px；窗口與正式包另驗
ESPMES#122.321	2f062205c11f1189	왜 그래? 무슨 일이야! 설마 폭염이 다시 오는 건가‥.	accepted	a918f88a597324cf	Codex	full-ko-20261006	2026-10-06	全量本機候選；未經母語者審閱；韓文普通空白採 8 px；窗口與正式包另驗
ESPMES#122.322	cd03165c52d066d7	아! 골치 아파! 모두 이 폭염 때문에\n머리가 아파! 곤란하군‥어떻게 해야 할지 모르겠어‥?	accepted	09274d1c1fc4836f	Codex	full-ko-20261006	2026-10-06	全量本機候選；未經母語者審閱；韓文普通空白採 8 px；窗口與正式包另驗
ESPMES#122.323	ec44c861cb93b6f1	우리도 더워 쓰러질 뻔했어. 성 경비병들이 도와줘서 겨우 버텼지.\n대체 무슨 일이야?	accepted	d2df0c8ddd3f68b6	Codex	full-ko-20261006	2026-10-06	全量本機候選；未經母語者審閱；韓文普通空白採 8 px；窗口與正式包另驗
ESPMES#122.324	3716944663a18ad1	우리 발명가의 장치가 무슨 일인지 고장 났기 때문이야!\n좀 도와줄 수 있나?	accepted	2f264aa95fb5825c	Codex	full-ko-20261006	2026-10-06	全量本機候選；未經母語者審閱；韓文普通空白採 8 px；窗口與正式包另驗
ESPMES#122.325	a51117182efafe26	모두 부탁하네. 이런 날씨는 못 견디겠어! 더워 쓰러지겠어!\n	accepted	c6f5e1736b6a432a	Codex	full-ko-20261006	2026-10-06	全量本機候選；未經母語者審閱；韓文普通空白採 8 px；窗口與正式包另驗
ESPMES#122.326	de61a691c0f47cb7	아!‥안타깝군! 이렇게 될 줄은 몰랐어!\n	accepted	b1f0c36255e0cc66	Codex	full-ko-20261006	2026-10-06	全量本機候選；未經母語者審閱；韓文普通空白採 8 px；窗口與正式包另驗
ESPMES#122.327	fa5cdf0956480f81	콜록! 콜록! 실례지만? 콜록! 미안하네! 나는! 콜록! 이 고질병 때문에!	accepted	e4327cce87ddf514	Codex	full-ko-20261006	2026-10-06	全量本機候選；未經母語者審閱；韓文普通空白採 8 px；窗口與正式包另驗
ESPMES#122.328	18c6f35911e20432	콜록! 콜록! 부탁이 있네! 이웃 나라에 있는 라키아라는 녀석을 찾아주게. 오랜 친구야.	accepted	d822e9607be954eb	Codex	full-ko-20261006	2026-10-06	全量本機候選；未經母語者審閱；韓文普通空白採 8 px；窗口與正式包另驗
ESPMES#122.329	14273b262c87e02a	이 폭염은 내가 발명한 기계가 고장 나서 생겼네. 부품을 갈아야 하는데\n오랜 친구에게 있을 거야.	accepted	9a24aa9edb8f62a6	Codex	full-ko-20261006	2026-10-06	全量本機候選；未經母語者審閱；韓文普通空白採 8 px；窗口與正式包另驗
ESPMES#122.330	551d256ea797592f	나는 늙은 데다 병까지 들어\n어찌할 도리가 없네.\n이 일은 너희에게 맡겨야겠어.	accepted	d3790cb2ace0864c	Codex	full-ko-20261006	2026-10-06	全量本機候選；未經母語者審閱；韓文普通空白採 8 px；窗口與正式包另驗
ESPMES#122.331	a51117182efafe26	모두 부탁하네. 이런 날씨는 못 견디겠어! 더워 쓰러지겠어!\n	accepted	c6f5e1736b6a432a	Codex	full-ko-20261006	2026-10-06	全量本機候選；未經母語者審閱；韓文普通空白採 8 px；窗口與正式包另驗
ESPMES#122.332	c7fb1bdcc2826152	콜록! 콜록! 실망스럽군! 정말 아쉬워! 미안하네! 더워서 쓰러질 것 같아! 먼저 가겠네!\n	accepted	3bae285ef6e55512	Codex	full-ko-20261006	2026-10-06	全量本機候選；未經母語者審閱；韓文普通空白採 8 px；窗口與正式包另驗
ESPMES#122.333	7a294db6314995e9	고맙네! 이제 수리할 수 있겠어. 앞으로 걱정 없겠군!	accepted	802b4b7ba6e75006	Codex	full-ko-20261006	2026-10-06	全量本機候選；未經母語者審閱；韓文普通空白採 8 px；窗口與正式包另驗
ESPMES#122.334	d5a6a6bd7443052a	이제 문제없어!	accepted	8286274acfc00a3c	Codex	full-ko-20261006	2026-10-06	全量本機候選；未經母語者審閱；韓文普通空白採 8 px；窗口與正式包另驗
ESPMES#122.335	33bec29283172746	왜 그래? 어서 가! 다들 더워 죽겠어!	accepted	741ee8cc8afadb39	Codex	full-ko-20261006	2026-10-06	全量本機候選；未經母語者審閱；韓文普通空白採 8 px；窗口與正式包另驗
ESPMES#122.336	74a78869a2b419de	와! 드디어 왔군! 문제없어! 그 늙은이에게 들었네. 이 부품이야. 가져가!	accepted	c9f26b17a4f2449a	Codex	full-ko-20261006	2026-10-06	全量本機候選；未經母語者審閱；韓文普通空白採 8 px；窗口與正式包另驗
ESPMES#122.337	a67f7abcf82303fb	왜 그래? 어서 가져가! 다들 더워 죽겠어!	accepted	020a76537d21149c	Codex	full-ko-20261006	2026-10-06	全量本機候選；未經母語者審閱；韓文普通空白採 8 px；窗口與正式包另驗
ESPMES#122.338	b3fa47e66fbc1a67	드디어 장치를 고쳤군. 이제 다들 안심하겠네!‥안심이야! ‥이제 세상이 평온해졌어! 	accepted	7002166d3df76c39	Codex	full-ko-20261006	2026-10-06	全量本機候選；未經母語者審閱；韓文普通空白採 8 px；窗口與正式包另驗；完整字詞保持，改由既定折行器重新折行
ESPMES#122.339	9775d7f51ba193e1	앞으로 걱정할 필요 없어! 잘됐군! 하하!\n	accepted	de408893cd5e429c	Codex	full-ko-20261006	2026-10-06	全量本機候選；未經母語者審閱；韓文普通空白採 8 px；窗口與正式包另驗
ESPMES#122.340	987f9e42186667ef	알고 있나?\n이 상자는‥\n열리지 않는다고 해‥	accepted	93d06c6d66d5ceeb	Codex	full-ko-20261006	2026-10-06	全量本機候選；未經母語者審閱；韓文普通空白採 8 px；窗口與正式包另驗
ESPMES#122.341	0f805b12e5c52bbc	이 상자를 들어 봤나? 수수께끼 상자라고도 한다더군! 어떤 보물과 관계가 있는 모양이야‥	accepted	8198412a64f9cd71	Codex	full-ko-20261006	2026-10-06	全量本機候選；未經母語者審閱；韓文普通空白採 8 px；窗口與正式包另驗
ESPMES#122.342	665f0ac6870aafcd	낯선 이여!\n소문 하나 알려 주지!‥상자 안에 정령이 있어서 소원 세 가지를 들어 준대!	accepted	0b3c4ce0d128e4a1	Codex	full-ko-20261006	2026-10-06	全量本機候選；未經母語者審閱；韓文普通空白採 8 px；窗口與正式包另驗
ESPMES#122.343	da09d1cbe5091037	비밀을 알아내면 우리에게도 알려 줘!	accepted	728ac5c3430f079c	Codex	full-ko-20261006	2026-10-06	全量本機候選；未經母語者審閱；韓文普通空白採 8 px；窗口與正式包另驗
ESPMES#122.344	772602107d2f02e7	어이! 보물 상자 이야기를 들었나? 안에 절세미녀가 산다더군! 쉿! 조용히 해!	accepted	a9152e719d6cabfc	Codex	full-ko-20261006	2026-10-06	全量本機候選；未經母語者審閱；韓文普通空白採 8 px；窗口與正式包另驗
ESPMES#122.345	f3ed20421e933266	너희 이야기를 들은 것 같아!\n루레엔 국왕이 이상한 물건을\n찾는다던데? 무기 같은 것이라나‥.	accepted	e3009548a0795c82	Codex	full-ko-20261006	2026-10-06	全量本機候選；未經母語者審閱；韓文普通空白採 8 px；窗口與正式包另驗
ESPMES#122.346	e52e95fb616e7906	루레엔 국왕이 보물을 찾는다더군.‥골동품 같은데\n현상금도 꽤 많대‥.\n	accepted	67043b5fbc9dcb44	Codex	full-ko-20261006	2026-10-06	全量本機候選；未經母語者審閱；韓文普通空白採 8 px；窗口與正式包另驗
ESPMES#122.347	e29806348282e4dd	‥어떤 영주가 보물 상자를 찾는다더군. 안에 보물 지도가 있다는데 고대 유물과 관계있나 봐?\n	accepted	9eed25b3aba8556a	Codex	full-ko-20261006	2026-10-06	全量本機候選；未經母語者審閱；韓文普通空白採 8 px；窗口與正式包另驗
ESPMES#122.348	9670999199deeead	‥북쪽의 어떤 영주가 뭔가 찾는다던데? 상금도 꽤 많대!\n	accepted	6ab5709aa3a8bfdf	Codex	full-ko-20261006	2026-10-06	全量本機候選；未經母語者審閱；韓文普通空白採 8 px；窗口與正式包另驗
ESPMES#122.349	fc1331f273e92859	세상에는 구시대 유산 같은 신기한 이야기가 많아. 어느 학자는 수수께끼 상자의 비밀을 푼다더군! 	accepted	daa7cb74f09f8fa6	Codex	full-ko-20261006	2026-10-06	全量本機候選；未經母語者審閱；韓文普通空白採 8 px；窗口與正式包另驗；完整字詞保持，改由既定折行器重新折行
ESPMES#122.350	cfe8cd200322cfb3	열리지 않는 상자?\n‥모든 상자를 여는 사람을 알아. 학자인 것 같아.	accepted	ccf9f0ce5ffd93ef	Codex	full-ko-20261006	2026-10-06	全量本機候選；未經母語者審閱；韓文普通空白採 8 px；窗口與正式包另驗
ESPMES#122.351	4a5490de04d68334	‥비밀을 알려 주지! 학자 말로는 상자 안에 열쇠가 있다더군. 어서 찾아봐!!! \n	accepted	de954059780e23aa	Codex	full-ko-20261006	2026-10-06	全量本機候選；未經母語者審閱；韓文普通空白採 8 px；窗口與正式包另驗
ESPMES#122.352	036c15c139704072	‥루레엔은 인재도 많고 학자와 과학자도 많아. 그중 하나는 로봇을 잘 만드는데\n여자 로봇이라더군!!	accepted	c2a70da113d2a172	Codex	full-ko-20261006	2026-10-06	全量本機候選；未經母語者審閱；韓文普通空白採 8 px；窗口與正式包另驗
ESPMES#122.353	7568c2f5300c7616	‥동굴에 뭐가 있을까‥‥예전에 문을 본 것 같지만 열쇠가 없었어. 안에는 어쩌면‥.\n	accepted	3b14324e17ab4cc2	Codex	full-ko-20261006	2026-10-06	全量本機候選；未經母語者審閱；韓文普通空白採 8 px；窗口與正式包另驗
ESPMES#122.354	9e11359c073f9704	‥나도 그 문을 봤어! 열쇠 없이는 절대 못 열어. 안에는 보물이 많을 거야!	accepted	5fc8bccc4316ffa3	Codex	full-ko-20261006	2026-10-06	全量本機候選；未經母語者審閱；韓文普通空白採 8 px；窗口與正式包另驗
ESPMES#122.355	594a90dc1e17d2c4	‥동굴‥. 안?‥마물‥망령‥뭐야? 산 사람은 접근 금지‥들어가면 못 나와‥.\n	accepted	b5f0383b857b1f27	Codex	full-ko-20261006	2026-10-06	全量本機候選；未經母語者審閱；韓文普通空白採 8 px；窗口與正式包另驗
ESPMES#122.356	a65366f99e32a94c	‥그 동굴에 도적단이 잡아 온 여자들이 있대. 어서 구하러 가!! 어쩌면‥‥.	accepted	862935cd9e754479	Codex	full-ko-20261006	2026-10-06	全量本機候選；未經母語者審閱；韓文普通空白採 8 px；窗口與正式包另驗
ESPMES#122.357	66e72ff83524c7cc	큰일이야! 이렇게 많은 세제를 어서 보내야 해.\n‥리카노 니에게 보내야 하는데! 어때?\n	accepted	76c59701b7a0e67c	Codex	full-ko-20261006	2026-10-06	全量本機候選；未經母語者審閱；韓文普通空白採 8 px；窗口與正式包另驗
ESPMES#122.358	f730946a38166cda	고마워! 그럼 부탁해!	accepted	c6fea067a2e4ec4e	Codex	full-ko-20261006	2026-10-06	全量本機候選；未經母語者審閱；韓文普通空白採 8 px；窗口與正式包另驗
ESPMES#122.359	70f81510d1db427f	세제를 받았다!	accepted	58c52757b049b663	Codex	full-ko-20261006	2026-10-06	全量本機候選；未經母語者審閱；韓文普通空白採 8 px；窗口與正式包另驗
ESPMES#122.360	74ff78694cc49e8a	곤란하군! 어쩔 수 없지! 다른 사람을 찾아야겠어!\n	accepted	f2d383628bc71acd	Codex	full-ko-20261006	2026-10-06	全量本機候選；未經母語者審閱；韓文普通空白採 8 px；窗口與正式包另驗
ESPMES#122.361	e01fcb9d681c8939	‥왜? 문이 모두 닫혔어! 급한 일이라더니?‥.\n어쩌지? 이 세제를‥.\n	accepted	159898f18ad0acdc	Codex	full-ko-20261006	2026-10-06	全量本機候選；未經母語者審閱；韓文普通空白採 8 px；窗口與正式包另驗
ESPMES#122.362	2b5a2123f69b56df	어? 휴일이야? 어떻게 이래! 일부러 왔는데!\n	accepted	4558909a2bb6b49f	Codex	full-ko-20261006	2026-10-06	全量本機候選；未經母語者審閱；韓文普通空白採 8 px；窗口與正式包另驗
ESPMES#122.363	018d4b8ff7853a5a	‥어? 폐업했나?‥이 세제를 어쩌면 좋지?‥.	accepted	6c1b314edff695da	Codex	full-ko-20261006	2026-10-06	全量本機候選；未經母語者審閱；韓文普通空白採 8 px；窗口與正式包另驗
ESPMES#122.364	fc2374c4d50ffaf8	어? 가게가 쉬어!‥세제를 보내려고 일부러 왔는데! 어쩌지?	accepted	3b28f65b799ec098	Codex	full-ko-20261006	2026-10-06	全量本機候選；未經母語者審閱；韓文普通空白採 8 px；窗口與正式包另驗
ESPMES#122.365	00b65c41ab5f2710	이런! 왜 닫혀 있어! 이제 어쩌면 좋지?!\n	accepted	9152d2ec0ca1a610	Codex	full-ko-20261006	2026-10-06	全量本機候選；未經母語者審閱；韓文普通空白採 8 px；窗口與正式包另驗
ESPMES#122.366	17939588d157ba14	왜 닫혀 있지?‥이 세제를 어쩌지?\n	accepted	f758927269294c1f	Codex	full-ko-20261006	2026-10-06	全量本機候選；未經母語者審閱；韓文普通空白採 8 px；窗口與正式包另驗
ESPMES#122.367	395412f9fca5d5ee	‥하하! 무슨 용건인가? 주인은 죽었어!\n어제 유탄에‥.\n그래서 문을 닫았지.\n	accepted	5eafa68fab475dcc	Codex	full-ko-20261006	2026-10-06	全量本機候選；未經母語者審閱；韓文普通空白採 8 px；窗口與正式包另驗
ESPMES#122.368	1c19d92757a11d29	헤헤! 세제를 많이도 가져왔군! 어디에 쓰려는 거야? 뭐? 이 상자와 교환한다고.‥음! 괜찮겠지! 	accepted	9330015f62927904	Codex	full-ko-20261006	2026-10-06	全量本機候選；未經母語者審閱；韓文普通空白採 8 px；窗口與正式包另驗；完整字詞保持，改由既定折行器重新折行
ESPMES#122.369	ab146c4c5ae4d9a7	하하! 교환했군!\n잘 가! 몸조심해! 하하!	accepted	e2fdfd2ce73ba654	Codex	full-ko-20261006	2026-10-06	全量本機候選；未經母語者審閱；韓文普通空白採 8 px；窗口與正式包另驗
ESPMES#122.370	9a0bb32d6bacf352	세제를 상자와 교환했다!	accepted	2fd2ece643fb0da7	Codex	full-ko-20261006	2026-10-06	全量本機候選；未經母語者審閱；韓文普通空白採 8 px；窗口與正式包另驗
ESPMES#122.371	b22d4171e8ac0f94	‥어? 교환 안 한다고!	accepted	d5009605c67c1b08	Codex	full-ko-20261006	2026-10-06	全量本機候選；未經母語者審閱；韓文普通空白採 8 px；窗口與正式包另驗
ESPMES#122.372	a508e89b64592457	음?‥이건‥이, 이건 진품이야!‥내게 주면 상금을 주지!\n	accepted	3f40a560d0587d90	Codex	full-ko-20261006	2026-10-06	全量本機候選；未經母語者審閱；韓文普通空白採 8 px；窗口與正式包另驗
ESPMES#122.373	c2bf67b79946046e	오?‥너희가 가져도 소용없으니 내게 줘! 아니면 가만두지 않겠다! 전원 전투 준비!\n	accepted	fccfd36890f98edb	Codex	full-ko-20261006	2026-10-06	全量本機候選；未經母語者審閱；韓文普通空白採 8 px；窗口與正式包另驗
ESPMES#122.374	8b2f722b8e842160	‥흥! 포기하지 않겠다!\n다음에는 쉽게 보내 주지 않겠어!\n	accepted	83468957f4d562e4	Codex	full-ko-20261006	2026-10-06	全量本機候選；未經母語者審閱；韓文普通空白採 8 px；窗口與正式包另驗
ESPMES#122.375	7e0510dcc025ed28	얌전히 내놓아라‥.\n망할 녀석들! 좋게 말할 때 들어라!\n잘 생각해라!\n	accepted	be23bef6084be1fb	Codex	full-ko-20261006	2026-10-06	全量本機候選；未經母語者審閱；韓文普通空白採 8 px；窗口與正式包另驗
ESPMES#122.376	ede8e8919b99acd1	하하! 잘했군! 아주 잘했어! 현명한 녀석들이군. 여기\n상금은 모두 500만Ｇ다.\n충분하겠지!\n	accepted	c518bf926888b98f	Codex	full-ko-20261006	2026-10-06	全量本機候選；未經母語者審閱；韓文普通空白採 8 px；窗口與正式包另驗
ESPMES#122.377	c84f31e863549427	다른 일이 없으면 어서 떠나게! 보물 상자를 찾았다면 다르지만 그럴 리 없지!\n	accepted	921f155158a46f7c	Codex	full-ko-20261006	2026-10-06	全量本機候選；未經母語者審閱；韓文普通空白採 8 px；窗口與正式包另驗
ESPMES#122.378	16a3a11277c6184b	무슨 용건인가‥? 연구하느라 바쁘네!\n할 말 없으면‥. 보물 상자에 관한 일이라면 다르지만!	accepted	6ca578b6aa57690c	Codex	full-ko-20261006	2026-10-06	全量本機候選；未經母語者審閱；韓文普通空白採 8 px；窗口與正式包另驗
ESPMES#122.379	adee9d2b067e63d1	오! 너희였군!\n지금 바빠서 상대할 수 없네.\n용건이 없으면 이만!\n	accepted	df0fc6a1bce296bf	Codex	full-ko-20261006	2026-10-06	全量本機候選；未經母語者審閱；韓文普通空白採 8 px；窗口與正式包另驗
ESPMES#122.380	69c9ba3089c2f96a	‥이건! 이 물건들은‥. 이건, 이건‥여기‥.‥음! 잘했군!\n	accepted	f59a4308b09ba3cd	Codex	full-ko-20261006	2026-10-06	全量本機候選；未經母語者審閱；韓文普通空白採 8 px；窗口與正式包另驗
ESPMES#122.381	ae20a91c0fa6cd77	어? 보물 상자를 가져왔군‥고문서도 있고, 이건‥.\n!!!\n	accepted	c54a8fdbd9e04e39	Codex	full-ko-20261006	2026-10-06	全量本機候選；未經母語者審閱；韓文普通空白採 8 px；窗口與正式包另驗
ESPMES#122.382	4f7eddaf39694022	‥보물 상자!! 어서 분석하자! 카, 카메라‥젠장! 카메라가 어디 갔지!\n	accepted	ca4d00265f3fdcc7	Codex	full-ko-20261006	2026-10-06	全量本機候選；未經母語者審閱；韓文普通空白採 8 px；窗口與正式包另驗
ESPMES#122.383	a2da986d9df53121	‥‥‥‥‥‥‥‥‥‥‥‥‥‥‥‥‥‥‥이건‥사람의 머리‥‥‥‥‥‥‥‥‥‥‥‥‥‥큰일이군‥.	accepted	c57f555f9791fea0	Codex	full-ko-20261006	2026-10-06	全量本機候選；未經母語者審閱；韓文普通空白採 8 px；窗口與正式包另驗
ESPMES#122.384	a2da986d9df53121	‥‥‥‥‥‥‥‥‥‥‥‥‥‥‥‥‥‥‥이건‥사람의 머리‥‥‥‥‥‥‥‥‥‥‥‥‥‥큰일이군‥.	accepted	c57f555f9791fea0	Codex	full-ko-20261006	2026-10-06	全量本機候選；未經母語者審閱；韓文普通空白採 8 px；窗口與正式包另驗
ESPMES#122.385	b68d06cb5f807cc9	‥‥‥‥‥‥‥‥‥‥‥‥‥‥‥‥‥‥‥이건‥사람의 머리‥‥‥‥‥‥‥‥‥‥아닌 것 같기도‥.	accepted	6378be294a1a42cc	Codex	full-ko-20261006	2026-10-06	全量本機候選；未經母語者審閱；韓文普通空白採 8 px；窗口與正式包另驗
ESPMES#122.386	53e81b09f92e266d	‥‥‥‥‥‥‥‥‥‥‥‥‥‥‥‥‥‥‥‥‥‥사람의 머리?‥‥‥‥‥‥‥‥‥‥‥‥‥‥‥‥어어‥.	accepted	60aeb58b087df492	Codex	full-ko-20261006	2026-10-06	全量本機候選；未經母語者審閱；韓文普通空白採 8 px；窗口與正式包另驗
ESPMES#122.387	30df10fd0c4f9f7c	‥‥‥‥‥‥‥‥‥‥‥‥‥‥‥‥‥‥‥뭐야, 사람의 머리?‥‥‥‥‥‥‥‥‥‥‥역겨워‥.	accepted	7df8afce1e3e759f	Codex	full-ko-20261006	2026-10-06	全量本機候選；未經母語者審閱；韓文普通空白採 8 px；窗口與正式包另驗
ESPMES#122.388	79baa448f6ec50cc	‥‥‥‥‥‥‥‥‥‥‥‥‥‥‥‥‥‥‥‥혹시‥사람의 머리‥‥‥‥‥‥‥‥‥‥‥‥‥‥음‥.	accepted	b6109d7a48d7ad27	Codex	full-ko-20261006	2026-10-06	全量本機候選；未經母語者審閱；韓文普通空白採 8 px；窗口與正式包另驗
ESPMES#122.389	d11013c133336607	‥나‥알았어‥알려 주겠네! 이 열쇠를 가지고 가서 그 문을 열어라! 그건‥유‥	accepted	d2f3b1747910f7a1	Codex	full-ko-20261006	2026-10-06	全量本機候選；未經母語者審閱；韓文普通空白採 8 px；窗口與正式包另驗
ESPMES#122.390	89d17e3c5782820b	‥‥이 열쇠를 받아라! 그 고대 유산을 가져가라!\n	accepted	8670db2f161b0a12	Codex	full-ko-20261006	2026-10-06	全量本機候選；未經母語者審閱；韓文普通空白採 8 px；窗口與正式包另驗
ESPMES#122.391	89d17e3c5782820b	‥‥이 열쇠를 받아라! 그 고대 유산을 가져가라!\n	accepted	8670db2f161b0a12	Codex	full-ko-20261006	2026-10-06	全量本機候選；未經母語者審閱；韓文普通空白採 8 px；窗口與正式包另驗
ESPMES#122.392	25f722976b9ed2ac	‥‥이 열쇠를 받아라! 그 고대 유산을 가져가라!\n어서 가라!\n	accepted	fd0373cb459d901a	Codex	full-ko-20261006	2026-10-06	全量本機候選；未經母語者審閱；韓文普通空白採 8 px；窗口與正式包另驗
ESPMES#122.393	89d17e3c5782820b	‥‥이 열쇠를 받아라! 그 고대 유산을 가져가라!\n	accepted	8670db2f161b0a12	Codex	full-ko-20261006	2026-10-06	全量本機候選；未經母語者審閱；韓文普通空白採 8 px；窗口與正式包另驗
ESPMES#122.394	ef1fb45fafdbafcb	‥‥이 열쇠를 받아라! 그 고대 유산을 가져가라!\n엄청난 일이 되었군!\n	accepted	9b43424411e34c1a	Codex	full-ko-20261006	2026-10-06	全量本機候選；未經母語者審閱；韓文普通空白採 8 px；窗口與正式包另驗
ESPMES#122.395	f7cb8422a6fe1bbf	‥‥이 열쇠를 받아라! 그 고대 유산을 가져가라!\n하하! 하하!	accepted	5612ca1aec4c3958	Codex	full-ko-20261006	2026-10-06	全量本機候選；未經母語者審閱；韓文普通空白採 8 px；窗口與正式包另驗
ESPMES#122.396	2ccd9f9de685d942	고대 열쇠를 얻었다!	accepted	2cd12d59deafa591	Codex	full-ko-20261006	2026-10-06	全量本機候選；未經母語者審閱；韓文普通空白採 8 px；窗口與正式包另驗
ESPMES#122.397	23d23aa3fc77a456	어쩌지? 이 열쇠를 가지고 어디로 가야 하지? 사방을 찾아보는 수밖에!	accepted	4019f3ea7d356fe4	Codex	full-ko-20261006	2026-10-06	全量本機候選；未經母語者審閱；韓文普通空白採 8 px；窗口與正式包另驗
ESPMES#122.398	7ddd8ab51c0c5ab6	왜 그러지? 다시 설명해 줄까?	accepted	5a12d9d819bc8b72	Codex	full-ko-20261006	2026-10-06	全量本機候選；未經母語者審閱；韓文普通空白採 8 px；窗口與正式包另驗
ESPMES#122.399	6c5ae1ef0f90a959	좋아! 잘 들어라!	accepted	1d8ffa3a840d4442	Codex	full-ko-20261006	2026-10-06	全量本機候選；未經母語者審閱；韓文普通空白採 8 px；窗口與正式包另驗
ESPMES#122.400	9b52895d4594c725	좋아!‥어서 출발해라!	accepted	e8db480813b7b206	Codex	full-ko-20261006	2026-10-06	全量本機候選；未經母語者審閱；韓文普通空白採 8 px；窗口與正式包另驗
ESPMES#122.401	35ffb57f43086834	무슨 일이야? 어? 이건‥수수께끼 상자 아닌가!?	accepted	df342dcc6c0f4638	Codex	full-ko-20261006	2026-10-06	全量本機候選；未經母語者審閱；韓文普通空白採 8 px；窗口與正式包另驗
ESPMES#122.402	de55ee3e70640750	드디어 이날이 온 건가‥\n‥음! 이 고문서에 설명이 있을 거야!	accepted	6f9b81faa4f4739d	Codex	full-ko-20261006	2026-10-06	全量本機候選；未經母語者審閱；韓文普通空白採 8 px；窗口與正式包另驗
ESPMES#122.403	0501c98cd46c03dc	학자가 고문서를 펼쳤다.	accepted	2c10dbfe03132287	Codex	full-ko-20261006	2026-10-06	全量本機候選；未經母語者審閱；韓文普通空白採 8 px；窗口與正式包另驗
ESPMES#122.404	ad4144298662e623	‥이 상자에 관한 기록이 있군. 「시험관」이라 불리는 사람은 모두 ４명이다. 이 ４명을 찾아 답을 구해야 한다. 	accepted	c81347bd33085ede	Codex	full-ko-20261006	2026-10-06	全量本機候選；未經母語者審閱；韓文普通空白採 8 px；窗口與正式包另驗；完整字詞保持，改由既定折行器重新折行
ESPMES#122.405	2840e4c6416437c3	「동부 현자」\n「서부 폐성의 왕」\n「남부 교주」\n「북부 장군」\n	accepted	5448770060e1847b	Codex	full-ko-20261006	2026-10-06	全量本機候選；未經母語者審閱；韓文普通空白採 8 px；窗口與正式包另驗
ESPMES#122.406	c0b56ce928bf2897	모든 답을 구하면\n얻을 수 있다. 상자는 너희에게 맡기마. 잘해 봐라.\n	accepted	4d60e4f9e22c6215	Codex	full-ko-20261006	2026-10-06	全量本機候選；未經母語者審閱；韓文普通空白採 8 px；窗口與正式包另驗
ESPMES#122.407	be7c8a6c74d74537	우선 그 ４명부터 찾아보자.\n그럼 출발하자!\n	accepted	20ed819327aead97	Codex	full-ko-20261006	2026-10-06	全量本機候選；未經母語者審閱；韓文普通空白採 8 px；窗口與正式包另驗
ESPMES#122.408	3c7b63eacafce658	‥슬픈 장난감‥\n	accepted	118994b038739c2b	Codex	full-ko-20261006	2026-10-06	全量本機候選；未經母語者審閱；韓文普通空白採 8 px；窗口與正式包另驗
ESPMES#122.409	18cf84415a783f18	‥가볍게 다룰 수 없는 장난감, 슬픈 힘을 봉인하고\n다음에 다시 나를 찾아라‥.\n	accepted	bb2e0674fff796fa	Codex	full-ko-20261006	2026-10-06	全量本機候選；未經母語者審閱；韓文普通空白採 8 px；窗口與正式包另驗
ESPMES#122.410	1cbcee5f8244539c	‥드디어 가져왔군.\n그럼 힌트를 주마‥.\n	accepted	9c745eb3cdb7e77d	Codex	full-ko-20261006	2026-10-06	全量本機候選；未經母語者審閱；韓文普通空白採 8 px；窗口與正式包另驗；自然表達帶來物品後提供指點的原意
ESPMES#122.411	90b62c1462ebe3c0	１번째 물품을 얻었다!	accepted	ef60c5beff4fa5f4	Codex	full-ko-20261006	2026-10-06	全量本機候選；未經母語者審閱；韓文普通空白採 8 px；窗口與正式包另驗
ESPMES#122.412	1cbcee5f8244539c	‥드디어 가져왔군.\n그럼 힌트를 주마‥.\n	accepted	9c745eb3cdb7e77d	Codex	full-ko-20261006	2026-10-06	全量本機候選；未經母語者審閱；韓文普通空白採 8 px；窗口與正式包另驗；自然表達帶來物品後提供指點的原意
ESPMES#122.413	d70e8c92b892260c	２번째 물품을 얻었다!	accepted	814c2289990bb223	Codex	full-ko-20261006	2026-10-06	全量本機候選；未經母語者審閱；韓文普通空白採 8 px；窗口與正式包另驗
ESPMES#122.414	d9e3498d152f6eb7	‥성결한 여신‥.\n	accepted	fcc89ada023a7112	Codex	full-ko-20261006	2026-10-06	全量本機候選；未經母語者審閱；韓文普通空白採 8 px；窗口與正式包另驗
ESPMES#122.415	e016d946c9149eb1	‥사람의 마음을 시험하는 성결한 여신이여! 다음에 다시 나를 찾아라!‥\n	accepted	8fd9a1a1c6b8cbdd	Codex	full-ko-20261006	2026-10-06	全量本機候選；未經母語者審閱；韓文普通空白採 8 px；窗口與正式包另驗
ESPMES#122.416	5819619d0a754c75	‥오!‥상자를 얻은 모양이군.‥좋아!\n어떤 곳에 가져다주면‥너희의 사명이 끝난다!	accepted	d93d99afc0144fdc	Codex	full-ko-20261006	2026-10-06	全量本機候選；未經母語者審閱；韓文普通空白採 8 px；窗口與正式包另驗
ESPMES#122.417	5e7d0b80e010d786	음? 무슨 용건이지?\n더는 도와줄 일이 없군‥\n	accepted	a3071f46f7549e73	Codex	full-ko-20261006	2026-10-06	全量本機候選；未經母語者審閱；韓文普通空白採 8 px；窗口與正式包另驗
ESPMES#122.418	1e9156a2398ceb1d	여기는 남자 출입 금지다‥\n절대 남자를 데리고 오지 마라.\n	accepted	616857dc14706f87	Codex	full-ko-20261006	2026-10-06	全量本機候選；未經母語者審閱；韓文普通空白採 8 px；窗口與正式包另驗
ESPMES#122.419	1cbcee5f8244539c	‥드디어 가져왔군.\n그럼 힌트를 주마‥.\n	accepted	9c745eb3cdb7e77d	Codex	full-ko-20261006	2026-10-06	全量本機候選；未經母語者審閱；韓文普通空白採 8 px；窗口與正式包另驗；自然表達帶來物品後提供指點的原意
ESPMES#122.420	1cc2c87230ff5d0d	３번째 물품을 얻었다!	accepted	6ec9e57eb8119bbe	Codex	full-ko-20261006	2026-10-06	全量本機候選；未經母語者審閱；韓文普通空白採 8 px；窗口與正式包另驗
ESPMES#122.421	2f1fc4375410baed	‥춤의 빛을 발하라‥\n	accepted	43973f0b92b00b54	Codex	full-ko-20261006	2026-10-06	全量本機候選；未經母語者審閱；韓文普通空白採 8 px；窗口與正式包另驗
ESPMES#122.422	c44b181c5c7b68e0	‥무희의 손에서 빛을 비추고 다음에 다시 나를 찾아라‥.\n	accepted	a81e2ef5bd223260	Codex	full-ko-20261006	2026-10-06	全量本機候選；未經母語者審閱；韓文普通空白採 8 px；窗口與正式包另驗
ESPMES#122.423	99dc715153670203	여기인 것 같군‥문‥괴물이 나오지는 않을까!\n열어 보자!\n	accepted	43f43b13d7ba8851	Codex	full-ko-20261006	2026-10-06	全量本機候選；未經母語者審閱；韓文普通空白採 8 px；窗口與正式包另驗
ESPMES#122.424	3bc0e6aa4203bdc3	‥여기군‥헤헤! 전부 쓰레기일지도!	accepted	3dd674dc0b609321	Codex	full-ko-20261006	2026-10-06	全量本機候選；未經母語者審閱；韓文普通空白採 8 px；窗口與正式包另驗
ESPMES#122.425	98d816f9f6313198	겨우 여기까지 왔다!\n열어 보자!\n	accepted	8773c94d402c83fc	Codex	full-ko-20261006	2026-10-06	全量本機候選；未經母語者審閱；韓文普通空白採 8 px；窗口與正式包另驗
ESPMES#122.426	f996f01563034e52	힘들게 도착했군!\n어서 열어 보자!	accepted	b04208ccf186b5c5	Codex	full-ko-20261006	2026-10-06	全量本機候選；未經母語者審閱；韓文普通空白採 8 px；窗口與正式包另驗
ESPMES#122.427	b80c9003f3e9ba41	‥‥‥‥‥‥‥‥‥‥‥‥‥‥‥‥‥‥연다‥.\n	accepted	88cbb8e9fd271e6d	Codex	full-ko-20261006	2026-10-06	全量本機候選；未經母語者審閱；韓文普通空白採 8 px；窗口與正式包另驗
ESPMES#122.428	5443d277680fd22b	이 동굴이야!\n열겠어!\n	accepted	42c5a23d6ed8f6b3	Codex	full-ko-20261006	2026-10-06	全量本機候選；未經母語者審閱；韓文普通空白採 8 px；窗口與正式包另驗
ESPMES#122.429	e086c1e30310b5ea	이게 뭐야! 동굴에‥이렇게 웅장한 문이 있다니. 하지만 열쇠가 없으면?\n	accepted	ce3f186402347cea	Codex	full-ko-20261006	2026-10-06	全量本機候選；未經母語者審閱；韓文普通空白採 8 px；窗口與正式包另驗
ESPMES#122.430	ba5690658cb7ace8	뭐야! 이 망할 문‥열쇠가 없으면 열 수 없어.\n	accepted	f1f50a5e6e060601	Codex	full-ko-20261006	2026-10-06	全量本機候選；未經母語者審閱；韓文普通空白採 8 px；窗口與正式包另驗
ESPMES#122.431	72c51b27d280c72e	동굴에 닫힌 문이‥?\n열쇠가 없으면 못 여는 것 같아.\n	accepted	feff9e812176c3ea	Codex	full-ko-20261006	2026-10-06	全量本機候選；未經母語者審閱；韓文普通空白採 8 px；窗口與正式包另驗
ESPMES#122.432	ffe800ee5733d26d	여기에 왜 문이 있지!\n안 돼! 열쇠가 있어야 해! 젠장!\n	accepted	e779a4fe4b4d37ba	Codex	full-ko-20261006	2026-10-06	全量本機候選；未經母語者審閱；韓文普通空白採 8 px；窗口與正式包另驗
ESPMES#122.433	e815b0082eacc31a	이건 무슨 문이지!\n어떤 열쇠로 열까?\n어떻게 해야 하지!\n	accepted	6073757aa5584971	Codex	full-ko-20261006	2026-10-06	全量本機候選；未經母語者審閱；韓文普通空白採 8 px；窗口與正式包另驗
ESPMES#122.434	8402744d0c89a9f1	문이 잠겼군‥\n열쇠 없이는 못 열어.	accepted	87b858e31a985dc0	Codex	full-ko-20261006	2026-10-06	全量本機候選；未經母語者審閱；韓文普通空白採 8 px；窗口與正式包另驗
ESPMES#122.435	eee15c12671789a7	‥‥‥‥‥‥‥‥‥‥‥‥‥‥‥‥‥‥놀랐군‥‥대체‥‥‥얼마나 많은 거야‥‥‥‥. 히히히히히히히히! 부자가 됐어!	accepted	0b7ad49030f49a2a	Codex	full-ko-20261006	2026-10-06	全量本機候選；未經母語者審閱；韓文普通空白採 8 px；窗口與正式包另驗
ESPMES#122.436	eee15c12671789a7	‥‥‥‥‥‥‥‥‥‥‥‥‥‥‥‥‥‥놀랐군‥‥대체‥‥‥얼마나 많은 거야‥‥‥‥. 히히히히히히히히! 부자가 됐어!	accepted	0b7ad49030f49a2a	Codex	full-ko-20261006	2026-10-06	全量本機候選；未經母語者審閱；韓文普通空白採 8 px；窗口與正式包另驗
ESPMES#122.437	bcd2d0d8bff891d4	‥‥‥‥‥‥‥‥‥‥‥‥‥‥‥‥‥‥와‥이건‥‥‥‥‥‥‥‥‥‥‥‥본 적도 없어‥‥.‥큰 부자가 됐어! 하하! 하하!	accepted	fa53e484d97db3bf	Codex	full-ko-20261006	2026-10-06	全量本機候選；未經母語者審閱；韓文普通空白採 8 px；窗口與正式包另驗
ESPMES#122.438	eee15c12671789a7	‥‥‥‥‥‥‥‥‥‥‥‥‥‥‥‥‥‥놀랐군‥‥대체‥‥‥얼마나 많은 거야‥‥‥‥. 히히히히히히히히! 부자가 됐어!	accepted	0b7ad49030f49a2a	Codex	full-ko-20261006	2026-10-06	全量本機候選；未經母語者審閱；韓文普通空白採 8 px；窗口與正式包另驗
ESPMES#122.439	bccec7c3e61d2d5a	‥‥‥‥‥‥‥‥‥‥‥‥‥‥‥‥‥‥‥‥이게 뭐야‥‥‥‥‥얼마나 많은 거야‥‥‥‥. 하하하하하하하하! 부자가 됐어!	accepted	f7809a7e58e18844	Codex	full-ko-20261006	2026-10-06	全量本機候選；未經母語者審閱；韓文普通空白採 8 px；窗口與正式包另驗
ESPMES#122.440	ec9fd69fab69251f	‥‥‥‥‥‥‥‥‥‥‥‥‥‥‥‥‥‥대단해‥대단해‥셀 수도 없군‥‥‥‥. 하하하하하하하하하! 부자가 됐어!	accepted	445fbe80dc3634a7	Codex	full-ko-20261006	2026-10-06	全量本機候選；未經母語者審閱；韓文普通空白採 8 px；窗口與正式包另驗
ESPMES#122.441	aff2e7e6d8fcdc7e	1000만Ｇ를 발견했다!!!	accepted	f94073bd2be78cd9	Codex	full-ko-20261006	2026-10-06	全量本機候選；未經母語者審閱；韓文普通空白採 8 px；窗口與正式包另驗
ESPMES#122.442	687188194f5d4678	다른 것은 없다.	accepted	32673a65fbfcbad3	Codex	full-ko-20261006	2026-10-06	全量本機候選；未經母語者審閱；韓文普通空白採 8 px；窗口與正式包另驗
ESPMES#122.443	687188194f5d4678	다른 것은 없다.	accepted	32673a65fbfcbad3	Codex	full-ko-20261006	2026-10-06	全量本機候選；未經母語者審閱；韓文普通空白採 8 px；窗口與正式包另驗
ESPMES#122.444	687188194f5d4678	다른 것은 없다.	accepted	32673a65fbfcbad3	Codex	full-ko-20261006	2026-10-06	全量本機候選；未經母語者審閱；韓文普通空白採 8 px；窗口與正式包另驗
ESPMES#122.445	687188194f5d4678	다른 것은 없다.	accepted	32673a65fbfcbad3	Codex	full-ko-20261006	2026-10-06	全量本機候選；未經母語者審閱；韓文普通空白採 8 px；窗口與正式包另驗
ESPMES#122.446	687188194f5d4678	다른 것은 없다.	accepted	32673a65fbfcbad3	Codex	full-ko-20261006	2026-10-06	全量本機候選；未經母語者審閱；韓文普通空白採 8 px；窗口與正式包另驗
ESPMES#122.447	687188194f5d4678	다른 것은 없다.	accepted	32673a65fbfcbad3	Codex	full-ko-20261006	2026-10-06	全量本機候選；未經母語者審閱；韓文普通空白採 8 px；窗口與正式包另驗
ESPMES#123.0	0233a920b158d9a8	디난도?!\n	accepted	ced1c22a7f4777ce	Codex	full-ko-20261006	2026-10-06	全量本機候選；未經母語者審閱；韓文普通空白採 8 px；窗口與正式包另驗
ESPMES#123.1	2fe946e0f70699ca	드디어 왔군‥\n아직 늦지 않았을까?\n포기하려나‥	accepted	1454654104fbc837	Codex	full-ko-20261006	2026-10-06	全量本機候選；未經母語者審閱；韓文普通空白採 8 px；窗口與正式包另驗
ESPMES#123.2	099b7c580458161d	그만해! 나도 너희처럼 빚투성이니 돈에 관한 일이라면 찾지 마.	accepted	08058d20bb2648b1	Codex	full-ko-20261006	2026-10-06	全量本機候選；未經母語者審閱；韓文普通空白採 8 px；窗口與正式包另驗
ESPMES#123.3	d88186833c6c0139	정말 중요한 일로 나를 찾나‥\n	accepted	216cef81815d5813	Codex	full-ko-20261006	2026-10-06	全量本機候選；未經母語者審閱；韓文普通空白採 8 px；窗口與正式包另驗
ESPMES#123.4	0e75d02174ffb89f	바이아란스를 위해‥\n싸우라고!?	accepted	4c2eea10c1ada4cb	Codex	full-ko-20261006	2026-10-06	全量本機候選；未經母語者審閱；韓文普通空白採 8 px；窗口與正式包另驗
ESPMES#123.5	bb1993a9ad2197c8	왜?	accepted	fd7b0d2da76a76ea	Codex	full-ko-20261006	2026-10-06	全量本機候選；未經母語者審閱；韓文普通空白採 8 px；窗口與正式包另驗
ESPMES#123.6	e4e70c5a722d3db1	그게 나쁜가?\n대륙을 돌아다녀 보면 알 수 있어!	accepted	7503a0429ebf17fd	Codex	full-ko-20261006	2026-10-06	全量本機候選；未經母語者審閱；韓文普通空白採 8 px；窗口與正式包另驗
ESPMES#123.7	8e505e6a79b6a6b3	내게 맡겨!\n자세한 건 누구에게 묻지?	accepted	fe83774fdbe35daa	Codex	full-ko-20261006	2026-10-06	全量本機候選；未經母語者審閱；韓文普通空白採 8 px；窗口與正式包另驗
ESPMES#123.8	65a490869a4ad65e	바난리스 참모를 찾아가게.\n	accepted	794998fefefa5c44	Codex	full-ko-20261006	2026-10-06	全量本機候選；未經母語者審閱；韓文普通空白採 8 px；窗口與正式包另驗
ESPMES#123.9	219fb5c8f8a012d0	알았어. 가 볼게!	accepted	8821053ed4f5859b	Codex	full-ko-20261006	2026-10-06	全量本機候選；未經母語者審閱；韓文普通空白採 8 px；窗口與正式包另驗
ESPMES#123.10	9af97143786d388b	디난도는 내 동료인가?	accepted	395c505da24b269d	Codex	full-ko-20261006	2026-10-06	全量本機候選；未經母語者審閱；韓文普通空白採 8 px；窗口與正式包另驗
ESPMES#123.11	0c8c997e35158d2d	잠시만 기다리게‥	accepted	6255c379110de0d6	Codex	full-ko-20261006	2026-10-06	全量本機候選；未經母語者審閱；韓文普通空白採 8 px；窗口與正式包另驗
ESPMES#123.12	9766a250d2f4902f	바이아란스를 구해 주게!	accepted	9d7a4e116bcb5922	Codex	full-ko-20261006	2026-10-06	全量本機候選；未經母語者審閱；韓文普通空白採 8 px；窗口與正式包另驗
ESPMES#123.13	4378bdca826a3622	디난도‥\n결심했어‥	accepted	d30ba18818b20ed1	Codex	full-ko-20261006	2026-10-06	全量本機候選；未經母語者審閱；韓文普通空白採 8 px；窗口與正式包另驗
ESPMES#123.14	5b96f52690218df5	이 나라를 위해 싸운 은인에게 보답하는 방법은 하나야.\n	accepted	81c98770b4730407	Codex	full-ko-20261006	2026-10-06	全量本機候選；未經母語者審閱；韓文普通空白採 8 px；窗口與正式包另驗
ESPMES#123.15	b7b3d91fb26a1bbe	너희와 함께 여행할 거야.\n	accepted	054ebab4ecbb8802	Codex	full-ko-20261006	2026-10-06	全量本機候選；未經母語者審閱；韓文普通空白採 8 px；窗口與正式包另驗
ESPMES#123.16	2539ee26a843961c	어?! 큰일이네‥\n	accepted	a1498e578f7d4d97	Codex	full-ko-20261006	2026-10-06	全量本機候選；未經母語者審閱；韓文普通空白採 8 px；窗口與正式包另驗
ESPMES#123.17	50bb21666e4c6bdd	곤란한가‥?	accepted	072cccd7e504cf32	Codex	full-ko-20261006	2026-10-06	全量本機候選；未經母語者審閱；韓文普通空白採 8 px；窗口與正式包另驗
ESPMES#123.18	62fe9f3dd4ad16e2	그런 뜻이 아니라‥\n우리는 그냥‥	accepted	0c633b24b7ccec6c	Codex	full-ko-20261006	2026-10-06	全量本機候選；未經母語者審閱；韓文普通空白採 8 px；窗口與正式包另驗
ESPMES#123.19	67eb5552a15ed7d6	안 돼?\n공주를 보호하지 않으면‥\n국왕이 불쾌해할 텐데?	accepted	d120c06b4040d2cc	Codex	full-ko-20261006	2026-10-06	全量本機候選；未經母語者審閱；韓文普通空白採 8 px；窗口與正式包另驗
ESPMES#123.20	c6076d1b2fac7fc2	왜 꾸물거려!\n빨리 결정하라고 했잖아!	accepted	678ea092ccec30c6	Codex	full-ko-20261006	2026-10-06	全量本機候選；未經母語者審閱；韓文普通空白採 8 px；窗口與正式包另驗
ESPMES#123.21	f4189555acd41ff0	‥너희밖에 없어‥	accepted	0276179651a7aaef	Codex	full-ko-20261006	2026-10-06	全量本機候選；未經母語者審閱；韓文普通空白採 8 px；窗口與正式包另驗
ESPMES#123.22	44177c80d50364ca	모든 사정을 말했잖아. 나는\n마음을 바꾸지 않을 거야.	accepted	96a493fbc0cf8e63	Codex	full-ko-20261006	2026-10-06	全量本機候選；未經母語者審閱；韓文普通空白採 8 px；窗口與正式包另驗
ESPMES#123.23	e2f77a363d762dc4	어쩔 수 없군!\n데려가자!	accepted	5f471170ac4f9067	Codex	full-ko-20261006	2026-10-06	全量本機候選；未經母語者審閱；韓文普通空白採 8 px；窗口與正式包另驗
ESPMES#123.24	83bf204ea5372162	와! 고마워!\n함께 여행할 수 있다니‥\n정말 기뻐!	accepted	12ba7c1c8fccbda5	Codex	full-ko-20261006	2026-10-06	全量本機候選；未經母語者審閱；韓文普通空白採 8 px；窗口與正式包另驗
ESPMES#123.25	ffd91a1d1c02a548	‥함께 데려갈 수 없나‥	accepted	f3e53a5673d659b5	Codex	full-ko-20261006	2026-10-06	全量本機候選；未經母語者審閱；韓文普通空白採 8 px；窗口與正式包另驗
ESPMES#123.26	db0068cfa520706a	원래 그런 계획은 아니었어.	accepted	5274798227d8825f	Codex	full-ko-20261006	2026-10-06	全量本機候選；未經母語者審閱；韓文普通空白採 8 px；窗口與正式包另驗
ESPMES#123.27	aa8a1e1eba901c2f	공주님‥앞으로 몸조심하세요‥	accepted	fb0859073a4d41d3	Codex	full-ko-20261006	2026-10-06	全量本機候選；未經母語者審閱；韓文普通空白採 8 px；窗口與正式包另驗
ESPMES#123.28	576f31886486c64e	보수를 잊지 마!\n약속한 100만Ｇ야.	accepted	20d9a95b0b618608	Codex	full-ko-20261006	2026-10-06	全量本機候選；未經母語者審閱；韓文普通空白採 8 px；窗口與正式包另驗
ESPMES#123.29	bc46375e75d95136	고마워!\n기회가 되면 꼭 다시 와!	accepted	18447996547db920	Codex	full-ko-20261006	2026-10-06	全量本機候選；未經母語者審閱；韓文普通空白採 8 px；窗口與正式包另驗
ESPMES#123.30	23e59013cb012b5f	몸조심해!\n	accepted	13f95ca17d69db67	Codex	full-ko-20261006	2026-10-06	全量本機候選；未經母語者審閱；韓文普通空白採 8 px；窗口與正式包另驗
ESPMES#123.31	aef5322d78ebbc54	몸조심해!	accepted	3ca295f1d08aab9c	Codex	full-ko-20261006	2026-10-06	全量本機候選；未經母語者審閱；韓文普通空白採 8 px；窗口與正式包另驗
ESPMES#123.32	bf3476b1c0ea1f91	디난도?\n잠깐 기다려‥	accepted	d24dbb4d8c80307f	Codex	full-ko-20261006	2026-10-06	全量本機候選；未經母語者審閱；韓文普通空白採 8 px；窗口與正式包另驗
ESPMES#123.33	7384b85815a9b409	하하! 드디어 나타났군‥\n너희 소문을 들었어.\n큰 빚을 지고 있다면서?	accepted	e7ae35694b980c27	Codex	full-ko-20261006	2026-10-06	全量本機候選；未經母語者審閱；韓文普通空白採 8 px；窗口與正式包另驗
ESPMES#123.34	5fa977108904668f	알고 있다면 우리가\n돈이 절실하다는 것도 알겠군.	accepted	32ab5fa70f888f32	Codex	full-ko-20261006	2026-10-06	全量本機候選；未經母語者審閱；韓文普通空白採 8 px；窗口與正式包另驗
ESPMES#123.35	3cee2da7e8ebb05b	음! 실력은 있지‥\n일을 맡겨도 되겠군‥\n제시는 여전한가?	accepted	91d0ad7482c9caef	Codex	full-ko-20261006	2026-10-06	全量本機候選；未經母語者審閱；韓文普通空白採 8 px；窗口與正式包另驗
ESPMES#123.36	111b0839e9a7dcbd	나는 여전히 여기저기 다녀. 하나도 안 변했어!\n그냥 하루하루 보내지!	accepted	333e636e070ef868	Codex	full-ko-20261006	2026-10-06	全量本機候選；未經母語者審閱；韓文普通空白採 8 px；窗口與正式包另驗
ESPMES#123.37	5f1a2a6b669ec732	사관학교 시절과 똑같군.	accepted	70d416a024c05bf6	Codex	full-ko-20261006	2026-10-06	全量本機候選；未經母語者審閱；韓文普通空白採 8 px；窗口與正式包另驗
ESPMES#123.38	c57bfe1765d222c6	‥음! 그 이야기는 나중에 하지.\n바이아란스는 얼마나 아나?	accepted	8102056a68ebbf32	Codex	full-ko-20261006	2026-10-06	全量本機候選；未經母語者審閱；韓文普通空白採 8 px；窗口與正式包另驗
ESPMES#123.39	f0ad4ee8cfe8b763	레즈니아크가 뒤에서 쳐들어와\n위태롭군‥	accepted	26b4abfd2e244707	Codex	full-ko-20261006	2026-10-06	全量本機候選；未經母語者審閱；韓文普通空白採 8 px；窗口與正式包另驗
ESPMES#123.40	a2eb921361320836	２개월 전 레즈니아크군이 평화 조약을 깨고 침입했어.\n가리지 않고 공격하지.	accepted	ee71a4462cd5626f	Codex	full-ko-20261006	2026-10-06	全量本機候選；未經母語者審閱；韓文普通空白採 8 px；窗口與正式包另驗
ESPMES#123.41	82394b8688866c60	왜 이러는지‥정말 모르겠어.\n레즈니아크 여왕의 의도가 뭘까?	accepted	80cc90a21c2589e5	Codex	full-ko-20261006	2026-10-06	全量本機候選；未經母語者審閱；韓文普通空白採 8 px；窗口與正式包另驗
ESPMES#123.42	6b57ec3930cac75a	혹시 내부에서‥무슨 일이?	accepted	e48e6e49125742e4	Codex	full-ko-20261006	2026-10-06	全量本機候選；未經母語者審閱；韓文普通空白採 8 px；窗口與正式包另驗
ESPMES#123.43	e919a51f59623cea	하지만 오랫동안 우호를 유지했는데 너무 심하지 않나! 바이아란스 국왕도 이 일로 고민하고 있어.	accepted	e2f010e6b238e965	Codex	full-ko-20261006	2026-10-06	全量本機候選；未經母語者審閱；韓文普通空白採 8 px；窗口與正式包另驗
ESPMES#123.44	4db66209bdde9c0d	레즈니아크군에는 자기 친척도 많겠지!	accepted	0d3af339b9c61c92	Codex	full-ko-20261006	2026-10-06	全量本機候選；未經母語者審閱；韓文普通空白採 8 px；窗口與正式包另驗
ESPMES#123.45	4c446c8c54bb5be8	우리 국왕은 정면충돌을 피하고 싶지만‥상황이 너무 심각해‥	accepted	d3ab3a1365dcf749	Codex	full-ko-20261006	2026-10-06	全量本機候選；未經母語者審閱；韓文普通空白採 8 px；窗口與正式包另驗
ESPMES#123.46	86537627e4d1c15f	그래서 우리를 불렀군.\n좋아!\n레즈니아크의 일은 우리가 처리하겠어!	accepted	1498772d64f55411	Codex	full-ko-20261006	2026-10-06	全量本機候選；未經母語者審閱；韓文普通空白採 8 px；窗口與正式包另驗
ESPMES#123.47	3b0d030ea6a05e80	부탁하네!\n전투 중에 도망치지 마! 반드시 전쟁을 진정시켜야 해!	accepted	67143868c1f21abf	Codex	full-ko-20261006	2026-10-06	全量本機候選；未經母語者審閱；韓文普通空白採 8 px；窗口與正式包另驗
ESPMES#123.48	9d08f3bccedb097f	음!\n우선 할 일은‥	accepted	811d92ae4f0b0075	Codex	full-ko-20261006	2026-10-06	全量本機候選；未經母語者審閱；韓文普通空白採 8 px；窗口與正式包另驗
ESPMES#123.49	e017ab4d0728ebcc	리파레 마을과\n바루샤간 요새를 탈환하는 거야.\n두 작전의 보수는 10만Ｇ다.	accepted	582139b89a5d4d60	Codex	full-ko-20261006	2026-10-06	全量本機候選；未經母語者審閱；韓文普通空白採 8 px；窗口與正式包另驗
ESPMES#123.50	a9e5791f248c7870	이 조건을 받아들이나?	accepted	384f3d3af32649e6	Codex	full-ko-20261006	2026-10-06	全量本機候選；未經母語者審閱；韓文普通空白採 8 px；窗口與正式包另驗
ESPMES#123.51	cf7617c7cc1dab4f	그럼 부탁하네!\n우리도 방어 준비를 하겠네!	accepted	e6e55b1a7d3843eb	Codex	full-ko-20261006	2026-10-06	全量本機候選；未經母語者審閱；韓文普通空白採 8 px；窗口與正式包另驗
ESPMES#123.52	8e819fffda6a5195	그럼! 모든 걸 너희에게\n부탁하네.	accepted	b46d60d9e045dc3b	Codex	full-ko-20261006	2026-10-06	全量本機候選；未經母語者審閱；韓文普通空白採 8 px；窗口與正式包另驗
ESPMES#123.53	4447f8910113d285	왜 거절하나?\n우리는 친구 아닌가?	accepted	0e76fb599a880275	Codex	full-ko-20261006	2026-10-06	全量本機候選；未經母語者審閱；韓文普通空白採 8 px；窗口與正式包另驗
ESPMES#123.54	463550dd80224afc	빨리 전선을 유지해야 해!	accepted	30d400d306e87ab8	Codex	full-ko-20261006	2026-10-06	全量本機候選；未經母語者審閱；韓文普通空白採 8 px；窗口與正式包另驗
ESPMES#123.55	fd66ed2d62118fa8	리담 요새마저 함락되면 바이아란스를 지키기 어려워‥	accepted	927e3f6c229092e2	Codex	full-ko-20261006	2026-10-06	全量本機候選；未經母語者審閱；韓文普通空白採 8 px；窗口與正式包另驗
ESPMES#123.56	c5549240200a12cf	리파레 마을을 되찾으면‥\n북부에 보급을 지원할 수 있어.	accepted	4953429bdc1e4d9a	Codex	full-ko-20261006	2026-10-06	全量本機候選；未經母語者審閱；韓文普通空白採 8 px；窗口與正式包另驗
ESPMES#123.57	abce87cf682a203c	어서 리파레 마을을 탈환해!	accepted	3052db2af4382e1e	Codex	full-ko-20261006	2026-10-06	全量本機候選；未經母語者審閱；韓文普通空白採 8 px；窗口與正式包另驗
ESPMES#123.58	65d1ae6c80cf68db	바루샤간 요새를 탈환하지 않으면 남부의 행동이 제한돼.	accepted	22fb260f47515ce9	Codex	full-ko-20261006	2026-10-06	全量本機候選；未經母語者審閱；韓文普通空白採 8 px；窗口與正式包另驗
ESPMES#123.59	afaf54692f783063	남부는 이미 위급해. 이기기 어려운 싸움이니 어서 방법을 찾아!	accepted	5a409677bb07f3bc	Codex	full-ko-20261006	2026-10-06	全量本機候選；未經母語者審閱；韓文普通空白採 8 px；窗口與正式包另驗
ESPMES#123.60	29878a457c0e7688	역시 디난도 용병단이군!\n	accepted	d5d5ea1aafeecca7	Codex	full-ko-20261006	2026-10-06	全量本機候選；未經母語者審閱；韓文普通空白採 8 px；窗口與正式包另驗
ESPMES#123.61	75ef4a7dc9fb9187	전쟁이 드디어 끝났군‥\n	accepted	974b74c61e82bb91	Codex	full-ko-20261006	2026-10-06	全量本機候選；未經母語者審閱；韓文普通空白採 8 px；窗口與正式包另驗
ESPMES#123.62	d3b2abf8d3a089da	용감히 싸워 줘서 존경스럽네! 피르미아 공주가 너희를 만나고 싶어 하네.\n	accepted	e4b7a0b823c4454b	Codex	full-ko-20261006	2026-10-06	全量本機候選；未經母語者審閱；韓文普通空白採 8 px；窗口與正式包另驗
ESPMES#123.63	1b62783b0c687793	아직 전후 처리할 일이 있어.	accepted	136a3ed6feac77a0	Codex	full-ko-20261006	2026-10-06	全量本機候選；未經母語者審閱；韓文普通空白採 8 px；窗口與正式包另驗
ESPMES#123.64	c5e5edbf30574a33	정말 반갑군!\n빚은 다 갚았나?	accepted	aaeec0c0d64be39f	Codex	full-ko-20261006	2026-10-06	全量本機候選；未經母語者審閱；韓文普通空白採 8 px；窗口與正式包另驗
ESPMES#123.65	e18a20c2f48305d1	바이아란스 성을 탈환했다!	accepted	b9e5063c11976bb7	Codex	full-ko-20261006	2026-10-06	全量本機候選；未經母語者審閱；韓文普通空白採 8 px；窗口與正式包另驗
ESPMES#123.66	b9b29e67b072c4ab	리파레 마을을 탈환했다!	accepted	1fe13d454a37d7d8	Codex	full-ko-20261006	2026-10-06	全量本機候選；未經母語者審閱；韓文普通空白採 8 px；窗口與正式包另驗
ESPMES#123.67	4d7cd522ad61a917	레아리시를 함락시켰다!	accepted	56f7ac944767c1b7	Codex	full-ko-20261006	2026-10-06	全量本機候選；未經母語者審閱；韓文普通空白採 8 px；窗口與正式包另驗
ESPMES#123.68	9a1cdf33960df109	바루샤간 요새를 탈환했다!	accepted	8bc640714e4db781	Codex	full-ko-20261006	2026-10-06	全量本機候選；未經母語者審閱；韓文普通空白採 8 px；窗口與正式包另驗
ESPMES#123.69	a77af502f7b0db53	키스템 요새를 함락시켰다!	accepted	5ec7988b9b239909	Codex	full-ko-20261006	2026-10-06	全量本機候選；未經母語者審閱；韓文普通空白採 8 px；窗口與正式包另驗
ESPMES#123.70	c9bd7ffaa7df8247	레즈니아크 성을 함락시켰다!	accepted	e4d951cd459700a5	Codex	full-ko-20261006	2026-10-06	全量本機候選；未經母語者審閱；韓文普通空白採 8 px；窗口與正式包另驗
ESPMES#123.71	f98b25c4c4c12615	라루 브라키아시를 함락시켰다!	accepted	8f37f43aba7e55ec	Codex	full-ko-20261006	2026-10-06	全量本機候選；未經母語者審閱；韓文普通空白採 8 px；窗口與正式包另驗
ESPMES#123.72	2d435161ab7a0e42	브라키아 성을 함락시켰다!	accepted	dd3586189cd69f74	Codex	full-ko-20261006	2026-10-06	全量本機候選；未經母語者審閱；韓文普通空白採 8 px；窗口與正式包另驗
ESPMES#123.73	ddfc08f2792866dc	왔군!	accepted	2c69c8b8780cc4cd	Codex	full-ko-20261006	2026-10-06	全量本機候選；未經母語者審閱；韓文普通空白採 8 px；窗口與正式包另驗
ESPMES#123.74	9f7d9e1e8c9fde82	정보 장교 보고에 따르면 브라키아 국경 근처에 수상한 움직임이 있어.	accepted	e3ee1adb831cbcc3	Codex	full-ko-20261006	2026-10-06	全量本機候選；未經母語者審閱；韓文普通空白採 8 px；窗口與正式包另驗
ESPMES#123.75	2b17dcfd09f282fc	브라키아 육군은 정예라더군.\n군비도 아주 잘 갖췄고.	accepted	523280cfb990993c	Codex	full-ko-20261006	2026-10-06	全量本機候選；未經母語者審閱；韓文普通空白採 8 px；窗口與正式包另驗
ESPMES#123.76	197dab9d2c79a6b2	그래서 국왕이 먼저 공격하려 해.\n	accepted	37b21a5b0a559733	Codex	full-ko-20261006	2026-10-06	全量本機候選；未經母語者審閱；韓文普通空白採 8 px；窗口與正式包另驗
ESPMES#123.77	d81f31ef9c93ef9c	기습에 성공하면 이기겠지만 실패하면 고전할 거야!	accepted	3c797e8ee65ee36c	Codex	full-ko-20261006	2026-10-06	全量本機候選；未經母語者審閱；韓文普通空白採 8 px；窗口與正式包另驗
ESPMES#123.78	ef520a0b35a9bfdc	그게 너희 임무다. 성공하면 보수는 100만Ｇ야.\n어려운 임무인데 해 보겠나?	accepted	70f5da5f07c969b9	Codex	full-ko-20261006	2026-10-06	全量本機候選；未經母語者審閱；韓文普通空白採 8 px；窗口與正式包另驗
ESPMES#123.79	46db3aa9358551c4	고맙네!\n그럼 브라키아 성에서 보자!	accepted	3d1fb97b2b479dd5	Codex	full-ko-20261006	2026-10-06	全量本機候選；未經母語者審閱；韓文普通空白採 8 px；窗口與正式包另驗
ESPMES#123.80	5bc800798192d1f3	그럼!	accepted	1c75b2bbed09408e	Codex	full-ko-20261006	2026-10-06	全量本機候選；未經母語者審閱；韓文普通空白採 8 px；窗口與正式包另驗
ESPMES#123.81	0e51bbd35c7c0ec1	부탁하네‥\n바이아란스 병사들로는 이 임무를 완수할 수 없어‥	accepted	8db32594a8b8814a	Codex	full-ko-20261006	2026-10-06	全量本機候選；未經母語者審閱；韓文普通空白採 8 px；窗口與正式包另驗
ESPMES#123.82	b7d265d754f053f0	레이 레즈니아크가 브라키아 성에 붙잡혔다더군‥\n시간이 촉박해‥	accepted	d29e5040b1355e19	Codex	full-ko-20261006	2026-10-06	全量本機候選；未經母語者審閱；韓文普通空白採 8 px；窗口與正式包另驗
ESPMES#123.83	fa12cc905b09a66e	리파레 마을로 돌아왔군. 다음은‥진짜 작전이 시작이야‥	accepted	29faf3d676a9e8e0	Codex	full-ko-20261006	2026-10-06	全量本機候選；未經母語者審閱；韓文普通空白採 8 px；窗口與正式包另驗
ESPMES#123.84	76d471dab5ede7a1	부하의 보고에 따르면‥	accepted	4200722f5f5a6774	Codex	full-ko-20261006	2026-10-06	全量本機候選；未經母語者審閱；韓文普通空白採 8 px；窗口與正式包另驗
ESPMES#123.85	9064983baaae714b	리파레 마을 북쪽에 테아 요새가 있어. 레즈니아크군 대부분이 거기에 집결해.	accepted	c7c5ff5402d7f3be	Codex	full-ko-20261006	2026-10-06	全量本機候選；未經母語者審閱；韓文普通空白採 8 px；窗口與正式包另驗
ESPMES#123.86	be56fb1357003525	레즈니아크군이 기운을 되찾게 해선 안 돼.\n계속 공격해야 한다고 봐!	accepted	80f7cd43fe679a32	Codex	full-ko-20261006	2026-10-06	全量本機候選；未經母語者審閱；韓文普通空白採 8 px；窗口與正式包另驗
ESPMES#123.87	0edacccee5e5c864	어떤가‥도와주겠나?\n보수는 30만Ｇ야‥	accepted	8795ab577b527c79	Codex	full-ko-20261006	2026-10-06	全量本機候選；未經母語者審閱；韓文普通空白採 8 px；窗口與正式包另驗
ESPMES#123.88	a793d51e210d9dbc	공격 목표는 테아 요새다.	accepted	d4391afa6c10b689	Codex	full-ko-20261006	2026-10-06	全量本機候選；未經母語者審閱；韓文普通空白採 8 px；窗口與正式包另驗
ESPMES#123.89	637a4159cc823910	‥시간이 촉박해!\n우리 군도 빨리 준비해야 해!\n	accepted	a9575c5136b73197	Codex	full-ko-20261006	2026-10-06	全量本機候選；未經母語者審閱；韓文普通空白採 8 px；窗口與正式包另驗
ESPMES#123.90	80c39611378c2752	내 체면도 안 세워 주나?\n	accepted	e402c78aa628a3d6	Codex	full-ko-20261006	2026-10-06	全量本機候選；未經母語者審閱；韓文普通空白採 8 px；窗口與正式包另驗
ESPMES#123.91	62f78c00e25c698c	테아 요새의 적을 섬멸해!	accepted	2b1b3f1a7d6abb15	Codex	full-ko-20261006	2026-10-06	全量本機候選；未經母語者審閱；韓文普通空白採 8 px；窗口與正式包另驗
ESPMES#123.92	32975160a679a134	휴전 교섭이 결렬됐다는 통보를 받았다!	accepted	9fbf44b376956bb6	Codex	full-ko-20261006	2026-10-06	全量本機候選；未經母語者審閱；韓文普通空白採 8 px；窗口與正式包另驗
ESPMES#123.93	bfaee902fa9d0913	레즈니아크 여왕은 왜 계속 싸우려 할까‥	accepted	853a435419a75c78	Codex	full-ko-20261006	2026-10-06	全量本機候選；未經母語者審閱；韓文普通空白採 8 px；窗口與正式包另驗
ESPMES#123.94	a2806da9560f0b9f	바이아란스 왕실은 전쟁이 나지 않을 거라 생각했지. 판단이 틀렸군.	accepted	5517f4710d0484d3	Codex	full-ko-20261006	2026-10-06	全量本機候選；未經母語者審閱；韓文普通空白採 8 px；窗口與正式包另驗
ESPMES#123.95	f375298b82d61b84	바이아란스 국토가 망가지지 않도록 장기전을 피할 방법을 찾아야 해.	accepted	ec7f51e8e92e9491	Codex	full-ko-20261006	2026-10-06	全量本機候選；未經母語者審閱；韓文普通空白採 8 px；窗口與正式包另驗
ESPMES#123.96	28b9dc3a7d60f6ff	전격 침공 작전으로 레즈니아크 여왕이 단념하게 하자!	accepted	df4fd51ef3104653	Codex	full-ko-20261006	2026-10-06	全量本機候選；未經母語者審閱；韓文普通空白採 8 px；窗口與正式包另驗
ESPMES#123.97	4760524a608e906a	바이아란스군도 물론 작전에 참가한다.	accepted	73934d473d14e3e1	Codex	full-ko-20261006	2026-10-06	全量本機候選；未經母語者審閱；韓文普通空白採 8 px；窗口與正式包另驗
ESPMES#123.98	3333eb8bbe9ae88e	너희도 이번 작전에 참가해!	accepted	678c06a9a9962fa8	Codex	full-ko-20261006	2026-10-06	全量本機候選；未經母語者審閱；韓文普通空白採 8 px；窗口與正式包另驗
ESPMES#123.99	2a42a4ceac5494a1	어떤가? 레즈니아크 성을\n공격해 보겠나?\n보수는 60만Ｇ야!	accepted	517d2c985bc3b447	Codex	full-ko-20261006	2026-10-06	全量本機候選；未經母語者審閱；韓文普通空白採 8 px；窗口與正式包另驗
ESPMES#123.100	9936bc174f589167	어떤가? 받아 준다면 정말 좋겠군!	accepted	1f42d010f0c1e00f	Codex	full-ko-20261006	2026-10-06	全量本機候選；未經母語者審閱；韓文普通空白採 8 px；窗口與正式包另驗
ESPMES#123.101	54faa54d6fadfa72	레즈니아크 성은 여기다.\n	accepted	fbf32e53ef4f1552	Codex	full-ko-20261006	2026-10-06	全量本機候選；未經母語者審閱；韓文普通空白採 8 px；窗口與正式包另驗
ESPMES#123.102	ea103986b4bc497d	우선 북쪽, 라디스 가도 동편이다. 어디서 공격할지는 판단하기 어렵군‥	accepted	0be51b5c6131fcac	Codex	full-ko-20261006	2026-10-06	全量本機候選；未經母語者審閱；韓文普通空白採 8 px；窗口與正式包另驗
ESPMES#123.103	fe20496ac4cde863	우리도 최선을 다하겠네!\n하지만 이번에는 도와주게.	accepted	7234ebdc27e7bd4b	Codex	full-ko-20261006	2026-10-06	全量本機候選；未經母語者審閱；韓文普通空白採 8 px；窗口與正式包另驗
ESPMES#123.104	a00f2c744a8229fc	레즈니아크 여왕이 마음을 바꾸지 않으면‥계속 싸우는 수밖에‥	accepted	282629f1095d2d7b	Codex	full-ko-20261006	2026-10-06	全量本機候選；未經母語者審閱；韓文普通空白採 8 px；窗口與正式包另驗
ESPMES#123.105	622fcf8e80287806	‥드디어 여기 왔군.\n왜 전쟁을 일으켰는가‥	accepted	981bd457545aa27b	Codex	full-ko-20261006	2026-10-06	全量本機候選；未經母語者審閱；韓文普通空白採 8 px；窗口與正式包另驗
ESPMES#123.106	9624abf986a34e61	제가 말씀드리죠!	accepted	a204086de47a264a	Codex	full-ko-20261006	2026-10-06	全量本機候選；未經母語者審閱；韓文普通空白採 8 px；窗口與正式包另驗
ESPMES#123.107	6173339bd4e475e0	‥바이아란스의 모든 백성에게 정말 죄송합니다‥하지만 모두 제 딸 레이 레즈니아크를 위한 일이었습니다.	accepted	dc9cbdfbd31b0b0c	Codex	full-ko-20261006	2026-10-06	全量本機候選；未經母語者審閱；韓文普通空白採 8 px；窗口與正式包另驗
ESPMES#123.108	a09d9867e6dcf838	약 ２개월 전‥딸이 갑자기 사라졌습니다‥\n외동딸이며 우리나라의 후계자입니다.	accepted	a8e5f9deda13377f	Codex	full-ko-20261006	2026-10-06	全量本機候選；未經母語者審閱；韓文普通空白採 8 px；窗口與正式包另驗
ESPMES#123.109	98bf7b4d8667d5e3	그때 브라키아에서 사절이 왔습니다.\n레이의 편지를 가지고 있었죠.	accepted	e54fb5ddc2a9369c	Codex	full-ko-20261006	2026-10-06	全量本機候選；未經母語者審閱；韓文普通空白採 8 px；窗口與正式包另驗
ESPMES#123.110	3c62f4ba6afa891c	레이는 무사하다‥브라키아 성에서 따뜻한 대접을 받고 있다. 레이 공주를 돌려받으려면 조건이 하나 있다.	accepted	11d6f664c52dc815	Codex	full-ko-20261006	2026-10-06	全量本機候選；未經母語者審閱；韓文普通空白採 8 px；窗口與正式包另驗
ESPMES#123.111	3cc6190d6d7625e8	바이아란스에 선전포고하고‥\n우리를 배신하지 마라‥	accepted	721eab7f95c898d0	Codex	full-ko-20261006	2026-10-06	全量本機候選；未經母語者審閱；韓文普通空白採 8 px；窗口與正式包另驗
ESPMES#123.112	2b89610ab95c580b	그런 사정이었군.\n브라키아는 이미 바이아란스를 공격할 준비를 마쳤겠군!	accepted	f57661c7a69b3d87	Codex	full-ko-20261006	2026-10-06	全量本機候選；未經母語者審閱；韓文普通空白採 8 px；窗口與正式包另驗
ESPMES#123.113	17b3600f4eb4e9d9	빨리 바이아란스의 바루샤간 요새로 돌아가\n작전 방침을 세워야 해.	accepted	2c2dc79071cdc138	Codex	full-ko-20261006	2026-10-06	全量本機候選；未經母語者審閱；韓文普通空白採 8 px；窗口與正式包另驗
ESPMES#123.114	65e424e78428da87	아, 보수를 주겠네.\n60만Ｇ다. 받게‥	accepted	b1645bc1634a7d82	Codex	full-ko-20261006	2026-10-06	全量本機候選；未經母語者審閱；韓文普通空白採 8 px；窗口與正式包另驗
ESPMES#123.115	1f80586936c4e130	이만 헤어지세.\n	accepted	b99d5c25b1c8f20b	Codex	full-ko-20261006	2026-10-06	全量本機候選；未經母語者審閱；韓文普通空白採 8 px；窗口與正式包另驗
ESPMES#123.116	f787606f0de7540a	‥‥부탁이 하나 있습니다‥‥	accepted	7751d3129c169b02	Codex	full-ko-20261006	2026-10-06	全量本機候選；未經母語者審閱；韓文普通空白採 8 px；窗口與正式包另驗
ESPMES#123.117	fdea96ac390b0437	바이아란스가 이렇게 된 것은 모두 제 잘못입니다!	accepted	d4c2cb901dc61be5	Codex	full-ko-20261006	2026-10-06	全量本機候選；未經母語者審閱；韓文普通空白採 8 px；窗口與正式包另驗
ESPMES#123.118	c93c51bd34374935	부탁하고‥싶은 일이 있어요!	accepted	5997b68ccd1290af	Codex	full-ko-20261006	2026-10-06	全量本機候選；未經母語者審閱；韓文普通空白採 8 px；窗口與正式包另驗
ESPMES#123.119	e1788a9bc1fa1621	도와주세요‥\n바이아란스국을!\n보수는 드릴게요.\n이 50만Ｇ를 받아 주세요‥	accepted	49bff84900f41651	Codex	full-ko-20261006	2026-10-06	全量本機候選；未經母語者審閱；韓文普通空白採 8 px；窗口與正式包另驗
ESPMES#123.120	50eccf967b63222f	‥모두 부탁드립니다‥	accepted	5b30734a9817a32c	Codex	full-ko-20261006	2026-10-06	全量本機候選；未經母語者審閱；韓文普通空白採 8 px；窗口與正式包另驗
ESPMES#123.121	6dc7a43f5e9d5443	정말 죄송합니다‥\n	accepted	59de87b2ee8f2f65	Codex	full-ko-20261006	2026-10-06	全量本機候選；未經母語者審閱；韓文普通空白採 8 px；窗口與正式包另驗
ESPMES#123.122	77289f41d298650b	바이아란스의 모든 백성에게 전해 주세요‥	accepted	22dfb21236a58373	Codex	full-ko-20261006	2026-10-06	全量本機候選；未經母語者審閱；韓文普通空白採 8 px；窗口與正式包另驗
ESPMES#123.123	04c53b6e8a73aeeb	레이를 위해‥무슨 말을 해야 할지 모르겠어요‥	accepted	07c6b177d4e4ea9e	Codex	full-ko-20261006	2026-10-06	全量本機候選；未經母語者審閱；韓文普通空白採 8 px；窗口與正式包另驗
ESPMES#123.124	5874d2e86b97c443	괜찮다면 성에서 며칠 더 지내세요‥	accepted	cbd28594263d5a4a	Codex	full-ko-20261006	2026-10-06	全量本機候選；未經母語者審閱；韓文普通空白採 8 px；窗口與正式包另驗
ESPMES#123.125	70a25432f23b9c7d	부대 회복!	accepted	cd54c7b21d42a4a4	Codex	full-ko-20261006	2026-10-06	全量本機候選；未經母語者審閱；韓文普通空白採 8 px；窗口與正式包另驗
ESPMES#123.126	71fab6def7e33c57	정말 고맙습니다‥	accepted	8287463c0db0f878	Codex	full-ko-20261006	2026-10-06	全量本機候選；未經母語者審閱；韓文普通空白採 8 px；窗口與正式包另驗
ESPMES#123.127	7d65fae6bbfdc406	좀 더 안으로 갈 수 있어‥	accepted	e1d1bad383f309e0	Codex	full-ko-20261006	2026-10-06	全量本機候選；未經母語者審閱；韓文普通空白採 8 px；窗口與正式包另驗
ESPMES#123.128	65c325297449e346	안으로 가자‥	accepted	5923032d80bc587f	Codex	full-ko-20261006	2026-10-06	全量本機候選；未經母語者審閱；韓文普通空白採 8 px；窗口與正式包另驗
ESPMES#123.129	273161b1601b9df0	길이 없는 것 같아‥	accepted	c4dddf147926d7f5	Codex	full-ko-20261006	2026-10-06	全量本機候選；未經母語者審閱；韓文普通空白採 8 px；窗口與正式包另驗
ESPMES#123.130	3699e6f7777548f2	입구로 돌아가자!‥	accepted	a8d535c2b4c14c6e	Codex	full-ko-20261006	2026-10-06	全量本機候選；未經母語者審閱；韓文普通空白採 8 px；窗口與正式包另驗
ESPMES#123.131	076a9aac9c20cd14	디난도 씨!\n우리나라를 도와주세요!	accepted	78a339f896eef9ba	Codex	full-ko-20261006	2026-10-06	全量本機候選；未經母語者審閱；韓文普通空白採 8 px；窗口與正式包另驗
ESPMES#123.132	1dc6683ec54e525e	어? 갑자기?\n무슨 뜻인가요?	accepted	e8993fb63764ad6b	Codex	full-ko-20261006	2026-10-06	全量本機候選；未經母語者審閱；韓文普通空白採 8 px；窗口與正式包另驗
ESPMES#123.133	9cbba29b160817d9	이 통행증이 있으면 동쪽 레엔 요새를 통과할 수 있어요. 바이아란스 성으로 오세요.	accepted	a46ba11174971092	Codex	full-ko-20261006	2026-10-06	全量本機候選；未經母語者審閱；韓文普通空白採 8 px；窗口與正式包另驗
ESPMES#123.134	d705e5eb8d09b5b3	꼭 바이아란스 성으로 와 주세요‥	accepted	9b522d5e433d3541	Codex	full-ko-20261006	2026-10-06	全量本機候選；未經母語者審閱；韓文普通空白採 8 px；窗口與正式包另驗
ESPMES#123.135	db8cb07fce8aabfa	아! 벌써 갔군!\n바이아란스 성이라‥동부의 대국‥가 볼까‥	accepted	873962439fdbddb5	Codex	full-ko-20261006	2026-10-06	全量本機候選；未經母語者審閱；韓文普通空白採 8 px；窗口與正式包另驗
ESPMES#123.136	5e1654f256c94d20	디난도 씨인가요‥\n아니라면 이 일은 말할 수 없어요‥	accepted	8e2b4b3c5e551d70	Codex	full-ko-20261006	2026-10-06	全量本機候選；未經母語者審閱；韓文普通空白採 8 px；窗口與正式包另驗
ESPMES#123.137	3a4abec8dfc4ae41	건너편은 로다구트 나루야. 건너가겠나?	accepted	21dbbc323bb94443	Codex	full-ko-20261006	2026-10-06	全量本機候選；未經母語者審閱；韓文普通空白採 8 px；窗口與正式包另驗
ESPMES#123.138	66901358d74e30ae	그럼! 올라타!\n배가 떠난다.	accepted	22f8185bfd7ed10a	Codex	full-ko-20261006	2026-10-06	全量本機候選；未經母語者審閱；韓文普通空白採 8 px；窗口與正式包另驗
ESPMES#123.139	f13d8a96c1645586	그런가! 가고 싶을 때 다시 와!	accepted	09f72c701482133a	Codex	full-ko-20261006	2026-10-06	全量本機候選；未經母語者審閱；韓文普通空白採 8 px；窗口與正式包另驗
ESPMES#123.140	072f54b347a5463b	건너편은 파리르 나루야. 건너가겠나?	accepted	2f220e3f477010d5	Codex	full-ko-20261006	2026-10-06	全量本機候選；未經母語者審閱；韓文普通空白採 8 px；窗口與正式包另驗
ESPMES#123.141	66901358d74e30ae	그럼! 올라타!\n배가 떠난다.	accepted	22f8185bfd7ed10a	Codex	full-ko-20261006	2026-10-06	全量本機候選；未經母語者審閱；韓文普通空白採 8 px；窗口與正式包另驗
ESPMES#123.142	f13d8a96c1645586	그런가! 가고 싶을 때 다시 와!	accepted	09f72c701482133a	Codex	full-ko-20261006	2026-10-06	全量本機候選；未經母語者審閱；韓文普通空白採 8 px；窗口與正式包另驗
ESPMES#123.143	bc03d3147a6caffe	브라키아의 거점을 확보했으니\n안심하고 싸울 수 있겠군.	accepted	1841d60f8bfc84f3	Codex	full-ko-20261006	2026-10-06	全量本機候選；未經母語者審閱；韓文普通空白採 8 px；窗口與正式包另驗
ESPMES#123.144	d210d4022360e950	드디어 왔군.\n레이 공주는 브라키아 성에 있을 거야.\n	accepted	e390d7bce08518ca	Codex	full-ko-20261006	2026-10-06	全量本機候選；未經母語者審閱；韓文普通空白採 8 px；窗口與正式包另驗
ESPMES#123.145	3f497cf396e1b1d6	서둘러!\n몰락한 브라키아 국왕이 무슨 짓을 할지 몰라!\n레이 레즈니아크를 찾아!	accepted	b7c3e7f2a9e391c3	Codex	full-ko-20261006	2026-10-06	全量本機候選；未經母語者審閱；韓文普通空白採 8 px；窗口與正式包另驗
ESPMES#123.146	7631e189e3dcf43c	어서 브라키아 국왕에게서 공주를 구해!\n	accepted	1698b5b4c9c6da72	Codex	full-ko-20261006	2026-10-06	全量本機候選；未經母語者審閱；韓文普通空白採 8 px；窗口與正式包另驗
ESPMES#123.147	0fe154c4318ca8c9	갑자기 몸이 좀 안 좋군. 병원에 가야겠어‥.	accepted	18756ee544ec8ac4	Codex	full-ko-20261006	2026-10-06	全量本機候選；未經母語者審閱；韓文普通空白採 8 px；窗口與正式包另驗
ESPMES#123.148	86e53e5ca4315d0e	지금 부대 상태로는 싸울 수 없겠어.\n우선 병원에 가자!	accepted	212cf4f1e65cadcb	Codex	full-ko-20261006	2026-10-06	全量本機候選；未經母語者審閱；韓文普通空白採 8 px；窗口與正式包另驗
ESPMES#123.149	87782ccebb39fd43	준비는 되었지만\n다시 정비해야 할 것 같아.	accepted	178e217773f1a70f	Codex	full-ko-20261006	2026-10-06	全量本機候選；未經母語者審閱；韓文普通空白採 8 px；窗口與正式包另驗
ESPMES#123.150	f8e908c37627d586	레이를 찾으러 가고 싶지만!\n체력이 안 돼.\n병원에 가야 해.	accepted	d128bd25bd89a310	Codex	full-ko-20261006	2026-10-06	全量本機候選；未經母語者審閱；韓文普通空白採 8 px；窗口與正式包另驗
ESPMES#123.151	d8126f8485c2ef1b	이렇게 약한 몸으로 어떻게 싸우겠어.\n회복해야 해‥	accepted	40a7ee99b81ab02f	Codex	full-ko-20261006	2026-10-06	全量本機候選；未經母語者審閱；韓文普通空白採 8 px；窗口與正式包另驗
ESPMES#123.152	7eafb9b814f60ec3	마음뿐이고 힘이 없어 찾으러 못 가겠군!\n골치 아프네!	accepted	041d73c123b07c25	Codex	full-ko-20261006	2026-10-06	全量本機候選；未經母語者審閱；韓文普通空白採 8 px；窗口與正式包另驗
ESPMES#123.153	7f9c658434a5836c	다음은 어디로 갈까?	accepted	a29fb4663c175054	Codex	full-ko-20261006	2026-10-06	全量本機候選；未經母語者審閱；韓文普通空白採 8 px；窗口與正式包另驗
ESPMES#123.154	7f9c658434a5836c	다음은 어디로 갈까?	accepted	a29fb4663c175054	Codex	full-ko-20261006	2026-10-06	全量本機候選；未經母語者審閱；韓文普通空白採 8 px；窗口與正式包另驗
ESPMES#123.155	08360652986e558a	어디서 찾아야 하지?	accepted	c61d268b43eaa130	Codex	full-ko-20261006	2026-10-06	全量本機候選；未經母語者審閱；韓文普通空白採 8 px；窗口與正式包另驗
ESPMES#123.156	4dbb0ebc14f216fb	레이! 어디 있니?	accepted	91e5f29aaedb7443	Codex	full-ko-20261006	2026-10-06	全量本機候選；未經母語者審閱；韓文普通空白採 8 px；窗口與正式包另驗
ESPMES#123.157	4dbb0ebc14f216fb	레이! 어디 있니?	accepted	91e5f29aaedb7443	Codex	full-ko-20261006	2026-10-06	全量本機候選；未經母語者審閱；韓文普通空白採 8 px；窗口與正式包另驗
ESPMES#123.158	26120fbb21350a43	혹시‥여기에 숨었나?	accepted	a568f8c158f079ff	Codex	full-ko-20261006	2026-10-06	全量本機候選；未經母語者審閱；韓文普通空白採 8 px；窗口與正式包另驗
ESPMES#123.159	f7dbb57885cc0b59	나를 끝장내려는 건가‥\n내가 죽으면 공주도 못 찾아!	accepted	c132178915e1c9bc	Codex	full-ko-20261006	2026-10-06	全量本機候選；未經母語者審閱；韓文普通空白採 8 px；窗口與正式包另驗
ESPMES#123.160	279524a9d6643811	살려 줘!	accepted	af43f88d0a189925	Codex	full-ko-20261006	2026-10-06	全量本機候選；未經母語者審閱；韓文普通空白採 8 px；窗口與正式包另驗
ESPMES#123.161	d5ddc476bcfc4fc9	조용히 해!\n이리 와!	accepted	c6eb26368e288162	Codex	full-ko-20261006	2026-10-06	全量本機候選；未經母語者審閱；韓文普通空白採 8 px；窗口與正式包另驗
ESPMES#123.162	0e8ddeaada51bb04	다음에는 실패하지 않겠다!	accepted	a7b09666cf72ec60	Codex	full-ko-20261006	2026-10-06	全量本機候選；未經母語者審閱；韓文普通空白採 8 px；窗口與正式包另驗
ESPMES#123.163	0e8ddeaada51bb04	다음에는 실패하지 않겠다!	accepted	a7b09666cf72ec60	Codex	full-ko-20261006	2026-10-06	全量本機候選；未經母語者審閱；韓文普通空白採 8 px；窗口與正式包另驗
ESPMES#123.164	0e8ddeaada51bb04	다음에는 실패하지 않겠다!	accepted	a7b09666cf72ec60	Codex	full-ko-20261006	2026-10-06	全量本機候選；未經母語者審閱；韓文普通空白採 8 px；窗口與正式包另驗
ESPMES#123.165	0e8ddeaada51bb04	다음에는 실패하지 않겠다!	accepted	a7b09666cf72ec60	Codex	full-ko-20261006	2026-10-06	全量本機候選；未經母語者審閱；韓文普通空白採 8 px；窗口與正式包另驗
ESPMES#123.166	0e8ddeaada51bb04	다음에는 실패하지 않겠다!	accepted	a7b09666cf72ec60	Codex	full-ko-20261006	2026-10-06	全量本機候選；未經母語者審閱；韓文普通空白採 8 px；窗口與正式包另驗
ESPMES#123.167	634970c40f999e3c	‥브라키아 왕‥각오해라‥	accepted	ffeb5982076d6134	Codex	full-ko-20261006	2026-10-06	全量本機候選；未經母語者審閱；韓文普通空白採 8 px；窗口與正式包另驗
ESPMES#123.168	d94594bea9993119	소용없어! 그렇게 쉽게 쓰러지지 않는다!	accepted	79a0e301f8ee6c68	Codex	full-ko-20261006	2026-10-06	全量本機候選；未經母語者審閱；韓文普通空白採 8 px；窗口與正式包另驗
ESPMES#123.169	c67d71fdbea6c5d1	구해 주셨군요!\n고마워요! 정말 고마워요!	accepted	7e89116674dedcb3	Codex	full-ko-20261006	2026-10-06	全量本機候選；未經母語者審閱；韓文普通空白採 8 px；窗口與正式包另驗
ESPMES#123.170	b8c7b85c533c1ad0	전쟁이 드디어 끝났군.\n바이아란스 성으로 돌아가자! 도착하면 보수를 받을 수 있어.	accepted	f3cad63a318b8db0	Codex	full-ko-20261006	2026-10-06	全量本機候選；未經母語者審閱；韓文普通空白採 8 px；窗口與正式包另驗
ESPMES#123.171	41c0493fb2235dd4	승리하고 귀국!	accepted	4038d1b72d98c085	Codex	full-ko-20261006	2026-10-06	全量本機候選；未經母語者審閱；韓文普通空白採 8 px；窗口與正式包另驗
ESPMES#123.172	c8b8cc70279ca854	패배한 녀석!	accepted	ee7a4bfd8216f348	Codex	full-ko-20261006	2026-10-06	全量本機候選；未經母語者審閱；韓文普通空白採 8 px；窗口與正式包另驗
ESPMES#124.0	485f43fcdabcba62	오늘은 디난도 용병단의 봉급날이다.	accepted	6443d938771ebf21	Codex	full-ko-20261006	2026-10-06	全量本機候選；未經母語者審閱；韓文普通空白採 8 px；窗口與正式包另驗
ESPMES#124.1	b769f658b1afb483	봉급 지급!	accepted	139ef2b4b45d4065	Codex	full-ko-20261006	2026-10-06	全量本機候選；未經母語者審閱；韓文普通空白採 8 px；窗口與正式包另驗
ESPMES#124.2	3d6950d9828c9edb	‥아무도 고용하지 않았으니\n봉급을 줄 필요가 없다.	accepted	fb75c588d5123c63	Codex	full-ko-20261006	2026-10-06	全量本機候選；未經母語者審閱；韓文普通空白採 8 px；窗口與正式包另驗
ESPMES#124.3	b769f658b1afb483	봉급 지급!	accepted	139ef2b4b45d4065	Codex	full-ko-20261006	2026-10-06	全量本機候選；未經母語者審閱；韓文普通空白採 8 px；窗口與正式包另驗
ESPMES#124.4	38a8f53132611d53	이번 달 봉급은‥\n모두 %ldＧ다.	accepted	4ad89b10c1811c78	Codex	full-ko-20261006	2026-10-06	全量本機候選；未經母語者審閱；韓文普通空白採 8 px；窗口與正式包另驗
ESPMES#124.5	f67414e9b19fc8c2	전원 봉급으로 총 %ldＧ를 지급했다!	accepted	78465b1d11dd25da	Codex	full-ko-20261006	2026-10-06	全量本機候選；未經母語者審閱；韓文普通空白採 8 px；窗口與正式包另驗
ESPMES#124.6	b769f658b1afb483	봉급 지급!	accepted	139ef2b4b45d4065	Codex	full-ko-20261006	2026-10-06	全量本機候選；未經母語者審閱；韓文普通空白採 8 px；窗口與正式包另驗
ESPMES#124.7	38a8f53132611d53	이번 달 봉급은‥\n모두 %ldＧ다.	accepted	4ad89b10c1811c78	Codex	full-ko-20261006	2026-10-06	全量本機候選；未經母語者審閱；韓文普通空白採 8 px；窗口與正式包另驗
ESPMES#124.8	6fca8370a1b8772c	‥와! 돈이 부족해‥\n	accepted	e3217d655761ee12	Codex	full-ko-20261006	2026-10-06	全量本機候選；未經母語者審閱；韓文普通空白採 8 px；窗口與正式包另驗
ESPMES#124.9	0f582a731f559b86	봉급을 줄 수 없다!	accepted	2775dc8c4955d171	Codex	full-ko-20261006	2026-10-06	全量本機候選；未經母語者審閱；韓文普通空白採 8 px；窗口與正式包另驗
ESPMES#124.10	a796b416a0c24f00	디난도,\n%s 에서 많은 이들이 계약을 깨고 떠났어‥	accepted	f04e633cb834d5d6	Codex	full-ko-20261006	2026-10-06	全量本機候選；未經母語者審閱；韓文普通空白採 8 px；窗口與正式包另驗
