id	src_sha256	text	status	acc_sha	by	batch	date	note
SHOPTAB#0.0	6c74d573fabf6cd8	카구남 무기점	accepted	8dca9d5d389acb71	Codex	full-ko-20261006	2026-10-06	全量本機候選；未經母語者審閱；韓文普通空白採 8 px；窗口與正式包另驗
SHOPTAB#0.1	32ee507216ff9948	키제디카 방어구점	accepted	c57c7900ce2a68df	Codex	full-ko-20261006	2026-10-06	全量本機候選；未經母語者審閱；韓文普通空白採 8 px；窗口與正式包另驗
SHOPTAB#0.2	accbf6963956b0e5	보카루트 계약소	accepted	4511a1ef4613db41	Codex	full-ko-20261006	2026-10-06	全量本機候選；未經母語者審閱；韓文普通空白採 8 px；窗口與正式包另驗
SHOPTAB#0.3	e5d0cabe979658f1	에라아 계약소	accepted	7bf19f1e45251227	Codex	full-ko-20261006	2026-10-06	全量本機候選；未經母語者審閱；韓文普通空白採 8 px；窗口與正式包另驗
SHOPTAB#0.4	fa469d36dcd90522	아루마디이스 약국	accepted	78cf22a4aabf9df1	Codex	full-ko-20261006	2026-10-06	全量本機候選；未經母語者審閱；韓文普通空白採 8 px；窗口與正式包另驗
SHOPTAB#0.5	eb57d0df72982cf7	스구트 병원	accepted	c434045802ea557d	Codex	full-ko-20261006	2026-10-06	全量本機候選；未經母語者審閱；韓文普通空白採 8 px；窗口與正式包另驗
SHOPTAB#0.6	67a6223907c41b55	렌카아루 술집	accepted	27577c9a97ee3203	Codex	full-ko-20261006	2026-10-06	全量本機候選；未經母語者審閱；韓文普通空白採 8 px；窗口與正式包另驗
SHOPTAB#0.7	ea49ce66798a0ae3	키카지이루 항공기점	accepted	a87151377271f14c	Codex	full-ko-20261006	2026-10-06	全量本機候選；未經母語者審閱；韓文普通空白採 8 px；窗口與正式包另驗
SHOPTAB#1.0	ad030bc58dbd669f	상점０	accepted	46632b2dd87b69dd	Codex	full-ko-20261006	2026-10-06	全量本機候選；未經母語者審閱；韓文普通空白採 8 px；窗口與正式包另驗
SHOPTAB#1.1	de2f39ceef3f318c	상점１	accepted	627dc6836cc655bf	Codex	full-ko-20261006	2026-10-06	全量本機候選；未經母語者審閱；韓文普通空白採 8 px；窗口與正式包另驗
SHOPTAB#1.2	8559054e97b9c24b	상점２	accepted	95ce7f2279165232	Codex	full-ko-20261006	2026-10-06	全量本機候選；未經母語者審閱；韓文普通空白採 8 px；窗口與正式包另驗
SHOPTAB#1.3	44fc7f12a916fd0a	상점３	accepted	3db6799c89e474e8	Codex	full-ko-20261006	2026-10-06	全量本機候選；未經母語者審閱；韓文普通空白採 8 px；窗口與正式包另驗
SHOPTAB#1.4	0b2d5cbbe7490515	상점４	accepted	22478466e4b46e7e	Codex	full-ko-20261006	2026-10-06	全量本機候選；未經母語者審閱；韓文普通空白採 8 px；窗口與正式包另驗
SHOPTAB#1.5	47f6bc387e7bcb26	상점５	accepted	c3dc6fd0be75b8bc	Codex	full-ko-20261006	2026-10-06	全量本機候選；未經母語者審閱；韓文普通空白採 8 px；窗口與正式包另驗
SHOPTAB#1.6	d3625a6681e4211b	상점６	accepted	df10d2171b480685	Codex	full-ko-20261006	2026-10-06	全量本機候選；未經母語者審閱；韓文普通空白採 8 px；窗口與正式包另驗
SHOPTAB#1.7	c339cafeadf6c231	상점７	accepted	bbd7071aa1232306	Codex	full-ko-20261006	2026-10-06	全量本機候選；未經母語者審閱；韓文普通空白採 8 px；窗口與正式包另驗
SHOPTAB#2.0	ad030bc58dbd669f	상점０	accepted	46632b2dd87b69dd	Codex	full-ko-20261006	2026-10-06	全量本機候選；未經母語者審閱；韓文普通空白採 8 px；窗口與正式包另驗
SHOPTAB#2.1	de2f39ceef3f318c	상점１	accepted	627dc6836cc655bf	Codex	full-ko-20261006	2026-10-06	全量本機候選；未經母語者審閱；韓文普通空白採 8 px；窗口與正式包另驗
SHOPTAB#2.2	8559054e97b9c24b	상점２	accepted	95ce7f2279165232	Codex	full-ko-20261006	2026-10-06	全量本機候選；未經母語者審閱；韓文普通空白採 8 px；窗口與正式包另驗
SHOPTAB#2.3	44fc7f12a916fd0a	상점３	accepted	3db6799c89e474e8	Codex	full-ko-20261006	2026-10-06	全量本機候選；未經母語者審閱；韓文普通空白採 8 px；窗口與正式包另驗
SHOPTAB#2.4	0b2d5cbbe7490515	상점４	accepted	22478466e4b46e7e	Codex	full-ko-20261006	2026-10-06	全量本機候選；未經母語者審閱；韓文普通空白採 8 px；窗口與正式包另驗
SHOPTAB#2.5	47f6bc387e7bcb26	상점５	accepted	c3dc6fd0be75b8bc	Codex	full-ko-20261006	2026-10-06	全量本機候選；未經母語者審閱；韓文普通空白採 8 px；窗口與正式包另驗
SHOPTAB#2.6	d3625a6681e4211b	상점６	accepted	df10d2171b480685	Codex	full-ko-20261006	2026-10-06	全量本機候選；未經母語者審閱；韓文普通空白採 8 px；窗口與正式包另驗
SHOPTAB#2.7	c339cafeadf6c231	상점７	accepted	bbd7071aa1232306	Codex	full-ko-20261006	2026-10-06	全量本機候選；未經母語者審閱；韓文普通空白採 8 px；窗口與正式包另驗
SHOPTAB#3.0	48ad90d064376d3c	비스디 무기점	accepted	44ba27290c462397	Codex	full-ko-20261006	2026-10-06	全量本機候選；未經母語者審閱；韓文普通空白採 8 px；窗口與正式包另驗
SHOPTAB#3.1	becc924681088c4a	카스비가이 방어구점	accepted	e88dfefb5e07d8d5	Codex	full-ko-20261006	2026-10-06	全量本機候選；未經母語者審閱；韓文普通空白採 8 px；窗口與正式包另驗
SHOPTAB#3.2	f2b062ee1a61718c	삼디가이 계약소	accepted	1d8f0fcf68c5ac84	Codex	full-ko-20261006	2026-10-06	全量本機候選；未經母語者審閱；韓文普通空白採 8 px；窗口與正式包另驗
SHOPTAB#3.3	d6521811039c7c40	디오트구 계약소	accepted	7a1d461bfb37b23f	Codex	full-ko-20261006	2026-10-06	全量本機候選；未經母語者審閱；韓文普通空白採 8 px；窗口與正式包另驗
SHOPTAB#3.4	8bb1f7a7639d7a41	리유이레 병원	accepted	193985e7fa40bce9	Codex	full-ko-20261006	2026-10-06	全量本機候選；未經母語者審閱；韓文普通空白採 8 px；窗口與正式包另驗
SHOPTAB#3.5	0632a2d72502a4a6	바트노 도구점	accepted	e556ad15ac76096b	Codex	full-ko-20261006	2026-10-06	全量本機候選；未經母語者審閱；韓文普通空白採 8 px；窗口與正式包另驗
SHOPTAB#3.6	ac34f23acb19c0d9	차오하리 술집	accepted	70c6c631c1c7038f	Codex	full-ko-20261006	2026-10-06	全量本機候選；未經母語者審閱；韓文普通空白採 8 px；窗口與正式包另驗
SHOPTAB#3.7	c339cafeadf6c231	상점７	accepted	bbd7071aa1232306	Codex	full-ko-20261006	2026-10-06	全量本機候選；未經母語者審閱；韓文普通空白採 8 px；窗口與正式包另驗
SHOPTAB#4.0	ad030bc58dbd669f	상점０	accepted	46632b2dd87b69dd	Codex	full-ko-20261006	2026-10-06	全量本機候選；未經母語者審閱；韓文普通空白採 8 px；窗口與正式包另驗
SHOPTAB#4.1	de2f39ceef3f318c	상점１	accepted	627dc6836cc655bf	Codex	full-ko-20261006	2026-10-06	全量本機候選；未經母語者審閱；韓文普通空白採 8 px；窗口與正式包另驗
SHOPTAB#4.2	8559054e97b9c24b	상점２	accepted	95ce7f2279165232	Codex	full-ko-20261006	2026-10-06	全量本機候選；未經母語者審閱；韓文普通空白採 8 px；窗口與正式包另驗
SHOPTAB#4.3	44fc7f12a916fd0a	상점３	accepted	3db6799c89e474e8	Codex	full-ko-20261006	2026-10-06	全量本機候選；未經母語者審閱；韓文普通空白採 8 px；窗口與正式包另驗
SHOPTAB#4.4	0b2d5cbbe7490515	상점４	accepted	22478466e4b46e7e	Codex	full-ko-20261006	2026-10-06	全量本機候選；未經母語者審閱；韓文普通空白採 8 px；窗口與正式包另驗
SHOPTAB#4.5	47f6bc387e7bcb26	상점５	accepted	c3dc6fd0be75b8bc	Codex	full-ko-20261006	2026-10-06	全量本機候選；未經母語者審閱；韓文普通空白採 8 px；窗口與正式包另驗
SHOPTAB#4.6	d3625a6681e4211b	상점６	accepted	df10d2171b480685	Codex	full-ko-20261006	2026-10-06	全量本機候選；未經母語者審閱；韓文普通空白採 8 px；窗口與正式包另驗
SHOPTAB#4.7	c339cafeadf6c231	상점７	accepted	bbd7071aa1232306	Codex	full-ko-20261006	2026-10-06	全量本機候選；未經母語者審閱；韓文普通空白採 8 px；窗口與正式包另驗
SHOPTAB#5.0	ad030bc58dbd669f	상점０	accepted	46632b2dd87b69dd	Codex	full-ko-20261006	2026-10-06	全量本機候選；未經母語者審閱；韓文普通空白採 8 px；窗口與正式包另驗
SHOPTAB#5.1	de2f39ceef3f318c	상점１	accepted	627dc6836cc655bf	Codex	full-ko-20261006	2026-10-06	全量本機候選；未經母語者審閱；韓文普通空白採 8 px；窗口與正式包另驗
SHOPTAB#5.2	8559054e97b9c24b	상점２	accepted	95ce7f2279165232	Codex	full-ko-20261006	2026-10-06	全量本機候選；未經母語者審閱；韓文普通空白採 8 px；窗口與正式包另驗
SHOPTAB#5.3	44fc7f12a916fd0a	상점３	accepted	3db6799c89e474e8	Codex	full-ko-20261006	2026-10-06	全量本機候選；未經母語者審閱；韓文普通空白採 8 px；窗口與正式包另驗
SHOPTAB#5.4	0b2d5cbbe7490515	상점４	accepted	22478466e4b46e7e	Codex	full-ko-20261006	2026-10-06	全量本機候選；未經母語者審閱；韓文普通空白採 8 px；窗口與正式包另驗
SHOPTAB#5.5	47f6bc387e7bcb26	상점５	accepted	c3dc6fd0be75b8bc	Codex	full-ko-20261006	2026-10-06	全量本機候選；未經母語者審閱；韓文普通空白採 8 px；窗口與正式包另驗
SHOPTAB#5.6	d3625a6681e4211b	상점６	accepted	df10d2171b480685	Codex	full-ko-20261006	2026-10-06	全量本機候選；未經母語者審閱；韓文普通空白採 8 px；窗口與正式包另驗
SHOPTAB#5.7	c339cafeadf6c231	상점７	accepted	bbd7071aa1232306	Codex	full-ko-20261006	2026-10-06	全量本機候選；未經母語者審閱；韓文普通空白採 8 px；窗口與正式包另驗
SHOPTAB#6.0	ad030bc58dbd669f	상점０	accepted	46632b2dd87b69dd	Codex	full-ko-20261006	2026-10-06	全量本機候選；未經母語者審閱；韓文普通空白採 8 px；窗口與正式包另驗
SHOPTAB#6.1	de2f39ceef3f318c	상점１	accepted	627dc6836cc655bf	Codex	full-ko-20261006	2026-10-06	全量本機候選；未經母語者審閱；韓文普通空白採 8 px；窗口與正式包另驗
SHOPTAB#6.2	8559054e97b9c24b	상점２	accepted	95ce7f2279165232	Codex	full-ko-20261006	2026-10-06	全量本機候選；未經母語者審閱；韓文普通空白採 8 px；窗口與正式包另驗
SHOPTAB#6.3	44fc7f12a916fd0a	상점３	accepted	3db6799c89e474e8	Codex	full-ko-20261006	2026-10-06	全量本機候選；未經母語者審閱；韓文普通空白採 8 px；窗口與正式包另驗
SHOPTAB#6.4	0b2d5cbbe7490515	상점４	accepted	22478466e4b46e7e	Codex	full-ko-20261006	2026-10-06	全量本機候選；未經母語者審閱；韓文普通空白採 8 px；窗口與正式包另驗
SHOPTAB#6.5	47f6bc387e7bcb26	상점５	accepted	c3dc6fd0be75b8bc	Codex	full-ko-20261006	2026-10-06	全量本機候選；未經母語者審閱；韓文普通空白採 8 px；窗口與正式包另驗
SHOPTAB#6.6	d3625a6681e4211b	상점６	accepted	df10d2171b480685	Codex	full-ko-20261006	2026-10-06	全量本機候選；未經母語者審閱；韓文普通空白採 8 px；窗口與正式包另驗
SHOPTAB#6.7	c339cafeadf6c231	상점７	accepted	bbd7071aa1232306	Codex	full-ko-20261006	2026-10-06	全量本機候選；未經母語者審閱；韓文普通空白採 8 px；窗口與正式包另驗
SHOPTAB#7.0	1f5d18bc01c768fa	구이셈 무기점	accepted	6819aca4d41f2179	Codex	full-ko-20261006	2026-10-06	全量本機候選；未經母語者審閱；韓文普通空白採 8 px；窗口與正式包另驗
SHOPTAB#7.1	a20647ba75735877	가이비구 방어구점	accepted	b5a0b12c799b4c5d	Codex	full-ko-20261006	2026-10-06	全量本機候選；未經母語者審閱；韓文普通空白採 8 px；窗口與正式包另驗
SHOPTAB#7.2	e79aae2e2ec3ab80	보아커리 계약소	accepted	3c176cf5bc14611c	Codex	full-ko-20261006	2026-10-06	全量本機候選；未經母語者審閱；韓文普通空白採 8 px；窗口與正式包另驗
SHOPTAB#7.3	faf4d5a28a7d2b65	타노구 약국	accepted	b61cd0dc4aa61425	Codex	full-ko-20261006	2026-10-06	全量本機候選；未經母語者審閱；韓文普通空白採 8 px；窗口與正式包另驗
SHOPTAB#7.4	de80965b0ff09ff2	즈시무 도구점	accepted	ec2c796536417380	Codex	full-ko-20261006	2026-10-06	全量本機候選；未經母語者審閱；韓文普通空白採 8 px；窗口與正式包另驗
SHOPTAB#7.5	1669819ec59183ef	아키모 도구점	accepted	c154864b2295efc2	Codex	full-ko-20261006	2026-10-06	全量本機候選；未經母語者審閱；韓文普通空白採 8 px；窗口與正式包另驗
SHOPTAB#7.6	da8d1c4cbc3184d1	키이코 술집	accepted	3c09851bf8045737	Codex	full-ko-20261006	2026-10-06	全量本機候選；未經母語者審閱；韓文普通空白採 8 px；窗口與正式包另驗
SHOPTAB#7.7	dae1ab02a473fb2a	디오코 전차점	accepted	89518121cd4ecf2b	Codex	full-ko-20261006	2026-10-06	全量本機候選；未經母語者審閱；韓文普通空白採 8 px；窗口與正式包另驗
SHOPTAB#8.0	ad030bc58dbd669f	상점０	accepted	46632b2dd87b69dd	Codex	full-ko-20261006	2026-10-06	全量本機候選；未經母語者審閱；韓文普通空白採 8 px；窗口與正式包另驗
SHOPTAB#8.1	de2f39ceef3f318c	상점１	accepted	627dc6836cc655bf	Codex	full-ko-20261006	2026-10-06	全量本機候選；未經母語者審閱；韓文普通空白採 8 px；窗口與正式包另驗
SHOPTAB#8.2	8559054e97b9c24b	상점２	accepted	95ce7f2279165232	Codex	full-ko-20261006	2026-10-06	全量本機候選；未經母語者審閱；韓文普通空白採 8 px；窗口與正式包另驗
SHOPTAB#8.3	44fc7f12a916fd0a	상점３	accepted	3db6799c89e474e8	Codex	full-ko-20261006	2026-10-06	全量本機候選；未經母語者審閱；韓文普通空白採 8 px；窗口與正式包另驗
SHOPTAB#8.4	0b2d5cbbe7490515	상점４	accepted	22478466e4b46e7e	Codex	full-ko-20261006	2026-10-06	全量本機候選；未經母語者審閱；韓文普通空白採 8 px；窗口與正式包另驗
SHOPTAB#8.5	47f6bc387e7bcb26	상점５	accepted	c3dc6fd0be75b8bc	Codex	full-ko-20261006	2026-10-06	全量本機候選；未經母語者審閱；韓文普通空白採 8 px；窗口與正式包另驗
SHOPTAB#8.6	d3625a6681e4211b	상점６	accepted	df10d2171b480685	Codex	full-ko-20261006	2026-10-06	全量本機候選；未經母語者審閱；韓文普通空白採 8 px；窗口與正式包另驗
SHOPTAB#8.7	c339cafeadf6c231	상점７	accepted	bbd7071aa1232306	Codex	full-ko-20261006	2026-10-06	全量本機候選；未經母語者審閱；韓文普通空白採 8 px；窗口與正式包另驗
SHOPTAB#9.0	48a2035d425f1d45	메키이아 무기점	accepted	cf85e38838964e3d	Codex	full-ko-20261006	2026-10-06	全量本機候選；未經母語者審閱；韓文普通空白採 8 px；窗口與正式包另驗
SHOPTAB#9.1	6c70f9dd2439131c	로마오스 무기점	accepted	ffa507eeed90d8d0	Codex	full-ko-20261006	2026-10-06	全量本機候選；未經母語者審閱；韓文普通空白採 8 px；窗口與正式包另驗
SHOPTAB#9.2	6991a14c8bcbe53a	리마노에 방어구점	accepted	1463fde243e2ed8d	Codex	full-ko-20261006	2026-10-06	全量本機候選；未經母語者審閱；韓文普通空白採 8 px；窗口與正式包另驗
SHOPTAB#9.3	0a4df36c23772cde	키아에스 계약소	accepted	3a3eaf95fd5d1d9f	Codex	full-ko-20261006	2026-10-06	全量本機候選；未經母語者審閱；韓文普通空白採 8 px；窗口與正式包另驗
SHOPTAB#9.4	25c9cf52097271bc	레아리 계약소	accepted	9c908c7c46d35cc0	Codex	full-ko-20261006	2026-10-06	全量本機候選；未經母語者審閱；韓文普通空白採 8 px；窗口與正式包另驗
SHOPTAB#9.5	e9759642e5cf9838	레에라시 약국	accepted	9b7df4dbe1a5a651	Codex	full-ko-20261006	2026-10-06	全量本機候選；未經母語者審閱；韓文普通空白採 8 px；窗口與正式包另驗
SHOPTAB#9.6	19efccf9f31cc23a	사유트아 술집	accepted	5702e361fe141502	Codex	full-ko-20261006	2026-10-06	全量本機候選；未經母語者審閱；韓文普通空白採 8 px；窗口與正式包另驗
SHOPTAB#9.7	c2a7f493faf34c93	메루리아 대포점	accepted	163c4d05e4f7c2b4	Codex	full-ko-20261006	2026-10-06	全量本機候選；未經母語者審閱；韓文普通空白採 8 px；窗口與正式包另驗
SHOPTAB#10.0	ad030bc58dbd669f	상점０	accepted	46632b2dd87b69dd	Codex	full-ko-20261006	2026-10-06	全量本機候選；未經母語者審閱；韓文普通空白採 8 px；窗口與正式包另驗
SHOPTAB#10.1	de2f39ceef3f318c	상점１	accepted	627dc6836cc655bf	Codex	full-ko-20261006	2026-10-06	全量本機候選；未經母語者審閱；韓文普通空白採 8 px；窗口與正式包另驗
SHOPTAB#10.2	8559054e97b9c24b	상점２	accepted	95ce7f2279165232	Codex	full-ko-20261006	2026-10-06	全量本機候選；未經母語者審閱；韓文普通空白採 8 px；窗口與正式包另驗
SHOPTAB#10.3	44fc7f12a916fd0a	상점３	accepted	3db6799c89e474e8	Codex	full-ko-20261006	2026-10-06	全量本機候選；未經母語者審閱；韓文普通空白採 8 px；窗口與正式包另驗
SHOPTAB#10.4	0b2d5cbbe7490515	상점４	accepted	22478466e4b46e7e	Codex	full-ko-20261006	2026-10-06	全量本機候選；未經母語者審閱；韓文普通空白採 8 px；窗口與正式包另驗
SHOPTAB#10.5	47f6bc387e7bcb26	상점５	accepted	c3dc6fd0be75b8bc	Codex	full-ko-20261006	2026-10-06	全量本機候選；未經母語者審閱；韓文普通空白採 8 px；窗口與正式包另驗
SHOPTAB#10.6	d3625a6681e4211b	상점６	accepted	df10d2171b480685	Codex	full-ko-20261006	2026-10-06	全量本機候選；未經母語者審閱；韓文普通空白採 8 px；窗口與正式包另驗
SHOPTAB#10.7	c339cafeadf6c231	상점７	accepted	bbd7071aa1232306	Codex	full-ko-20261006	2026-10-06	全量本機候選；未經母語者審閱；韓文普通空白採 8 px；窗口與正式包另驗
SHOPTAB#11.0	69b6a83102bf8365	라비루 무기점	accepted	63f70bc0f6271e24	Codex	full-ko-20261006	2026-10-06	全量本機候選；未經母語者審閱；韓文普通空白採 8 px；窗口與正式包另驗
SHOPTAB#11.1	d794b8d331f8acce	로카트 방어구점	accepted	3289a8205608d936	Codex	full-ko-20261006	2026-10-06	全量本機候選；未經母語者審閱；韓文普通空白採 8 px；窗口與正式包另驗
SHOPTAB#11.2	30d55e3fbdc3f5c8	키사에 계약소	accepted	2bf6edc6ca5b3332	Codex	full-ko-20261006	2026-10-06	全量本機候選；未經母語者審閱；韓文普通空白採 8 px；窗口與正式包另驗
SHOPTAB#11.3	5401e9783bc96672	시라구 약국	accepted	edda060c1b15642a	Codex	full-ko-20261006	2026-10-06	全量本機候選；未經母語者審閱；韓文普通空白採 8 px；窗口與正式包另驗
SHOPTAB#11.4	b4ffce3a1a593245	베루에 약국	accepted	e20954c49264efc6	Codex	full-ko-20261006	2026-10-06	全量本機候選；未經母語者審閱；韓文普通空白採 8 px；窗口與正式包另驗
SHOPTAB#11.5	92b640d011524aef	구이소코 술집	accepted	93b78fd8b4c2d7e2	Codex	full-ko-20261006	2026-10-06	全量本機候選；未經母語者審閱；韓文普通空白採 8 px；窗口與正式包另驗
SHOPTAB#11.6	10eaa4d56bcc5c7c	베루에 전차점	accepted	7b11fd0844bbe788	Codex	full-ko-20261006	2026-10-06	全量本機候選；未經母語者審閱；韓文普通空白採 8 px；窗口與正式包另驗
SHOPTAB#11.7	c339cafeadf6c231	상점７	accepted	bbd7071aa1232306	Codex	full-ko-20261006	2026-10-06	全量本機候選；未經母語者審閱；韓文普通空白採 8 px；窗口與正式包另驗
SHOPTAB#12.0	ad030bc58dbd669f	상점０	accepted	46632b2dd87b69dd	Codex	full-ko-20261006	2026-10-06	全量本機候選；未經母語者審閱；韓文普通空白採 8 px；窗口與正式包另驗
SHOPTAB#12.1	de2f39ceef3f318c	상점１	accepted	627dc6836cc655bf	Codex	full-ko-20261006	2026-10-06	全量本機候選；未經母語者審閱；韓文普通空白採 8 px；窗口與正式包另驗
SHOPTAB#12.2	8559054e97b9c24b	상점２	accepted	95ce7f2279165232	Codex	full-ko-20261006	2026-10-06	全量本機候選；未經母語者審閱；韓文普通空白採 8 px；窗口與正式包另驗
SHOPTAB#12.3	44fc7f12a916fd0a	상점３	accepted	3db6799c89e474e8	Codex	full-ko-20261006	2026-10-06	全量本機候選；未經母語者審閱；韓文普通空白採 8 px；窗口與正式包另驗
SHOPTAB#12.4	0b2d5cbbe7490515	상점４	accepted	22478466e4b46e7e	Codex	full-ko-20261006	2026-10-06	全量本機候選；未經母語者審閱；韓文普通空白採 8 px；窗口與正式包另驗
SHOPTAB#12.5	47f6bc387e7bcb26	상점５	accepted	c3dc6fd0be75b8bc	Codex	full-ko-20261006	2026-10-06	全量本機候選；未經母語者審閱；韓文普通空白採 8 px；窗口與正式包另驗
SHOPTAB#12.6	d3625a6681e4211b	상점６	accepted	df10d2171b480685	Codex	full-ko-20261006	2026-10-06	全量本機候選；未經母語者審閱；韓文普通空白採 8 px；窗口與正式包另驗
SHOPTAB#12.7	c339cafeadf6c231	상점７	accepted	bbd7071aa1232306	Codex	full-ko-20261006	2026-10-06	全量本機候選；未經母語者審閱；韓文普通空白採 8 px；窗口與正式包另驗
SHOPTAB#13.0	7aa76359af65ce2f	미리이스 무기점	accepted	8785326b2534636a	Codex	full-ko-20261006	2026-10-06	全量本機候選；未經母語者審閱；韓文普通空白採 8 px；窗口與正式包另驗
SHOPTAB#13.1	f602ce2759840530	노리모 방어구점	accepted	0058dfed111c8b30	Codex	full-ko-20261006	2026-10-06	全量本機候選；未經母語者審閱；韓文普通空白採 8 px；窗口與正式包另驗
SHOPTAB#13.2	176df8082cb7eef6	아이가이지 계약소	accepted	942558b14cdaed71	Codex	full-ko-20261006	2026-10-06	全量本機候選；未經母語者審閱；韓文普通空白採 8 px；窗口與正式包另驗
SHOPTAB#13.3	69eb06f7ccf8b477	베오디노 계약소	accepted	120c79ee6905e4f5	Codex	full-ko-20261006	2026-10-06	全量本機候選；未經母語者審閱；韓文普通空白採 8 px；窗口與正式包另驗
SHOPTAB#13.4	fe5f4be4ce8b6248	키레노트노 약국	accepted	f246b8c25c4e4655	Codex	full-ko-20261006	2026-10-06	全量本機候選；未經母語者審閱；韓文普通空白採 8 px；窗口與正式包另驗
SHOPTAB#13.5	0be96dc6f86c4491	사하스니아 병원	accepted	83e86d5994b68c6a	Codex	full-ko-20261006	2026-10-06	全量本機候選；未經母語者審閱；韓文普通空白採 8 px；窗口與正式包另驗
SHOPTAB#13.6	fd5b20e62feb5cc5	노미니 도구점	accepted	26dae89bf7720215	Codex	full-ko-20261006	2026-10-06	全量本機候選；未經母語者審閱；韓文普通空白採 8 px；窗口與正式包另驗
SHOPTAB#13.7	0b111b09643ee5a9	아가이지이모 술집	accepted	8464d46270e25dcd	Codex	full-ko-20261006	2026-10-06	全量本機候選；未經母語者審閱；韓文普通空白採 8 px；窗口與正式包另驗
SHOPTAB#14.0	ad030bc58dbd669f	상점０	accepted	46632b2dd87b69dd	Codex	full-ko-20261006	2026-10-06	全量本機候選；未經母語者審閱；韓文普通空白採 8 px；窗口與正式包另驗
SHOPTAB#14.1	de2f39ceef3f318c	상점１	accepted	627dc6836cc655bf	Codex	full-ko-20261006	2026-10-06	全量本機候選；未經母語者審閱；韓文普通空白採 8 px；窗口與正式包另驗
SHOPTAB#14.2	8559054e97b9c24b	상점２	accepted	95ce7f2279165232	Codex	full-ko-20261006	2026-10-06	全量本機候選；未經母語者審閱；韓文普通空白採 8 px；窗口與正式包另驗
SHOPTAB#14.3	44fc7f12a916fd0a	상점３	accepted	3db6799c89e474e8	Codex	full-ko-20261006	2026-10-06	全量本機候選；未經母語者審閱；韓文普通空白採 8 px；窗口與正式包另驗
SHOPTAB#14.4	0b2d5cbbe7490515	상점４	accepted	22478466e4b46e7e	Codex	full-ko-20261006	2026-10-06	全量本機候選；未經母語者審閱；韓文普通空白採 8 px；窗口與正式包另驗
SHOPTAB#14.5	47f6bc387e7bcb26	상점５	accepted	c3dc6fd0be75b8bc	Codex	full-ko-20261006	2026-10-06	全量本機候選；未經母語者審閱；韓文普通空白採 8 px；窗口與正式包另驗
SHOPTAB#14.6	d3625a6681e4211b	상점６	accepted	df10d2171b480685	Codex	full-ko-20261006	2026-10-06	全量本機候選；未經母語者審閱；韓文普通空白採 8 px；窗口與正式包另驗
SHOPTAB#14.7	c339cafeadf6c231	상점７	accepted	bbd7071aa1232306	Codex	full-ko-20261006	2026-10-06	全量本機候選；未經母語者審閱；韓文普通空白採 8 px；窗口與正式包另驗
SHOPTAB#15.0	9c3bd698f7254724	트라이기 무기점	accepted	650cc9446be922b7	Codex	full-ko-20261006	2026-10-06	全量本機候選；未經母語者審閱；韓文普通空白採 8 px；窗口與正式包另驗
SHOPTAB#15.1	275d94f47d6f54ed	스바이시이 방어구점	accepted	67221788c3a4f1b7	Codex	full-ko-20261006	2026-10-06	全量本機候選；未經母語者審閱；韓文普通空白採 8 px；窗口與正式包另驗
SHOPTAB#15.2	b3655fe02734b58c	미스트이미니 계약소	accepted	c0302032f371bfb7	Codex	full-ko-20261006	2026-10-06	全量本機候選；未經母語者審閱；韓文普通空白採 8 px；窗口與正式包另驗
SHOPTAB#15.3	9f3517bddd6e23d2	시유트니구 약국	accepted	fdc478b8842b115e	Codex	full-ko-20261006	2026-10-06	全量本機候選；未經母語者審閱；韓文普通空白採 8 px；窗口與正式包另驗
SHOPTAB#15.4	6be0c3b8c21e2273	루이미루 도구점	accepted	fc88cfb6de56ad04	Codex	full-ko-20261006	2026-10-06	全量本機候選；未經母語者審閱；韓文普通空白採 8 px；窗口與正式包另驗
SHOPTAB#15.5	c97d54741386a8eb	커기이프 술집	accepted	40f157aba1f6dcb1	Codex	full-ko-20261006	2026-10-06	全量本機候選；未經母語者審閱；韓文普通空白採 8 px；窗口與正式包另驗
SHOPTAB#15.6	7b42e445802a079a	루이미루 항공기점	accepted	211483c3ce4f237d	Codex	full-ko-20261006	2026-10-06	全量本機候選；未經母語者審閱；韓文普通空白採 8 px；窗口與正式包另驗
SHOPTAB#15.7	c339cafeadf6c231	상점７	accepted	bbd7071aa1232306	Codex	full-ko-20261006	2026-10-06	全量本機候選；未經母語者審閱；韓文普通空白採 8 px；窗口與正式包另驗
SHOPTAB#16.0	ad030bc58dbd669f	상점０	accepted	46632b2dd87b69dd	Codex	full-ko-20261006	2026-10-06	全量本機候選；未經母語者審閱；韓文普通空白採 8 px；窗口與正式包另驗
SHOPTAB#16.1	de2f39ceef3f318c	상점１	accepted	627dc6836cc655bf	Codex	full-ko-20261006	2026-10-06	全量本機候選；未經母語者審閱；韓文普通空白採 8 px；窗口與正式包另驗
SHOPTAB#16.2	8559054e97b9c24b	상점２	accepted	95ce7f2279165232	Codex	full-ko-20261006	2026-10-06	全量本機候選；未經母語者審閱；韓文普通空白採 8 px；窗口與正式包另驗
SHOPTAB#16.3	44fc7f12a916fd0a	상점３	accepted	3db6799c89e474e8	Codex	full-ko-20261006	2026-10-06	全量本機候選；未經母語者審閱；韓文普通空白採 8 px；窗口與正式包另驗
SHOPTAB#16.4	0b2d5cbbe7490515	상점４	accepted	22478466e4b46e7e	Codex	full-ko-20261006	2026-10-06	全量本機候選；未經母語者審閱；韓文普通空白採 8 px；窗口與正式包另驗
SHOPTAB#16.5	47f6bc387e7bcb26	상점５	accepted	c3dc6fd0be75b8bc	Codex	full-ko-20261006	2026-10-06	全量本機候選；未經母語者審閱；韓文普通空白採 8 px；窗口與正式包另驗
SHOPTAB#16.6	d3625a6681e4211b	상점６	accepted	df10d2171b480685	Codex	full-ko-20261006	2026-10-06	全量本機候選；未經母語者審閱；韓文普通空白採 8 px；窗口與正式包另驗
SHOPTAB#16.7	c339cafeadf6c231	상점７	accepted	bbd7071aa1232306	Codex	full-ko-20261006	2026-10-06	全量本機候選；未經母語者審閱；韓文普通空白採 8 px；窗口與正式包另驗
SHOPTAB#17.0	ad030bc58dbd669f	상점０	accepted	46632b2dd87b69dd	Codex	full-ko-20261006	2026-10-06	全量本機候選；未經母語者審閱；韓文普通空白採 8 px；窗口與正式包另驗
SHOPTAB#17.1	de2f39ceef3f318c	상점１	accepted	627dc6836cc655bf	Codex	full-ko-20261006	2026-10-06	全量本機候選；未經母語者審閱；韓文普通空白採 8 px；窗口與正式包另驗
SHOPTAB#17.2	8559054e97b9c24b	상점２	accepted	95ce7f2279165232	Codex	full-ko-20261006	2026-10-06	全量本機候選；未經母語者審閱；韓文普通空白採 8 px；窗口與正式包另驗
SHOPTAB#17.3	44fc7f12a916fd0a	상점３	accepted	3db6799c89e474e8	Codex	full-ko-20261006	2026-10-06	全量本機候選；未經母語者審閱；韓文普通空白採 8 px；窗口與正式包另驗
SHOPTAB#17.4	0b2d5cbbe7490515	상점４	accepted	22478466e4b46e7e	Codex	full-ko-20261006	2026-10-06	全量本機候選；未經母語者審閱；韓文普通空白採 8 px；窗口與正式包另驗
SHOPTAB#17.5	47f6bc387e7bcb26	상점５	accepted	c3dc6fd0be75b8bc	Codex	full-ko-20261006	2026-10-06	全量本機候選；未經母語者審閱；韓文普通空白採 8 px；窗口與正式包另驗
SHOPTAB#17.6	d3625a6681e4211b	상점６	accepted	df10d2171b480685	Codex	full-ko-20261006	2026-10-06	全量本機候選；未經母語者審閱；韓文普通空白採 8 px；窗口與正式包另驗
SHOPTAB#17.7	c339cafeadf6c231	상점７	accepted	bbd7071aa1232306	Codex	full-ko-20261006	2026-10-06	全量本機候選；未經母語者審閱；韓文普通空白採 8 px；窗口與正式包另驗
SHOPTAB#18.0	ad030bc58dbd669f	상점０	accepted	46632b2dd87b69dd	Codex	full-ko-20261006	2026-10-06	全量本機候選；未經母語者審閱；韓文普通空白採 8 px；窗口與正式包另驗
SHOPTAB#18.1	de2f39ceef3f318c	상점１	accepted	627dc6836cc655bf	Codex	full-ko-20261006	2026-10-06	全量本機候選；未經母語者審閱；韓文普通空白採 8 px；窗口與正式包另驗
SHOPTAB#18.2	8559054e97b9c24b	상점２	accepted	95ce7f2279165232	Codex	full-ko-20261006	2026-10-06	全量本機候選；未經母語者審閱；韓文普通空白採 8 px；窗口與正式包另驗
SHOPTAB#18.3	44fc7f12a916fd0a	상점３	accepted	3db6799c89e474e8	Codex	full-ko-20261006	2026-10-06	全量本機候選；未經母語者審閱；韓文普通空白採 8 px；窗口與正式包另驗
SHOPTAB#18.4	0b2d5cbbe7490515	상점４	accepted	22478466e4b46e7e	Codex	full-ko-20261006	2026-10-06	全量本機候選；未經母語者審閱；韓文普通空白採 8 px；窗口與正式包另驗
SHOPTAB#18.5	47f6bc387e7bcb26	상점５	accepted	c3dc6fd0be75b8bc	Codex	full-ko-20261006	2026-10-06	全量本機候選；未經母語者審閱；韓文普通空白採 8 px；窗口與正式包另驗
SHOPTAB#18.6	d3625a6681e4211b	상점６	accepted	df10d2171b480685	Codex	full-ko-20261006	2026-10-06	全量本機候選；未經母語者審閱；韓文普通空白採 8 px；窗口與正式包另驗
SHOPTAB#18.7	c339cafeadf6c231	상점７	accepted	bbd7071aa1232306	Codex	full-ko-20261006	2026-10-06	全量本機候選；未經母語者審閱；韓文普通空白採 8 px；窗口與正式包另驗
SHOPTAB#19.0	ad030bc58dbd669f	상점０	accepted	46632b2dd87b69dd	Codex	full-ko-20261006	2026-10-06	全量本機候選；未經母語者審閱；韓文普通空白採 8 px；窗口與正式包另驗
SHOPTAB#19.1	de2f39ceef3f318c	상점１	accepted	627dc6836cc655bf	Codex	full-ko-20261006	2026-10-06	全量本機候選；未經母語者審閱；韓文普通空白採 8 px；窗口與正式包另驗
SHOPTAB#19.2	8559054e97b9c24b	상점２	accepted	95ce7f2279165232	Codex	full-ko-20261006	2026-10-06	全量本機候選；未經母語者審閱；韓文普通空白採 8 px；窗口與正式包另驗
SHOPTAB#19.3	44fc7f12a916fd0a	상점３	accepted	3db6799c89e474e8	Codex	full-ko-20261006	2026-10-06	全量本機候選；未經母語者審閱；韓文普通空白採 8 px；窗口與正式包另驗
SHOPTAB#19.4	0b2d5cbbe7490515	상점４	accepted	22478466e4b46e7e	Codex	full-ko-20261006	2026-10-06	全量本機候選；未經母語者審閱；韓文普通空白採 8 px；窗口與正式包另驗
SHOPTAB#19.5	47f6bc387e7bcb26	상점５	accepted	c3dc6fd0be75b8bc	Codex	full-ko-20261006	2026-10-06	全量本機候選；未經母語者審閱；韓文普通空白採 8 px；窗口與正式包另驗
SHOPTAB#19.6	d3625a6681e4211b	상점６	accepted	df10d2171b480685	Codex	full-ko-20261006	2026-10-06	全量本機候選；未經母語者審閱；韓文普通空白採 8 px；窗口與正式包另驗
SHOPTAB#19.7	c339cafeadf6c231	상점７	accepted	bbd7071aa1232306	Codex	full-ko-20261006	2026-10-06	全量本機候選；未經母語者審閱；韓文普通空白採 8 px；窗口與正式包另驗
SHOPTAB#20.0	ad030bc58dbd669f	상점０	accepted	46632b2dd87b69dd	Codex	full-ko-20261006	2026-10-06	全量本機候選；未經母語者審閱；韓文普通空白採 8 px；窗口與正式包另驗
SHOPTAB#20.1	de2f39ceef3f318c	상점１	accepted	627dc6836cc655bf	Codex	full-ko-20261006	2026-10-06	全量本機候選；未經母語者審閱；韓文普通空白採 8 px；窗口與正式包另驗
SHOPTAB#20.2	8559054e97b9c24b	상점２	accepted	95ce7f2279165232	Codex	full-ko-20261006	2026-10-06	全量本機候選；未經母語者審閱；韓文普通空白採 8 px；窗口與正式包另驗
SHOPTAB#20.3	44fc7f12a916fd0a	상점３	accepted	3db6799c89e474e8	Codex	full-ko-20261006	2026-10-06	全量本機候選；未經母語者審閱；韓文普通空白採 8 px；窗口與正式包另驗
SHOPTAB#20.4	0b2d5cbbe7490515	상점４	accepted	22478466e4b46e7e	Codex	full-ko-20261006	2026-10-06	全量本機候選；未經母語者審閱；韓文普通空白採 8 px；窗口與正式包另驗
SHOPTAB#20.5	47f6bc387e7bcb26	상점５	accepted	c3dc6fd0be75b8bc	Codex	full-ko-20261006	2026-10-06	全量本機候選；未經母語者審閱；韓文普通空白採 8 px；窗口與正式包另驗
SHOPTAB#20.6	d3625a6681e4211b	상점６	accepted	df10d2171b480685	Codex	full-ko-20261006	2026-10-06	全量本機候選；未經母語者審閱；韓文普通空白採 8 px；窗口與正式包另驗
SHOPTAB#20.7	c339cafeadf6c231	상점７	accepted	bbd7071aa1232306	Codex	full-ko-20261006	2026-10-06	全量本機候選；未經母語者審閱；韓文普通空白採 8 px；窗口與正式包另驗
SHOPTAB#21.0	ad030bc58dbd669f	상점０	accepted	46632b2dd87b69dd	Codex	full-ko-20261006	2026-10-06	全量本機候選；未經母語者審閱；韓文普通空白採 8 px；窗口與正式包另驗
SHOPTAB#21.1	de2f39ceef3f318c	상점１	accepted	627dc6836cc655bf	Codex	full-ko-20261006	2026-10-06	全量本機候選；未經母語者審閱；韓文普通空白採 8 px；窗口與正式包另驗
SHOPTAB#21.2	8559054e97b9c24b	상점２	accepted	95ce7f2279165232	Codex	full-ko-20261006	2026-10-06	全量本機候選；未經母語者審閱；韓文普通空白採 8 px；窗口與正式包另驗
SHOPTAB#21.3	44fc7f12a916fd0a	상점３	accepted	3db6799c89e474e8	Codex	full-ko-20261006	2026-10-06	全量本機候選；未經母語者審閱；韓文普通空白採 8 px；窗口與正式包另驗
SHOPTAB#21.4	0b2d5cbbe7490515	상점４	accepted	22478466e4b46e7e	Codex	full-ko-20261006	2026-10-06	全量本機候選；未經母語者審閱；韓文普通空白採 8 px；窗口與正式包另驗
SHOPTAB#21.5	47f6bc387e7bcb26	상점５	accepted	c3dc6fd0be75b8bc	Codex	full-ko-20261006	2026-10-06	全量本機候選；未經母語者審閱；韓文普通空白採 8 px；窗口與正式包另驗
SHOPTAB#21.6	d3625a6681e4211b	상점６	accepted	df10d2171b480685	Codex	full-ko-20261006	2026-10-06	全量本機候選；未經母語者審閱；韓文普通空白採 8 px；窗口與正式包另驗
SHOPTAB#21.7	c339cafeadf6c231	상점７	accepted	bbd7071aa1232306	Codex	full-ko-20261006	2026-10-06	全量本機候選；未經母語者審閱；韓文普通空白採 8 px；窗口與正式包另驗
SHOPTAB#22.0	ad030bc58dbd669f	상점０	accepted	46632b2dd87b69dd	Codex	full-ko-20261006	2026-10-06	全量本機候選；未經母語者審閱；韓文普通空白採 8 px；窗口與正式包另驗
SHOPTAB#22.1	de2f39ceef3f318c	상점１	accepted	627dc6836cc655bf	Codex	full-ko-20261006	2026-10-06	全量本機候選；未經母語者審閱；韓文普通空白採 8 px；窗口與正式包另驗
SHOPTAB#22.2	8559054e97b9c24b	상점２	accepted	95ce7f2279165232	Codex	full-ko-20261006	2026-10-06	全量本機候選；未經母語者審閱；韓文普通空白採 8 px；窗口與正式包另驗
SHOPTAB#22.3	44fc7f12a916fd0a	상점３	accepted	3db6799c89e474e8	Codex	full-ko-20261006	2026-10-06	全量本機候選；未經母語者審閱；韓文普通空白採 8 px；窗口與正式包另驗
SHOPTAB#22.4	0b2d5cbbe7490515	상점４	accepted	22478466e4b46e7e	Codex	full-ko-20261006	2026-10-06	全量本機候選；未經母語者審閱；韓文普通空白採 8 px；窗口與正式包另驗
SHOPTAB#22.5	47f6bc387e7bcb26	상점５	accepted	c3dc6fd0be75b8bc	Codex	full-ko-20261006	2026-10-06	全量本機候選；未經母語者審閱；韓文普通空白採 8 px；窗口與正式包另驗
SHOPTAB#22.6	d3625a6681e4211b	상점６	accepted	df10d2171b480685	Codex	full-ko-20261006	2026-10-06	全量本機候選；未經母語者審閱；韓文普通空白採 8 px；窗口與正式包另驗
SHOPTAB#22.7	c339cafeadf6c231	상점７	accepted	bbd7071aa1232306	Codex	full-ko-20261006	2026-10-06	全量本機候選；未經母語者審閱；韓文普通空白採 8 px；窗口與正式包另驗
SHOPTAB#23.0	3640225021f1c429	즈엔미키비 무기점	accepted	79186a8d735eae31	Codex	full-ko-20261006	2026-10-06	全量本機候選；未經母語者審閱；韓文普通空白採 8 px；窗口與正式包另驗
SHOPTAB#23.1	53d63632d93eba01	에기키마 방어구점	accepted	90b7147374e904e2	Codex	full-ko-20261006	2026-10-06	全量本機候選；未經母語者審閱；韓文普通空白採 8 px；窗口與正式包另驗
SHOPTAB#23.2	2c92e2181a048058	구코와노 계약소	accepted	88369f8e67098546	Codex	full-ko-20261006	2026-10-06	全量本機候選；未經母語者審閱；韓文普通空白採 8 px；窗口與正式包另驗
SHOPTAB#23.3	d7eef92dedb3e067	보미에피 약국	accepted	d091f9b63f7743f0	Codex	full-ko-20261006	2026-10-06	全量本機候選；未經母語者審閱；韓文普通空白採 8 px；窗口與正式包另驗
SHOPTAB#23.4	022691b054f64d12	이니오엔 도구점	accepted	00ba94a52c8b7372	Codex	full-ko-20261006	2026-10-06	全量本機候選；未經母語者審閱；韓文普通空白採 8 px；窗口與正式包另驗
SHOPTAB#23.5	da37dbfed27a8604	루에스 술집	accepted	77f6e9ddd83b1fc6	Codex	full-ko-20261006	2026-10-06	全量本機候選；未經母語者審閱；韓文普通空白採 8 px；窗口與正式包另驗
SHOPTAB#23.6	d3625a6681e4211b	상점６	accepted	df10d2171b480685	Codex	full-ko-20261006	2026-10-06	全量本機候選；未經母語者審閱；韓文普通空白採 8 px；窗口與正式包另驗
SHOPTAB#23.7	c339cafeadf6c231	상점７	accepted	bbd7071aa1232306	Codex	full-ko-20261006	2026-10-06	全量本機候選；未經母語者審閱；韓文普通空白採 8 px；窗口與正式包另驗
SHOPTAB#24.0	ad030bc58dbd669f	상점０	accepted	46632b2dd87b69dd	Codex	full-ko-20261006	2026-10-06	全量本機候選；未經母語者審閱；韓文普通空白採 8 px；窗口與正式包另驗
SHOPTAB#24.1	de2f39ceef3f318c	상점１	accepted	627dc6836cc655bf	Codex	full-ko-20261006	2026-10-06	全量本機候選；未經母語者審閱；韓文普通空白採 8 px；窗口與正式包另驗
SHOPTAB#24.2	8559054e97b9c24b	상점２	accepted	95ce7f2279165232	Codex	full-ko-20261006	2026-10-06	全量本機候選；未經母語者審閱；韓文普通空白採 8 px；窗口與正式包另驗
SHOPTAB#24.3	44fc7f12a916fd0a	상점３	accepted	3db6799c89e474e8	Codex	full-ko-20261006	2026-10-06	全量本機候選；未經母語者審閱；韓文普通空白採 8 px；窗口與正式包另驗
SHOPTAB#24.4	0b2d5cbbe7490515	상점４	accepted	22478466e4b46e7e	Codex	full-ko-20261006	2026-10-06	全量本機候選；未經母語者審閱；韓文普通空白採 8 px；窗口與正式包另驗
SHOPTAB#24.5	47f6bc387e7bcb26	상점５	accepted	c3dc6fd0be75b8bc	Codex	full-ko-20261006	2026-10-06	全量本機候選；未經母語者審閱；韓文普通空白採 8 px；窗口與正式包另驗
SHOPTAB#24.6	d3625a6681e4211b	상점６	accepted	df10d2171b480685	Codex	full-ko-20261006	2026-10-06	全量本機候選；未經母語者審閱；韓文普通空白採 8 px；窗口與正式包另驗
SHOPTAB#24.7	c339cafeadf6c231	상점７	accepted	bbd7071aa1232306	Codex	full-ko-20261006	2026-10-06	全量本機候選；未經母語者審閱；韓文普通空白採 8 px；窗口與正式包另驗
SHOPTAB#25.0	f2e2cfa4b2e69376	베이라 무기점	accepted	616a9382f1391171	Codex	full-ko-20261006	2026-10-06	全量本機候選；未經母語者審閱；韓文普通空白採 8 px；窗口與正式包另驗
SHOPTAB#25.1	c5877ed418778201	데프시루노 방어구점	accepted	aabb6eb96aad6423	Codex	full-ko-20261006	2026-10-06	全量本機候選；未經母語者審閱；韓文普通空白採 8 px；窗口與正式包另驗
SHOPTAB#25.2	716abbdf46035b4e	디구노미스 계약소	accepted	9168b95cc22903c2	Codex	full-ko-20261006	2026-10-06	全量本機候選；未經母語者審閱；韓文普通空白採 8 px；窗口與正式包另驗
SHOPTAB#25.3	10556b2aa16859e7	와라노스 계약소	accepted	a69fada8d64990e6	Codex	full-ko-20261006	2026-10-06	全量本機候選；未經母語者審閱；韓文普通空白採 8 px；窗口與正式包另驗
SHOPTAB#25.4	675883e5398c5d15	키즈키 약국	accepted	d6b193ac4bc1bdf6	Codex	full-ko-20261006	2026-10-06	全量本機候選；未經母語者審閱；韓文普通空白採 8 px；窗口與正式包另驗
SHOPTAB#25.5	b36385c67b2c09fb	트루니스 병원	accepted	63e33351d70e3a80	Codex	full-ko-20261006	2026-10-06	全量本機候選；未經母語者審閱；韓文普通空白採 8 px；窗口與正式包另驗
SHOPTAB#25.6	e48e618b5b54e7c5	아룸 도구점	accepted	ef8d2e5be381a567	Codex	full-ko-20261006	2026-10-06	全量本機候選；未經母語者審閱；韓文普通空白採 8 px；窗口與正式包另驗
SHOPTAB#25.7	e0c62f341ba15416	코노엔 술집	accepted	69d124357611dc9c	Codex	full-ko-20261006	2026-10-06	全量本機候選；未經母語者審閱；韓文普通空白採 8 px；窗口與正式包另驗
SHOPTAB#26.0	3f1c0c84af0b0a95	미베리 무기점	accepted	7723202fbf716267	Codex	full-ko-20261006	2026-10-06	全量本機候選；未經母語者審閱；韓文普通空白採 8 px；窗口與正式包另驗
SHOPTAB#26.1	25cb514b9e80360b	레트니루 방어구점	accepted	db1235e73263119d	Codex	full-ko-20261006	2026-10-06	全量本機候選；未經母語者審閱；韓文普通空白採 8 px；窗口與正式包另驗
SHOPTAB#26.2	4eda364976ab92e5	시피시마 계약소	accepted	63717da51b80f51a	Codex	full-ko-20261006	2026-10-06	全量本機候選；未經母語者審閱；韓文普通空白採 8 px；窗口與正式包另驗
SHOPTAB#26.3	a47c4cca13f529ba	에노이트 계약소	accepted	7d442a7e0486759d	Codex	full-ko-20261006	2026-10-06	全量本機候選；未經母語者審閱；韓文普通空白採 8 px；窗口與正式包另驗
SHOPTAB#26.4	f06bf64b65b1ccb3	모구루스 계약소	accepted	a123a7291273be01	Codex	full-ko-20261006	2026-10-06	全量本機候選；未經母語者審閱；韓文普通空白採 8 px；窗口與正式包另驗
SHOPTAB#26.5	7c22f7c664491b7b	구이트루 약국	accepted	7cf33c456312ba31	Codex	full-ko-20261006	2026-10-06	全量本機候選；未經母語者審閱；韓文普通空白採 8 px；窗口與正式包另驗
SHOPTAB#26.6	b6d55662f29060e9	디비에피 도구점	accepted	d78a11b08eec2582	Codex	full-ko-20261006	2026-10-06	全量本機候選；未經母語者審閱；韓文普通空白採 8 px；窗口與正式包另驗
SHOPTAB#26.7	09227aa300b56a90	베리미에 술집	accepted	45a9dcd1829a7a86	Codex	full-ko-20261006	2026-10-06	全量本機候選；未經母語者審閱；韓文普通空白採 8 px；窗口與正式包另驗
SHOPTAB#27.0	ad030bc58dbd669f	상점０	accepted	46632b2dd87b69dd	Codex	full-ko-20261006	2026-10-06	全量本機候選；未經母語者審閱；韓文普通空白採 8 px；窗口與正式包另驗
SHOPTAB#27.1	de2f39ceef3f318c	상점１	accepted	627dc6836cc655bf	Codex	full-ko-20261006	2026-10-06	全量本機候選；未經母語者審閱；韓文普通空白採 8 px；窗口與正式包另驗
SHOPTAB#27.2	8559054e97b9c24b	상점２	accepted	95ce7f2279165232	Codex	full-ko-20261006	2026-10-06	全量本機候選；未經母語者審閱；韓文普通空白採 8 px；窗口與正式包另驗
SHOPTAB#27.3	44fc7f12a916fd0a	상점３	accepted	3db6799c89e474e8	Codex	full-ko-20261006	2026-10-06	全量本機候選；未經母語者審閱；韓文普通空白採 8 px；窗口與正式包另驗
SHOPTAB#27.4	0b2d5cbbe7490515	상점４	accepted	22478466e4b46e7e	Codex	full-ko-20261006	2026-10-06	全量本機候選；未經母語者審閱；韓文普通空白採 8 px；窗口與正式包另驗
SHOPTAB#27.5	47f6bc387e7bcb26	상점５	accepted	c3dc6fd0be75b8bc	Codex	full-ko-20261006	2026-10-06	全量本機候選；未經母語者審閱；韓文普通空白採 8 px；窗口與正式包另驗
SHOPTAB#27.6	d3625a6681e4211b	상점６	accepted	df10d2171b480685	Codex	full-ko-20261006	2026-10-06	全量本機候選；未經母語者審閱；韓文普通空白採 8 px；窗口與正式包另驗
SHOPTAB#27.7	c339cafeadf6c231	상점７	accepted	bbd7071aa1232306	Codex	full-ko-20261006	2026-10-06	全量本機候選；未經母語者審閱；韓文普通空白採 8 px；窗口與正式包另驗
SHOPTAB#28.0	ad030bc58dbd669f	상점０	accepted	46632b2dd87b69dd	Codex	full-ko-20261006	2026-10-06	全量本機候選；未經母語者審閱；韓文普通空白採 8 px；窗口與正式包另驗
SHOPTAB#28.1	de2f39ceef3f318c	상점１	accepted	627dc6836cc655bf	Codex	full-ko-20261006	2026-10-06	全量本機候選；未經母語者審閱；韓文普通空白採 8 px；窗口與正式包另驗
SHOPTAB#28.2	8559054e97b9c24b	상점２	accepted	95ce7f2279165232	Codex	full-ko-20261006	2026-10-06	全量本機候選；未經母語者審閱；韓文普通空白採 8 px；窗口與正式包另驗
SHOPTAB#28.3	44fc7f12a916fd0a	상점３	accepted	3db6799c89e474e8	Codex	full-ko-20261006	2026-10-06	全量本機候選；未經母語者審閱；韓文普通空白採 8 px；窗口與正式包另驗
SHOPTAB#28.4	0b2d5cbbe7490515	상점４	accepted	22478466e4b46e7e	Codex	full-ko-20261006	2026-10-06	全量本機候選；未經母語者審閱；韓文普通空白採 8 px；窗口與正式包另驗
SHOPTAB#28.5	47f6bc387e7bcb26	상점５	accepted	c3dc6fd0be75b8bc	Codex	full-ko-20261006	2026-10-06	全量本機候選；未經母語者審閱；韓文普通空白採 8 px；窗口與正式包另驗
SHOPTAB#28.6	d3625a6681e4211b	상점６	accepted	df10d2171b480685	Codex	full-ko-20261006	2026-10-06	全量本機候選；未經母語者審閱；韓文普通空白採 8 px；窗口與正式包另驗
SHOPTAB#28.7	c339cafeadf6c231	상점７	accepted	bbd7071aa1232306	Codex	full-ko-20261006	2026-10-06	全量本機候選；未經母語者審閱；韓文普通空白採 8 px；窗口與正式包另驗
SHOPTAB#29.0	ea21766916e9be7b	켄루트샤 무기점	accepted	b7bc8f21cc22f419	Codex	full-ko-20261006	2026-10-06	全量本機候選；未經母語者審閱；韓文普通空白採 8 px；窗口與正式包另驗
SHOPTAB#29.1	587bfcbeb9345a84	에디니아 방어구점	accepted	dc53b8eeaf5ef77b	Codex	full-ko-20261006	2026-10-06	全量本機候選；未經母語者審閱；韓文普通空白採 8 px；窗口與正式包另驗
SHOPTAB#29.2	7ca0d7f0746ed580	라샤샤엔트 계약소	accepted	8ddc2d6ee7137a7d	Codex	full-ko-20261006	2026-10-06	全量本機候選；未經母語者審閱；韓文普通空白採 8 px；窗口與正式包另驗
SHOPTAB#29.3	88e91d8d5f30003d	타타노 약국	accepted	20e3518c0c83d63a	Codex	full-ko-20261006	2026-10-06	全量本機候選；未經母語者審閱；韓文普通空白採 8 px；窗口與正式包另驗
SHOPTAB#29.4	c5df14d004d815a9	키켄시이아 병원	accepted	4f4b763d14198b2e	Codex	full-ko-20261006	2026-10-06	全量本機候選；未經母語者審閱；韓文普通空白採 8 px；窗口與正式包另驗
SHOPTAB#29.5	838516da952e6aa1	디제이구 도구점	accepted	7d776e21ade4ca42	Codex	full-ko-20261006	2026-10-06	全量本機候選；未經母語者審閱；韓文普通空白採 8 px；窗口與正式包另驗
SHOPTAB#29.6	b960ac1594a8c9a7	레리모이 술집	accepted	94c30e79f8f60ca0	Codex	full-ko-20261006	2026-10-06	全量本機候選；未經母語者審閱；韓文普通空白採 8 px；窗口與正式包另驗
SHOPTAB#29.7	42fefbf9327e1f46	리엔유루 항공기점	accepted	98bf6bafb03a3692	Codex	full-ko-20261006	2026-10-06	全量本機候選；未經母語者審閱；韓文普通空白採 8 px；窗口與正式包另驗
SHOPTAB#30.0	5611cfdb3720941d	에레이키 무기점	accepted	e4b8ccdb632de0d5	Codex	full-ko-20261006	2026-10-06	全量本機候選；未經母語者審閱；韓文普通空白採 8 px；窗口與正式包另驗
SHOPTAB#30.1	b493018f92218a7f	트이리티 방어구점	accepted	625eff5b646a02a1	Codex	full-ko-20261006	2026-10-06	全量本機候選；未經母語者審閱；韓文普通空白採 8 px；窗口與正式包另驗
SHOPTAB#30.2	b482db2a097beea1	니루트오 계약소	accepted	db19e1231afb07ff	Codex	full-ko-20261006	2026-10-06	全量本機候選；未經母語者審閱；韓文普通空白採 8 px；窗口與正式包另驗
SHOPTAB#30.3	31bf648e8e752d15	주오디엔기오 약국	accepted	9a923c83c41296c7	Codex	full-ko-20261006	2026-10-06	全量本機候選；未經母語者審閱；韓文普通空白採 8 px；窗口與正式包另驗
SHOPTAB#30.4	068cf5acfc693dfe	샤키루 도구점	accepted	01e361fef60e69e9	Codex	full-ko-20261006	2026-10-06	全量本機候選；未經母語者審閱；韓文普通空白採 8 px；窗口與正式包另驗
SHOPTAB#30.5	3413b4f27b2f69be	사라바시 술집	accepted	5e3d8cfc14b1ce8e	Codex	full-ko-20261006	2026-10-06	全量本機候選；未經母語者審閱；韓文普通空白採 8 px；窗口與正式包另驗
SHOPTAB#30.6	81da966da146673e	주오디엔기오 대포점	accepted	6cfd726772f252fc	Codex	full-ko-20261006	2026-10-06	全量本機候選；未經母語者審閱；韓文普通空白採 8 px；窗口與正式包另驗
SHOPTAB#30.7	d3f9d1b374924ff6	사키루 전차점	accepted	3f900739211133a1	Codex	full-ko-20261006	2026-10-06	全量本機候選；未經母語者審閱；韓文普通空白採 8 px；窗口與正式包另驗
SHOPTAB#31.0	5308f23bda33740e	미트카엔 무기점	accepted	a6c55443e672c497	Codex	full-ko-20261006	2026-10-06	全量本機候選；未經母語者審閱；韓文普通空白採 8 px；窗口與正式包另驗
SHOPTAB#31.1	bd41840b7ec94415	에피아아 방어구점	accepted	7d33f737f8e9beba	Codex	full-ko-20261006	2026-10-06	全量本機候選；未經母語者審閱；韓文普通空白採 8 px；窗口與正式包另驗
SHOPTAB#31.2	00299783ec61fe5c	시구이엔 계약소	accepted	a87e32e162ad7ed5	Codex	full-ko-20261006	2026-10-06	全量本機候選；未經母語者審閱；韓文普通空白採 8 px；窗口與正式包另驗
SHOPTAB#31.3	62fb83d56be2decd	미오이키 계약소	accepted	fc35ce1352a65ac1	Codex	full-ko-20261006	2026-10-06	全量本機候選；未經母語者審閱；韓文普通空白採 8 px；窗口與正式包另驗
SHOPTAB#31.4	d58522933c2be320	마트노 약국	accepted	8e4210fd6232b145	Codex	full-ko-20261006	2026-10-06	全量本機候選；未經母語者審閱；韓文普通空白採 8 px；窗口與正式包另驗
SHOPTAB#31.5	b12bbab556de7d93	페이디루 병원	accepted	613a913c1d4e2585	Codex	full-ko-20261006	2026-10-06	全量本機候選；未經母語者審閱；韓文普通空白採 8 px；窗口與正式包另驗
SHOPTAB#31.6	dd195a9fdcb707d6	디사아이 도구점	accepted	c68af55a072750d1	Codex	full-ko-20261006	2026-10-06	全量本機候選；未經母語者審閱；韓文普通空白採 8 px；窗口與正式包另驗
SHOPTAB#31.7	b2c3a8b4b3e791df	구이오이엔 술집	accepted	c13619a555d06176	Codex	full-ko-20261006	2026-10-06	全量本機候選；未經母語者審閱；韓文普通空白採 8 px；窗口與正式包另驗
SHOPTAB#32.0	92a67e2018bc916c	니디이라 무기점	accepted	6c7569da25c6919b	Codex	full-ko-20261006	2026-10-06	全量本機候選；未經母語者審閱；韓文普通空白採 8 px；窗口與正式包另驗
SHOPTAB#32.1	d33f2f0713858814	시리바와 방어구점	accepted	80627b37289ed54d	Codex	full-ko-20261006	2026-10-06	全量本機候選；未經母語者審閱；韓文普通空白採 8 px；窗口與正式包另驗
SHOPTAB#32.2	30e547424ae361ec	미오트키트 계약소	accepted	ffcd2d2de911ec58	Codex	full-ko-20261006	2026-10-06	全量本機候選；未經母語者審閱；韓文普通空白採 8 px；窗口與正式包另驗
SHOPTAB#32.3	c4ee0e119cb3f0da	라헤이트 계약소	accepted	16db9d83cac22806	Codex	full-ko-20261006	2026-10-06	全量本機候選；未經母語者審閱；韓文普通空白採 8 px；窗口與正式包另驗
SHOPTAB#32.4	160ccb53caba0c65	에시미이니 약국	accepted	0400895f3e68fbee	Codex	full-ko-20261006	2026-10-06	全量本機候選；未經母語者審閱；韓文普通空白採 8 px；窗口與正式包另驗
SHOPTAB#32.5	352d149f6a298a9f	와엔트 술집	accepted	da4d1c459d59fc33	Codex	full-ko-20261006	2026-10-06	全量本機候選；未經母語者審閱；韓文普通空白採 8 px；窗口與正式包另驗
SHOPTAB#32.6	d3625a6681e4211b	상점６	accepted	df10d2171b480685	Codex	full-ko-20261006	2026-10-06	全量本機候選；未經母語者審閱；韓文普通空白採 8 px；窗口與正式包另驗
SHOPTAB#32.7	c339cafeadf6c231	상점７	accepted	bbd7071aa1232306	Codex	full-ko-20261006	2026-10-06	全量本機候選；未經母語者審閱；韓文普通空白採 8 px；窗口與正式包另驗
SHOPTAB#33.0	ad030bc58dbd669f	상점０	accepted	46632b2dd87b69dd	Codex	full-ko-20261006	2026-10-06	全量本機候選；未經母語者審閱；韓文普通空白採 8 px；窗口與正式包另驗
SHOPTAB#33.1	de2f39ceef3f318c	상점１	accepted	627dc6836cc655bf	Codex	full-ko-20261006	2026-10-06	全量本機候選；未經母語者審閱；韓文普通空白採 8 px；窗口與正式包另驗
SHOPTAB#33.2	8559054e97b9c24b	상점２	accepted	95ce7f2279165232	Codex	full-ko-20261006	2026-10-06	全量本機候選；未經母語者審閱；韓文普通空白採 8 px；窗口與正式包另驗
SHOPTAB#33.3	44fc7f12a916fd0a	상점３	accepted	3db6799c89e474e8	Codex	full-ko-20261006	2026-10-06	全量本機候選；未經母語者審閱；韓文普通空白採 8 px；窗口與正式包另驗
SHOPTAB#33.4	0b2d5cbbe7490515	상점４	accepted	22478466e4b46e7e	Codex	full-ko-20261006	2026-10-06	全量本機候選；未經母語者審閱；韓文普通空白採 8 px；窗口與正式包另驗
SHOPTAB#33.5	47f6bc387e7bcb26	상점５	accepted	c3dc6fd0be75b8bc	Codex	full-ko-20261006	2026-10-06	全量本機候選；未經母語者審閱；韓文普通空白採 8 px；窗口與正式包另驗
SHOPTAB#33.6	d3625a6681e4211b	상점６	accepted	df10d2171b480685	Codex	full-ko-20261006	2026-10-06	全量本機候選；未經母語者審閱；韓文普通空白採 8 px；窗口與正式包另驗
SHOPTAB#33.7	c339cafeadf6c231	상점７	accepted	bbd7071aa1232306	Codex	full-ko-20261006	2026-10-06	全量本機候選；未經母語者審閱；韓文普通空白採 8 px；窗口與正式包另驗
SHOPTAB#34.0	ad030bc58dbd669f	상점０	accepted	46632b2dd87b69dd	Codex	full-ko-20261006	2026-10-06	全量本機候選；未經母語者審閱；韓文普通空白採 8 px；窗口與正式包另驗
SHOPTAB#34.1	de2f39ceef3f318c	상점１	accepted	627dc6836cc655bf	Codex	full-ko-20261006	2026-10-06	全量本機候選；未經母語者審閱；韓文普通空白採 8 px；窗口與正式包另驗
SHOPTAB#34.2	8559054e97b9c24b	상점２	accepted	95ce7f2279165232	Codex	full-ko-20261006	2026-10-06	全量本機候選；未經母語者審閱；韓文普通空白採 8 px；窗口與正式包另驗
SHOPTAB#34.3	44fc7f12a916fd0a	상점３	accepted	3db6799c89e474e8	Codex	full-ko-20261006	2026-10-06	全量本機候選；未經母語者審閱；韓文普通空白採 8 px；窗口與正式包另驗
SHOPTAB#34.4	0b2d5cbbe7490515	상점４	accepted	22478466e4b46e7e	Codex	full-ko-20261006	2026-10-06	全量本機候選；未經母語者審閱；韓文普通空白採 8 px；窗口與正式包另驗
SHOPTAB#34.5	47f6bc387e7bcb26	상점５	accepted	c3dc6fd0be75b8bc	Codex	full-ko-20261006	2026-10-06	全量本機候選；未經母語者審閱；韓文普通空白採 8 px；窗口與正式包另驗
SHOPTAB#34.6	d3625a6681e4211b	상점６	accepted	df10d2171b480685	Codex	full-ko-20261006	2026-10-06	全量本機候選；未經母語者審閱；韓文普通空白採 8 px；窗口與正式包另驗
SHOPTAB#34.7	c339cafeadf6c231	상점７	accepted	bbd7071aa1232306	Codex	full-ko-20261006	2026-10-06	全量本機候選；未經母語者審閱；韓文普通空白採 8 px；窗口與正式包另驗
SHOPTAB#35.0	426ee34761b2b7b8	리샤니에 무기점	accepted	01935d95095ad564	Codex	full-ko-20261006	2026-10-06	全量本機候選；未經母語者審閱；韓文普通空白採 8 px；窗口與正式包另驗
SHOPTAB#35.1	7a1ad73d7e39203d	루이미아 방어구점	accepted	6bc24506a023478c	Codex	full-ko-20261006	2026-10-06	全量本機候選；未經母語者審閱；韓文普通空白採 8 px；窗口與正式包另驗
SHOPTAB#35.2	f141688bd4629cee	호라니디엔 계약소	accepted	f86b2c2d9f6a79bd	Codex	full-ko-20261006	2026-10-06	全量本機候選；未經母語者審閱；韓文普通空白採 8 px；窗口與正式包另驗
SHOPTAB#35.3	0a0c7f1b7c98ae74	허코이구 약국	accepted	6da60df022edb076	Codex	full-ko-20261006	2026-10-06	全量本機候選；未經母語者審閱；韓文普通空白採 8 px；窗口與正式包另驗
SHOPTAB#35.4	5ba8a6b7e16053aa	디트이이 병원	accepted	ae5da9acfe110982	Codex	full-ko-20261006	2026-10-06	全量本機候選；未經母語者審閱；韓文普通空白採 8 px；窗口與正式包另驗
SHOPTAB#35.5	49d08bfc2988c487	베리코아 도구점	accepted	0630e664c0d0f369	Codex	full-ko-20261006	2026-10-06	全量本機候選；未經母語者審閱；韓文普通空白採 8 px；窗口與正式包另驗
SHOPTAB#35.6	f69329ce04e085dd	바와사엔트 술집	accepted	5b686d5a29c6fe32	Codex	full-ko-20261006	2026-10-06	全量本機候選；未經母語者審閱；韓文普通空白採 8 px；窗口與正式包另驗
SHOPTAB#35.7	a90e28fcf4106984	베루시베 항공기점	accepted	0727b7b26fd04f4b	Codex	full-ko-20261006	2026-10-06	全量本機候選；未經母語者審閱；韓文普通空白採 8 px；窗口與正式包另驗
SHOPTAB#36.0	dfb6bc7119805495	시노이니 무기점	accepted	440713ebf354a37a	Codex	full-ko-20261006	2026-10-06	全量本機候選；未經母語者審閱；韓文普通空白採 8 px；窗口與正式包另驗
SHOPTAB#36.1	7840d74f20d9206e	사오키라스 방어구점	accepted	ef951aa2289d9085	Codex	full-ko-20261006	2026-10-06	全量本機候選；未經母語者審閱；韓文普通空白採 8 px；窗口與正式包另驗
SHOPTAB#36.2	461b9e0bb4550681	트루이디 계약소	accepted	6a4c11089af8e6ce	Codex	full-ko-20261006	2026-10-06	全量本機候選；未經母語者審閱；韓文普通空白採 8 px；窗口與正式包另驗
SHOPTAB#36.3	dfbf7cbb1e732529	리디카트 약국	accepted	1c247addc60168c1	Codex	full-ko-20261006	2026-10-06	全量本機候選；未經母語者審閱；韓文普通空白採 8 px；窗口與正式包另驗
SHOPTAB#36.4	d983337cd5c060c1	아다카오스 약국	accepted	b75748f3921a02bf	Codex	full-ko-20261006	2026-10-06	全量本機候選；未經母語者審閱；韓文普通空白採 8 px；窗口與正式包另驗
SHOPTAB#36.5	ebc0097d0f6a4004	시트에아 약국	accepted	1b31394622cd28e4	Codex	full-ko-20261006	2026-10-06	全量本機候選；未經母語者審閱；韓文普通空白採 8 px；窗口與正式包另驗
SHOPTAB#36.6	a47d1a40a4362ba4	카라사노 도구점	accepted	cb3dd02ae2abde66	Codex	full-ko-20261006	2026-10-06	全量本機候選；未經母語者審閱；韓文普通空白採 8 px；窗口與正式包另驗
SHOPTAB#36.7	255ad1e377e64af5	가이코스 술집	accepted	610e3580b38915b5	Codex	full-ko-20261006	2026-10-06	全量本機候選；未經母語者審閱；韓文普通空白採 8 px；窗口與正式包另驗
SHOPTAB#37.0	7039c8f375cba332	아사시와스 무기점	accepted	a87da6d34e40bfcc	Codex	full-ko-20261006	2026-10-06	全量本機候選；未經母語者審閱；韓文普通空白採 8 px；窗口與正式包另驗
SHOPTAB#37.1	de94bb34c79e9e3f	루이니에 방어구점	accepted	4078f78c974ac88d	Codex	full-ko-20261006	2026-10-06	全量本機候選；未經母語者審閱；韓文普通空白採 8 px；窗口與正式包另驗
SHOPTAB#37.2	314a74bc08e617b5	타라가이 계약소	accepted	00cea1e89550d4f4	Codex	full-ko-20261006	2026-10-06	全量本機候選；未經母語者審閱；韓文普通空白採 8 px；窗口與正式包另驗
SHOPTAB#37.3	535e74ab9bf47f8b	카이라스 계약소	accepted	e0425edb5616dad6	Codex	full-ko-20261006	2026-10-06	全量本機候選；未經母語者審閱；韓文普通空白採 8 px；窗口與正式包另驗
SHOPTAB#37.4	3e0165104755690b	다기트이노 약국	accepted	7689873d89728dcc	Codex	full-ko-20261006	2026-10-06	全量本機候選；未經母語者審閱；韓文普通空白採 8 px；窗口與正式包另驗
SHOPTAB#37.5	4ad8780168ff547d	오이이디 도구점	accepted	ad37351f7fde933b	Codex	full-ko-20261006	2026-10-06	全量本機候選；未經母語者審閱；韓文普通空白採 8 px；窗口與正式包另驗
SHOPTAB#37.6	c7f277a2564a4422	리카이아바엔 술집	accepted	8f63cc87908b264a	Codex	full-ko-20261006	2026-10-06	全量本機候選；未經母語者審閱；韓文普通空白採 8 px；窗口與正式包另驗
SHOPTAB#37.7	7a0a32274ae6ab7d	아하엔제 전차점	accepted	0a5470662314fd05	Codex	full-ko-20261006	2026-10-06	全量本機候選；未經母語者審閱；韓文普通空白採 8 px；窗口與正式包另驗
SHOPTAB#38.0	f760a464f1d72d10	리루타오 무기점	accepted	05567ea5034392eb	Codex	full-ko-20261006	2026-10-06	全量本機候選；未經母語者審閱；韓文普通空白採 8 px；窗口與正式包另驗
SHOPTAB#38.1	b503013e9cd187b9	노구헤무 방어구점	accepted	f6d7a127ae352c65	Codex	full-ko-20261006	2026-10-06	全量本機候選；未經母語者審閱；韓文普通空白採 8 px；窗口與正式包另驗
SHOPTAB#38.2	d8007f836d8c739e	프레아제아 계약소	accepted	451af75c780fbea5	Codex	full-ko-20261006	2026-10-06	全量本機候選；未經母語者審閱；韓文普通空白採 8 px；窗口與正式包另驗
SHOPTAB#38.3	0b4d9f7bea5b8400	룬유트아 계약소	accepted	635cfa365b164c3d	Codex	full-ko-20261006	2026-10-06	全量本機候選；未經母語者審閱；韓文普通空白採 8 px；窗口與正式包另驗
SHOPTAB#38.4	c65dc31383a690ea	시시라바타 도구점	accepted	e612f07fbcf0b890	Codex	full-ko-20261006	2026-10-06	全量本機候選；未經母語者審閱；韓文普通空白採 8 px；窗口與正式包另驗
SHOPTAB#38.5	3bb637ddcda2c2ad	가이루아엔 도구점	accepted	e6e376087cc1f61b	Codex	full-ko-20261006	2026-10-06	全量本機候選；未經母語者審閱；韓文普通空白採 8 px；窗口與正式包另驗
SHOPTAB#38.6	ee539c2dced77941	라루가오 술집	accepted	53a4ad6d70865aea	Codex	full-ko-20261006	2026-10-06	全量本機候選；未經母語者審閱；韓文普通空白採 8 px；窗口與正式包另驗
SHOPTAB#38.7	386f7c506613baf3	레카노 대포점	accepted	2eddadadc0f044a7	Codex	full-ko-20261006	2026-10-06	全量本機候選；未經母語者審閱；韓文普通空白採 8 px；窗口與正式包另驗
SHOPTAB#39.0	79842c386cfd8716	거카이노 무기점	accepted	fb4730a58334d74d	Codex	full-ko-20261006	2026-10-06	全量本機候選；未經母語者審閱；韓文普通空白採 8 px；窗口與正式包另驗
SHOPTAB#39.1	aab17fa0aae2adb3	구무이스 방어구점	accepted	23f4d76b4d0c592d	Codex	full-ko-20261006	2026-10-06	全量本機候選；未經母語者審閱；韓文普通空白採 8 px；窗口與正式包另驗
SHOPTAB#39.2	1c4a69a68cb825bc	시엔기유 계약소	accepted	2dc070989dff44d8	Codex	full-ko-20261006	2026-10-06	全量本機候選；未經母語者審閱；韓文普通空白採 8 px；窗口與正式包另驗
SHOPTAB#39.3	d613c49e74484477	샤라라 약국	accepted	747033ae7ee1ed5c	Codex	full-ko-20261006	2026-10-06	全量本機候選；未經母語者審閱；韓文普通空白採 8 px；窗口與正式包另驗
SHOPTAB#39.4	ef4364fa0c45a72f	트노엔트스 도구점	accepted	89257a54b0644e4e	Codex	full-ko-20261006	2026-10-06	全量本機候選；未經母語者審閱；韓文普通空白採 8 px；窗口與正式包另驗
SHOPTAB#39.5	f3339b385cd26e83	노유라이엔 술집	accepted	ccf99dfd2c0e54ba	Codex	full-ko-20261006	2026-10-06	全量本機候選；未經母語者審閱；韓文普通空白採 8 px；窗口與正式包另驗
SHOPTAB#39.6	d3625a6681e4211b	상점６	accepted	df10d2171b480685	Codex	full-ko-20261006	2026-10-06	全量本機候選；未經母語者審閱；韓文普通空白採 8 px；窗口與正式包另驗
SHOPTAB#39.7	c339cafeadf6c231	상점７	accepted	bbd7071aa1232306	Codex	full-ko-20261006	2026-10-06	全量本機候選；未經母語者審閱；韓文普通空白採 8 px；窗口與正式包另驗
SHOPTAB#40.0	987ca8fbd4cde565	카이시피 계약소	accepted	dcc43ddd2201b107	Codex	full-ko-20261006	2026-10-06	全量本機候選；未經母語者審閱；韓文普通空白採 8 px；窗口與正式包另驗
SHOPTAB#40.1	d7f880734a5cc327	에비기엔 계약소	accepted	76744a627b293fb6	Codex	full-ko-20261006	2026-10-06	全量本機候選；未經母語者審閱；韓文普通空白採 8 px；窗口與正式包另驗
SHOPTAB#40.2	2a6c44b9f708baee	카이노카이노 계약소	accepted	b415bb4a7ab96b48	Codex	full-ko-20261006	2026-10-06	全量本機候選；未經母語者審閱；韓文普通空白採 8 px；窗口與正式包另驗
SHOPTAB#40.3	7dc0411a3556b6c7	에미레마 계약소	accepted	c22b9cdede27e8f2	Codex	full-ko-20261006	2026-10-06	全量本機候選；未經母語者審閱；韓文普通空白採 8 px；窗口與正式包另驗
SHOPTAB#40.4	599af1f44652ad76	바이유엔 계약소	accepted	2583e25aa960fcdf	Codex	full-ko-20261006	2026-10-06	全量本機候選；未經母語者審閱；韓文普通空白採 8 px；窗口與正式包另驗
SHOPTAB#40.5	57bb048e5872d4d1	보미노리 술집	accepted	fe6ce10031ce78ba	Codex	full-ko-20261006	2026-10-06	全量本機候選；未經母語者審閱；韓文普通空白採 8 px；窗口與正式包另驗
SHOPTAB#40.6	7b7705304eb6322f	다트엔 항공기점	accepted	c3677849ef4b3ccf	Codex	full-ko-20261006	2026-10-06	全量本機候選；未經母語者審閱；韓文普通空白採 8 px；窗口與正式包另驗
SHOPTAB#40.7	a10445c4a5a2bd60	리키아 항공기점	accepted	3074e1e5020a4038	Codex	full-ko-20261006	2026-10-06	全量本機候選；未經母語者審閱；韓文普通空白採 8 px；窗口與正式包另驗
SHOPTAB#41.0	7031379e484122a5	노기에오엔 무기점	accepted	a51d5c91cdd6dbe5	Codex	full-ko-20261006	2026-10-06	全量本機候選；未經母語者審閱；韓文普通空白採 8 px；窗口與正式包另驗
SHOPTAB#41.1	b1dde27ed6fb5cd8	기니미모 무기점	accepted	c8bac400f93871df	Codex	full-ko-20261006	2026-10-06	全量本機候選；未經母語者審閱；韓文普通空白採 8 px；窗口與正式包另驗
SHOPTAB#41.2	24c2eac7d6d60dbb	이루메 무기점	accepted	c477baca41c5e8f3	Codex	full-ko-20261006	2026-10-06	全量本機候選；未經母語者審閱；韓文普通空白採 8 px；窗口與正式包另驗
SHOPTAB#41.3	616c8c2f6010e5a4	기룸 방어구점	accepted	ba995a8274e7f63d	Codex	full-ko-20261006	2026-10-06	全量本機候選；未經母語者審閱；韓文普通空白採 8 px；窗口與正式包另驗
SHOPTAB#41.4	c9453d5e1749d867	노무비피아스 방어구점	accepted	5612d0a693657571	Codex	full-ko-20261006	2026-10-06	全量本機候選；未經母語者審閱；韓文普通空白採 8 px；窗口與正式包另驗
SHOPTAB#41.5	a03af8ad14dd8e38	리노룬비 방어구점	accepted	14fa8a05d8f9bfee	Codex	full-ko-20261006	2026-10-06	全量本機候選；未經母語者審閱；韓文普通空白採 8 px；窗口與正式包另驗
SHOPTAB#41.6	955fdab919c1d5f4	라비메 계약소	accepted	5518db2186c4b3ae	Codex	full-ko-20261006	2026-10-06	全量本機候選；未經母語者審閱；韓文普通空白採 8 px；窗口與正式包另驗
SHOPTAB#41.7	a3eca0550d70ce92	카이시루 술집	accepted	79beb0dfea90ad84	Codex	full-ko-20261006	2026-10-06	全量本機候選；未經母語者審閱；韓文普通空白採 8 px；窗口與正式包另驗
SHOPTAB#42.0	8f3deda118000840	바디기 무기점	accepted	cbdc6403dca86934	Codex	full-ko-20261006	2026-10-06	全量本機候選；未經母語者審閱；韓文普通空白採 8 px；窗口與正式包另驗
SHOPTAB#42.1	bdcd39affbb24ba5	메디기엔 방어구점	accepted	fac6f04ae30b1d82	Codex	full-ko-20261006	2026-10-06	全量本機候選；未經母語者審閱；韓文普通空白採 8 px；窗口與正式包另驗
SHOPTAB#42.2	2c17db8fd59c3ac0	룬이오미아 계약소	accepted	2df7f2d375ccb3d6	Codex	full-ko-20261006	2026-10-06	全量本機候選；未經母語者審閱；韓文普通空白採 8 px；窗口與正式包另驗
SHOPTAB#42.3	79701139fa5f84e9	하둔이 약국	accepted	686944ff359cc2e8	Codex	full-ko-20261006	2026-10-06	全量本機候選；未經母語者審閱；韓文普通空白採 8 px；窗口與正式包另驗
SHOPTAB#42.4	de987b5dbd88d909	데구니노카 병원	accepted	6e650ca17a576b1c	Codex	full-ko-20261006	2026-10-06	全量本機候選；未經母語者審閱；韓文普通空白採 8 px；窗口與正式包另驗
SHOPTAB#42.5	e3f1ba2906d13e0c	아이에라 도구점	accepted	692626e960a22587	Codex	full-ko-20261006	2026-10-06	全量本機候選；未經母語者審閱；韓文普通空白採 8 px；窗口與正式包另驗
SHOPTAB#42.6	682ab5b6389ea5d4	바나이에무 술집	accepted	0553a368808e2691	Codex	full-ko-20261006	2026-10-06	全量本機候選；未經母語者審閱；韓文普通空白採 8 px；窗口與正式包另驗
SHOPTAB#42.7	1fef44fedb6c8cb9	카오코리 대포점	accepted	f1a4a879d2c882c8	Codex	full-ko-20261006	2026-10-06	全量本機候選；未經母語者審閱；韓文普通空白採 8 px；窗口與正式包另驗
SHOPTAB#43.0	a12fc874ab0e0aa4	제기아구 무기점	accepted	0619044a490ce35f	Codex	full-ko-20261006	2026-10-06	全量本機候選；未經母語者審閱；韓文普通空白採 8 px；窗口與正式包另驗
SHOPTAB#43.1	29de841560a64fb6	레노아 방어구점	accepted	04521ff20a2147ed	Codex	full-ko-20261006	2026-10-06	全量本機候選；未經母語者審閱；韓文普通空白採 8 px；窗口與正式包另驗
SHOPTAB#43.2	fe17d8ae445d7382	노이트엔 계약소	accepted	bd187dd6218ebbe8	Codex	full-ko-20261006	2026-10-06	全量本機候選；未經母語者審閱；韓文普通空白採 8 px；窗口與正式包另驗
SHOPTAB#43.3	74d68efac718b01e	리베스 약국	accepted	1f6ec08c7140de27	Codex	full-ko-20261006	2026-10-06	全量本機候選；未經母語者審閱；韓文普通空白採 8 px；窗口與正式包另驗
SHOPTAB#43.4	5cbf866a0a992fc0	루페트루 도구점	accepted	9dea3d83366ff1c2	Codex	full-ko-20261006	2026-10-06	全量本機候選；未經母語者審閱；韓文普通空白採 8 px；窗口與正式包另驗
SHOPTAB#43.5	51bc8f7e1832dee7	타하루니 술집	accepted	be739f72937da3f3	Codex	full-ko-20261006	2026-10-06	全量本機候選；未經母語者審閱；韓文普通空白採 8 px；窗口與正式包另驗
SHOPTAB#43.6	ed85d19561c210f5	디사리이루 항공기점	accepted	92fe25d51be81d5e	Codex	full-ko-20261006	2026-10-06	全量本機候選；未經母語者審閱；韓文普通空白採 8 px；窗口與正式包另驗
SHOPTAB#43.7	e48ff08172132e89	미사디 대포점	accepted	e6dfb42dbef7f8e7	Codex	full-ko-20261006	2026-10-06	全量本機候選；未經母語者審閱；韓文普通空白採 8 px；窗口與正式包另驗
SHOPTAB#44.0	3bcaac83e8291e7d	샤레루 무기점	accepted	706a8d86020c3cea	Codex	full-ko-20261006	2026-10-06	全量本機候選；未經母語者審閱；韓文普通空白採 8 px；窗口與正式包另驗
SHOPTAB#44.1	25fc2666d33f876f	프제이루 무기점	accepted	6cb13fb7a85b18e4	Codex	full-ko-20261006	2026-10-06	全量本機候選；未經母語者審閱；韓文普通空白採 8 px；窗口與正式包另驗
SHOPTAB#44.2	26e31416f75914e9	레미코아 방어구점	accepted	46a40eb6f8466ed1	Codex	full-ko-20261006	2026-10-06	全量本機候選；未經母語者審閱；韓文普通空白採 8 px；窗口與正式包另驗
SHOPTAB#44.3	8481e8c2cf6bba45	시유타엔스 방어구점	accepted	a4f36aaaae0cdd7b	Codex	full-ko-20261006	2026-10-06	全量本機候選；未經母語者審閱；韓文普通空白採 8 px；窗口與正式包另驗
SHOPTAB#44.4	a7101530cfdeeb6e	노트니리 계약소	accepted	a19b44e9b3a3d507	Codex	full-ko-20261006	2026-10-06	全量本機候選；未經母語者審閱；韓文普通空白採 8 px；窗口與正式包另驗
SHOPTAB#44.5	afea3b22c4cdf505	이리레키 계약소	accepted	c75c61e652693fad	Codex	full-ko-20261006	2026-10-06	全量本機候選；未經母語者審閱；韓文普通空白採 8 px；窗口與正式包另驗
SHOPTAB#44.6	68db4e8555dfd2b1	파레노엔 병원	accepted	85cbe2f7d1177468	Codex	full-ko-20261006	2026-10-06	全量本機候選；未經母語者審閱；韓文普通空白採 8 px；窗口與正式包另驗
SHOPTAB#44.7	dcc89cc89dc23909	즈니이다 술집	accepted	220fddf3798e27d7	Codex	full-ko-20261006	2026-10-06	全量本機候選；未經母語者審閱；韓文普通空白採 8 px；窗口與正式包另驗
SHOPTAB#45.0	d780df32642a1e2c	보라즈켄스 무기점	accepted	9964fc27e04ec8b4	Codex	full-ko-20261006	2026-10-06	全量本機候選；未經母語者審閱；韓文普通空白採 8 px；窗口與正式包另驗
SHOPTAB#45.1	b81df3a78ac6a982	라타트이트 방어구점	accepted	51a7f2b926a3f9c0	Codex	full-ko-20261006	2026-10-06	全量本機候選；未經母語者審閱；韓文普通空白採 8 px；窗口與正式包另驗
SHOPTAB#45.2	884277ff674523c4	라시제스 계약소	accepted	5d2741020b69dca6	Codex	full-ko-20261006	2026-10-06	全量本機候選；未經母語者審閱；韓文普通空白採 8 px；窗口與正式包另驗
SHOPTAB#45.3	c9f7bc36a11bd0be	키리레스 약국	accepted	e959e44ced367345	Codex	full-ko-20261006	2026-10-06	全量本機候選；未經母語者審閱；韓文普通空白採 8 px；窗口與正式包另驗
SHOPTAB#45.4	38d5451b99bcd289	라리키아 병원	accepted	007d33af38ba9bd2	Codex	full-ko-20261006	2026-10-06	全量本機候選；未經母語者審閱；韓文普通空白採 8 px；窗口與正式包另驗
SHOPTAB#45.5	e57e39016bdfa3cb	소루에나 도구점	accepted	d7ebf44aff8b153e	Codex	full-ko-20261006	2026-10-06	全量本機候選；未經母語者審閱；韓文普通空白採 8 px；窗口與正式包另驗
SHOPTAB#45.6	afa36b2b4d4d7f52	트구스남 술집	accepted	1cfa16ca2ef71e8d	Codex	full-ko-20261006	2026-10-06	全量本機候選；未經母語者審閱；韓文普通空白採 8 px；窗口與正式包另驗
SHOPTAB#45.7	75066be87e16078f	아이보 대포점	accepted	6a34c921e6e79a6c	Codex	full-ko-20261006	2026-10-06	全量本機候選；未經母語者審閱；韓文普通空白採 8 px；窗口與正式包另驗
SHOPTAB#46.0	1bce67001009c748	시에키이스 무기점	accepted	1aec7ceeee5d52bc	Codex	full-ko-20261006	2026-10-06	全量本機候選；未經母語者審閱；韓文普通空白採 8 px；窗口與正式包另驗
SHOPTAB#46.1	42a7e0fbdd1be70f	타탄디스 무기점	accepted	191c7ee6a86a2ad0	Codex	full-ko-20261006	2026-10-06	全量本機候選；未經母語者審閱；韓文普通空白採 8 px；窗口與正式包另驗
SHOPTAB#46.2	97ab3b54901845c2	루이제엔 방어구점	accepted	d88824126e812135	Codex	full-ko-20261006	2026-10-06	全量本機候選；未經母語者審閱；韓文普通空白採 8 px；窗口與正式包另驗
SHOPTAB#46.3	c144266333720376	호기소엔 방어구점	accepted	a95b8570f804a575	Codex	full-ko-20261006	2026-10-06	全量本機候選；未經母語者審閱；韓文普通空白採 8 px；窗口與正式包另驗
SHOPTAB#46.4	43d387df86532a07	사유트엔 계약소	accepted	c8d06ed20a02fd5d	Codex	full-ko-20261006	2026-10-06	全量本機候選；未經母語者審閱；韓文普通空白採 8 px；窗口與正式包另驗
SHOPTAB#46.5	938f6e3f74b3299e	유리엔 약국	accepted	47d623348da50d5d	Codex	full-ko-20261006	2026-10-06	全量本機候選；未經母語者審閱；韓文普通空白採 8 px；窗口與正式包另驗
SHOPTAB#46.6	26823e13ebde5602	레이디아 병원	accepted	cd7f6a1ca750fd98	Codex	full-ko-20261006	2026-10-06	全量本機候選；未經母語者審閱；韓文普通空白採 8 px；窗口與正式包另驗
SHOPTAB#46.7	0083a2e4bba5e776	샤비즈루 술집	accepted	7a4bc32f8c966499	Codex	full-ko-20261006	2026-10-06	全量本機候選；未經母語者審閱；韓文普通空白採 8 px；窗口與正式包另驗
SHOPTAB#47.0	ad030bc58dbd669f	상점０	accepted	46632b2dd87b69dd	Codex	full-ko-20261006	2026-10-06	全量本機候選；未經母語者審閱；韓文普通空白採 8 px；窗口與正式包另驗
SHOPTAB#47.1	de2f39ceef3f318c	상점１	accepted	627dc6836cc655bf	Codex	full-ko-20261006	2026-10-06	全量本機候選；未經母語者審閱；韓文普通空白採 8 px；窗口與正式包另驗
SHOPTAB#47.2	8559054e97b9c24b	상점２	accepted	95ce7f2279165232	Codex	full-ko-20261006	2026-10-06	全量本機候選；未經母語者審閱；韓文普通空白採 8 px；窗口與正式包另驗
SHOPTAB#47.3	44fc7f12a916fd0a	상점３	accepted	3db6799c89e474e8	Codex	full-ko-20261006	2026-10-06	全量本機候選；未經母語者審閱；韓文普通空白採 8 px；窗口與正式包另驗
SHOPTAB#47.4	0b2d5cbbe7490515	상점４	accepted	22478466e4b46e7e	Codex	full-ko-20261006	2026-10-06	全量本機候選；未經母語者審閱；韓文普通空白採 8 px；窗口與正式包另驗
SHOPTAB#47.5	47f6bc387e7bcb26	상점５	accepted	c3dc6fd0be75b8bc	Codex	full-ko-20261006	2026-10-06	全量本機候選；未經母語者審閱；韓文普通空白採 8 px；窗口與正式包另驗
SHOPTAB#47.6	d3625a6681e4211b	상점６	accepted	df10d2171b480685	Codex	full-ko-20261006	2026-10-06	全量本機候選；未經母語者審閱；韓文普通空白採 8 px；窗口與正式包另驗
SHOPTAB#47.7	c339cafeadf6c231	상점７	accepted	bbd7071aa1232306	Codex	full-ko-20261006	2026-10-06	全量本機候選；未經母語者審閱；韓文普通空白採 8 px；窗口與正式包另驗
SHOPTAB#48.0	ad030bc58dbd669f	상점０	accepted	46632b2dd87b69dd	Codex	full-ko-20261006	2026-10-06	全量本機候選；未經母語者審閱；韓文普通空白採 8 px；窗口與正式包另驗
SHOPTAB#48.1	de2f39ceef3f318c	상점１	accepted	627dc6836cc655bf	Codex	full-ko-20261006	2026-10-06	全量本機候選；未經母語者審閱；韓文普通空白採 8 px；窗口與正式包另驗
SHOPTAB#48.2	8559054e97b9c24b	상점２	accepted	95ce7f2279165232	Codex	full-ko-20261006	2026-10-06	全量本機候選；未經母語者審閱；韓文普通空白採 8 px；窗口與正式包另驗
SHOPTAB#48.3	44fc7f12a916fd0a	상점３	accepted	3db6799c89e474e8	Codex	full-ko-20261006	2026-10-06	全量本機候選；未經母語者審閱；韓文普通空白採 8 px；窗口與正式包另驗
SHOPTAB#48.4	0b2d5cbbe7490515	상점４	accepted	22478466e4b46e7e	Codex	full-ko-20261006	2026-10-06	全量本機候選；未經母語者審閱；韓文普通空白採 8 px；窗口與正式包另驗
SHOPTAB#48.5	47f6bc387e7bcb26	상점５	accepted	c3dc6fd0be75b8bc	Codex	full-ko-20261006	2026-10-06	全量本機候選；未經母語者審閱；韓文普通空白採 8 px；窗口與正式包另驗
SHOPTAB#48.6	d3625a6681e4211b	상점６	accepted	df10d2171b480685	Codex	full-ko-20261006	2026-10-06	全量本機候選；未經母語者審閱；韓文普通空白採 8 px；窗口與正式包另驗
SHOPTAB#48.7	c339cafeadf6c231	상점７	accepted	bbd7071aa1232306	Codex	full-ko-20261006	2026-10-06	全量本機候選；未經母語者審閱；韓文普通空白採 8 px；窗口與正式包另驗
SHOPTAB#49.0	322c4d209c1bc43e	바샤니스 무기점	accepted	1eda7e6f05e390e8	Codex	full-ko-20261006	2026-10-06	全量本機候選；未經母語者審閱；韓文普通空白採 8 px；窗口與正式包另驗
SHOPTAB#49.1	c5358326a403081d	라구노스 방어구점	accepted	f2d05dd0d24654ec	Codex	full-ko-20261006	2026-10-06	全量本機候選；未經母語者審閱；韓文普通空白採 8 px；窗口與正式包另驗
SHOPTAB#49.2	6bb2ac9286063aa2	하타라엔 계약소	accepted	a7a97fa67fe0b9bc	Codex	full-ko-20261006	2026-10-06	全量本機候選；未經母語者審閱；韓文普通空白採 8 px；窗口與正式包另驗
SHOPTAB#49.3	0831a0d449beba43	트노스디 계약소	accepted	3b12d3a112516f3e	Codex	full-ko-20261006	2026-10-06	全量本機候選；未經母語者審閱；韓文普通空白採 8 px；窗口與正式包另驗
SHOPTAB#49.4	10e2501025ffb8ff	자마기루 약국	accepted	2b01adae19a426b5	Codex	full-ko-20261006	2026-10-06	全量本機候選；未經母語者審閱；韓文普通空白採 8 px；窗口與正式包另驗
SHOPTAB#49.5	e978efe946303de1	샤구니아 병원	accepted	42947355b6f5d459	Codex	full-ko-20261006	2026-10-06	全量本機候選；未經母語者審閱；韓文普通空白採 8 px；窗口與正式包另驗
SHOPTAB#49.6	292468d63fa9a91e	호이트 도구점	accepted	2b5d580ceae64261	Codex	full-ko-20261006	2026-10-06	全量本機候選；未經母語者審閱；韓文普通空白採 8 px；窗口與正式包另驗
SHOPTAB#49.7	decf118ce5d2c58a	라이나이스 술집	accepted	b1809eef98c4d59a	Codex	full-ko-20261006	2026-10-06	全量本機候選；未經母語者審閱；韓文普通空白採 8 px；窗口與正式包另驗
SHOPTAB#50.0	62e471a781946ffc	디이무 무기점	accepted	8c650e30e62fcaea	Codex	full-ko-20261006	2026-10-06	全量本機候選；未經母語者審閱；韓文普通空白採 8 px；窗口與正式包另驗
SHOPTAB#50.1	feac86c6d5b4d3e0	메타사피 방어구점	accepted	443f9e77351160ad	Codex	full-ko-20261006	2026-10-06	全量本機候選；未經母語者審閱；韓文普通空白採 8 px；窗口與正式包另驗
SHOPTAB#50.2	db2e69f12ba91c50	라카스 계약소	accepted	e495d3306581fdf3	Codex	full-ko-20261006	2026-10-06	全量本機候選；未經母語者審閱；韓文普通空白採 8 px；窗口與正式包另驗
SHOPTAB#50.3	8c79d0f112004225	타메루소아 약국	accepted	6cf94d9dbe12a873	Codex	full-ko-20261006	2026-10-06	全量本機候選；未經母語者審閱；韓文普通空白採 8 px；窗口與正式包另驗
SHOPTAB#50.4	b57da9b2b760745a	아이노엔 도구점	accepted	175abbccf7b8f705	Codex	full-ko-20261006	2026-10-06	全量本機候選；未經母語者審閱；韓文普通空白採 8 px；窗口與正式包另驗
SHOPTAB#50.5	29fc134776b304b6	마구카이나 술집	accepted	5cd9c6c693891a01	Codex	full-ko-20261006	2026-10-06	全量本機候選；未經母語者審閱；韓文普通空白採 8 px；窗口與正式包另驗
SHOPTAB#50.6	7bd2e4e05bcfc4d7	노키트스 전차점	accepted	7a144357c68d3881	Codex	full-ko-20261006	2026-10-06	全量本機候選；未經母語者審閱；韓文普通空白採 8 px；窗口與正式包另驗
SHOPTAB#50.7	4efc436da5d3d7bd	비디아엔트 대포점	accepted	9a4f61b72ac1c91d	Codex	full-ko-20261006	2026-10-06	全量本機候選；未經母語者審閱；韓文普通空白採 8 px；窗口與正式包另驗
SHOPTAB#51.0	ad030bc58dbd669f	상점０	accepted	46632b2dd87b69dd	Codex	full-ko-20261006	2026-10-06	全量本機候選；未經母語者審閱；韓文普通空白採 8 px；窗口與正式包另驗
SHOPTAB#51.1	de2f39ceef3f318c	상점１	accepted	627dc6836cc655bf	Codex	full-ko-20261006	2026-10-06	全量本機候選；未經母語者審閱；韓文普通空白採 8 px；窗口與正式包另驗
SHOPTAB#51.2	8559054e97b9c24b	상점２	accepted	95ce7f2279165232	Codex	full-ko-20261006	2026-10-06	全量本機候選；未經母語者審閱；韓文普通空白採 8 px；窗口與正式包另驗
SHOPTAB#51.3	44fc7f12a916fd0a	상점３	accepted	3db6799c89e474e8	Codex	full-ko-20261006	2026-10-06	全量本機候選；未經母語者審閱；韓文普通空白採 8 px；窗口與正式包另驗
SHOPTAB#51.4	0b2d5cbbe7490515	상점４	accepted	22478466e4b46e7e	Codex	full-ko-20261006	2026-10-06	全量本機候選；未經母語者審閱；韓文普通空白採 8 px；窗口與正式包另驗
SHOPTAB#51.5	47f6bc387e7bcb26	상점５	accepted	c3dc6fd0be75b8bc	Codex	full-ko-20261006	2026-10-06	全量本機候選；未經母語者審閱；韓文普通空白採 8 px；窗口與正式包另驗
SHOPTAB#51.6	d3625a6681e4211b	상점６	accepted	df10d2171b480685	Codex	full-ko-20261006	2026-10-06	全量本機候選；未經母語者審閱；韓文普通空白採 8 px；窗口與正式包另驗
SHOPTAB#51.7	c339cafeadf6c231	상점７	accepted	bbd7071aa1232306	Codex	full-ko-20261006	2026-10-06	全量本機候選；未經母語者審閱；韓文普通空白採 8 px；窗口與正式包另驗
SHOPTAB#52.0	ad030bc58dbd669f	상점０	accepted	46632b2dd87b69dd	Codex	full-ko-20261006	2026-10-06	全量本機候選；未經母語者審閱；韓文普通空白採 8 px；窗口與正式包另驗
SHOPTAB#52.1	de2f39ceef3f318c	상점１	accepted	627dc6836cc655bf	Codex	full-ko-20261006	2026-10-06	全量本機候選；未經母語者審閱；韓文普通空白採 8 px；窗口與正式包另驗
SHOPTAB#52.2	8559054e97b9c24b	상점２	accepted	95ce7f2279165232	Codex	full-ko-20261006	2026-10-06	全量本機候選；未經母語者審閱；韓文普通空白採 8 px；窗口與正式包另驗
SHOPTAB#52.3	44fc7f12a916fd0a	상점３	accepted	3db6799c89e474e8	Codex	full-ko-20261006	2026-10-06	全量本機候選；未經母語者審閱；韓文普通空白採 8 px；窗口與正式包另驗
SHOPTAB#52.4	0b2d5cbbe7490515	상점４	accepted	22478466e4b46e7e	Codex	full-ko-20261006	2026-10-06	全量本機候選；未經母語者審閱；韓文普通空白採 8 px；窗口與正式包另驗
SHOPTAB#52.5	47f6bc387e7bcb26	상점５	accepted	c3dc6fd0be75b8bc	Codex	full-ko-20261006	2026-10-06	全量本機候選；未經母語者審閱；韓文普通空白採 8 px；窗口與正式包另驗
SHOPTAB#52.6	d3625a6681e4211b	상점６	accepted	df10d2171b480685	Codex	full-ko-20261006	2026-10-06	全量本機候選；未經母語者審閱；韓文普通空白採 8 px；窗口與正式包另驗
SHOPTAB#52.7	c339cafeadf6c231	상점７	accepted	bbd7071aa1232306	Codex	full-ko-20261006	2026-10-06	全量本機候選；未經母語者審閱；韓文普通空白採 8 px；窗口與正式包另驗
SHOPTAB#53.0	ad030bc58dbd669f	상점０	accepted	46632b2dd87b69dd	Codex	full-ko-20261006	2026-10-06	全量本機候選；未經母語者審閱；韓文普通空白採 8 px；窗口與正式包另驗
SHOPTAB#53.1	de2f39ceef3f318c	상점１	accepted	627dc6836cc655bf	Codex	full-ko-20261006	2026-10-06	全量本機候選；未經母語者審閱；韓文普通空白採 8 px；窗口與正式包另驗
SHOPTAB#53.2	8559054e97b9c24b	상점２	accepted	95ce7f2279165232	Codex	full-ko-20261006	2026-10-06	全量本機候選；未經母語者審閱；韓文普通空白採 8 px；窗口與正式包另驗
SHOPTAB#53.3	44fc7f12a916fd0a	상점３	accepted	3db6799c89e474e8	Codex	full-ko-20261006	2026-10-06	全量本機候選；未經母語者審閱；韓文普通空白採 8 px；窗口與正式包另驗
SHOPTAB#53.4	0b2d5cbbe7490515	상점４	accepted	22478466e4b46e7e	Codex	full-ko-20261006	2026-10-06	全量本機候選；未經母語者審閱；韓文普通空白採 8 px；窗口與正式包另驗
SHOPTAB#53.5	47f6bc387e7bcb26	상점５	accepted	c3dc6fd0be75b8bc	Codex	full-ko-20261006	2026-10-06	全量本機候選；未經母語者審閱；韓文普通空白採 8 px；窗口與正式包另驗
SHOPTAB#53.6	d3625a6681e4211b	상점６	accepted	df10d2171b480685	Codex	full-ko-20261006	2026-10-06	全量本機候選；未經母語者審閱；韓文普通空白採 8 px；窗口與正式包另驗
SHOPTAB#53.7	c339cafeadf6c231	상점７	accepted	bbd7071aa1232306	Codex	full-ko-20261006	2026-10-06	全量本機候選；未經母語者審閱；韓文普通空白採 8 px；窗口與正式包另驗
SHOPTAB#54.0	ad030bc58dbd669f	상점０	accepted	46632b2dd87b69dd	Codex	full-ko-20261006	2026-10-06	全量本機候選；未經母語者審閱；韓文普通空白採 8 px；窗口與正式包另驗
SHOPTAB#54.1	de2f39ceef3f318c	상점１	accepted	627dc6836cc655bf	Codex	full-ko-20261006	2026-10-06	全量本機候選；未經母語者審閱；韓文普通空白採 8 px；窗口與正式包另驗
SHOPTAB#54.2	8559054e97b9c24b	상점２	accepted	95ce7f2279165232	Codex	full-ko-20261006	2026-10-06	全量本機候選；未經母語者審閱；韓文普通空白採 8 px；窗口與正式包另驗
SHOPTAB#54.3	44fc7f12a916fd0a	상점３	accepted	3db6799c89e474e8	Codex	full-ko-20261006	2026-10-06	全量本機候選；未經母語者審閱；韓文普通空白採 8 px；窗口與正式包另驗
SHOPTAB#54.4	0b2d5cbbe7490515	상점４	accepted	22478466e4b46e7e	Codex	full-ko-20261006	2026-10-06	全量本機候選；未經母語者審閱；韓文普通空白採 8 px；窗口與正式包另驗
SHOPTAB#54.5	47f6bc387e7bcb26	상점５	accepted	c3dc6fd0be75b8bc	Codex	full-ko-20261006	2026-10-06	全量本機候選；未經母語者審閱；韓文普通空白採 8 px；窗口與正式包另驗
SHOPTAB#54.6	d3625a6681e4211b	상점６	accepted	df10d2171b480685	Codex	full-ko-20261006	2026-10-06	全量本機候選；未經母語者審閱；韓文普通空白採 8 px；窗口與正式包另驗
SHOPTAB#54.7	c339cafeadf6c231	상점７	accepted	bbd7071aa1232306	Codex	full-ko-20261006	2026-10-06	全量本機候選；未經母語者審閱；韓文普通空白採 8 px；窗口與正式包另驗
SHOPTAB#55.0	ad030bc58dbd669f	상점０	accepted	46632b2dd87b69dd	Codex	full-ko-20261006	2026-10-06	全量本機候選；未經母語者審閱；韓文普通空白採 8 px；窗口與正式包另驗
SHOPTAB#55.1	de2f39ceef3f318c	상점１	accepted	627dc6836cc655bf	Codex	full-ko-20261006	2026-10-06	全量本機候選；未經母語者審閱；韓文普通空白採 8 px；窗口與正式包另驗
SHOPTAB#55.2	8559054e97b9c24b	상점２	accepted	95ce7f2279165232	Codex	full-ko-20261006	2026-10-06	全量本機候選；未經母語者審閱；韓文普通空白採 8 px；窗口與正式包另驗
SHOPTAB#55.3	44fc7f12a916fd0a	상점３	accepted	3db6799c89e474e8	Codex	full-ko-20261006	2026-10-06	全量本機候選；未經母語者審閱；韓文普通空白採 8 px；窗口與正式包另驗
SHOPTAB#55.4	0b2d5cbbe7490515	상점４	accepted	22478466e4b46e7e	Codex	full-ko-20261006	2026-10-06	全量本機候選；未經母語者審閱；韓文普通空白採 8 px；窗口與正式包另驗
SHOPTAB#55.5	47f6bc387e7bcb26	상점５	accepted	c3dc6fd0be75b8bc	Codex	full-ko-20261006	2026-10-06	全量本機候選；未經母語者審閱；韓文普通空白採 8 px；窗口與正式包另驗
SHOPTAB#55.6	d3625a6681e4211b	상점６	accepted	df10d2171b480685	Codex	full-ko-20261006	2026-10-06	全量本機候選；未經母語者審閱；韓文普通空白採 8 px；窗口與正式包另驗
SHOPTAB#55.7	c339cafeadf6c231	상점７	accepted	bbd7071aa1232306	Codex	full-ko-20261006	2026-10-06	全量本機候選；未經母語者審閱；韓文普通空白採 8 px；窗口與正式包另驗
SHOPTAB#56.0	d9d887ea4266b6ba	레바미엔 무기점	accepted	8bd7ec9869269142	Codex	full-ko-20261006	2026-10-06	全量本機候選；未經母語者審閱；韓文普通空白採 8 px；窗口與正式包另驗
SHOPTAB#56.1	fe1d76216075f8bb	베트니엔구 방어구점	accepted	557d14c0c1700f69	Codex	full-ko-20261006	2026-10-06	全量本機候選；未經母語者審閱；韓文普通空白採 8 px；窗口與正式包另驗
SHOPTAB#56.2	2fef28f94b605b96	바리소아스 계약소	accepted	ce510cba3ee2fb67	Codex	full-ko-20261006	2026-10-06	全量本機候選；未經母語者審閱；韓文普通空白採 8 px；窗口與正式包另驗
SHOPTAB#56.3	2287d103e2c71582	마켄이 약국	accepted	4547a6f97b9bdc7f	Codex	full-ko-20261006	2026-10-06	全量本機候選；未經母語者審閱；韓文普通空白採 8 px；窗口與正式包另驗
SHOPTAB#56.4	c066d9e519007aac	라타이 도구점	accepted	19a09f4d7a20980f	Codex	full-ko-20261006	2026-10-06	全量本機候選；未經母語者審閱；韓文普通空白採 8 px；窗口與正式包另驗
SHOPTAB#56.5	47e68b69bc176e7a	키에이프 술집	accepted	12fcb756dd5ac333	Codex	full-ko-20261006	2026-10-06	全量本機候選；未經母語者審閱；韓文普通空白採 8 px；窗口與正式包另驗
SHOPTAB#56.6	c3c0a4897da7270b	이키이다 전차점	accepted	708e26bfd9b1aa53	Codex	full-ko-20261006	2026-10-06	全量本機候選；未經母語者審閱；韓文普通空白採 8 px；窗口與正式包另驗
SHOPTAB#56.7	b0fedd1df9a5f2f0	샤루키베엔 대포점	accepted	e384e5d9180a44ea	Codex	full-ko-20261006	2026-10-06	全量本機候選；未經母語者審閱；韓文普通空白採 8 px；窗口與正式包另驗
SHOPTAB#57.0	2872c1c1be76d0ec	커키엔트 무기점	accepted	2877f22c05278f00	Codex	full-ko-20261006	2026-10-06	全量本機候選；未經母語者審閱；韓文普通空白採 8 px；窗口與正式包另驗
SHOPTAB#57.1	5b774f2eae9b1a7b	소에루구 방어구점	accepted	a6e1aa364ed305f3	Codex	full-ko-20261006	2026-10-06	全量本機候選；未經母語者審閱；韓文普通空白採 8 px；窗口與正式包另驗
SHOPTAB#57.2	2d61ec5b04e3b323	노리엔 계약소	accepted	f19704b27ef237a6	Codex	full-ko-20261006	2026-10-06	全量本機候選；未經母語者審閱；韓文普通空白採 8 px；窗口與正式包另驗
SHOPTAB#57.3	82c74d546f11bc7b	시라페아 전차점	accepted	693991d89825a497	Codex	full-ko-20261006	2026-10-06	全量本機候選；未經母語者審閱；韓文普通空白採 8 px；窗口與正式包另驗
SHOPTAB#57.4	65b44f7c67b40c3a	마즈자아 항공기점	accepted	528ae378508606ee	Codex	full-ko-20261006	2026-10-06	全量本機候選；未經母語者審閱；韓文普通空白採 8 px；窗口與正式包另驗
SHOPTAB#57.5	b83563f618bd5b92	코시라트 술집	accepted	09214f4a165473c3	Codex	full-ko-20261006	2026-10-06	全量本機候選；未經母語者審閱；韓文普通空白採 8 px；窗口與正式包另驗
SHOPTAB#57.6	d3625a6681e4211b	상점６	accepted	df10d2171b480685	Codex	full-ko-20261006	2026-10-06	全量本機候選；未經母語者審閱；韓文普通空白採 8 px；窗口與正式包另驗
SHOPTAB#57.7	c339cafeadf6c231	상점７	accepted	bbd7071aa1232306	Codex	full-ko-20261006	2026-10-06	全量本機候選；未經母語者審閱；韓文普通空白採 8 px；窗口與正式包另驗
SHOPTAB#58.0	65ae01db62f0e802	무제카에 무기점	accepted	a0fa4010e1339f96	Codex	full-ko-20261006	2026-10-06	全量本機候選；未經母語者審閱；韓文普通空白採 8 px；窗口與正式包另驗
SHOPTAB#58.1	b45fd722ac8cd239	타카루스 방어구점	accepted	c1abc4baf7baa5d8	Codex	full-ko-20261006	2026-10-06	全量本機候選；未經母語者審閱；韓文普通空白採 8 px；窗口與正式包另驗
SHOPTAB#58.2	ea10958c9500d029	바니다미아 계약소	accepted	2d72c057b6b025cb	Codex	full-ko-20261006	2026-10-06	全量本機候選；未經母語者審閱；韓文普通空白採 8 px；窗口與正式包另驗
SHOPTAB#58.3	76c532d8d50a190e	구지노이 약국	accepted	73a3d213072ec925	Codex	full-ko-20261006	2026-10-06	全量本機候選；未經母語者審閱；韓文普通空白採 8 px；窗口與正式包另驗
SHOPTAB#58.4	a2ae075eef6a8149	아나키아 도구점	accepted	7fb32fd8da74c888	Codex	full-ko-20261006	2026-10-06	全量本機候選；未經母語者審閱；韓文普通空白採 8 px；窗口與正式包另驗
SHOPTAB#58.5	2db53a5ffd8212a9	타프아무 술집	accepted	11536df75b82f7ef	Codex	full-ko-20261006	2026-10-06	全量本機候選；未經母語者審閱；韓文普通空白採 8 px；窗口與正式包另驗
SHOPTAB#58.6	5ffab2b09d0ece38	구즈노이 약국	accepted	a05f541ca30b0a7a	Codex	full-ko-20261006	2026-10-06	全量本機候選；未經母語者審閱；韓文普通空白採 8 px；窗口與正式包另驗
SHOPTAB#58.7	c339cafeadf6c231	상점７	accepted	bbd7071aa1232306	Codex	full-ko-20261006	2026-10-06	全量本機候選；未經母語者審閱；韓文普通空白採 8 px；窗口與正式包另驗
SHOPTAB#59.0	343b2984ec02d5ef	오레아 도구점	accepted	16bbef514fc8b1ce	Codex	full-ko-20261006	2026-10-06	全量本機候選；未經母語者審閱；韓文普通空白採 8 px；窗口與正式包另驗
SHOPTAB#59.1	c089ddfbdfd8cb42	룬아기 도구점	accepted	10282ae1c4cad551	Codex	full-ko-20261006	2026-10-06	全量本機候選；未經母語者審閱；韓文普通空白採 8 px；窗口與正式包另驗
SHOPTAB#59.2	36da9f8ab1c4a7e2	코루엔 도구점	accepted	2de45c4d759a6528	Codex	full-ko-20261006	2026-10-06	全量本機候選；未經母語者審閱；韓文普通空白採 8 px；窗口與正式包另驗
SHOPTAB#59.3	ed6818d362aca5fc	니트이아 도구점	accepted	16e561b85f47594f	Codex	full-ko-20261006	2026-10-06	全量本機候選；未經母語者審閱；韓文普通空白採 8 px；窗口與正式包另驗
SHOPTAB#59.4	8d3deabc76f46364	구미아타 도구점	accepted	72092f169c6f63e3	Codex	full-ko-20261006	2026-10-06	全量本機候選；未經母語者審閱；韓文普通空白採 8 px；窗口與正式包另驗
SHOPTAB#59.5	b3835822fac1c7d0	레시니 도구점	accepted	f639e8be27fa7d9d	Codex	full-ko-20261006	2026-10-06	全量本機候選；未經母語者審閱；韓文普通空白採 8 px；窗口與正式包另驗
SHOPTAB#59.6	8402c383a7b9b2d9	라리비이 도구점	accepted	2e5412613995befd	Codex	full-ko-20261006	2026-10-06	全量本機候選；未經母語者審閱；韓文普通空白採 8 px；窗口與正式包另驗
SHOPTAB#59.7	cc0c21b147f276a5	룬오라 술집	accepted	7e4661171c0ca507	Codex	full-ko-20261006	2026-10-06	全量本機候選；未經母語者審閱；韓文普通空白採 8 px；窗口與正式包另驗
SHOPTAB#60.0	4d9bd225ebe9d492	오라트피 무기점	accepted	3ab1a4cba5d2d223	Codex	full-ko-20261006	2026-10-06	全量本機候選；未經母語者審閱；韓文普通空白採 8 px；窗口與正式包另驗
SHOPTAB#60.1	9f207bb65492beae	마샤디구 방어구점	accepted	42e558e430e72942	Codex	full-ko-20261006	2026-10-06	全量本機候選；未經母語者審閱；韓文普通空白採 8 px；窗口與正式包另驗
SHOPTAB#60.2	1c023f4c2b3b4e96	룬즈니 계약소	accepted	ebbaf7ead8f1bb31	Codex	full-ko-20261006	2026-10-06	全量本機候選；未經母語者審閱；韓文普通空白採 8 px；窗口與正式包另驗
SHOPTAB#60.3	e2cc3368c0467239	유카디구 약국	accepted	0d7410344a54decd	Codex	full-ko-20261006	2026-10-06	全量本機候選；未經母語者審閱；韓文普通空白採 8 px；窗口與正式包另驗
SHOPTAB#60.4	6214d423edb7c1a3	하라바스 도구점	accepted	6e056608d49bfd6e	Codex	full-ko-20261006	2026-10-06	全量本機候選；未經母語者審閱；韓文普通空白採 8 px；窗口與正式包另驗
SHOPTAB#60.5	3ce4b6d11bb09a78	키시페오룬엔 술집	accepted	7ff247cba28abfd9	Codex	full-ko-20261006	2026-10-06	全量本機候選；未經母語者審閱；韓文普通空白採 8 px；窗口與正式包另驗
SHOPTAB#60.6	cb1bd1d93011ee99	하라바스 항공기점	accepted	093756d147e4f6ff	Codex	full-ko-20261006	2026-10-06	全量本機候選；未經母語者審閱；韓文普通空白採 8 px；窗口與正式包另驗
SHOPTAB#60.7	81702a741648e94d	쿠노스트바이트	accepted	7400b2adb77bcf86	Codex	full-ko-20261006	2026-10-06	全量本機候選；未經母語者審閱；韓文普通空白採 8 px；窗口與正式包另驗
SHOPTAB#61.0	56791ee25a2881e1	리디나엔 무기점	accepted	30d9ff903d6347a9	Codex	full-ko-20261006	2026-10-06	全量本機候選；未經母語者審閱；韓文普通空白採 8 px；窗口與正式包另驗
SHOPTAB#61.1	bd7c2ec27ee0d291	라란엔바이트 방어구점	accepted	bcd4d30644b23c5f	Codex	full-ko-20261006	2026-10-06	全量本機候選；未經母語者審閱；韓文普通空白採 8 px；窗口與正式包另驗
SHOPTAB#61.2	9a3c2e09da694432	라란엔바이트 계약소	accepted	6da75a329128362b	Codex	full-ko-20261006	2026-10-06	全量本機候選；未經母語者審閱；韓文普通空白採 8 px；窗口與正式包另驗
SHOPTAB#61.3	3e4335b820c6fc4f	라란엔바이트 약국	accepted	52b234e2c5441d22	Codex	full-ko-20261006	2026-10-06	全量本機候選；未經母語者審閱；韓文普通空白採 8 px；窗口與正式包另驗
SHOPTAB#61.4	f3c3c97b1399270a	라란엔바이트 도구점	accepted	69a2aec115fdca87	Codex	full-ko-20261006	2026-10-06	全量本機候選；未經母語者審閱；韓文普通空白採 8 px；窗口與正式包另驗
SHOPTAB#61.5	9b6d17cdc1753bc8	바이에시 술집	accepted	b72b04614a22a283	Codex	full-ko-20261006	2026-10-06	全量本機候選；未經母語者審閱；韓文普通空白採 8 px；窗口與正式包另驗
SHOPTAB#61.6	d3625a6681e4211b	상점６	accepted	df10d2171b480685	Codex	full-ko-20261006	2026-10-06	全量本機候選；未經母語者審閱；韓文普通空白採 8 px；窗口與正式包另驗
SHOPTAB#61.7	c339cafeadf6c231	상점７	accepted	bbd7071aa1232306	Codex	full-ko-20261006	2026-10-06	全量本機候選；未經母語者審閱；韓文普通空白採 8 px；窗口與正式包另驗
SHOPTAB#62.0	75f49caa6a0ed201	리코바트 무기점	accepted	6206cb0e2633b830	Codex	full-ko-20261006	2026-10-06	全量本機候選；未經母語者審閱；韓文普通空白採 8 px；窗口與正式包另驗
SHOPTAB#62.1	3b016d32a39ac416	리코바트 방어구점	accepted	71b98b481e03bec8	Codex	full-ko-20261006	2026-10-06	全量本機候選；未經母語者審閱；韓文普通空白採 8 px；窗口與正式包另驗
SHOPTAB#62.2	66122b8251621a65	리코바트 계약소	accepted	52ddef8535344a1f	Codex	full-ko-20261006	2026-10-06	全量本機候選；未經母語者審閱；韓文普通空白採 8 px；窗口與正式包另驗
SHOPTAB#62.3	10a9c34d0ae0d6d8	리코바트 약국	accepted	a502acabbb00a52c	Codex	full-ko-20261006	2026-10-06	全量本機候選；未經母語者審閱；韓文普通空白採 8 px；窗口與正式包另驗
SHOPTAB#62.4	8006548464074c0a	리코바트 도구점	accepted	8bbf9024d2550b52	Codex	full-ko-20261006	2026-10-06	全量本機候選；未經母語者審閱；韓文普通空白採 8 px；窗口與正式包另驗
SHOPTAB#62.5	a732d71a2354b917	소니디이 술집	accepted	fe2ce58694da09b0	Codex	full-ko-20261006	2026-10-06	全量本機候選；未經母語者審閱；韓文普通空白採 8 px；窗口與正式包另驗
SHOPTAB#62.6	d3625a6681e4211b	상점６	accepted	df10d2171b480685	Codex	full-ko-20261006	2026-10-06	全量本機候選；未經母語者審閱；韓文普通空白採 8 px；窗口與正式包另驗
SHOPTAB#62.7	c339cafeadf6c231	상점７	accepted	bbd7071aa1232306	Codex	full-ko-20261006	2026-10-06	全量本機候選；未經母語者審閱；韓文普通空白採 8 px；窗口與正式包另驗
SHOPTAB#63.0	0a259c0324e33def	나이기피 무기점	accepted	f3925746cfac4e5e	Codex	full-ko-20261006	2026-10-06	全量本機候選；未經母語者審閱；韓文普通空白採 8 px；窗口與正式包另驗
SHOPTAB#63.1	00469230ced51238	타리노 방어구점	accepted	3ebbdf10ff8172b0	Codex	full-ko-20261006	2026-10-06	全量本機候選；未經母語者審閱；韓文普通空白採 8 px；窗口與正式包另驗
SHOPTAB#63.2	613d5dd595f12091	카샤루 계약소	accepted	2c11de0fda4b1bfb	Codex	full-ko-20261006	2026-10-06	全量本機候選；未經母語者審閱；韓文普通空白採 8 px；窗口與正式包另驗
SHOPTAB#63.3	ddca01852b28f980	시오니하엔 약국	accepted	3652c967d6983600	Codex	full-ko-20261006	2026-10-06	全量本機候選；未經母語者審閱；韓文普通空白採 8 px；窗口與正式包另驗
SHOPTAB#63.4	dd820aa65115167b	라나이미리 도구점	accepted	59bcd3b74368656d	Codex	full-ko-20261006	2026-10-06	全量本機候選；未經母語者審閱；韓文普通空白採 8 px；窗口與正式包另驗
SHOPTAB#63.5	c0de7071c8d48c02	기보이루 술집	accepted	a5fc3c9d967b5997	Codex	full-ko-20261006	2026-10-06	全量本機候選；未經母語者審閱；韓文普通空白採 8 px；窗口與正式包另驗
SHOPTAB#63.6	897933f974b287fc	라나이미리 항공기점	accepted	bd31d344a52a8896	Codex	full-ko-20261006	2026-10-06	全量本機候選；未經母語者審閱；韓文普通空白採 8 px；窗口與正式包另驗
SHOPTAB#63.7	c339cafeadf6c231	상점７	accepted	bbd7071aa1232306	Codex	full-ko-20261006	2026-10-06	全量本機候選；未經母語者審閱；韓文普通空白採 8 px；窗口與正式包另驗
SHOPTAB#64.0	ad030bc58dbd669f	상점０	accepted	46632b2dd87b69dd	Codex	full-ko-20261006	2026-10-06	全量本機候選；未經母語者審閱；韓文普通空白採 8 px；窗口與正式包另驗
SHOPTAB#64.1	de2f39ceef3f318c	상점１	accepted	627dc6836cc655bf	Codex	full-ko-20261006	2026-10-06	全量本機候選；未經母語者審閱；韓文普通空白採 8 px；窗口與正式包另驗
SHOPTAB#64.2	8559054e97b9c24b	상점２	accepted	95ce7f2279165232	Codex	full-ko-20261006	2026-10-06	全量本機候選；未經母語者審閱；韓文普通空白採 8 px；窗口與正式包另驗
SHOPTAB#64.3	44fc7f12a916fd0a	상점３	accepted	3db6799c89e474e8	Codex	full-ko-20261006	2026-10-06	全量本機候選；未經母語者審閱；韓文普通空白採 8 px；窗口與正式包另驗
SHOPTAB#64.4	0b2d5cbbe7490515	상점４	accepted	22478466e4b46e7e	Codex	full-ko-20261006	2026-10-06	全量本機候選；未經母語者審閱；韓文普通空白採 8 px；窗口與正式包另驗
SHOPTAB#64.5	47f6bc387e7bcb26	상점５	accepted	c3dc6fd0be75b8bc	Codex	full-ko-20261006	2026-10-06	全量本機候選；未經母語者審閱；韓文普通空白採 8 px；窗口與正式包另驗
SHOPTAB#64.6	d3625a6681e4211b	상점６	accepted	df10d2171b480685	Codex	full-ko-20261006	2026-10-06	全量本機候選；未經母語者審閱；韓文普通空白採 8 px；窗口與正式包另驗
SHOPTAB#64.7	c339cafeadf6c231	상점７	accepted	bbd7071aa1232306	Codex	full-ko-20261006	2026-10-06	全量本機候選；未經母語者審閱；韓文普通空白採 8 px；窗口與正式包另驗
SHOPTAB#65.0	9f3812484e290ebc	샤이비시 무기점	accepted	c8fa9b6defb765c5	Codex	full-ko-20261006	2026-10-06	全量本機候選；未經母語者審閱；韓文普通空白採 8 px；窗口與正式包另驗
SHOPTAB#65.1	0efc0fbcb7847a53	룬아니레아 방어구점	accepted	e744e8540350a7d7	Codex	full-ko-20261006	2026-10-06	全量本機候選；未經母語者審閱；韓文普通空白採 8 px；窗口與正式包另驗
SHOPTAB#65.2	1c2fd27dada85f1c	기아에트바 계약소	accepted	270a604e54b31ebd	Codex	full-ko-20261006	2026-10-06	全量本機候選；未經母語者審閱；韓文普通空白採 8 px；窗口與正式包另驗
SHOPTAB#65.3	e6a608a95a6363d4	메디엔즈 약국	accepted	7d7dcb82512b2aaf	Codex	full-ko-20261006	2026-10-06	全量本機候選；未經母語者審閱；韓文普通空白採 8 px；窗口與正式包另驗
SHOPTAB#65.4	734de781381d0fbb	유예노무 도구점	accepted	3e9235796d454d26	Codex	full-ko-20261006	2026-10-06	全量本機候選；未經母語者審閱；韓文普通空白採 8 px；窗口與正式包另驗
SHOPTAB#65.5	0b3f6ccf9e2b821f	트키디노스 술집	accepted	a0596e6bc6ca23b4	Codex	full-ko-20261006	2026-10-06	全量本機候選；未經母語者審閱；韓文普通空白採 8 px；窗口與正式包另驗
SHOPTAB#65.6	ed209c2edc363abb	클람노 대포점	accepted	ebad2282018737c0	Codex	full-ko-20261006	2026-10-06	全量本機候選；未經母語者審閱；韓文普通空白採 8 px；窗口與正式包另驗
SHOPTAB#65.7	c339cafeadf6c231	상점７	accepted	bbd7071aa1232306	Codex	full-ko-20261006	2026-10-06	全量本機候選；未經母語者審閱；韓文普通空白採 8 px；窗口與正式包另驗
SHOPTAB#66.0	ad030bc58dbd669f	상점０	accepted	46632b2dd87b69dd	Codex	full-ko-20261006	2026-10-06	全量本機候選；未經母語者審閱；韓文普通空白採 8 px；窗口與正式包另驗
SHOPTAB#66.1	de2f39ceef3f318c	상점１	accepted	627dc6836cc655bf	Codex	full-ko-20261006	2026-10-06	全量本機候選；未經母語者審閱；韓文普通空白採 8 px；窗口與正式包另驗
SHOPTAB#66.2	8559054e97b9c24b	상점２	accepted	95ce7f2279165232	Codex	full-ko-20261006	2026-10-06	全量本機候選；未經母語者審閱；韓文普通空白採 8 px；窗口與正式包另驗
SHOPTAB#66.3	44fc7f12a916fd0a	상점３	accepted	3db6799c89e474e8	Codex	full-ko-20261006	2026-10-06	全量本機候選；未經母語者審閱；韓文普通空白採 8 px；窗口與正式包另驗
SHOPTAB#66.4	0b2d5cbbe7490515	상점４	accepted	22478466e4b46e7e	Codex	full-ko-20261006	2026-10-06	全量本機候選；未經母語者審閱；韓文普通空白採 8 px；窗口與正式包另驗
SHOPTAB#66.5	47f6bc387e7bcb26	상점５	accepted	c3dc6fd0be75b8bc	Codex	full-ko-20261006	2026-10-06	全量本機候選；未經母語者審閱；韓文普通空白採 8 px；窗口與正式包另驗
SHOPTAB#66.6	d3625a6681e4211b	상점６	accepted	df10d2171b480685	Codex	full-ko-20261006	2026-10-06	全量本機候選；未經母語者審閱；韓文普通空白採 8 px；窗口與正式包另驗
SHOPTAB#66.7	c339cafeadf6c231	상점７	accepted	bbd7071aa1232306	Codex	full-ko-20261006	2026-10-06	全量本機候選；未經母語者審閱；韓文普通空白採 8 px；窗口與正式包另驗
SHOPTAB#67.0	4588f36f7f84eeee	노스페 무기점	accepted	37173cb84a32a434	Codex	full-ko-20261006	2026-10-06	全量本機候選；未經母語者審閱；韓文普通空白採 8 px；窗口與正式包另驗
SHOPTAB#67.1	e1e6fdbd970897a0	디디와스 방어구점	accepted	ff3cb323df5475c0	Codex	full-ko-20261006	2026-10-06	全量本機候選；未經母語者審閱；韓文普通空白採 8 px；窗口與正式包另驗
SHOPTAB#67.2	9545e5a7ddb1f31e	마구리시 계약소	accepted	a19caf39a1a1ea4c	Codex	full-ko-20261006	2026-10-06	全量本機候選；未經母語者審閱；韓文普通空白採 8 px；窗口與正式包另驗
SHOPTAB#67.3	70c6ccf143bd66c8	트스카미루 계약소	accepted	894e465158ecd73b	Codex	full-ko-20261006	2026-10-06	全量本機候選；未經母語者審閱；韓文普通空白採 8 px；窗口與正式包另驗
SHOPTAB#67.4	a7b563a41d750dae	노트리타엔 약국	accepted	a182a3bae6337611	Codex	full-ko-20261006	2026-10-06	全量本機候選；未經母語者審閱；韓文普通空白採 8 px；窗口與正式包另驗
SHOPTAB#67.5	0c8803eeefa2d421	제바이아노 도구점	accepted	fa311b665a7f7444	Codex	full-ko-20261006	2026-10-06	全量本機候選；未經母語者審閱；韓文普通空白採 8 px；窗口與正式包另驗
SHOPTAB#67.6	6e87a29f95acbe1b	룬라피아켄엔 술집	accepted	305679f2cda0feff	Codex	full-ko-20261006	2026-10-06	全量本機候選；未經母語者審閱；韓文普通空白採 8 px；窗口與正式包另驗
SHOPTAB#67.7	df70d07711cbe9e8	제바이아노 전차점	accepted	82b84a3b0be2825b	Codex	full-ko-20261006	2026-10-06	全量本機候選；未經母語者審閱；韓文普通空白採 8 px；窗口與正式包另驗
SHOPTAB#68.0	ad030bc58dbd669f	상점０	accepted	46632b2dd87b69dd	Codex	full-ko-20261006	2026-10-06	全量本機候選；未經母語者審閱；韓文普通空白採 8 px；窗口與正式包另驗
SHOPTAB#68.1	de2f39ceef3f318c	상점１	accepted	627dc6836cc655bf	Codex	full-ko-20261006	2026-10-06	全量本機候選；未經母語者審閱；韓文普通空白採 8 px；窗口與正式包另驗
SHOPTAB#68.2	8559054e97b9c24b	상점２	accepted	95ce7f2279165232	Codex	full-ko-20261006	2026-10-06	全量本機候選；未經母語者審閱；韓文普通空白採 8 px；窗口與正式包另驗
SHOPTAB#68.3	44fc7f12a916fd0a	상점３	accepted	3db6799c89e474e8	Codex	full-ko-20261006	2026-10-06	全量本機候選；未經母語者審閱；韓文普通空白採 8 px；窗口與正式包另驗
SHOPTAB#68.4	0b2d5cbbe7490515	상점４	accepted	22478466e4b46e7e	Codex	full-ko-20261006	2026-10-06	全量本機候選；未經母語者審閱；韓文普通空白採 8 px；窗口與正式包另驗
SHOPTAB#68.5	47f6bc387e7bcb26	상점５	accepted	c3dc6fd0be75b8bc	Codex	full-ko-20261006	2026-10-06	全量本機候選；未經母語者審閱；韓文普通空白採 8 px；窗口與正式包另驗
SHOPTAB#68.6	d3625a6681e4211b	상점６	accepted	df10d2171b480685	Codex	full-ko-20261006	2026-10-06	全量本機候選；未經母語者審閱；韓文普通空白採 8 px；窗口與正式包另驗
SHOPTAB#68.7	c339cafeadf6c231	상점７	accepted	bbd7071aa1232306	Codex	full-ko-20261006	2026-10-06	全量本機候選；未經母語者審閱；韓文普通空白採 8 px；窗口與正式包另驗
SHOPTAB#69.0	ad030bc58dbd669f	상점０	accepted	46632b2dd87b69dd	Codex	full-ko-20261006	2026-10-06	全量本機候選；未經母語者審閱；韓文普通空白採 8 px；窗口與正式包另驗
SHOPTAB#69.1	de2f39ceef3f318c	상점１	accepted	627dc6836cc655bf	Codex	full-ko-20261006	2026-10-06	全量本機候選；未經母語者審閱；韓文普通空白採 8 px；窗口與正式包另驗
SHOPTAB#69.2	8559054e97b9c24b	상점２	accepted	95ce7f2279165232	Codex	full-ko-20261006	2026-10-06	全量本機候選；未經母語者審閱；韓文普通空白採 8 px；窗口與正式包另驗
SHOPTAB#69.3	44fc7f12a916fd0a	상점３	accepted	3db6799c89e474e8	Codex	full-ko-20261006	2026-10-06	全量本機候選；未經母語者審閱；韓文普通空白採 8 px；窗口與正式包另驗
SHOPTAB#69.4	0b2d5cbbe7490515	상점４	accepted	22478466e4b46e7e	Codex	full-ko-20261006	2026-10-06	全量本機候選；未經母語者審閱；韓文普通空白採 8 px；窗口與正式包另驗
SHOPTAB#69.5	47f6bc387e7bcb26	상점５	accepted	c3dc6fd0be75b8bc	Codex	full-ko-20261006	2026-10-06	全量本機候選；未經母語者審閱；韓文普通空白採 8 px；窗口與正式包另驗
SHOPTAB#69.6	d3625a6681e4211b	상점６	accepted	df10d2171b480685	Codex	full-ko-20261006	2026-10-06	全量本機候選；未經母語者審閱；韓文普通空白採 8 px；窗口與正式包另驗
SHOPTAB#69.7	c339cafeadf6c231	상점７	accepted	bbd7071aa1232306	Codex	full-ko-20261006	2026-10-06	全量本機候選；未經母語者審閱；韓文普通空白採 8 px；窗口與正式包另驗
SHOPTAB#70.0	c962b35e882ba915	시트켄노엔 무기점	accepted	e24080d0fef10228	Codex	full-ko-20261006	2026-10-06	全量本機候選；未經母語者審閱；韓文普通空白採 8 px；窗口與正式包另驗
SHOPTAB#70.1	fa61279c1237944f	사기아즈 방어구점	accepted	5fa5570dfa751fb9	Codex	full-ko-20261006	2026-10-06	全量本機候選；未經母語者審閱；韓文普通空白採 8 px；窗口與正式包另驗
SHOPTAB#70.2	7758063b8dde1c8b	비레이타 계약소	accepted	84ba0d59b698b801	Codex	full-ko-20261006	2026-10-06	全量本機候選；未經母語者審閱；韓文普通空白採 8 px；窗口與正式包另驗
SHOPTAB#70.3	5365e643aec105b6	호즈무엔 계약소	accepted	f4f921f1dc4fd334	Codex	full-ko-20261006	2026-10-06	全量本機候選；未經母語者審閱；韓文普通空白採 8 px；窗口與正式包另驗
SHOPTAB#70.4	c3eb27626fb95156	에이프 약국	accepted	e88df62f52e44804	Codex	full-ko-20261006	2026-10-06	全量本機候選；未經母語者審閱；韓文普通空白採 8 px；窗口與正式包另驗
SHOPTAB#70.5	ae2040cb8cebb5ac	보레루모 도구점	accepted	398b30ab758395ab	Codex	full-ko-20261006	2026-10-06	全量本機候選；未經母語者審閱；韓文普通空白採 8 px；窗口與正式包另驗
SHOPTAB#70.6	c8cedfe82258cb7f	카무카무 술집	accepted	5b695bcd62a880fc	Codex	full-ko-20261006	2026-10-06	全量本機候選；未經母語者審閱；韓文普通空白採 8 px；窗口與正式包另驗
SHOPTAB#70.7	383bd9cfc9f480da	시피아메이트 대포점	accepted	9457ff968c0c5978	Codex	full-ko-20261006	2026-10-06	全量本機候選；未經母語者審閱；韓文普通空白採 8 px；窗口與正式包另驗
SHOPTAB#71.0	d07772a2592503a3	키타다이 무기점	accepted	65bbc79f4291a1fd	Codex	full-ko-20261006	2026-10-06	全量本機候選；未經母語者審閱；韓文普通空白採 8 px；窗口與正式包另驗
SHOPTAB#71.1	a25b21135906f89f	바다란엔시 방어구점	accepted	ba02a1d8d1d15242	Codex	full-ko-20261006	2026-10-06	全量本機候選；未經母語者審閱；韓文普通空白採 8 px；窗口與正式包另驗
SHOPTAB#71.2	e4a3e360026d937f	바다란엔시 계약소	accepted	db61e00f550ff7f4	Codex	full-ko-20261006	2026-10-06	全量本機候選；未經母語者審閱；韓文普通空白採 8 px；窗口與正式包另驗
SHOPTAB#71.3	823cfb68ce73ff44	키타다이 약국	accepted	60b3f3077da55924	Codex	full-ko-20261006	2026-10-06	全量本機候選；未經母語者審閱；韓文普通空白採 8 px；窗口與正式包另驗
SHOPTAB#71.4	687840b6fec49419	키시리아 병원	accepted	eb829c7f0590f745	Codex	full-ko-20261006	2026-10-06	全量本機候選；未經母語者審閱；韓文普通空白採 8 px；窗口與正式包另驗
SHOPTAB#71.5	68a584b89b5f6e88	바다란엔시 도구점	accepted	d80324bcd0695198	Codex	full-ko-20261006	2026-10-06	全量本機候選；未經母語者審閱；韓文普通空白採 8 px；窗口與正式包另驗
SHOPTAB#71.6	b770c14a204a63e6	시고미아 술집	accepted	ba8db66c3ab9163a	Codex	full-ko-20261006	2026-10-06	全量本機候選；未經母語者審閱；韓文普通空白採 8 px；窗口與正式包另驗
SHOPTAB#71.7	c339cafeadf6c231	상점７	accepted	bbd7071aa1232306	Codex	full-ko-20261006	2026-10-06	全量本機候選；未經母語者審閱；韓文普通空白採 8 px；窗口與正式包另驗
SHOPTAB#72.0	ad030bc58dbd669f	상점０	accepted	46632b2dd87b69dd	Codex	full-ko-20261006	2026-10-06	全量本機候選；未經母語者審閱；韓文普通空白採 8 px；窗口與正式包另驗
SHOPTAB#72.1	de2f39ceef3f318c	상점１	accepted	627dc6836cc655bf	Codex	full-ko-20261006	2026-10-06	全量本機候選；未經母語者審閱；韓文普通空白採 8 px；窗口與正式包另驗
SHOPTAB#72.2	8559054e97b9c24b	상점２	accepted	95ce7f2279165232	Codex	full-ko-20261006	2026-10-06	全量本機候選；未經母語者審閱；韓文普通空白採 8 px；窗口與正式包另驗
SHOPTAB#72.3	44fc7f12a916fd0a	상점３	accepted	3db6799c89e474e8	Codex	full-ko-20261006	2026-10-06	全量本機候選；未經母語者審閱；韓文普通空白採 8 px；窗口與正式包另驗
SHOPTAB#72.4	0b2d5cbbe7490515	상점４	accepted	22478466e4b46e7e	Codex	full-ko-20261006	2026-10-06	全量本機候選；未經母語者審閱；韓文普通空白採 8 px；窗口與正式包另驗
SHOPTAB#72.5	47f6bc387e7bcb26	상점５	accepted	c3dc6fd0be75b8bc	Codex	full-ko-20261006	2026-10-06	全量本機候選；未經母語者審閱；韓文普通空白採 8 px；窗口與正式包另驗
SHOPTAB#72.6	d3625a6681e4211b	상점６	accepted	df10d2171b480685	Codex	full-ko-20261006	2026-10-06	全量本機候選；未經母語者審閱；韓文普通空白採 8 px；窗口與正式包另驗
SHOPTAB#72.7	c339cafeadf6c231	상점７	accepted	bbd7071aa1232306	Codex	full-ko-20261006	2026-10-06	全量本機候選；未經母語者審閱；韓文普通空白採 8 px；窗口與正式包另驗
SHOPTAB#73.0	2138bbcf36a4871e	제무타 무기점	accepted	f7a2f59403a720c1	Codex	full-ko-20261006	2026-10-06	全量本機候選；未經母語者審閱；韓文普通空白採 8 px；窗口與正式包另驗
SHOPTAB#73.1	5df9e8ce39a8c394	바레루 방어구점	accepted	76079616713273eb	Codex	full-ko-20261006	2026-10-06	全量本機候選；未經母語者審閱；韓文普通空白採 8 px；窗口與正式包另驗
SHOPTAB#73.2	f1e9dfd4d5b36680	사와아 계약소	accepted	417638c7abdbe4c6	Codex	full-ko-20261006	2026-10-06	全量本機候選；未經母語者審閱；韓文普通空白採 8 px；窗口與正式包另驗
SHOPTAB#73.3	07db3ec07a0e0b06	아카오라 약국	accepted	91ffdeeecb7f235c	Codex	full-ko-20261006	2026-10-06	全量本機候選；未經母語者審閱；韓文普通空白採 8 px；窗口與正式包另驗
SHOPTAB#73.4	ca36a54209b6ef58	라모기아이엔 항공기점	accepted	b164fb359ccfb127	Codex	full-ko-20261006	2026-10-06	全量本機候選；未經母語者審閱；韓文普通空白採 8 px；窗口與正式包另驗
SHOPTAB#73.5	2b2927f0ed9fd5ce	비이노키아 술집	accepted	2162b4161a0ccd49	Codex	full-ko-20261006	2026-10-06	全量本機候選；未經母語者審閱；韓文普通空白採 8 px；窗口與正式包另驗
SHOPTAB#73.6	d3625a6681e4211b	상점６	accepted	df10d2171b480685	Codex	full-ko-20261006	2026-10-06	全量本機候選；未經母語者審閱；韓文普通空白採 8 px；窗口與正式包另驗
SHOPTAB#73.7	c339cafeadf6c231	상점７	accepted	bbd7071aa1232306	Codex	full-ko-20261006	2026-10-06	全量本機候選；未經母語者審閱；韓文普通空白採 8 px；窗口與正式包另驗
SHOPTAB#74.0	7c4ff1cfb27502e0	비사마트 무기점	accepted	9498695187614ab4	Codex	full-ko-20261006	2026-10-06	全量本機候選；未經母語者審閱；韓文普通空白採 8 px；窗口與正式包另驗
SHOPTAB#74.1	f950ffd1950c6377	룬아이스 방어구점	accepted	132f97b966674b67	Codex	full-ko-20261006	2026-10-06	全量本機候選；未經母語者審閱；韓文普通空白採 8 px；窗口與正式包另驗
SHOPTAB#74.2	629068ba723ab95f	바다아기아 계약소	accepted	26a15923b944a64d	Codex	full-ko-20261006	2026-10-06	全量本機候選；未經母語者審閱；韓文普通空白採 8 px；窗口與正式包另驗
SHOPTAB#74.3	10ebff07b6fc8e56	미가이와 약국	accepted	8c3b4cd8e3030a34	Codex	full-ko-20261006	2026-10-06	全量本機候選；未經母語者審閱；韓文普通空白採 8 px；窗口與正式包另驗
SHOPTAB#74.4	2439396d7cfaa527	카이무데 병원	accepted	8d5187b32b87b7b3	Codex	full-ko-20261006	2026-10-06	全量本機候選；未經母語者審閱；韓文普通空白採 8 px；窗口與正式包另驗
SHOPTAB#74.5	3ce92d7ccb1f2df6	루키아스 도구점	accepted	c3de1b04d63b27ba	Codex	full-ko-20261006	2026-10-06	全量本機候選；未經母語者審閱；韓文普通空白採 8 px；窗口與正式包另驗
SHOPTAB#74.6	8224829ada3cbf1d	스피노 술집	accepted	9af4b5a74f9cc9c0	Codex	full-ko-20261006	2026-10-06	全量本機候選；未經母語者審閱；韓文普通空白採 8 px；窗口與正式包另驗
SHOPTAB#74.7	9f531d0c85353b1f	라키나이스 전차점	accepted	72a55ed9c407502b	Codex	full-ko-20261006	2026-10-06	全量本機候選；未經母語者審閱；韓文普通空白採 8 px；窗口與正式包另驗
SHOPTAB#75.0	b461c0c5681c45b4	바즈이키엔 무기점	accepted	328312502836bc35	Codex	full-ko-20261006	2026-10-06	全量本機候選；未經母語者審閱；韓文普通空白採 8 px；窗口與正式包另驗
SHOPTAB#75.1	d10fecf4a8c99e01	레미아스시 방어구점	accepted	2d928add71a008d6	Codex	full-ko-20261006	2026-10-06	全量本機候選；未經母語者審閱；韓文普通空白採 8 px；窗口與正式包另驗
SHOPTAB#75.2	2ac6448963601c28	바즈이키엔 계약소	accepted	135a46af7961ebb2	Codex	full-ko-20261006	2026-10-06	全量本機候選；未經母語者審閱；韓文普通空白採 8 px；窗口與正式包另驗
SHOPTAB#75.3	f157d556382bbd9d	나이사레스 병원	accepted	19655dfd021544c3	Codex	full-ko-20261006	2026-10-06	全量本機候選；未經母語者審閱；韓文普通空白採 8 px；窗口與正式包另驗
SHOPTAB#75.4	8f0e5683fa0e3746	와이아에 약국	accepted	029f46f8819ca80c	Codex	full-ko-20261006	2026-10-06	全量本機候選；未經母語者審閱；韓文普通空白採 8 px；窗口與正式包另驗
SHOPTAB#75.5	6e625d841f1c8257	노레다 술집	accepted	e2151bc03098f09b	Codex	full-ko-20261006	2026-10-06	全量本機候選；未經母語者審閱；韓文普通空白採 8 px；窗口與正式包另驗
SHOPTAB#75.6	d3625a6681e4211b	상점６	accepted	df10d2171b480685	Codex	full-ko-20261006	2026-10-06	全量本機候選；未經母語者審閱；韓文普通空白採 8 px；窗口與正式包另驗
SHOPTAB#75.7	c339cafeadf6c231	상점７	accepted	bbd7071aa1232306	Codex	full-ko-20261006	2026-10-06	全量本機候選；未經母語者審閱；韓文普通空白採 8 px；窗口與正式包另驗
SHOPTAB#76.0	ad030bc58dbd669f	상점０	accepted	46632b2dd87b69dd	Codex	full-ko-20261006	2026-10-06	全量本機候選；未經母語者審閱；韓文普通空白採 8 px；窗口與正式包另驗
SHOPTAB#76.1	de2f39ceef3f318c	상점１	accepted	627dc6836cc655bf	Codex	full-ko-20261006	2026-10-06	全量本機候選；未經母語者審閱；韓文普通空白採 8 px；窗口與正式包另驗
SHOPTAB#76.2	8559054e97b9c24b	상점２	accepted	95ce7f2279165232	Codex	full-ko-20261006	2026-10-06	全量本機候選；未經母語者審閱；韓文普通空白採 8 px；窗口與正式包另驗
SHOPTAB#76.3	44fc7f12a916fd0a	상점３	accepted	3db6799c89e474e8	Codex	full-ko-20261006	2026-10-06	全量本機候選；未經母語者審閱；韓文普通空白採 8 px；窗口與正式包另驗
SHOPTAB#76.4	0b2d5cbbe7490515	상점４	accepted	22478466e4b46e7e	Codex	full-ko-20261006	2026-10-06	全量本機候選；未經母語者審閱；韓文普通空白採 8 px；窗口與正式包另驗
SHOPTAB#76.5	47f6bc387e7bcb26	상점５	accepted	c3dc6fd0be75b8bc	Codex	full-ko-20261006	2026-10-06	全量本機候選；未經母語者審閱；韓文普通空白採 8 px；窗口與正式包另驗
SHOPTAB#76.6	d3625a6681e4211b	상점６	accepted	df10d2171b480685	Codex	full-ko-20261006	2026-10-06	全量本機候選；未經母語者審閱；韓文普通空白採 8 px；窗口與正式包另驗
SHOPTAB#76.7	c339cafeadf6c231	상점７	accepted	bbd7071aa1232306	Codex	full-ko-20261006	2026-10-06	全量本機候選；未經母語者審閱；韓文普通空白採 8 px；窗口與正式包另驗
SHOPTAB#77.0	ad030bc58dbd669f	상점０	accepted	46632b2dd87b69dd	Codex	full-ko-20261006	2026-10-06	全量本機候選；未經母語者審閱；韓文普通空白採 8 px；窗口與正式包另驗
SHOPTAB#77.1	de2f39ceef3f318c	상점１	accepted	627dc6836cc655bf	Codex	full-ko-20261006	2026-10-06	全量本機候選；未經母語者審閱；韓文普通空白採 8 px；窗口與正式包另驗
SHOPTAB#77.2	8559054e97b9c24b	상점２	accepted	95ce7f2279165232	Codex	full-ko-20261006	2026-10-06	全量本機候選；未經母語者審閱；韓文普通空白採 8 px；窗口與正式包另驗
SHOPTAB#77.3	44fc7f12a916fd0a	상점３	accepted	3db6799c89e474e8	Codex	full-ko-20261006	2026-10-06	全量本機候選；未經母語者審閱；韓文普通空白採 8 px；窗口與正式包另驗
SHOPTAB#77.4	0b2d5cbbe7490515	상점４	accepted	22478466e4b46e7e	Codex	full-ko-20261006	2026-10-06	全量本機候選；未經母語者審閱；韓文普通空白採 8 px；窗口與正式包另驗
SHOPTAB#77.5	47f6bc387e7bcb26	상점５	accepted	c3dc6fd0be75b8bc	Codex	full-ko-20261006	2026-10-06	全量本機候選；未經母語者審閱；韓文普通空白採 8 px；窗口與正式包另驗
SHOPTAB#77.6	d3625a6681e4211b	상점６	accepted	df10d2171b480685	Codex	full-ko-20261006	2026-10-06	全量本機候選；未經母語者審閱；韓文普通空白採 8 px；窗口與正式包另驗
SHOPTAB#77.7	c339cafeadf6c231	상점７	accepted	bbd7071aa1232306	Codex	full-ko-20261006	2026-10-06	全量本機候選；未經母語者審閱；韓文普通空白採 8 px；窗口與正式包另驗
SHOPTAB#78.0	48985380b7c1f0cd	프루다 무기점	accepted	1c7bc9113f48274a	Codex	full-ko-20261006	2026-10-06	全量本機候選；未經母語者審閱；韓文普通空白採 8 px；窗口與正式包另驗
SHOPTAB#78.1	1896b9a625b33f24	사즈와바스 방어구점	accepted	bdd13b665acd93cb	Codex	full-ko-20261006	2026-10-06	全量本機候選；未經母語者審閱；韓文普通空白採 8 px；窗口與正式包另驗
SHOPTAB#78.2	5614c40240c8dd30	타트노다 계약소	accepted	4af8aae57e34366d	Codex	full-ko-20261006	2026-10-06	全量本機候選；未經母語者審閱；韓文普通空白採 8 px；窗口與正式包另驗
SHOPTAB#78.3	9aec382579adaaf0	바엔디아 약국	accepted	1d4d548ded2af8f9	Codex	full-ko-20261006	2026-10-06	全量本機候選；未經母語者審閱；韓文普通空白採 8 px；窗口與正式包另驗
SHOPTAB#78.4	09d994f83f7db2ca	트켄즈아 도구점	accepted	6e20bbd2d9076081	Codex	full-ko-20261006	2026-10-06	全量本機候選；未經母語者審閱；韓文普通空白採 8 px；窗口與正式包另驗
SHOPTAB#78.5	6126b0ac7266b3a5	사레아키 술집	accepted	0c1d2605e8ab7023	Codex	full-ko-20261006	2026-10-06	全量本機候選；未經母語者審閱；韓文普通空白採 8 px；窗口與正式包另驗
SHOPTAB#78.6	d3625a6681e4211b	상점６	accepted	df10d2171b480685	Codex	full-ko-20261006	2026-10-06	全量本機候選；未經母語者審閱；韓文普通空白採 8 px；窗口與正式包另驗
SHOPTAB#78.7	c339cafeadf6c231	상점７	accepted	bbd7071aa1232306	Codex	full-ko-20261006	2026-10-06	全量本機候選；未經母語者審閱；韓文普通空白採 8 px；窗口與正式包另驗
SHOPTAB#79.0	84663bb3521c350d	카니와 계약소	accepted	61a7916acce61774	Codex	full-ko-20261006	2026-10-06	全量本機候選；未經母語者審閱；韓文普通空白採 8 px；窗口與正式包另驗
SHOPTAB#79.1	14117df9b7fecbe6	코하이디루 계약소	accepted	0c77fe80e96c3d24	Codex	full-ko-20261006	2026-10-06	全量本機候選；未經母語者審閱；韓文普通空白採 8 px；窗口與正式包另驗
SHOPTAB#79.2	a00e4d4bfb2216d1	아라모니 대포점	accepted	c1662e7a990b897d	Codex	full-ko-20261006	2026-10-06	全量本機候選；未經母語者審閱；韓文普通空白採 8 px；窗口與正式包另驗
SHOPTAB#79.3	e1678ef5e22a0b51	제프라엔 전차점	accepted	fbdb52eaa78c2625	Codex	full-ko-20261006	2026-10-06	全量本機候選；未經母語者審閱；韓文普通空白採 8 px；窗口與正式包另驗
SHOPTAB#79.4	f5df2e1a70cfed69	브룬란엔시 약국	accepted	476fbc6683311ad1	Codex	full-ko-20261006	2026-10-06	全量本機候選；未經母語者審閱；韓文普通空白採 8 px；窗口與正式包另驗
SHOPTAB#79.5	64cb77dbc1f9edac	브룬란엔시 도구점	accepted	0b9294d0d52e9ccf	Codex	full-ko-20261006	2026-10-06	全量本機候選；未經母語者審閱；韓文普通空白採 8 px；窗口與正式包另驗
SHOPTAB#79.6	16e95593aeae4cab	기이프루 술집	accepted	cbce1308b5d2e670	Codex	full-ko-20261006	2026-10-06	全量本機候選；未經母語者審閱；韓文普通空白採 8 px；窗口與正式包另驗
SHOPTAB#79.7	c339cafeadf6c231	상점７	accepted	bbd7071aa1232306	Codex	full-ko-20261006	2026-10-06	全量本機候選；未經母語者審閱；韓文普通空白採 8 px；窗口與正式包另驗
SHOPTAB#80.0	7777a1b3082ecd75	오리아엔 무기점	accepted	33dca16634752678	Codex	full-ko-20261006	2026-10-06	全量本機候選；未經母語者審閱；韓文普通空白採 8 px；窗口與正式包另驗
SHOPTAB#80.1	89aa42ab444ae4f9	키시다시루 방어구점	accepted	317b0b9d6f1704fe	Codex	full-ko-20261006	2026-10-06	全量本機候選；未經母語者審閱；韓文普通空白採 8 px；窗口與正式包另驗
SHOPTAB#80.2	543c0fb838672b97	소미디이나이 계약소	accepted	f41ec1b5b62784c9	Codex	full-ko-20261006	2026-10-06	全量本機候選；未經母語者審閱；韓文普通空白採 8 px；窗口與正式包另驗
SHOPTAB#80.3	ac62d6197f118df2	아만시 약국	accepted	3784943bd5384bdf	Codex	full-ko-20261006	2026-10-06	全量本機候選；未經母語者審閱；韓文普通空白採 8 px；窗口與正式包另驗
SHOPTAB#80.4	ef927a56014daaa8	아만시 도구점	accepted	7a5e9e0913ae8aab	Codex	full-ko-20261006	2026-10-06	全量本機候選；未經母語者審閱；韓文普通空白採 8 px；窗口與正式包另驗
SHOPTAB#80.5	496d2ed8ed422c48	나이타나오 술집	accepted	6180f6dc17de19ad	Codex	full-ko-20261006	2026-10-06	全量本機候選；未經母語者審閱；韓文普通空白採 8 px；窗口與正式包另驗
SHOPTAB#80.6	d3625a6681e4211b	상점６	accepted	df10d2171b480685	Codex	full-ko-20261006	2026-10-06	全量本機候選；未經母語者審閱；韓文普通空白採 8 px；窗口與正式包另驗
SHOPTAB#80.7	c339cafeadf6c231	상점７	accepted	bbd7071aa1232306	Codex	full-ko-20261006	2026-10-06	全量本機候選；未經母語者審閱；韓文普通空白採 8 px；窗口與正式包另驗
SHOPTAB#81.0	61e5dc35d602601c	디이타프 무기점	accepted	2dbdc42b7d358ff7	Codex	full-ko-20261006	2026-10-06	全量本機候選；未經母語者審閱；韓文普通空白採 8 px；窗口與正式包另驗
SHOPTAB#81.1	0be3b85c7ea2c4b3	아이모스 무기점	accepted	a9c548a8520a8b9b	Codex	full-ko-20261006	2026-10-06	全量本機候選；未經母語者審閱；韓文普通空白採 8 px；窗口與正式包另驗
SHOPTAB#81.2	553acc12c3735eb8	타엔디 방어구점	accepted	f752a5504e613aa8	Codex	full-ko-20261006	2026-10-06	全量本機候選；未經母語者審閱；韓文普通空白採 8 px；窗口與正式包另驗
SHOPTAB#81.3	90392ae1949d1d5b	시시다 방어구점	accepted	27c86dc96958818e	Codex	full-ko-20261006	2026-10-06	全量本機候選；未經母語者審閱；韓文普通空白採 8 px；窗口與正式包另驗
SHOPTAB#81.4	39f9495c4203aaeb	가이제 계약소	accepted	5a32ac5a41b21668	Codex	full-ko-20261006	2026-10-06	全量本機候選；未經母語者審閱；韓文普通空白採 8 px；窗口與正式包另驗
SHOPTAB#81.5	f010a02bfd662644	디이리 병원	accepted	019a15ea0fb04549	Codex	full-ko-20261006	2026-10-06	全量本機候選；未經母語者審閱；韓文普通空白採 8 px；窗口與正式包另驗
SHOPTAB#81.6	1999c098e8dca640	아레이무 항공기점	accepted	d93de642323d5bad	Codex	full-ko-20261006	2026-10-06	全量本機候選；未經母語者審閱；韓文普通空白採 8 px；窗口與正式包另驗
SHOPTAB#81.7	50dea9eda36ccb60	허메스 술집	accepted	98bf0e7e17b0c1cf	Codex	full-ko-20261006	2026-10-06	全量本機候選；未經母語者審閱；韓文普通空白採 8 px；窗口與正式包另驗
SHOPTAB#82.0	11842774b3884628	아미룬트 요새 술집	accepted	afdb3a8206458729	Codex	full-ko-20261006	2026-10-06	全量本機候選；未經母語者審閱；韓文普通空白採 8 px；窗口與正式包另驗
SHOPTAB#82.1	de2f39ceef3f318c	상점１	accepted	627dc6836cc655bf	Codex	full-ko-20261006	2026-10-06	全量本機候選；未經母語者審閱；韓文普通空白採 8 px；窗口與正式包另驗
SHOPTAB#82.2	8559054e97b9c24b	상점２	accepted	95ce7f2279165232	Codex	full-ko-20261006	2026-10-06	全量本機候選；未經母語者審閱；韓文普通空白採 8 px；窗口與正式包另驗
SHOPTAB#82.3	44fc7f12a916fd0a	상점３	accepted	3db6799c89e474e8	Codex	full-ko-20261006	2026-10-06	全量本機候選；未經母語者審閱；韓文普通空白採 8 px；窗口與正式包另驗
SHOPTAB#82.4	0b2d5cbbe7490515	상점４	accepted	22478466e4b46e7e	Codex	full-ko-20261006	2026-10-06	全量本機候選；未經母語者審閱；韓文普通空白採 8 px；窗口與正式包另驗
SHOPTAB#82.5	47f6bc387e7bcb26	상점５	accepted	c3dc6fd0be75b8bc	Codex	full-ko-20261006	2026-10-06	全量本機候選；未經母語者審閱；韓文普通空白採 8 px；窗口與正式包另驗
SHOPTAB#82.6	d3625a6681e4211b	상점６	accepted	df10d2171b480685	Codex	full-ko-20261006	2026-10-06	全量本機候選；未經母語者審閱；韓文普通空白採 8 px；窗口與正式包另驗
SHOPTAB#82.7	c339cafeadf6c231	상점７	accepted	bbd7071aa1232306	Codex	full-ko-20261006	2026-10-06	全量本機候選；未經母語者審閱；韓文普通空白採 8 px；窗口與正式包另驗
SHOPTAB#83.0	f9dac9bfef493fb2	사스이스 무기점	accepted	322afc572c977347	Codex	full-ko-20261006	2026-10-06	全量本機候選；未經母語者審閱；韓文普通空白採 8 px；窗口與正式包另驗
SHOPTAB#83.1	23d405a7795cbdf8	유트샤즈 방어구점	accepted	7393b749e4587159	Codex	full-ko-20261006	2026-10-06	全量本機候選；未經母語者審閱；韓文普通空白採 8 px；窗口與正式包另驗
SHOPTAB#83.2	96541a7add360b09	베리오카 계약소	accepted	53eeba4ced7141e9	Codex	full-ko-20261006	2026-10-06	全量本機候選；未經母語者審閱；韓文普通空白採 8 px；窗口與正式包另驗
SHOPTAB#83.3	66685ae1ec8f4206	노키아라 계약소	accepted	92d229a3061a9eb0	Codex	full-ko-20261006	2026-10-06	全量本機候選；未經母語者審閱；韓文普通空白採 8 px；窗口與正式包另驗
SHOPTAB#83.4	7fd8739d01dccde8	구리아시 약국	accepted	e32f83f25de5a759	Codex	full-ko-20261006	2026-10-06	全量本機候選；未經母語者審閱；韓文普通空白採 8 px；窗口與正式包另驗
SHOPTAB#83.5	62b1646c22405ec3	구리아시 도구점	accepted	3b4071413aad6797	Codex	full-ko-20261006	2026-10-06	全量本機候選；未經母語者審閱；韓文普通空白採 8 px；窗口與正式包另驗
SHOPTAB#83.6	9a625ddee9b281ea	리와 술집	accepted	07182a62d4c981a1	Codex	full-ko-20261006	2026-10-06	全量本機候選；未經母語者審閱；韓文普通空白採 8 px；窗口與正式包另驗
SHOPTAB#83.7	c339cafeadf6c231	상점７	accepted	bbd7071aa1232306	Codex	full-ko-20261006	2026-10-06	全量本機候選；未經母語者審閱；韓文普通空白採 8 px；窗口與正式包另驗
SHOPTAB#84.0	ad030bc58dbd669f	상점０	accepted	46632b2dd87b69dd	Codex	full-ko-20261006	2026-10-06	全量本機候選；未經母語者審閱；韓文普通空白採 8 px；窗口與正式包另驗
SHOPTAB#84.1	de2f39ceef3f318c	상점１	accepted	627dc6836cc655bf	Codex	full-ko-20261006	2026-10-06	全量本機候選；未經母語者審閱；韓文普通空白採 8 px；窗口與正式包另驗
SHOPTAB#84.2	8559054e97b9c24b	상점２	accepted	95ce7f2279165232	Codex	full-ko-20261006	2026-10-06	全量本機候選；未經母語者審閱；韓文普通空白採 8 px；窗口與正式包另驗
SHOPTAB#84.3	44fc7f12a916fd0a	상점３	accepted	3db6799c89e474e8	Codex	full-ko-20261006	2026-10-06	全量本機候選；未經母語者審閱；韓文普通空白採 8 px；窗口與正式包另驗
SHOPTAB#84.4	0b2d5cbbe7490515	상점４	accepted	22478466e4b46e7e	Codex	full-ko-20261006	2026-10-06	全量本機候選；未經母語者審閱；韓文普通空白採 8 px；窗口與正式包另驗
SHOPTAB#84.5	47f6bc387e7bcb26	상점５	accepted	c3dc6fd0be75b8bc	Codex	full-ko-20261006	2026-10-06	全量本機候選；未經母語者審閱；韓文普通空白採 8 px；窗口與正式包另驗
SHOPTAB#84.6	d3625a6681e4211b	상점６	accepted	df10d2171b480685	Codex	full-ko-20261006	2026-10-06	全量本機候選；未經母語者審閱；韓文普通空白採 8 px；窗口與正式包另驗
SHOPTAB#84.7	c339cafeadf6c231	상점７	accepted	bbd7071aa1232306	Codex	full-ko-20261006	2026-10-06	全量本機候選；未經母語者審閱；韓文普通空白採 8 px；窗口與正式包另驗
SHOPTAB#85.0	ad030bc58dbd669f	상점０	accepted	46632b2dd87b69dd	Codex	full-ko-20261006	2026-10-06	全量本機候選；未經母語者審閱；韓文普通空白採 8 px；窗口與正式包另驗
SHOPTAB#85.1	de2f39ceef3f318c	상점１	accepted	627dc6836cc655bf	Codex	full-ko-20261006	2026-10-06	全量本機候選；未經母語者審閱；韓文普通空白採 8 px；窗口與正式包另驗
SHOPTAB#85.2	8559054e97b9c24b	상점２	accepted	95ce7f2279165232	Codex	full-ko-20261006	2026-10-06	全量本機候選；未經母語者審閱；韓文普通空白採 8 px；窗口與正式包另驗
SHOPTAB#85.3	44fc7f12a916fd0a	상점３	accepted	3db6799c89e474e8	Codex	full-ko-20261006	2026-10-06	全量本機候選；未經母語者審閱；韓文普通空白採 8 px；窗口與正式包另驗
SHOPTAB#85.4	0b2d5cbbe7490515	상점４	accepted	22478466e4b46e7e	Codex	full-ko-20261006	2026-10-06	全量本機候選；未經母語者審閱；韓文普通空白採 8 px；窗口與正式包另驗
SHOPTAB#85.5	47f6bc387e7bcb26	상점５	accepted	c3dc6fd0be75b8bc	Codex	full-ko-20261006	2026-10-06	全量本機候選；未經母語者審閱；韓文普通空白採 8 px；窗口與正式包另驗
SHOPTAB#85.6	d3625a6681e4211b	상점６	accepted	df10d2171b480685	Codex	full-ko-20261006	2026-10-06	全量本機候選；未經母語者審閱；韓文普通空白採 8 px；窗口與正式包另驗
SHOPTAB#85.7	c339cafeadf6c231	상점７	accepted	bbd7071aa1232306	Codex	full-ko-20261006	2026-10-06	全量本機候選；未經母語者審閱；韓文普通空白採 8 px；窗口與正式包另驗
SHOPTAB#86.0	ad030bc58dbd669f	상점０	accepted	46632b2dd87b69dd	Codex	full-ko-20261006	2026-10-06	全量本機候選；未經母語者審閱；韓文普通空白採 8 px；窗口與正式包另驗
SHOPTAB#86.1	de2f39ceef3f318c	상점１	accepted	627dc6836cc655bf	Codex	full-ko-20261006	2026-10-06	全量本機候選；未經母語者審閱；韓文普通空白採 8 px；窗口與正式包另驗
SHOPTAB#86.2	8559054e97b9c24b	상점２	accepted	95ce7f2279165232	Codex	full-ko-20261006	2026-10-06	全量本機候選；未經母語者審閱；韓文普通空白採 8 px；窗口與正式包另驗
SHOPTAB#86.3	44fc7f12a916fd0a	상점３	accepted	3db6799c89e474e8	Codex	full-ko-20261006	2026-10-06	全量本機候選；未經母語者審閱；韓文普通空白採 8 px；窗口與正式包另驗
SHOPTAB#86.4	0b2d5cbbe7490515	상점４	accepted	22478466e4b46e7e	Codex	full-ko-20261006	2026-10-06	全量本機候選；未經母語者審閱；韓文普通空白採 8 px；窗口與正式包另驗
SHOPTAB#86.5	47f6bc387e7bcb26	상점５	accepted	c3dc6fd0be75b8bc	Codex	full-ko-20261006	2026-10-06	全量本機候選；未經母語者審閱；韓文普通空白採 8 px；窗口與正式包另驗
SHOPTAB#86.6	d3625a6681e4211b	상점６	accepted	df10d2171b480685	Codex	full-ko-20261006	2026-10-06	全量本機候選；未經母語者審閱；韓文普通空白採 8 px；窗口與正式包另驗
SHOPTAB#86.7	c339cafeadf6c231	상점７	accepted	bbd7071aa1232306	Codex	full-ko-20261006	2026-10-06	全量本機候選；未經母語者審閱；韓文普通空白採 8 px；窗口與正式包另驗
SHOPTAB#87.0	24bd7cf7beb1733d	메카사트 무기점	accepted	b688fec3b8ffe69e	Codex	full-ko-20261006	2026-10-06	全量本機候選；未經母語者審閱；韓文普通空白採 8 px；窗口與正式包另驗
SHOPTAB#87.1	fc67f9c710e1f7ba	시아쿠루 방어구점	accepted	6cfa5ffce37f4d57	Codex	full-ko-20261006	2026-10-06	全量本機候選；未經母語者審閱；韓文普通空白採 8 px；窗口與正式包另驗
SHOPTAB#87.2	266baa2f40f67b42	무레시엔 약국	accepted	279995322b1350a4	Codex	full-ko-20261006	2026-10-06	全量本機候選；未經母語者審閱；韓文普通空白採 8 px；窗口與正式包另驗
SHOPTAB#87.3	c8eb2afddb17b4e4	유리카와 술집	accepted	0484c693670b5279	Codex	full-ko-20261006	2026-10-06	全量本機候選；未經母語者審閱；韓文普通空白採 8 px；窗口與正式包另驗
SHOPTAB#87.4	0b2d5cbbe7490515	상점４	accepted	22478466e4b46e7e	Codex	full-ko-20261006	2026-10-06	全量本機候選；未經母語者審閱；韓文普通空白採 8 px；窗口與正式包另驗
SHOPTAB#87.5	47f6bc387e7bcb26	상점５	accepted	c3dc6fd0be75b8bc	Codex	full-ko-20261006	2026-10-06	全量本機候選；未經母語者審閱；韓文普通空白採 8 px；窗口與正式包另驗
SHOPTAB#87.6	d3625a6681e4211b	상점６	accepted	df10d2171b480685	Codex	full-ko-20261006	2026-10-06	全量本機候選；未經母語者審閱；韓文普通空白採 8 px；窗口與正式包另驗
SHOPTAB#87.7	c339cafeadf6c231	상점７	accepted	bbd7071aa1232306	Codex	full-ko-20261006	2026-10-06	全量本機候選；未經母語者審閱；韓文普通空白採 8 px；窗口與正式包另驗
SHOPTAB#88.0	ad030bc58dbd669f	상점０	accepted	46632b2dd87b69dd	Codex	full-ko-20261006	2026-10-06	全量本機候選；未經母語者審閱；韓文普通空白採 8 px；窗口與正式包另驗
SHOPTAB#88.1	de2f39ceef3f318c	상점１	accepted	627dc6836cc655bf	Codex	full-ko-20261006	2026-10-06	全量本機候選；未經母語者審閱；韓文普通空白採 8 px；窗口與正式包另驗
SHOPTAB#88.2	8559054e97b9c24b	상점２	accepted	95ce7f2279165232	Codex	full-ko-20261006	2026-10-06	全量本機候選；未經母語者審閱；韓文普通空白採 8 px；窗口與正式包另驗
SHOPTAB#88.3	44fc7f12a916fd0a	상점３	accepted	3db6799c89e474e8	Codex	full-ko-20261006	2026-10-06	全量本機候選；未經母語者審閱；韓文普通空白採 8 px；窗口與正式包另驗
SHOPTAB#88.4	0b2d5cbbe7490515	상점４	accepted	22478466e4b46e7e	Codex	full-ko-20261006	2026-10-06	全量本機候選；未經母語者審閱；韓文普通空白採 8 px；窗口與正式包另驗
SHOPTAB#88.5	47f6bc387e7bcb26	상점５	accepted	c3dc6fd0be75b8bc	Codex	full-ko-20261006	2026-10-06	全量本機候選；未經母語者審閱；韓文普通空白採 8 px；窗口與正式包另驗
SHOPTAB#88.6	d3625a6681e4211b	상점６	accepted	df10d2171b480685	Codex	full-ko-20261006	2026-10-06	全量本機候選；未經母語者審閱；韓文普通空白採 8 px；窗口與正式包另驗
SHOPTAB#88.7	c339cafeadf6c231	상점７	accepted	bbd7071aa1232306	Codex	full-ko-20261006	2026-10-06	全量本機候選；未經母語者審閱；韓文普通空白採 8 px；窗口與正式包另驗
SHOPTAB#89.0	5e750bacb95adc7b	이타베루 대포점	accepted	04d42f6d224c8d1a	Codex	full-ko-20261006	2026-10-06	全量本機候選；未經母語者審閱；韓文普通空白採 8 px；窗口與正式包另驗
SHOPTAB#89.1	b167a6f156d29231	이트시루 대포점	accepted	51533775fd3354a7	Codex	full-ko-20261006	2026-10-06	全量本機候選；未經母語者審閱；韓文普通空白採 8 px；窗口與正式包另驗
SHOPTAB#89.2	267bcf7ccf8b0243	메리사레이 대포점	accepted	6ce27db11856c98c	Codex	full-ko-20261006	2026-10-06	全量本機候選；未經母語者審閱；韓文普通空白採 8 px；窗口與正式包另驗
SHOPTAB#89.3	2dcc407215fe9d67	디나지가이 대포점	accepted	3b33b9b523332cad	Codex	full-ko-20261006	2026-10-06	全量本機候選；未經母語者審閱；韓文普通空白採 8 px；窗口與正式包另驗
SHOPTAB#89.4	00fa1e5da67c8b1d	데샤이 대포점	accepted	fd69ef954575abb9	Codex	full-ko-20261006	2026-10-06	全量本機候選；未經母語者審閱；韓文普通空白採 8 px；窗口與正式包另驗
SHOPTAB#89.5	b54698e0fdbdf83c	카지이 대포점	accepted	cfbf1dadc5a118a4	Codex	full-ko-20261006	2026-10-06	全量本機候選；未經母語者審閱；韓文普通空白採 8 px；窗口與正式包另驗
SHOPTAB#89.6	3ed8f5327471df20	로리이오스 대포점	accepted	a890a3f31ff7be19	Codex	full-ko-20261006	2026-10-06	全量本機候選；未經母語者審閱；韓文普通空白採 8 px；窗口與正式包另驗
SHOPTAB#89.7	c389bd28733c10bf	아기아스 술집	accepted	f407acf4bc3014a6	Codex	full-ko-20261006	2026-10-06	全量本機候選；未經母語者審閱；韓文普通空白採 8 px；窗口與正式包另驗
SHOPTAB#90.0	25b25334999e4c66	로리카디아 항공기점	accepted	a143578107a34175	Codex	full-ko-20261006	2026-10-06	全量本機候選；未經母語者審閱；韓文普通空白採 8 px；窗口與正式包另驗
SHOPTAB#90.1	b29498a34648dc7f	라트키켄 항공기점	accepted	76bfbe5a1215ff79	Codex	full-ko-20261006	2026-10-06	全量本機候選；未經母語者審閱；韓文普通空白採 8 px；窗口與正式包另驗
SHOPTAB#90.2	36a881447d119894	마리아제 항공기점	accepted	a256999fd290cc42	Codex	full-ko-20261006	2026-10-06	全量本機候選；未經母語者審閱；韓文普通空白採 8 px；窗口與正式包另驗
SHOPTAB#90.3	c2c6ac9eafb50f8c	나구이트 항공기점	accepted	d1cfc038ef5f9c0a	Codex	full-ko-20261006	2026-10-06	全量本機候選；未經母語者審閱；韓文普通空白採 8 px；窗口與正式包另驗
SHOPTAB#90.4	7d28c2f731aa0f98	바시이베 항공기점	accepted	0d654e711230931a	Codex	full-ko-20261006	2026-10-06	全量本機候選；未經母語者審閱；韓文普通空白採 8 px；窗口與正式包另驗
SHOPTAB#90.5	912c4989c16da543	디나오아오 항공기점	accepted	a77a45f1855cbf85	Codex	full-ko-20261006	2026-10-06	全量本機候選；未經母語者審閱；韓文普通空白採 8 px；窗口與正式包另驗
SHOPTAB#90.6	9afe944a8504dff1	라기아스 항공기점	accepted	dc0565f2beaa5312	Codex	full-ko-20261006	2026-10-06	全量本機候選；未經母語者審閱；韓文普通空白採 8 px；窗口與正式包另驗
SHOPTAB#90.7	ad28a76d4e6856e3	코시비이노 술집	accepted	8fef60146fae5db2	Codex	full-ko-20261006	2026-10-06	全量本機候選；未經母語者審閱；韓文普通空白採 8 px；窗口與正式包另驗
SHOPTAB#91.0	50554d2353b4a018	로키리다 전차점	accepted	b915e38a659dd8de	Codex	full-ko-20261006	2026-10-06	全量本機候選；未經母語者審閱；韓文普通空白採 8 px；窗口與正式包另驗
SHOPTAB#91.1	89fd3cc7e278652a	카이와나이 전차점	accepted	f799af2616aaffac	Codex	full-ko-20261006	2026-10-06	全量本機候選；未經母語者審閱；韓文普通空白採 8 px；窗口與正式包另驗
SHOPTAB#91.2	59b12ecc3092c8fe	나시무스 전차점	accepted	159ebee58961e39b	Codex	full-ko-20261006	2026-10-06	全量本機候選；未經母語者審閱；韓文普通空白採 8 px；窗口與正式包另驗
SHOPTAB#91.3	dc905545b5b547e4	이무보이 전차점	accepted	43d0ca12d921fea7	Codex	full-ko-20261006	2026-10-06	全量本機候選；未經母語者審閱；韓文普通空白採 8 px；窗口與正式包另驗
SHOPTAB#91.4	87ac619c25e3ca56	루노이제 전차점	accepted	16b0359384efecd3	Codex	full-ko-20261006	2026-10-06	全量本機候選；未經母語者審閱；韓文普通空白採 8 px；窗口與正式包另驗
SHOPTAB#91.5	f1c5d241078fd1bf	라즈시나 전차점	accepted	0c6fa5ebad09e5e2	Codex	full-ko-20261006	2026-10-06	全量本機候選；未經母語者審閱；韓文普通空白採 8 px；窗口與正式包另驗
SHOPTAB#91.6	4ad8bc359f2e8aab	아로니이 전차점	accepted	99a994445351ff16	Codex	full-ko-20261006	2026-10-06	全量本機候選；未經母語者審閱；韓文普通空白採 8 px；窗口與正式包另驗
SHOPTAB#91.7	9c3ce0bdefa9baee	시디메스 술집	accepted	9a62cafa9b63169c	Codex	full-ko-20261006	2026-10-06	全量本機候選；未經母語者審閱；韓文普通空白採 8 px；窗口與正式包另驗
SHOPTAB#92.0	a3ea17ceec99b11b	로미유로 약국	accepted	1e82fffab5f29758	Codex	full-ko-20261006	2026-10-06	全量本機候選；未經母語者審閱；韓文普通空白採 8 px；窗口與正式包另驗
SHOPTAB#92.1	6425080bdb1698a3	하리리제 약국	accepted	c30555392c9a863c	Codex	full-ko-20261006	2026-10-06	全量本機候選；未經母語者審閱；韓文普通空白採 8 px；窗口與正式包另驗
SHOPTAB#92.2	469c57fe42f28ffa	디아디유루 도구점	accepted	35b7d414eb890fc1	Codex	full-ko-20261006	2026-10-06	全量本機候選；未經母語者審閱；韓文普通空白採 8 px；窗口與正式包另驗
SHOPTAB#92.3	dc996a3a5aa19ed3	이다키아 도구점	accepted	7cc913a465689f15	Codex	full-ko-20261006	2026-10-06	全量本機候選；未經母語者審閱；韓文普通空白採 8 px；窗口與正式包另驗
SHOPTAB#92.4	2e4f311af1ef6cc0	타유베 도구점	accepted	3f7bd82cd9db7a19	Codex	full-ko-20261006	2026-10-06	全量本機候選；未經母語者審閱；韓文普通空白採 8 px；窗口與正式包另驗
SHOPTAB#92.5	9b9a677001ca9bf5	루베와스 도구점	accepted	2cfa79e46dd4b7cc	Codex	full-ko-20261006	2026-10-06	全量本機候選；未經母語者審閱；韓文普通空白採 8 px；窗口與正式包另驗
SHOPTAB#92.6	ae476636622c4661	비에루카 병원	accepted	b014fbe36344ca7e	Codex	full-ko-20261006	2026-10-06	全量本機候選；未經母語者審閱；韓文普通空白採 8 px；窗口與正式包另驗
SHOPTAB#92.7	621876a3f47cb4ff	카트에엔 술집	accepted	9487ee09cb39f84d	Codex	full-ko-20261006	2026-10-06	全量本機候選；未經母語者審閱；韓文普通空白採 8 px；窗口與正式包另驗
SHOPTAB#93.0	3d8d3e2e16851d7d	샤라에타 계약소	accepted	833073bf372d6be7	Codex	full-ko-20261006	2026-10-06	全量本機候選；未經母語者審閱；韓文普通空白採 8 px；窗口與正式包另驗
SHOPTAB#93.1	d3e35748abc1c45c	타타비루 계약소	accepted	0a76caa14ab378b3	Codex	full-ko-20261006	2026-10-06	全量本機候選；未經母語者審閱；韓文普通空白採 8 px；窗口與正式包另驗
SHOPTAB#93.2	439e979dec216b36	하바시 계약소	accepted	1e7e1292beed1827	Codex	full-ko-20261006	2026-10-06	全量本機候選；未經母語者審閱；韓文普通空白採 8 px；窗口與正式包另驗
SHOPTAB#93.3	e966452978db3da9	메레나이 계약소	accepted	d9d0cb699558c56c	Codex	full-ko-20261006	2026-10-06	全量本機候選；未經母語者審閱；韓文普通空白採 8 px；窗口與正式包另驗
SHOPTAB#93.4	a47f6ab75f242dd1	디레타이엔 계약소	accepted	5729d3df0fdc40e6	Codex	full-ko-20261006	2026-10-06	全量本機候選；未經母語者審閱；韓文普通空白採 8 px；窗口與正式包另驗
SHOPTAB#93.5	3a996b58d6eb4000	자로타모 계약소	accepted	27d0b2d46c479083	Codex	full-ko-20261006	2026-10-06	全量本機候選；未經母語者審閱；韓文普通空白採 8 px；窗口與正式包另驗
SHOPTAB#93.6	53320cb30ef7d749	라무로 병원	accepted	b4e03d2482af3722	Codex	full-ko-20261006	2026-10-06	全量本機候選；未經母語者審閱；韓文普通空白採 8 px；窗口與正式包另驗
SHOPTAB#93.7	81ddee94746383db	이다에스로 술집	accepted	547adf0e0f369242	Codex	full-ko-20261006	2026-10-06	全量本機候選；未經母語者審閱；韓文普通空白採 8 px；窗口與正式包另驗
SHOPTAB#94.0	ea8b43927ca0072e	카데즈시가이 계약소	accepted	53fca16251a56de1	Codex	full-ko-20261006	2026-10-06	全量本機候選；未經母語者審閱；韓文普通空白採 8 px；窗口與正式包另驗
SHOPTAB#94.1	82f941e003704678	라바나이룬타 계약소	accepted	e670334ffe17eb67	Codex	full-ko-20261006	2026-10-06	全量本機候選；未經母語者審閱；韓文普通空白採 8 px；窗口與正式包另驗
SHOPTAB#94.2	5f976061dd886dbf	구룬스다아 계약소	accepted	508e5d33690cc51f	Codex	full-ko-20261006	2026-10-06	全量本機候選；未經母語者審閱；韓文普通空白採 8 px；窗口與正式包另驗
SHOPTAB#94.3	0fde96b74160985b	베루 계약소	accepted	dcac3be18405ba05	Codex	full-ko-20261006	2026-10-06	全量本機候選；未經母語者審閱；韓文普通空白採 8 px；窗口與正式包另驗
SHOPTAB#94.4	21f12fe1b8ae16bb	소아트엔 계약소	accepted	d3dcdee1431e6de4	Codex	full-ko-20261006	2026-10-06	全量本機候選；未經母語者審閱；韓文普通空白採 8 px；窗口與正式包另驗
SHOPTAB#94.5	c2fe7010e8ad40df	프라켄엔 계약소	accepted	4d03dec7883c2b59	Codex	full-ko-20261006	2026-10-06	全量本機候選；未經母語者審閱；韓文普通空白採 8 px；窗口與正式包另驗
SHOPTAB#94.6	7856b2f93cd09b05	레예아 병원	accepted	d9f1900731c4d876	Codex	full-ko-20261006	2026-10-06	全量本機候選；未經母語者審閱；韓文普通空白採 8 px；窗口與正式包另驗
SHOPTAB#94.7	f6916d1fc40f0484	카데다루 술집	accepted	59fffaddb3d4b8a8	Codex	full-ko-20261006	2026-10-06	全量本機候選；未經母語者審閱；韓文普通空白採 8 px；窗口與正式包另驗
SHOPTAB#95.0	b9228e1de3159168	룬제루파 방어구점	accepted	a1cf335d0e4d02ab	Codex	full-ko-20261006	2026-10-06	全量本機候選；未經母語者審閱；韓文普通空白採 8 px；窗口與正式包另驗
SHOPTAB#95.1	c482bb0ab0246025	룬이하루파 방어구점	accepted	00335cb314abc672	Codex	full-ko-20261006	2026-10-06	全量本機候選；未經母語者審閱；韓文普通空白採 8 px；窗口與正式包另驗
SHOPTAB#95.2	bd728df45f3b0616	에루마디스 방어구점	accepted	9dacf79538fbaf95	Codex	full-ko-20261006	2026-10-06	全量本機候選；未經母語者審閱；韓文普通空白採 8 px；窗口與正式包另驗
SHOPTAB#95.3	a5b79db9b4bc4bc5	데키구루노 방어구점	accepted	129d8b5ea11f266e	Codex	full-ko-20261006	2026-10-06	全量本機候選；未經母語者審閱；韓文普通空白採 8 px；窗口與正式包另驗
SHOPTAB#95.4	56804641671db671	프룬마키스 방어구점	accepted	5c41b06e8ee14884	Codex	full-ko-20261006	2026-10-06	全量本機候選；未經母語者審閱；韓文普通空白採 8 px；窗口與正式包另驗
SHOPTAB#95.5	680fc76ccbfe90b0	키시사 방어구점	accepted	ef84340bd8afc701	Codex	full-ko-20261006	2026-10-06	全量本機候選；未經母語者審閱；韓文普通空白採 8 px；窗口與正式包另驗
SHOPTAB#95.6	398cb06bea413f99	세이나이르 방어구점	accepted	61984ee719666392	Codex	full-ko-20261006	2026-10-06	全量本機候選；未經母語者審閱；韓文普通空白採 8 px；窗口與正式包另驗
SHOPTAB#95.7	8bffdfe757aa8918	하룬스커트 술집	accepted	d22547470cba56f2	Codex	full-ko-20261006	2026-10-06	全量本機候選；未經母語者審閱；韓文普通空白採 8 px；窗口與正式包另驗
SHOPTAB#96.0	e6988455a38b24e0	세이나이르 무기점	accepted	963ed88292f7e746	Codex	full-ko-20261006	2026-10-06	全量本機候選；未經母語者審閱；韓文普通空白採 8 px；窗口與正式包另驗
SHOPTAB#96.1	a5d87024426effaf	구루로엔니크 무기점	accepted	69effce4010c9595	Codex	full-ko-20261006	2026-10-06	全量本機候選；未經母語者審閱；韓文普通空白採 8 px；窗口與正式包另驗
SHOPTAB#96.2	18aea4b0e45da252	허리바룬 무기점	accepted	a022d84d896802c3	Codex	full-ko-20261006	2026-10-06	全量本機候選；未經母語者審閱；韓文普通空白採 8 px；窗口與正式包另驗
SHOPTAB#96.3	5152dcfdf1a03f6b	루시루 무기점	accepted	ee1a6c0841778238	Codex	full-ko-20261006	2026-10-06	全量本機候選；未經母語者審閱；韓文普通空白採 8 px；窗口與正式包另驗
SHOPTAB#96.4	3cbb8407b10a14eb	루디스 무기점	accepted	acc2c4748eed7037	Codex	full-ko-20261006	2026-10-06	全量本機候選；未經母語者審閱；韓文普通空白採 8 px；窗口與正式包另驗
SHOPTAB#96.5	79635d8651a8e682	바레엔다이르 무기점	accepted	fe623e62d1289b28	Codex	full-ko-20261006	2026-10-06	全量本機候選；未經母語者審閱；韓文普通空白採 8 px；窗口與正式包另驗
SHOPTAB#96.6	3ccafdbc43545a1b	라메디 무기점	accepted	9564ccd5682259f9	Codex	full-ko-20261006	2026-10-06	全量本機候選；未經母語者審閱；韓文普通空白採 8 px；窗口與正式包另驗
SHOPTAB#96.7	27490d88f9827130	세이시루 술집	accepted	7c7a0d373f6efd7e	Codex	full-ko-20261006	2026-10-06	全量本機候選；未經母語者審閱；韓文普通空白採 8 px；窗口與正式包另驗
SHOPTAB#97.0	7356d28340b8b50d	키우트 무기점	accepted	09da1218c406c39c	Codex	full-ko-20261006	2026-10-06	全量本機候選；未經母語者審閱；韓文普通空白採 8 px；窗口與正式包另驗
SHOPTAB#97.1	e22bfb205f86a628	브라트 방어구점	accepted	b3567b1ea3573755	Codex	full-ko-20261006	2026-10-06	全量本機候選；未經母語者審閱；韓文普通空白採 8 px；窗口與正式包另驗
SHOPTAB#97.2	bbcb054046bcc8a5	루레드모 계약소	accepted	cc784265f5c23f84	Codex	full-ko-20261006	2026-10-06	全量本機候選；未經母語者審閱；韓文普通空白採 8 px；窗口與正式包另驗
SHOPTAB#97.3	f860f8489aa71d0f	리마스노 항공기점	accepted	95b0a6794cb65c63	Codex	full-ko-20261006	2026-10-06	全量本機候選；未經母語者審閱；韓文普通空白採 8 px；窗口與正式包另驗
SHOPTAB#97.4	14d8d137710f0078	나이다노 전차점	accepted	0d07f6391c512398	Codex	full-ko-20261006	2026-10-06	全量本機候選；未經母語者審閱；韓文普通空白採 8 px；窗口與正式包另驗
SHOPTAB#97.5	7ed3e525379b4c6d	방엔다 대포점	accepted	f06adbd424c93540	Codex	full-ko-20261006	2026-10-06	全量本機候選；未經母語者審閱；韓文普通空白採 8 px；窗口與正式包另驗
SHOPTAB#97.6	a7344617d2d7707f	리다카 병원	accepted	c10c696fd3731863	Codex	full-ko-20261006	2026-10-06	全量本機候選；未經母語者審閱；韓文普通空白採 8 px；窗口與正式包另驗
SHOPTAB#97.7	7a6e5eddbc3a934c	샤데모 술집	accepted	15730dc724342996	Codex	full-ko-20261006	2026-10-06	全量本機候選；未經母語者審閱；韓文普通空白採 8 px；窗口與正式包另驗
SHOPTAB#98.0	ad030bc58dbd669f	상점０	accepted	46632b2dd87b69dd	Codex	full-ko-20261006	2026-10-06	全量本機候選；未經母語者審閱；韓文普通空白採 8 px；窗口與正式包另驗
SHOPTAB#98.1	de2f39ceef3f318c	상점１	accepted	627dc6836cc655bf	Codex	full-ko-20261006	2026-10-06	全量本機候選；未經母語者審閱；韓文普通空白採 8 px；窗口與正式包另驗
SHOPTAB#98.2	8559054e97b9c24b	상점２	accepted	95ce7f2279165232	Codex	full-ko-20261006	2026-10-06	全量本機候選；未經母語者審閱；韓文普通空白採 8 px；窗口與正式包另驗
SHOPTAB#98.3	44fc7f12a916fd0a	상점３	accepted	3db6799c89e474e8	Codex	full-ko-20261006	2026-10-06	全量本機候選；未經母語者審閱；韓文普通空白採 8 px；窗口與正式包另驗
SHOPTAB#98.4	0b2d5cbbe7490515	상점４	accepted	22478466e4b46e7e	Codex	full-ko-20261006	2026-10-06	全量本機候選；未經母語者審閱；韓文普通空白採 8 px；窗口與正式包另驗
SHOPTAB#98.5	47f6bc387e7bcb26	상점５	accepted	c3dc6fd0be75b8bc	Codex	full-ko-20261006	2026-10-06	全量本機候選；未經母語者審閱；韓文普通空白採 8 px；窗口與正式包另驗
SHOPTAB#98.6	d3625a6681e4211b	상점６	accepted	df10d2171b480685	Codex	full-ko-20261006	2026-10-06	全量本機候選；未經母語者審閱；韓文普通空白採 8 px；窗口與正式包另驗
SHOPTAB#98.7	c339cafeadf6c231	상점７	accepted	bbd7071aa1232306	Codex	full-ko-20261006	2026-10-06	全量本機候選；未經母語者審閱；韓文普通空白採 8 px；窗口與正式包另驗
