id	src_sha256	text	status	acc_sha	by	batch	date	note
ESPMES#44.0	66e4e742ccb873b2	从金库拿取隐藏之金。	accepted	6e84254c92a0d44e	Codex	full-20261006	2026-10-06	ICU 72 簡體轉換候選；保留原意；未經使用者接受及母語者審閱；正式採用限制另驗
ESPMES#44.1	93d4ba4b8120f1cd	部队名［%s］　武器%2d　防具%2d\n等级　　　%02d　%02d　%02d\nＬC%1d　S%03d　H%03d　\n１C%1d　S%03d　H%03d　２C%1d　S%03d　H%03d\n３C%1d　S%03d　H%03d　４C%1d　S%03d　H%03d\n５C%1d　S%03d　H%03d　６C%1d　S%03d　H%03d\n７C%1d　S%03d　H%03d　８C%1d　S%03d　H%03d\n９C%1d　S%03d　H%03d　ＡC%1d　S%03d　H%03d\n	accepted	07514f71c1946cb5	Codex	full-20261006	2026-10-06	ICU 72 簡體轉換候選；保留原意；未經使用者接受及母語者審閱；正式採用限制另驗
ESPMES#44.2	93d4ba4b8120f1cd	部队名［%s］　武器%2d　防具%2d\n等级　　　%02d　%02d　%02d\nＬC%1d　S%03d　H%03d　\n１C%1d　S%03d　H%03d　２C%1d　S%03d　H%03d\n３C%1d　S%03d　H%03d　４C%1d　S%03d　H%03d\n５C%1d　S%03d　H%03d　６C%1d　S%03d　H%03d\n７C%1d　S%03d　H%03d　８C%1d　S%03d　H%03d\n９C%1d　S%03d　H%03d　ＡC%1d　S%03d　H%03d\n	accepted	07514f71c1946cb5	Codex	full-20261006	2026-10-06	ICU 72 簡體轉換候選；保留原意；未經使用者接受及母語者審閱；正式採用限制另驗
ESPMES#116.0	254fe3bff53b89e4	莫诺迪南多的身边跑来了一位单身的妙女郎‥	accepted	59e6a52176a7f84b	Codex	full-20261006	2026-10-06	ICU 72 簡體轉換候選；保留原意；未經使用者接受及母語者審閱；正式採用限制另驗
ESPMES#116.1	1699fac5a57af466	你是莫诺迪南多先生吗？\n	accepted	e3fbdebc25328580	Codex	full-20261006	2026-10-06	ICU 72 簡體轉換候選；保留原意；未經使用者接受及母語者審閱；正式採用限制另驗
ESPMES#116.2	b1a4fffbbabf0bb0	初见面你好。\n我是由世界银行所派遣而来的蕾琪‧法儿诗特派专员	accepted	879eaca4c0682a86	Codex	full-20261006	2026-10-06	ICU 72 簡體轉換候選；保留原意；未經使用者接受及母語者審閱；正式採用限制另驗
ESPMES#116.3	021f16cb076e58d5	从现在开始每周都由我来负责收回那10000000Ｇ的债务金额的分期偿还的款项。	accepted	7a437d402e114a11	Codex	full-20261006	2026-10-06	ICU 72 簡體轉換候選；保留原意；未經使用者接受及母語者審閱；正式採用限制另驗
ESPMES#116.4	0b4827312f1077b7	我们这里每周最低的偿还金额是5000Ｇ。\n没有能力偿还的时侯、根据契约内容将会增加偿还的金额。	accepted	a720f524b27e0baf	Codex	full-20261006	2026-10-06	ICU 72 簡體轉換候選；保留原意；未經使用者接受及母語者審閱；正式採用限制另驗
ESPMES#116.5	eba3056f35a65d8c	好了！从下个星期开始就开始实行了请千万不要忘了先前准备好5000Ｇ的金额。	accepted	a075f0703b446cfa	Codex	full-20261006	2026-10-06	ICU 72 簡體轉換候選；保留原意；未經使用者接受及母語者審閱；正式採用限制另驗
ESPMES#116.6	7f2b62116ad22d5e	还请多多指教！\n	accepted	c627c7037f532a72	Codex	full-20261006	2026-10-06	ICU 72 簡體轉換候選；保留原意；未經使用者接受及母語者審閱；正式採用限制另驗
ESPMES#116.7	f8ea35c40fcf0f2d	那么就下个星期再见了。\n	accepted	2141e5900312ecfa	Codex	full-20261006	2026-10-06	ICU 72 簡體轉換候選；保留原意；未經使用者接受及母語者審閱；正式採用限制另驗
ESPMES#116.8	ea573de80d0a1524	蕾琪‧法儿诗特派员又跑来找莫诺迪南多了‥	accepted	6b53433b4092980e	Codex	full-20261006	2026-10-06	ICU 72 簡體轉換候選；保留原意；未經使用者接受及母語者審閱；正式採用限制另驗
ESPMES#116.9	84abfc89cbabd478	到了约定好的星期～　　\n那么可以偿还所欠的金额了吧！	accepted	d2882a54bc14bf57	Codex	full-20261006	2026-10-06	ICU 72 簡體轉換候選；保留原意；未經使用者接受及母語者審閱；正式採用限制另驗
ESPMES#116.10	e17a7b4cf67b79f1	怎么样？有没有钱呢？	accepted	f47ee1d5cd4fdb30	Codex	full-20261006	2026-10-06	ICU 72 簡體轉換候選；保留原意；未經使用者接受及母語者審閱；正式採用限制另驗
ESPMES#116.11	f00b2d8fd32a2eb7	假如你不每星期多少偿还一些的话！这些债务是永远也还不完的。‥那么、这个星期打算偿还多少的金额呢？	accepted	f57bef3c94de6b77	Codex	full-20261006	2026-10-06	ICU 72 簡體轉換候選；保留原意；未經使用者接受及母語者審閱；正式採用限制另驗
ESPMES#116.12	a3331ff8977ec33d	啰！5000Ｇ。\nＴＨＡＮＫＳ	accepted	9639a2c5e63ce844	Codex	full-20261006	2026-10-06	ICU 72 簡體轉換候選；保留原意；未經使用者接受及母語者審閱；正式採用限制另驗
ESPMES#116.13	d2766a48fa8cff2b	这就对了、能够早一天把债务偿还清是最好不过了。\n	accepted	f038d2e41e28a781	Codex	full-20261006	2026-10-06	ICU 72 簡體轉換候選；保留原意；未經使用者接受及母語者審閱；正式採用限制另驗
ESPMES#116.14	eaf4bbb7aeea9d08	没错、确实收到了10000Ｇ。\n	accepted	fbd4b2789c38a40f	Codex	full-20261006	2026-10-06	ICU 72 簡體轉換候選；保留原意；未經使用者接受及母語者審閱；正式採用限制另驗
ESPMES#116.15	9cdc0627e86722b0	这星期是20000Ｇ‥\n	accepted	fbd3a591c4da6d12	Codex	full-20261006	2026-10-06	ICU 72 簡體轉換候選；保留原意；未經使用者接受及母語者審閱；正式採用限制另驗
ESPMES#116.16	defab2a7e4a600f8	这星期是50000Ｇ‥\n	accepted	36a3ba7f636e86ce	Codex	full-20261006	2026-10-06	ICU 72 簡體轉換候選；保留原意；未經使用者接受及母語者審閱；正式採用限制另驗
ESPMES#116.17	a713236686d694d7	嗨！\n要还100000Ｇ吗？\n好像还蛮不错的嘛！	accepted	80ab590f7a2f19d5	Codex	full-20261006	2026-10-06	ICU 72 簡體轉換候選；保留原意；未經使用者接受及母語者審閱；正式採用限制另驗
ESPMES#116.18	40f8741dbc99ea64	确实收到了100000Ｇ。	accepted	531f3d5a9804a666	Codex	full-20261006	2026-10-06	ICU 72 簡體轉換候選；保留原意；未經使用者接受及母語者審閱；正式採用限制另驗
ESPMES#116.19	a79d5f86e8f7efe1	哇！\n打算还200000Ｇ？\n看来混得不错喔！	accepted	c9d46448a7ca5a34	Codex	full-20261006	2026-10-06	ICU 72 簡體轉換候選；保留原意；未經使用者接受及母語者審閱；正式採用限制另驗
ESPMES#116.20	0bef343aead62fa8	确实收到了200000Ｇ。	accepted	0a41c0edaa66c985	Codex	full-20261006	2026-10-06	ICU 72 簡體轉換候選；保留原意；未經使用者接受及母語者審閱；正式採用限制另驗
ESPMES#116.21	6ab9dc236f705985	哇！\n打算还500000Ｇ？\n看来景气不错喔。	accepted	38064b3027466645	Codex	full-20261006	2026-10-06	ICU 72 簡體轉換候選；保留原意；未經使用者接受及母語者審閱；正式採用限制另驗
ESPMES#116.22	4f33d9b465429728	确实收到了500000Ｇ。	accepted	2d83f0f988614e0a	Codex	full-20261006	2026-10-06	ICU 72 簡體轉換候選；保留原意；未經使用者接受及母語者審閱；正式採用限制另驗
ESPMES#116.23	f9ef18f044bc44b9	哇！\n打算还1000000Ｇ？\n看来景气相当不错喔。	accepted	f413b492a35cc325	Codex	full-20261006	2026-10-06	ICU 72 簡體轉換候選；保留原意；未經使用者接受及母語者審閱；正式採用限制另驗
ESPMES#116.24	d1aa53e07efbc4ac	确实收到了1000000Ｇ。	accepted	b0d40197685e03eb	Codex	full-20261006	2026-10-06	ICU 72 簡體轉換候選；保留原意；未經使用者接受及母語者審閱；正式採用限制另驗
ESPMES#116.25	ece5f63629d1559e	哇！\n要还2000000Ｇ？\n看来景气相当不错。	accepted	e6f4feb06b4d736c	Codex	full-20261006	2026-10-06	ICU 72 簡體轉換候選；保留原意；未經使用者接受及母語者審閱；正式採用限制另驗
ESPMES#116.26	0e4dbab95bf4c218	确实收到了2000000Ｇ。	accepted	5c19fe8a714a2506	Codex	full-20261006	2026-10-06	ICU 72 簡體轉換候選；保留原意；未經使用者接受及母語者審閱；正式採用限制另驗
ESPMES#116.27	f4220a8835cf5678	哇！\n打算一次还5000000Ｇ？\n不得了！不得了！	accepted	705c6d22bc164790	Codex	full-20261006	2026-10-06	ICU 72 簡體轉換候選；保留原意；未經使用者接受及母語者審閱；正式採用限制另驗
ESPMES#116.28	2d84829d2b6f4128	确实收到了5000000Ｇ。	accepted	1933ce3a6f37a7b2	Codex	full-20261006	2026-10-06	ICU 72 簡體轉換候選；保留原意；未經使用者接受及母語者審閱；正式採用限制另驗
ESPMES#116.29	bf2d78d7b856553d	哇塞！\n一口气还10000000Ｇ？\n简直是天方夜谭。	accepted	b97fe2cff91dcb01	Codex	full-20261006	2026-10-06	ICU 72 簡體轉換候選；保留原意；未經使用者接受及母語者審閱；正式採用限制另驗
ESPMES#116.30	f9bd19f597d62206	确确实实收到了10000000Ｇ。\n	accepted	df2d0e8dd5b508fe	Codex	full-20261006	2026-10-06	ICU 72 簡體轉換候選；保留原意；未經使用者接受及母語者審閱；正式採用限制另驗
ESPMES#116.31	508b61f84adfddf4	咦？不是说好了每星期最少还5000Ｇ的吗？	accepted	ed133d6c4b0f439e	Codex	full-20261006	2026-10-06	ICU 72 簡體轉換候選；保留原意；未經使用者接受及母語者審閱；正式採用限制另驗
ESPMES#116.32	4eae2c9233b33f85	那就要依照契约多加100000Ｇ的违约金。	accepted	9b1d45a045ee78d4	Codex	full-20261006	2026-10-06	ICU 72 簡體轉換候選；保留原意；未經使用者接受及母語者審閱；正式採用限制另驗
ESPMES#116.33	c5964feb5aa1c4e7	噢？稍微让我想一下？嗯‥	accepted	ee4e88145c4268a4	Codex	full-20261006	2026-10-06	ICU 72 簡體轉換候選；保留原意；未經使用者接受及母語者審閱；正式採用限制另驗
ESPMES#116.34	c29a82b2deacc9ab	请等一下‥	accepted	6b89c642587ddd99	Codex	full-20261006	2026-10-06	ICU 72 簡體轉換候選；保留原意；未經使用者接受及母語者審閱；正式採用限制另驗
ESPMES#116.35	2a43199d140fc6b6	现在、经我确实计算‥嗯。一点也没错。你的债款已没有了‥。	accepted	8041c722fd787ad0	Codex	full-20261006	2026-10-06	ICU 72 簡體轉換候選；保留原意；未經使用者接受及母語者審閱；正式採用限制另驗
ESPMES#116.36	aff65cf0d29e7773	债款契约。	accepted	1a0864f78869008d	Codex	full-20261006	2026-10-06	ICU 72 簡體轉換候選；保留原意；未經使用者接受及母語者審閱；正式採用限制另驗
ESPMES#116.37	950cb54b6fa95b4c	还剩下债务金额%ldＧ。下个星期也要加油喔！	accepted	bd5d2ff2c35d7ab2	Codex	full-20261006	2026-10-06	ICU 72 簡體轉換候選；保留原意；未經使用者接受及母語者審閱；正式採用限制另驗
ESPMES#116.38	607425d0e6995d5e	什～么！想要跟我耍赖？\n不还钱‥我的这些打手可不是吃饱没事干的。	accepted	ecc92ad4baedb27a	Codex	full-20261006	2026-10-06	ICU 72 簡體轉換候選；保留原意；未經使用者接受及母語者審閱；正式採用限制另驗
ESPMES#116.39	daf3e4def3b2b8bb	咦？你已经受伤了还想跟我抵抗是不可能的。\n还是放弃吧！	accepted	bdfa1706b5972642	Codex	full-20261006	2026-10-06	ICU 72 簡體轉換候選；保留原意；未經使用者接受及母語者審閱；正式採用限制另驗
ESPMES#116.40	eca2caf8008cbf9a	哈哈～要挑战看看吗。	accepted	deb52cb6f95723bd	Codex	full-20261006	2026-10-06	ICU 72 簡體轉換候選；保留原意；未經使用者接受及母語者審閱；正式採用限制另驗
ESPMES#116.41	ceb05084f101b7ec	你们这些家伙、尝尝我的厉害！	accepted	485f3174a0a4fb28	Codex	full-20261006	2026-10-06	ICU 72 簡體轉換候選；保留原意；未經使用者接受及母語者審閱；正式採用限制另驗
ESPMES#116.42	3dfa112fa24e8d33	这些打手还真是混饭吃的‥\n下个星期再带更强的打手来、你等着瞧！	accepted	137e0a525234ec40	Codex	full-20261006	2026-10-06	ICU 72 簡體轉換候選；保留原意；未經使用者接受及母語者審閱；正式採用限制另驗
ESPMES#116.43	ac8ca31a39f0de51	下个星期一定没这么简单！	accepted	38e5eacf84703229	Codex	full-20261006	2026-10-06	ICU 72 簡體轉換候選；保留原意；未經使用者接受及母語者審閱；正式採用限制另驗
ESPMES#116.44	92901115c179e649	老老实实把钱交出来吧！\n	accepted	4597526b530760c7	Codex	full-20261006	2026-10-06	ICU 72 簡體轉換候選；保留原意；未經使用者接受及母語者審閱；正式採用限制另驗
ESPMES#117.0	2c24ff90a07e56b0	听说你们还蛮厉害的。怎么样、把%s运到%s的话给你%ldＧ的酬劳。	accepted	935b80d20e2b0087	Codex	full-20261006	2026-10-06	ICU 72 簡體轉換候選；保留原意；未經使用者接受及母語者審閱；正式採用限制另驗
ESPMES#117.1	751298d1f464c46d	期限为%d日。\n提前完成的话、酬金加倍。\n	accepted	67494d579e30b0a6	Codex	full-20261006	2026-10-06	ICU 72 簡體轉換候選；保留原意；未經使用者接受及母語者審閱；正式採用限制另驗
ESPMES#117.2	f76656c25cd05004	还不错吧！要不要试试看？	accepted	8bd707cf65571d65	Codex	full-20261006	2026-10-06	ICU 72 簡體轉換候選；保留原意；未經使用者接受及母語者審閱；正式採用限制另驗
ESPMES#117.3	ad855390c9807ab8	那么、赶快开始吧。\n酬劳到了之后付给你。	accepted	446a6df3ba41e88f	Codex	full-20261006	2026-10-06	ICU 72 簡體轉換候選；保留原意；未經使用者接受及母語者審閱；正式採用限制另驗
ESPMES#117.4	09c683b0d7e72173	这样子啊！那我也没什么好说了。	accepted	e78e2474356f71b0	Codex	full-20261006	2026-10-06	ICU 72 簡體轉換候選；保留原意；未經使用者接受及母語者審閱；正式採用限制另驗
ESPMES#117.5	149d1452e91e442d	阿兵哥、阿兵哥。有点事　　拜托一下‥\n	accepted	2562b939cbccb5c9	Codex	full-20261006	2026-10-06	ICU 72 簡體轉換候選；保留原意；未經使用者接受及母語者審閱；正式採用限制另驗
ESPMES#117.6	555b248a842b9d52	%d日后之前、\n把%s送到%s可不可以？	accepted	26e85986be8c54cf	Codex	full-20261006	2026-10-06	ICU 72 簡體轉換候選；保留原意；未經使用者接受及母語者審閱；正式採用限制另驗
ESPMES#117.7	7d5672d6d67502ec	有酬劳给你的。\n付你%ldＧ。\n要不要接受呢？	accepted	efca4f531f6c8cb2	Codex	full-20261006	2026-10-06	ICU 72 簡體轉換候選；保留原意；未經使用者接受及母語者審閱；正式採用限制另驗
ESPMES#117.8	d87f499ee9688139	太好了、你接受了。\n那么、一切都拜托你了。	accepted	9187e89013e36534	Codex	full-20261006	2026-10-06	ICU 72 簡體轉換候選；保留原意；未經使用者接受及母語者審閱；正式採用限制另驗
ESPMES#117.9	b48d05014a048c31	是这样子啊、真的没有办法接受‥\n太可惜了‥	accepted	fc06ce57711f88db	Codex	full-20261006	2026-10-06	ICU 72 簡體轉換候選；保留原意；未經使用者接受及母語者審閱；正式採用限制另驗
ESPMES#117.10	5985f5c5a4097d72	年轻人、见到你来真是太好了。\n能不能帮一下我这遭遇困难的人呢？	accepted	112de9295012c1c8	Codex	full-20261006	2026-10-06	ICU 72 簡體轉換候選；保留原意；未經使用者接受及母語者審閱；正式採用限制另驗
ESPMES#117.11	810f52eac14f5575	想请你帮忙的是这个。\n%d日后之前、%s运送到%s那里。	accepted	9dddaa4c3e1c1cb7	Codex	full-20261006	2026-10-06	ICU 72 簡體轉換候選；保留原意；未經使用者接受及母語者審閱；正式採用限制另驗
ESPMES#117.12	44574b3fe7fa7515	在这个不平静的年头、我实在无能为力。请无论如何帮帮忙‥\n报酬是%ldＧ。	accepted	39906c106cdb16aa	Codex	full-20261006	2026-10-06	ICU 72 簡體轉換候選；保留原意；未經使用者接受及母語者審閱；正式採用限制另驗
ESPMES#117.13	947916e043627a29	如何呢、可以帮我这个忙吗？	accepted	789aee19cbbaaeb3	Codex	full-20261006	2026-10-06	ICU 72 簡體轉換候選；保留原意；未經使用者接受及母語者審閱；正式採用限制另驗
ESPMES#117.14	2fa6c5ca668ab47d	你肯帮我这个忙！\n	accepted	02709c42b2620f70	Codex	full-20261006	2026-10-06	ICU 72 簡體轉換候選；保留原意；未經使用者接受及母語者審閱；正式採用限制另驗
ESPMES#117.15	c9968dfd7e4eba32	谢谢你、年轻人。\n你的恩情我不会忘记的！	accepted	3a33cc15969b3064	Codex	full-20261006	2026-10-06	ICU 72 簡體轉換候選；保留原意；未經使用者接受及母語者審閱；正式採用限制另驗
ESPMES#117.16	fe6c08489c92f3d1	无法帮这个忙‥\n这也是没办法的事‥	accepted	97f82b02b4308fde	Codex	full-20261006	2026-10-06	ICU 72 簡體轉換候選；保留原意；未經使用者接受及母語者審閱；正式採用限制另驗
ESPMES#117.17	02ca11eb189ae60f	哈～哈、来的太好了。\n刚好、有一件十分适合的工作。\n当然、这也是因为我的原故？	accepted	0e4cc0fe1cee16f2	Codex	full-20261006	2026-10-06	ICU 72 簡體轉換候選；保留原意；未經使用者接受及母語者審閱；正式採用限制另驗
ESPMES#117.18	0962c7a8f4e97f93	嘻嘻、当然啦。\n像妳这么可爱的小姐。	accepted	6b6a1c4c052eb8e7	Codex	full-20261006	2026-10-06	ICU 72 簡體轉換候選；保留原意；未經使用者接受及母語者審閱；正式採用限制另驗
ESPMES#117.19	31207ed8e045f99c	？　　当作没听到。\n居然这世上会有拒绝我的家伙存在。\n	accepted	780fce71f0545375	Codex	full-20261006	2026-10-06	ICU 72 簡體轉換候選；保留原意；未經使用者接受及母語者審閱；正式採用限制另驗
ESPMES#117.20	1fb7a0750801ec8d	嘻嘻！那么、我就告诉你。	accepted	fc61b033f94c735c	Codex	full-20261006	2026-10-06	ICU 72 簡體轉換候選；保留原意；未經使用者接受及母語者審閱；正式採用限制另驗；依同句語境修正簡中固定詞及原稿錯字；來源位元組不改
ESPMES#117.21	14e0d3c55d8c305c	把%s运送到%s那里。	accepted	2012513079e13fc6	Codex	full-20261006	2026-10-06	ICU 72 簡體轉換候選；保留原意；未經使用者接受及母語者審閱；正式採用限制另驗
ESPMES#117.22	055f7a3a4c084b28	当然要在%d日以内。	accepted	dbdda6145558d91e	Codex	full-20261006	2026-10-06	ICU 72 簡體轉換候選；保留原意；未經使用者接受及母語者審閱；正式採用限制另驗
ESPMES#117.23	6564d8f6e5a08d51	给你%ldＧ的酬劳。\n喂！同意吗？	accepted	8274b32bafa52b8a	Codex	full-20261006	2026-10-06	ICU 72 簡體轉換候選；保留原意；未經使用者接受及母語者審閱；正式採用限制另驗
ESPMES#117.24	4cd2f01272bf8852	嘻嘻！谢啦。\n喂！赶快去吧。	accepted	b0692411d2660aff	Codex	full-20261006	2026-10-06	ICU 72 簡體轉換候選；保留原意；未經使用者接受及母語者審閱；正式採用限制另驗
ESPMES#117.25	9c13483ae0a8287d	什么？\n竟然拒绝我？	accepted	c5a03a738a963924	Codex	full-20261006	2026-10-06	ICU 72 簡體轉換候選；保留原意；未經使用者接受及母語者審閱；正式採用限制另驗
ESPMES#117.26	49563c46b7c573b6	真是气死我了！\n赶快给我滚吧！	accepted	adc9b799941e77f5	Codex	full-20261006	2026-10-06	ICU 72 簡體轉換候選；保留原意；未經使用者接受及母語者審閱；正式採用限制另驗
ESPMES#117.27	039e3f6674ccf06e	有没有人想找事情做呢？	accepted	c41620f5db463cde	Codex	full-20261006	2026-10-06	ICU 72 簡體轉換候選；保留原意；未經使用者接受及母語者審閱；正式採用限制另驗
ESPMES#117.28	0b2d2a5b7ed74a61	总算有人了！\n无论如何、请把这个%s运送到%s去。	accepted	5b9ccaf88a36543c	Codex	full-20261006	2026-10-06	ICU 72 簡體轉換候選；保留原意；未經使用者接受及母語者審閱；正式採用限制另驗
ESPMES#117.29	3dc2b9f1b358b32d	这个不赶快运去是不行的‥可是、我又无能为力‥	accepted	72a6b9eea6815b6b	Codex	full-20261006	2026-10-06	ICU 72 簡體轉換候選；保留原意；未經使用者接受及母語者審閱；正式採用限制另驗
ESPMES#117.30	a49a4247b9c79288	%d日后一定要运送到达‥\n会付你%ldＧ的酬金。\n	accepted	6346bb9f7cf51ce9	Codex	full-20261006	2026-10-06	ICU 72 簡體轉換候選；保留原意；未經使用者接受及母語者審閱；正式採用限制另驗
ESPMES#117.31	1a122a452ad61bb1	谢谢你、总算有人肯帮我这个忙了。\n	accepted	c77bb943984ec285	Codex	full-20261006	2026-10-06	ICU 72 簡體轉換候選；保留原意；未經使用者接受及母語者審閱；正式採用限制另驗
ESPMES#117.32	bea046325afcab49	这这真是太‥遗憾了‥	accepted	58d181b60874d830	Codex	full-20261006	2026-10-06	ICU 72 簡體轉換候選；保留原意；未經使用者接受及母語者審閱；正式採用限制另驗
ESPMES#117.33	fbc30ca9db003e66	我、我这下完蛋了！\n有没有人可以帮帮我这个可怜人一下‥	accepted	5cab33273de3a2fb	Codex	full-20261006	2026-10-06	ICU 72 簡體轉換候選；保留原意；未經使用者接受及母語者審閱；正式採用限制另驗
ESPMES#117.34	019e0daf2dcd9941	‥说好了要把这%s拿给人家的‥可是我又没办法去%s那里。	accepted	6844184c20f409aa	Codex	full-20261006	2026-10-06	ICU 72 簡體轉換候選；保留原意；未經使用者接受及母語者審閱；正式採用限制另驗
ESPMES#117.35	f869166edf5d3f1c	我愿付%ldＧ的酬劳‥不过在%d日后之前一定要送到不可。	accepted	cefe415cb8dc3e2d	Codex	full-20261006	2026-10-06	ICU 72 簡體轉換候選；保留原意；未經使用者接受及母語者審閱；正式採用限制另驗
ESPMES#117.36	a67b564ee1d9db8a	可以接受这个任务吗？	accepted	2206011f8e37b41c	Codex	full-20261006	2026-10-06	ICU 72 簡體轉換候選；保留原意；未經使用者接受及母語者審閱；正式採用限制另驗
ESPMES#117.37	7f38eb80957a2d1b	真是太好了！\n那么一切就拜托你了。	accepted	a2503f0c5a649b30	Codex	full-20261006	2026-10-06	ICU 72 簡體轉換候選；保留原意；未經使用者接受及母語者審閱；正式採用限制另驗
ESPMES#117.38	4978fafac8b36395	这样子啊‥\n这下子我要怎么办才好‥	accepted	9219552aac323892	Codex	full-20261006	2026-10-06	ICU 72 簡體轉換候選；保留原意；未經使用者接受及母語者審閱；正式採用限制另驗
ESPMES#117.39	d308d382b46928f7	太好了、终于到达了。	accepted	e8ca8216324cf7ec	Codex	full-20261006	2026-10-06	ICU 72 簡體轉換候選；保留原意；未經使用者接受及母語者審閱；正式採用限制另驗
ESPMES#117.40	8fa2db0f21b6b0f0	报酬%ldＧ。\n拿去吧。	accepted	41095c86838451a9	Codex	full-20261006	2026-10-06	ICU 72 簡體轉換候選；保留原意；未經使用者接受及母語者審閱；正式採用限制另驗
ESPMES#117.41	3a8364c2926329ee	哈哈、终于送到了。这个、这些是你的报酬。	accepted	6d4dad9a17b1bab9	Codex	full-20261006	2026-10-06	ICU 72 簡體轉換候選；保留原意；未經使用者接受及母語者審閱；正式採用限制另驗
ESPMES#117.42	6c0aee57dbbc08e2	别客气、请拿去吧。	accepted	50280add95ad5f26	Codex	full-20261006	2026-10-06	ICU 72 簡體轉換候選；保留原意；未經使用者接受及母語者審閱；正式採用限制另驗
ESPMES#117.43	e60ef487ba1d9679	总算送到了！\n真是谢谢你！\n这样子我就得救了！	accepted	325aff4901d504f3	Codex	full-20261006	2026-10-06	ICU 72 簡體轉換候選；保留原意；未經使用者接受及母語者審閱；正式採用限制另驗
ESPMES#117.44	2834de525cc1770b	等了好久喔。\n不过、总算遵守约定‥	accepted	3d5e64fca7ecf2a6	Codex	full-20261006	2026-10-06	ICU 72 簡體轉換候選；保留原意；未經使用者接受及母語者審閱；正式採用限制另驗
ESPMES#117.45	7ac02e0d86eb04e9	依照约定付你酬劳。\n这是%ldＧ。\n	accepted	9ca98b93b9aa1ebf	Codex	full-20261006	2026-10-06	ICU 72 簡體轉換候選；保留原意；未經使用者接受及母語者審閱；正式採用限制另驗
ESPMES#117.46	f4614f1de94db946	总算送到了！\n十分的感谢你！	accepted	9ecd011e82f16528	Codex	full-20261006	2026-10-06	ICU 72 簡體轉換候選；保留原意；未經使用者接受及母語者審閱；正式採用限制另驗
ESPMES#117.47	eeb83349d2c4d479	嗨、\n这些是你应得的酬劳。请收下吧。	accepted	a56aac79203e2952	Codex	full-20261006	2026-10-06	ICU 72 簡體轉換候選；保留原意；未經使用者接受及母語者審閱；正式採用限制另驗
ESPMES#117.48	5ef3ff6e8b5482ac	真的万分感激！\n为了我‥谢谢‥	accepted	786797a1a337ffe5	Codex	full-20261006	2026-10-06	ICU 72 簡體轉換候選；保留原意；未經使用者接受及母語者審閱；正式採用限制另驗
ESPMES#117.49	0217aaca3e94a192	‥我不会忘记这个恩情的‥\n这是说好的酬金。	accepted	d45ed46a2c965685	Codex	full-20261006	2026-10-06	ICU 72 簡體轉換候選；保留原意；未經使用者接受及母語者審閱；正式採用限制另驗
ESPMES#117.50	22810ed87b861250	%ldＧ、请你收下吧。	accepted	61506b03923c213a	Codex	full-20261006	2026-10-06	ICU 72 簡體轉換候選；保留原意；未經使用者接受及母語者審閱；正式採用限制另驗
ESPMES#117.51	55411b612097dd90	好慢！太慢了！\n不可原谅！要赔偿违约金！	accepted	a01426f79a845ebf	Codex	full-20261006	2026-10-06	ICU 72 簡體轉換候選；保留原意；未經使用者接受及母語者審閱；正式採用限制另驗
ESPMES#117.52	9546d742e26ced89	像你们这些没用的家伙是要给点教训。喂、赔我%ldＧ。	accepted	898ea122adfed675	Codex	full-20261006	2026-10-06	ICU 72 簡體轉換候選；保留原意；未經使用者接受及母語者審閱；正式採用限制另驗
ESPMES#117.53	51cd2b22f1a19fba	契约已经破弃了。\n你们赶快走吧！	accepted	f393af8a3b9cbbde	Codex	full-20261006	2026-10-06	ICU 72 簡體轉換候選；保留原意；未經使用者接受及母語者審閱；正式採用限制另驗
ESPMES#117.54	7a3d9d9b9302ec8a	真是伤脑筋‥\n既然无法在约定的日期内送达。我当然也无法付给你们酬劳。	accepted	31d138c3830f9aac	Codex	full-20261006	2026-10-06	ICU 72 簡體轉換候選；保留原意；未經使用者接受及母語者審閱；正式採用限制另驗
ESPMES#117.55	10a49b75b35dbd8a	这也是约定好了的。\n那么看看下次还有没有机会吧。	accepted	a599915c2dc9aa69	Codex	full-20261006	2026-10-06	ICU 72 簡體轉換候選；保留原意；未經使用者接受及母語者審閱；正式採用限制另驗
ESPMES#117.56	12637ad857d29a1e	很遗憾。\n我实在没有办法再等下去了。	accepted	77e6c14566743359	Codex	full-20261006	2026-10-06	ICU 72 簡體轉換候選；保留原意；未經使用者接受及母語者審閱；正式採用限制另驗
ESPMES#117.57	b5ff8497f625ec84	谢谢你们的帮忙‥	accepted	4d3b5996a202bfe9	Codex	full-20261006	2026-10-06	ICU 72 簡體轉換候選；保留原意；未經使用者接受及母語者審閱；正式採用限制另驗
ESPMES#117.58	588c2606352cfcb0	哎呀～！	accepted	f5a130af1ae2f6c8	Codex	full-20261006	2026-10-06	ICU 72 簡體轉換候選；保留原意；未經使用者接受及母語者審閱；正式採用限制另驗
ESPMES#117.59	7e82c9f641551fd6	还没有送到？	accepted	985de91c4eb10954	Codex	full-20261006	2026-10-06	ICU 72 簡體轉換候選；保留原意；未經使用者接受及母語者審閱；正式採用限制另驗
ESPMES#117.60	ecb1081322774be0	行了、行了。\n契约就到此结束。\n赶快赔给我违约金、\n然后、那边凉快那边去！	accepted	a72f93e98540a9cd	Codex	full-20261006	2026-10-06	ICU 72 簡體轉換候選；保留原意；未經使用者接受及母語者審閱；正式採用限制另驗
ESPMES#117.61	729df17def82adeb	很遗憾的‥\n这工作再这样继续下去也没什么意义‥	accepted	85723cbdc8312f42	Codex	full-20261006	2026-10-06	ICU 72 簡體轉換候選；保留原意；未經使用者接受及母語者審閱；正式採用限制另驗
ESPMES#117.62	9de43bc98027275f	天啊！已经没有时间了。	accepted	0a6560a91c218c43	Codex	full-20261006	2026-10-06	ICU 72 簡體轉換候選；保留原意；未經使用者接受及母語者審閱；正式採用限制另驗
ESPMES#117.63	2318768b6b0173c8	我很感谢你们的帮忙。\n不过、已经来不及了。	accepted	b52dab1bc0003d77	Codex	full-20261006	2026-10-06	ICU 72 簡體轉換候選；保留原意；未經使用者接受及母語者審閱；正式採用限制另驗
ESPMES#117.64	c242c80e40bccc13	再见吧‥	accepted	5f49694fa60adc47	Codex	full-20261006	2026-10-06	ICU 72 簡體轉換候選；保留原意；未經使用者接受及母語者審閱；正式採用限制另驗
ESPMES#117.65	4e2dcbd10958c824	既然已经接受了工作‥不去%s那边是不行的‥	accepted	c4a3b60c49c08e97	Codex	full-20261006	2026-10-06	ICU 72 簡體轉換候選；保留原意；未經使用者接受及母語者審閱；正式採用限制另驗
ESPMES#117.66	1a5a4c9cc835bc6c	喔！看那沾满血渍的天使、\n让我们来为那些血腥忏悔。这样子我们就能得到上帝的宽恕。	accepted	0a23637b913563a9	Codex	full-20261006	2026-10-06	ICU 72 簡體轉換候選；保留原意；未經使用者接受及母語者審閱；正式採用限制另驗
ESPMES#117.67	e51c53ed58e0d64d	内心善良的战士们、在你们的内心深处、一定要相信神永远会与你们同在。	accepted	ce51a26cb7eae374	Codex	full-20261006	2026-10-06	ICU 72 簡體轉換候選；保留原意；未經使用者接受及母語者審閱；正式採用限制另驗
ESPMES#117.68	6262cd37045ab8dc	士兵们的疲劳恢复了。\n	accepted	e35273736a8dd666	Codex	full-20261006	2026-10-06	ICU 72 簡體轉換候選；保留原意；未經使用者接受及母語者審閱；正式採用限制另驗
ESPMES#117.69	47bb746196450bd8	你们这些异教徒！\n赶快离开这个圣地！\n	accepted	378c5e5e726cd234	Codex	full-20261006	2026-10-06	ICU 72 簡體轉換候選；保留原意；未經使用者接受及母語者審閱；正式採用限制另驗
ESPMES#117.70	40b3df1cc3fb3b7c	嗨！欢迎光临。要喝什么？\n	accepted	932a97db31783c84	Codex	full-20261006	2026-10-06	ICU 72 簡體轉換候選；保留原意；未經使用者接受及母語者審閱；正式採用限制另驗
ESPMES#117.71	2be39383199f0bdb	等一次来？\n太好了、来者是客、你们看来都是好人。\n请在这慢慢享用！	accepted	1c67449bcf694588	Codex	full-20261006	2026-10-06	ICU 72 簡體轉換候選；保留原意；未經使用者接受及母語者審閱；正式採用限制另驗
ESPMES#117.72	ac8e228d9b4e9848	啊～专程来这儿泡我的。\n别这样、我会生气的喔。\n喜欢喝什么别客气。	accepted	e900410719fa098c	Codex	full-20261006	2026-10-06	ICU 72 簡體轉換候選；保留原意；未經使用者接受及母語者審閱；正式採用限制另驗
ESPMES#117.73	1430b91133a90a9a	喂！别装得一付了不起的样子？\n不理我‥可恶！这些家伙！尝尝我的厉害！	accepted	107ff161d67129e1	Codex	full-20261006	2026-10-06	ICU 72 簡體轉換候選；保留原意；未經使用者接受及母語者審閱；正式採用限制另驗
ESPMES#118.0	ded1ca1ab7a145b5	迪南多队长！\n%s的状况好像有点异样的样子。	accepted	4590602dede42ed9	Codex	full-20261006	2026-10-06	ICU 72 簡體轉換候選；保留原意；未經使用者接受及母語者審閱；正式採用限制另驗
ESPMES#118.1	2ae8ab6a5cf38f6a	根据得到的消息、\n%s把%s占领下来了。\n	accepted	50a3ef6117d910f9	Codex	full-20261006	2026-10-06	ICU 72 簡體轉換候選；保留原意；未經使用者接受及母語者審閱；正式採用限制另驗
ESPMES#118.2	d3a9ef19602c5369	在%s有%s的活动情形。据说情况已经十分紧急了。	accepted	fd56f483cd97e2ca	Codex	full-20261006	2026-10-06	ICU 72 簡體轉換候選；保留原意；未經使用者接受及母語者審閱；正式採用限制另驗
ESPMES#118.3	1fab4a5d21e4f0c0	%s的状况好像有点异样的样子。	accepted	5d32e0a5c2e4f013	Codex	full-20261006	2026-10-06	ICU 72 簡體轉換候選；保留原意；未經使用者接受及母語者審閱；正式採用限制另驗
ESPMES#118.4	023d67b91092ad11	%s对%s发动攻击、好像已经成功的样子。	accepted	0d78709c8b55f3e4	Codex	full-20261006	2026-10-06	ICU 72 簡體轉換候選；保留原意；未經使用者接受及母語者審閱；正式採用限制另驗
ESPMES#118.5	c7681a708449a64a	%s势力扩大、据报、已经有了%d个据点了。	accepted	1bf055bbe58bab8a	Codex	full-20261006	2026-10-06	ICU 72 簡體轉換候選；保留原意；未經使用者接受及母語者審閱；正式採用限制另驗
ESPMES#118.6	1cbd69101e52118e	%s已对%s发动攻击的样子。不过、根据线报、好像被击退的样子。	accepted	84acd0016f80bb26	Codex	full-20261006	2026-10-06	ICU 72 簡體轉換候選；保留原意；未經使用者接受及母語者審閱；正式採用限制另驗
ESPMES#118.7	d97d47dedcb318a7	你们是佣兵吗？\n是的话、就接受这个任务试试看？	accepted	37efa06e8d2b118b	Codex	full-20261006	2026-10-06	ICU 72 簡體轉換候選；保留原意；未經使用者接受及母語者審閱；正式採用限制另驗
ESPMES#118.8	53bb79b072a31d46	委托人是这里%s的有名人士。\n报酬为%ldＧ、其它事情不能说的太多。接不接受？	accepted	b7bb74845c06d9a6	Codex	full-20261006	2026-10-06	ICU 72 簡體轉換候選；保留原意；未經使用者接受及母語者審閱；正式採用限制另驗
ESPMES#118.9	493481afa39b9b44	太好了。	accepted	b8b7e74d8c8e945d	Codex	full-20261006	2026-10-06	ICU 72 簡體轉換候選；保留原意；未經使用者接受及母語者審閱；正式採用限制另驗
ESPMES#118.10	784a721ca21ccf9d	拜托你了！报酬在胜利之后付给你。	accepted	5bc847856ddbb8db	Codex	full-20261006	2026-10-06	ICU 72 簡體轉換候選；保留原意；未經使用者接受及母語者審閱；正式採用限制另驗
ESPMES#118.11	55eb60fd74295e99	喔！这样啊！\n那我只好找其它佣兵团了。	accepted	920b0b583facc46b	Codex	full-20261006	2026-10-06	ICU 72 簡體轉換候選；保留原意；未經使用者接受及母語者審閱；正式採用限制另驗
ESPMES#118.12	af6efcc1333cee76	其实你们来的正是时候。\n刚好有一个和你们臭味相投的任务给你们‥	accepted	93d20628fca8ad6e	Codex	full-20261006	2026-10-06	ICU 72 簡體轉換候選；保留原意；未經使用者接受及母語者審閱；正式採用限制另驗
ESPMES#118.13	688077277e412145	%s目前暂时被封锁住了‥\n问题是这个据点不能就这么放在那儿不去管它。	accepted	38fb8ee7084897da	Codex	full-20261006	2026-10-06	ICU 72 簡體轉換候選；保留原意；未經使用者接受及母語者審閱；正式採用限制另驗
ESPMES#118.14	dbf7a5da1abf9c8c	征求各路英雄好汉出马、并给与优厚的报酬。	accepted	653113f9a4f94289	Codex	full-20261006	2026-10-06	ICU 72 簡體轉換候選；保留原意；未經使用者接受及母語者審閱；正式採用限制另驗
ESPMES#118.15	57b7bf54d6427357	赏金有%ldＧ、对你们最合适了。	accepted	c9f2a0052f8e10cd	Codex	full-20261006	2026-10-06	ICU 72 簡體轉換候選；保留原意；未經使用者接受及母語者審閱；正式採用限制另驗
ESPMES#118.16	2c5d712fff55f318	我是实在年纪大了、没有办法再像以前那样打仗。\n怎么样？要不要代我出征？	accepted	110207fad96b569f	Codex	full-20261006	2026-10-06	ICU 72 簡體轉換候選；保留原意；未經使用者接受及母語者審閱；正式採用限制另驗
ESPMES#118.17	7e46692996cbd267	嗯！很好！\n胜利之时、我会把赏金给你们的、放心的去打仗吧！	accepted	2bd37510d5b94262	Codex	full-20261006	2026-10-06	ICU 72 簡體轉換候選；保留原意；未經使用者接受及母語者審閱；正式採用限制另驗
ESPMES#118.18	af25ef7c4a262494	打起精神来吧！	accepted	0f4429653afa9c56	Codex	full-20261006	2026-10-06	ICU 72 簡體轉換候選；保留原意；未經使用者接受及母語者審閱；正式採用限制另驗
ESPMES#118.19	79d7137626c186ee	我算是看错你们了‥\n	accepted	ba8a352623895234	Codex	full-20261006	2026-10-06	ICU 72 簡體轉換候選；保留原意；未經使用者接受及母語者審閱；正式採用限制另驗
ESPMES#118.20	60c9bdaf5497d828	‥佣兵？\n‥那么就别说废话了。\n去把%s的敌人打败。	accepted	0007b119adc26231	Codex	full-20261006	2026-10-06	ICU 72 簡體轉換候選；保留原意；未經使用者接受及母語者審閱；正式採用限制另驗；依同句語境修正簡中固定詞及原稿錯字；來源位元組不改
ESPMES#118.21	4d763013176db816	报酬为%ldＧ。\n战斗就是你们最好的选择。	accepted	0395b7609f4126e1	Codex	full-20261006	2026-10-06	ICU 72 簡體轉換候選；保留原意；未經使用者接受及母語者審閱；正式採用限制另驗
ESPMES#118.22	b53d1f897fc5275e	好的话！就赶快去战场！	accepted	939e235f1f4984e9	Codex	full-20261006	2026-10-06	ICU 72 簡體轉換候選；保留原意；未經使用者接受及母語者審閱；正式採用限制另驗
ESPMES#118.23	ad84ccd794f32da4	不打仗还叫什么佣兵！	accepted	a68e263a382699dc	Codex	full-20261006	2026-10-06	ICU 72 簡體轉換候選；保留原意；未經使用者接受及母語者審閱；正式採用限制另驗
ESPMES#118.24	084cd73edb0a2613	来的好。\n刚好有件差事给你们‥	accepted	d5cd2d99d4b93dc3	Codex	full-20261006	2026-10-06	ICU 72 簡體轉換候選；保留原意；未經使用者接受及母語者審閱；正式採用限制另驗
ESPMES#118.25	a834d7723f06ca9e	这里的某位人士要求将%s的防备能力加强。\n	accepted	a718b4588060fa60	Codex	full-20261006	2026-10-06	ICU 72 簡體轉換候選；保留原意；未經使用者接受及母語者審閱；正式採用限制另驗
ESPMES#118.26	411925140dc41174	仕务的内容是把本地的耐久力\n提高到%d为止。	accepted	062e275d3c210cf7	Codex	full-20261006	2026-10-06	ICU 72 簡體轉換候選；保留原意；未經使用者接受及母語者審閱；正式採用限制另驗
ESPMES#118.27	a839d7b77623f57b	报酬为%ldＧ。如何？要不要试试看？	accepted	bd49a51125e78ed4	Codex	full-20261006	2026-10-06	ICU 72 簡體轉換候選；保留原意；未經使用者接受及母語者審閱；正式採用限制另驗
ESPMES#118.28	499554439a77f040	那么、在完成之时再碰面吧。	accepted	31f44ea37d29a6fa	Codex	full-20261006	2026-10-06	ICU 72 簡體轉換候選；保留原意；未經使用者接受及母語者審閱；正式採用限制另驗
ESPMES#118.29	8c3566d1d3a12933	无法接受‥太可惜了‥	accepted	46cec5531a9b00c3	Codex	full-20261006	2026-10-06	ICU 72 簡體轉換候選；保留原意；未經使用者接受及母語者審閱；正式採用限制另驗
ESPMES#118.30	62ac383b25c36962	你们从%s敌人那败退下来。\n这样子是不可能付你报酬的、不过看你这么辛苦、给一半吧。	accepted	b5230a8b3272d0e1	Codex	full-20261006	2026-10-06	ICU 72 簡體轉換候選；保留原意；未經使用者接受及母語者審閱；正式採用限制另驗
ESPMES#118.31	62ac383b25c36962	你们从%s敌人那败退下来。\n这样子是不可能付你报酬的、不过看你这么辛苦、给一半吧。	accepted	b5230a8b3272d0e1	Codex	full-20261006	2026-10-06	ICU 72 簡體轉換候選；保留原意；未經使用者接受及母語者審閱；正式採用限制另驗
ESPMES#118.32	62ac383b25c36962	你们从%s敌人那败退下来。\n这样子是不可能付你报酬的、不过看你这么辛苦、给一半吧。	accepted	b5230a8b3272d0e1	Codex	full-20261006	2026-10-06	ICU 72 簡體轉換候選；保留原意；未經使用者接受及母語者審閱；正式採用限制另驗
ESPMES#118.33	78ed975477239931	目标%s已占领了。\n报酬%ldＧ。\n	accepted	c9b12c52c5ced9ed	Codex	full-20261006	2026-10-06	ICU 72 簡體轉換候選；保留原意；未經使用者接受及母語者審閱；正式採用限制另驗
ESPMES#118.34	78ed975477239931	目标%s已占领了。\n报酬%ldＧ。\n	accepted	c9b12c52c5ced9ed	Codex	full-20261006	2026-10-06	ICU 72 簡體轉換候選；保留原意；未經使用者接受及母語者審閱；正式採用限制另驗
ESPMES#118.35	78ed975477239931	目标%s已占领了。\n报酬%ldＧ。\n	accepted	c9b12c52c5ced9ed	Codex	full-20261006	2026-10-06	ICU 72 簡體轉換候選；保留原意；未經使用者接受及母語者審閱；正式採用限制另驗
ESPMES#118.36	56cbbcbf9f78b519	%s的增强、\n已经完成了。\n	accepted	2a237a89b2fe23b5	Codex	full-20261006	2026-10-06	ICU 72 簡體轉換候選；保留原意；未經使用者接受及母語者審閱；正式採用限制另驗
ESPMES#118.37	44dec46ce015f6f1	报酬%ldＧ、\n请收下吧。	accepted	5cbc8a72e305a05d	Codex	full-20261006	2026-10-06	ICU 72 簡體轉換候選；保留原意；未經使用者接受及母語者審閱；正式採用限制另驗
ESPMES#118.38	33dfe258f2bbcd60	%s已经被占领了‥\n	accepted	282e26211400acb2	Codex	full-20261006	2026-10-06	ICU 72 簡體轉換候選；保留原意；未經使用者接受及母語者審閱；正式採用限制另驗
ESPMES#118.39	26182526eab03120	也不会有人付酬劳了‥所以也没必要再做下去了、契约就当作失效吧。	accepted	f4346edb187c0b9c	Codex	full-20261006	2026-10-06	ICU 72 簡體轉換候選；保留原意；未經使用者接受及母語者審閱；正式採用限制另驗
ESPMES#118.40	502b073bf915af6d	太好了、总算找到了所谓的隐藏之家！\n要是还会被人抓到的话、也只好认了！	accepted	2a7addedcfd9b2be	Codex	full-20261006	2026-10-06	ICU 72 簡體轉換候選；保留原意；未經使用者接受及母語者審閱；正式採用限制另驗
ESPMES#118.41	5278d47263555fb3	你这个背信忘义的家伙！\n看我把你就地正法！\n堂堂塞拉菲公爵之女迪诗蕾德‧卡迪儿是不会躲躲藏藏的。	accepted	6cb89feaac440db0	Codex	full-20261006	2026-10-06	ICU 72 簡體轉換候選；保留原意；未經使用者接受及母語者審閱；正式採用限制另驗
ESPMES#118.42	9fe42acceb25265a	喂喂！说得非常的好。\n看来、也没有我存在的必要了、也不打算再重出江湖了。一切就看你自己了。	accepted	5cbb9ef83afd374d	Codex	full-20261006	2026-10-06	ICU 72 簡體轉換候選；保留原意；未經使用者接受及母語者審閱；正式採用限制另驗
ESPMES#118.43	4a0d68e304910e28	喂！安静一点！我也不想对女人做这种事的！\n我并不是你想像的那种坏蛋。	accepted	2b7d7c165493e31d	Codex	full-20261006	2026-10-06	ICU 72 簡體轉換候選；保留原意；未經使用者接受及母語者審閱；正式採用限制另驗
ESPMES#118.44	9a415980e357387a	这位小姐、越是在患难之中、越是能见其清高的志节。\n妳对这家伙的所作所为、有什么感想呢？	accepted	4c94ab0c8a980a5e	Codex	full-20261006	2026-10-06	ICU 72 簡體轉換候選；保留原意；未經使用者接受及母語者審閱；正式採用限制另驗
ESPMES#118.45	0f557165fdb132f1	也不像是坏到极点、\n也算是一条汉子。\n看来也没必要杀他的样子。\n	accepted	c49b5d2a2737d2db	Codex	full-20261006	2026-10-06	ICU 72 簡體轉換候選；保留原意；未經使用者接受及母語者審閱；正式採用限制另驗
ESPMES#118.46	305ee94c72e65288	现今塞拉菲国王、巴典是一个十分狡滑的人、用十分卑劣的手段玩弄着整个国家。	accepted	b3a1455efd2f18e8	Codex	full-20261006	2026-10-06	ICU 72 簡體轉換候選；保留原意；未經使用者接受及母語者審閱；正式採用限制另驗
ESPMES#118.47	9856de7fd306dd41	你要是再不注意一点、什么时候被骗了也不知道‥\n	accepted	74e054cdee972a4a	Codex	full-20261006	2026-10-06	ICU 72 簡體轉換候選；保留原意；未經使用者接受及母語者審閱；正式採用限制另驗
ESPMES#118.48	21b9a7443da5034b	‥那、把我带去见巴典好吗？\n	accepted	70799dd458c4018e	Codex	full-20261006	2026-10-06	ICU 72 簡體轉換候選；保留原意；未經使用者接受及母語者審閱；正式採用限制另驗
ESPMES#118.49	3c4d2472a6779c5e	在目前这种情况下、是会被藐视的。\n再加点油吧！	accepted	88697cf0f1aac279	Codex	full-20261006	2026-10-06	ICU 72 簡體轉換候選；保留原意；未經使用者接受及母語者審閱；正式採用限制另驗
ESPMES#118.50	4fed3f93e7197760	有所谓隐藏之家？\n在北岸‥	accepted	6ef0cef3e421793f	Codex	full-20261006	2026-10-06	ICU 72 簡體轉換候選；保留原意；未經使用者接受及母語者審閱；正式採用限制另驗
ESPMES#118.51	0fc82d3d97608aa0	好像不在这儿‥	accepted	fba6036c1a32af08	Codex	full-20261006	2026-10-06	ICU 72 簡體轉換候選；保留原意；未經使用者接受及母語者審閱；正式採用限制另驗
ESPMES#119.0	9236bcf56beaf050	想要举行公演？	accepted	70a7d30a233d6875	Codex	full-20261006	2026-10-06	ICU 72 簡體轉換候選；保留原意；未經使用者接受及母語者審閱；正式採用限制另驗
ESPMES#119.1	cc99fabc3952ec1a	这个嘛‥目前比较受观众\n欢迎的是%s。	accepted	54c076c7e110e0eb	Codex	full-20261006	2026-10-06	ICU 72 簡體轉換候選；保留原意；未經使用者接受及母語者審閱；正式採用限制另驗
ESPMES#119.2	4bc4c54850c05f4a	这里较为盛行的是%s。期间为%d日。\n要不要试试看？	accepted	e2e7ed3e1a26e592	Codex	full-20261006	2026-10-06	ICU 72 簡體轉換候選；保留原意；未經使用者接受及母語者審閱；正式採用限制另驗
ESPMES#119.3	e34daeaa479f83d1	好好努力喔。	accepted	1a99d1dd19c04846	Codex	full-20261006	2026-10-06	ICU 72 簡體轉換候選；保留原意；未經使用者接受及母語者審閱；正式採用限制另驗
ESPMES#119.4	436fad5a659ebbfd	白费心机了。\n	accepted	7e7f02ecbb97d90d	Codex	full-20261006	2026-10-06	ICU 72 簡體轉換候選；保留原意；未經使用者接受及母語者審閱；正式採用限制另驗
ESPMES#119.5	2c2916a4a8de41b6	‥喂！团员好像不够的样子	accepted	f9f6329b2f1f217f	Codex	full-20261006	2026-10-06	ICU 72 簡體轉換候選；保留原意；未經使用者接受及母語者審閱；正式採用限制另驗
ESPMES#119.6	ec5fb4658ba2322b	%s公演的话、\n舞娘要%d人和\n歌姬要%d人才行。	accepted	3340f8cf6220ffbc	Codex	full-20261006	2026-10-06	ICU 72 簡體轉換候選；保留原意；未經使用者接受及母語者審閱；正式採用限制另驗
ESPMES#119.7	88e472edbe5def53	‥打算公演但又没有足够的团员‥\n这件事、就当作不曾发生过好了。	accepted	a2d7ec8f71009e0c	Codex	full-20261006	2026-10-06	ICU 72 簡體轉換候選；保留原意；未經使用者接受及母語者審閱；正式採用限制另驗
ESPMES#119.8	90b3529151dfa32a	呵呵！观众都十分高兴！\n公演十分成功！\n	accepted	2f101acc1ee81692	Codex	full-20261006	2026-10-06	ICU 72 簡體轉換候選；保留原意；未經使用者接受及母語者審閱；正式採用限制另驗
ESPMES#119.9	1c6fddaed6488369	公演的收入为%ldＧ。	accepted	933ea5a194b5ec25	Codex	full-20261006	2026-10-06	ICU 72 簡體轉換候選；保留原意；未經使用者接受及母語者審閱；正式採用限制另驗
ESPMES#119.10	d29916f8a4565a1d	马马虎虎啦。\n公演还算成功。	accepted	72b411e8e5d4e6c4	Codex	full-20261006	2026-10-06	ICU 72 簡體轉換候選；保留原意；未經使用者接受及母語者審閱；正式採用限制另驗
ESPMES#119.11	1c6fddaed6488369	公演的收入为%ldＧ。	accepted	933ea5a194b5ec25	Codex	full-20261006	2026-10-06	ICU 72 簡體轉換候選；保留原意；未經使用者接受及母語者審閱；正式採用限制另驗
ESPMES#119.12	415f5f4af9a86c07	这算是什么嘛‥	accepted	3a2298faf0985dd3	Codex	full-20261006	2026-10-06	ICU 72 簡體轉換候選；保留原意；未經使用者接受及母語者審閱；正式採用限制另驗
ESPMES#119.13	b254861aef92eceb	公演太失败了！\n我们这个店的客人都给你们吓跑了！	accepted	4722d9e38280d369	Codex	full-20261006	2026-10-06	ICU 72 簡體轉換候選；保留原意；未經使用者接受及母語者審閱；正式採用限制另驗
ESPMES#119.14	eb00b169ef2c51c9	公演大赔钱。\n%ldＧ损失。	accepted	e9b4585123c5ff40	Codex	full-20261006	2026-10-06	ICU 72 簡體轉換候選；保留原意；未經使用者接受及母語者審閱；正式採用限制另驗
ESPMES#119.15	63cea134ccc01f41	公演失败！\n客人都十分地不高兴走了。	accepted	2e761ec6c1904223	Codex	full-20261006	2026-10-06	ICU 72 簡體轉換候選；保留原意；未經使用者接受及母語者審閱；正式採用限制另驗
ESPMES#119.16	5d7fc36fee01c9a9	公演赔钱。\n%ldＧ损失。	accepted	dd61b257fa15d706	Codex	full-20261006	2026-10-06	ICU 72 簡體轉換候選；保留原意；未經使用者接受及母語者審閱；正式採用限制另驗
ESPMES#119.17	c7cd51d153a4d649	想要举行公演？\n‥可是目前还没有排定档期。\n过一阵子再过来看看。　	accepted	09f729b4309bb37f	Codex	full-20261006	2026-10-06	ICU 72 簡體轉換候選；保留原意；未經使用者接受及母語者審閱；正式採用限制另驗
ESPMES#119.18	749aca9496bbd336	我们迪南多集团没有人是舞娘或是歌手。\n我们要走了。	accepted	26559aa5390ce66b	Codex	full-20261006	2026-10-06	ICU 72 簡體轉換候選；保留原意；未經使用者接受及母語者審閱；正式採用限制另驗
ESPMES#119.19	3fd008caf2a2766f	‥没有半个女生、跑来这里也没有用的。\n赶快回去吧。	accepted	865639f802e8c112	Codex	full-20261006	2026-10-06	ICU 72 簡體轉換候選；保留原意；未經使用者接受及母語者審閱；正式採用限制另驗
ESPMES#119.20	c8ed814bc44ee986	我们集团看来要找几个会舞蹈的‥\n嗯！等我找到了会再过来一趟的。	accepted	381989f34ee2dd19	Codex	full-20261006	2026-10-06	ICU 72 簡體轉換候選；保留原意；未經使用者接受及母語者審閱；正式採用限制另驗
ESPMES#119.21	351d1b98f9631ec4	嗯！有心意是不错、可是、又没有会舞蹈的。\n我来跳的话恐怕不太像话‥还是回去吧。	accepted	d16c98fbf9d0d5ed	Codex	full-20261006	2026-10-06	ICU 72 簡體轉換候選；保留原意；未經使用者接受及母語者審閱；正式採用限制另驗
ESPMES#119.22	494c4a58ab8fc2e7	虽然是专程来到这儿。\n但我们之中又没有人会跳舞‥看来、我们还是走吧。	accepted	4cef190e5ca7192c	Codex	full-20261006	2026-10-06	ICU 72 簡體轉換候選；保留原意；未經使用者接受及母語者審閱；正式採用限制另驗
ESPMES#119.23	539d4641de712f69	公演非常成功。	accepted	90335dad7e712016	Codex	full-20261006	2026-10-06	ICU 72 簡體轉換候選；保留原意；未經使用者接受及母語者審閱；正式採用限制另驗
ESPMES#119.24	d661296109d44bc8	公演成功。	accepted	eabcd69cad342784	Codex	full-20261006	2026-10-06	ICU 72 簡體轉換候選；保留原意；未經使用者接受及母語者審閱；正式採用限制另驗
ESPMES#119.25	367b8e69e7aa837f	公演失败。	accepted	f2b5929c35b0c74e	Codex	full-20261006	2026-10-06	ICU 72 簡體轉換候選；保留原意；未經使用者接受及母語者審閱；正式採用限制另驗
ESPMES#119.26	ac6d80ca41c99371	看！召集自卫队大家都十分踊跃。\n	accepted	680d4d38d1bb2858	Codex	full-20261006	2026-10-06	ICU 72 簡體轉換候選；保留原意；未經使用者接受及母語者審閱；正式採用限制另驗
ESPMES#119.27	6074a5306095dd05	没有混水摸鱼的人、大家都十分努力。\n今天的表现很好。	accepted	9d316acddbb16a4a	Codex	full-20261006	2026-10-06	ICU 72 簡體轉換候選；保留原意；未經使用者接受及母語者審閱；正式採用限制另驗
ESPMES#119.28	df2bc19063b1a791	这些年轻人的表现可以说是有目共赌‥\n	accepted	1d72fb56b3b84e6f	Codex	full-20261006	2026-10-06	ICU 72 簡體轉換候選；保留原意；未經使用者接受及母語者審閱；正式採用限制另驗
ESPMES#119.29	f1424fc1ecd9672e	今天表现的很好！\n同志们！干的好！\n总算没有白教你们。	accepted	71f665f29f45ad4e	Codex	full-20261006	2026-10-06	ICU 72 簡體轉換候選；保留原意；未經使用者接受及母語者審閱；正式採用限制另驗
ESPMES#119.30	526e758849226dbd	今天的成果令人刮目相看、各位已经有资格加入我的佣兵集团了！	accepted	32033da274926283	Codex	full-20261006	2026-10-06	ICU 72 簡體轉換候選；保留原意；未經使用者接受及母語者審閱；正式採用限制另驗
ESPMES#119.31	f4401a5c4de357c0	嗯！就是如此！\n今天表现的不错。\n	accepted	c7005744f0c43f98	Codex	full-20261006	2026-10-06	ICU 72 簡體轉換候選；保留原意；未經使用者接受及母語者審閱；正式採用限制另驗
ESPMES#119.32	fb30c18c74a669dc	嗯！马马虎虎。\n嗯！可是我的部队是不许马马虎虎的、所以还要再加强磨练。	accepted	48e63038cf6a42ac	Codex	full-20261006	2026-10-06	ICU 72 簡體轉換候選；保留原意；未經使用者接受及母語者審閱；正式採用限制另驗
ESPMES#119.33	a1cfdf5bc1d21321	今天的训练大家还算有点用心。\n照这样保持下去、勉强可以当当我的护卫兵。	accepted	e332d95faa5bb1d6	Codex	full-20261006	2026-10-06	ICU 72 簡體轉換候選；保留原意；未經使用者接受及母語者審閱；正式採用限制另驗
ESPMES#119.34	eca70ad48be6eff0	这个部队已经算是慢慢上轨道了、不过不可因此得意、还是要继续努力才行。	accepted	3e111d417ccc03fc	Codex	full-20261006	2026-10-06	ICU 72 簡體轉換候選；保留原意；未經使用者接受及母語者審閱；正式採用限制另驗
ESPMES#119.35	45fc981ea4888317	虽然各位都十分的努力、\n不过、要有真正的实力、还要多多吸取经验才行。各位再多加努力吧。	accepted	883f1983c95f0e57	Codex	full-20261006	2026-10-06	ICU 72 簡體轉換候選；保留原意；未經使用者接受及母語者審閱；正式採用限制另驗
ESPMES#119.36	9c34ab64a726e142	喂喂！今天你们是怎么回事？\n太差劲了、到底有没有听我说的话？	accepted	d80bff7611480ed0	Codex	full-20261006	2026-10-06	ICU 72 簡體轉換候選；保留原意；未經使用者接受及母語者審閱；正式採用限制另驗
ESPMES#119.37	f80f295af5731487	这样下去也没什么意思了。\n	accepted	d70c928b340a6e74	Codex	full-20261006	2026-10-06	ICU 72 簡體轉換候選；保留原意；未經使用者接受及母語者審閱；正式採用限制另驗
ESPMES#119.38	148b07b811357a93	停下来停下来！\n今天的训练就到此为只！	accepted	21b901810acadb2c	Codex	full-20261006	2026-10-06	ICU 72 簡體轉換候選；保留原意；未經使用者接受及母語者審閱；正式採用限制另驗
ESPMES#119.39	ba54d9449d8b4c31	明天要给我再认真一点！	accepted	1d29a024b0dab313	Codex	full-20261006	2026-10-06	ICU 72 簡體轉換候選；保留原意；未經使用者接受及母語者審閱；正式採用限制另驗
ESPMES#119.40	d7a6d89935bfe04a	各位、你们是怎么回事？\n到目前为至、\n没有人有一点训练的成绩‥	accepted	07648a1d0f63c5be	Codex	full-20261006	2026-10-06	ICU 72 簡體轉換候選；保留原意；未經使用者接受及母語者審閱；正式採用限制另驗
ESPMES#119.41	4c948501ff511273	看来下次的训练要更严格一点才行。	accepted	71652b8db13ec172	Codex	full-20261006	2026-10-06	ICU 72 簡體轉換候選；保留原意；未經使用者接受及母語者審閱；正式採用限制另驗
ESPMES#119.42	fef09ba615fb58d4	不要混～\n给我好好的练习！要是不给我认真练习的话、我是一毛钱也不会付给你们的。	accepted	2f4134692a540500	Codex	full-20261006	2026-10-06	ICU 72 簡體轉換候選；保留原意；未經使用者接受及母語者審閱；正式採用限制另驗
ESPMES#119.43	b7a18c0215b05816	今天的训练实在是惨不忍睹。	accepted	fc4ba65f69ad6b03	Codex	full-20261006	2026-10-06	ICU 72 簡體轉換候選；保留原意；未經使用者接受及母語者審閱；正式採用限制另驗
ESPMES#119.44	7a87dafbdad7b4c4	一分努力一分收获、这才能成为有用的士兵。\n不要灰心继续加油。	accepted	5823a80c6583e0fc	Codex	full-20261006	2026-10-06	ICU 72 簡體轉換候選；保留原意；未經使用者接受及母語者審閱；正式採用限制另驗
ESPMES#120.0	35814ca7728e7e86	嗨！欢迎光临、初次见面、你们好、你们是阿兵哥吧？	accepted	2126710c33a609da	Codex	full-20261006	2026-10-06	ICU 72 簡體轉換候選；保留原意；未經使用者接受及母語者審閱；正式採用限制另驗
ESPMES#120.1	f859a3f5a409b00d	嗯！味道还真是不错。没想到在这种地方还能喝到这种好酒。	accepted	344432aa172efa61	Codex	full-20261006	2026-10-06	ICU 72 簡體轉換候選；保留原意；未經使用者接受及母語者審閱；正式採用限制另驗
ESPMES#120.2	90cca28bbf350344	咦？　　她、怎么在瞄我。嘻嘻！什么时候有空呢？　　要不要一起吃个饭？	accepted	aade7735332a17e7	Codex	full-20261006	2026-10-06	ICU 72 簡體轉換候選；保留原意；未經使用者接受及母語者審閱；正式採用限制另驗
ESPMES#120.3	3dd104fd7bc29f65	啊哈！我是一个以战斗为业的人。有没有需要我帮忙的地方呢？　　不管是有多么激烈的战斗都没有问题喔！	accepted	15e0adbd35430204	Codex	full-20261006	2026-10-06	ICU 72 簡體轉換候選；保留原意；未經使用者接受及母語者審閱；正式採用限制另驗
ESPMES#120.4	616e3bd43ff9c5f1	嗨！潇傻的阿兵哥！\n这只枪真棒、借我看看。\n嘻嘻！这小妞是不是对我有意思？	accepted	193f3f52701fd376	Codex	full-20261006	2026-10-06	ICU 72 簡體轉換候選；保留原意；未經使用者接受及母語者審閱；正式採用限制另驗
ESPMES#120.5	bf0a92cae65ac73a	‥没错、目前是以佣兵为业。	accepted	d13aaefac9aed6f0	Codex	full-20261006	2026-10-06	ICU 72 簡體轉換候選；保留原意；未經使用者接受及母語者審閱；正式採用限制另驗
ESPMES#120.6	f89236bb2b99a6d9	原来如此‥。长期战斗下来、要好好休息、来！先喝一杯酒。	accepted	f07a7e8fe5b05edb	Codex	full-20261006	2026-10-06	ICU 72 簡體轉換候選；保留原意；未經使用者接受及母語者審閱；正式採用限制另驗
ESPMES#120.7	89ba0796148cca9e	哈哈哈！谢谢！谢谢！还要请你多多指教。	accepted	ad1d42e778f052cb	Codex	full-20261006	2026-10-06	ICU 72 簡體轉換候選；保留原意；未經使用者接受及母語者審閱；正式採用限制另驗
ESPMES#120.8	e2ab8ef8b7aea10f	欢迎光临。阿兵哥？请进！请进！	accepted	53a2feed55b2c109	Codex	full-20261006	2026-10-06	ICU 72 簡體轉換候選；保留原意；未經使用者接受及母語者審閱；正式採用限制另驗
ESPMES#120.9	f3a93ef395d16431	嗯‥。接下来要攻那里呢‥？\n啊！请给我本店最好的酒。‥一点也不可以松懈下来。	accepted	f8d0f23ca7133e6b	Codex	full-20261006	2026-10-06	ICU 72 簡體轉換候選；保留原意；未經使用者接受及母語者審閱；正式採用限制另驗
ESPMES#120.10	06f7e85f5cbf8e16	哎呀！太棒了！　　想不到这里美女云集、特别是看着美女喝酒、连酒的味道也不一样了。	accepted	3cca8a686fbc63c6	Codex	full-20261006	2026-10-06	ICU 72 簡體轉換候選；保留原意；未經使用者接受及母語者審閱；正式採用限制另驗
ESPMES#120.11	df6271a959872ec6	不敢当！不敢当！其实我是这佣兵集团的队长、\n怎么样？　　有没有觉得气质与众不同？	accepted	7928e849b5dc6006	Codex	full-20261006	2026-10-06	ICU 72 簡體轉換候選；保留原意；未經使用者接受及母語者審閱；正式採用限制另驗
ESPMES#120.12	616e3bd43ff9c5f1	嗨！潇傻的阿兵哥！\n这只枪真棒、借我看看。\n嘻嘻！这小妞是不是对我有意思？	accepted	193f3f52701fd376	Codex	full-20261006	2026-10-06	ICU 72 簡體轉換候選；保留原意；未經使用者接受及母語者審閱；正式採用限制另驗
ESPMES#120.13	b7f271cfe0e0b5a3	你好！很漂亮的店耶。	accepted	095d132296bae9e3	Codex	full-20261006	2026-10-06	ICU 72 簡體轉換候選；保留原意；未經使用者接受及母語者審閱；正式採用限制另驗
ESPMES#120.14	ad043b2840a0a2eb	呵呵、请多多指教。来到这儿有一种很舒服的感觉。	accepted	07e18691c0907ab7	Codex	full-20261006	2026-10-06	ICU 72 簡體轉換候選；保留原意；未經使用者接受及母語者審閱；正式採用限制另驗
ESPMES#120.15	6ad7217a131f4156	呵呵！谢了！工作也要多加油喔。	accepted	c79e39c9ef6411b6	Codex	full-20261006	2026-10-06	ICU 72 簡體轉換候選；保留原意；未經使用者接受及母語者審閱；正式採用限制另驗
ESPMES#120.16	e4462c7201aa27b4	欢迎光临！咦？佣兵？　　最近还真是不太安定。请随便坐。	accepted	998499b88fcaa92b	Codex	full-20261006	2026-10-06	ICU 72 簡體轉換候選；保留原意；未經使用者接受及母語者審閱；正式採用限制另驗
ESPMES#120.17	bfe9bcf1ce496147	就是不太平我们才有饭吃。而有我们你也才有饭吃、对吗？让我们在这休息一下吧！	accepted	25dff3260c6509e3	Codex	full-20261006	2026-10-06	ICU 72 簡體轉換候選；保留原意；未經使用者接受及母語者審閱；正式採用限制另驗
ESPMES#120.18	18ac1b8eb9694700	呵呵！最近还真是忙碌。\n有时候真想带着心爱的女人、到个地方去散散心。	accepted	8baee8b7a88db52e	Codex	full-20261006	2026-10-06	ICU 72 簡體轉換候選；保留原意；未經使用者接受及母語者審閱；正式採用限制另驗
ESPMES#120.19	0971aaf8a0e08552	哈哈！世道不太平、我们的生意才会兴兴向荣、不过生意太好了、也不是什么好现象。	accepted	ef7a39465a457f11	Codex	full-20261006	2026-10-06	ICU 72 簡體轉換候選；保留原意；未經使用者接受及母語者審閱；正式採用限制另驗
ESPMES#120.20	137c69742c21c600	哇～！好累喔！休息一下。\n世道不太平就是我们赚钱的时机。	accepted	0a0e98f92e58ef41	Codex	full-20261006	2026-10-06	ICU 72 簡體轉換候選；保留原意；未經使用者接受及母語者審閱；正式採用限制另驗
ESPMES#120.21	e5c34b5f6e6ddde8	‥说得没错。这个乱世还是早一点平静下来的好。而我们也会尽一己的力量的。	accepted	63dc9612d9ae555b	Codex	full-20261006	2026-10-06	ICU 72 簡體轉換候選；保留原意；未經使用者接受及母語者審閱；正式採用限制另驗
ESPMES#120.22	a602b57198aa9b1a	这个乱世也不知道要到什么时候才会停止！　　看来我们还要继续努力下去才行。	accepted	bfc8b4fb7c948a33	Codex	full-20261006	2026-10-06	ICU 72 簡體轉換候選；保留原意；未經使用者接受及母語者審閱；正式採用限制另驗
ESPMES#120.23	4ec9333307d89d78	哈哈哈！阿兵哥就是这个样子、妳也不要抱怨了、这个时代就是这个样子。	accepted	c021bd1e32979b54	Codex	full-20261006	2026-10-06	ICU 72 簡體轉換候選；保留原意；未經使用者接受及母語者審閱；正式採用限制另驗
ESPMES#120.24	0b7408af8d69f293	‥欢迎光临‥。	accepted	69cfe72c82e6f64d	Codex	full-20261006	2026-10-06	ICU 72 簡體轉換候選；保留原意；未經使用者接受及母語者審閱；正式採用限制另驗
ESPMES#120.25	f7a9df681693c73c	‥‥。	accepted	63cb9ce9f9e6d272	Codex	full-20261006	2026-10-06	ICU 72 簡體轉換候選；保留原意；未經使用者接受及母語者審閱；正式採用限制另驗
ESPMES#120.26	308dbe68379bb8e6	‥‥怎么了？　　是不是人不舒服？要不要帮妳找个医生？像妳这样的美女应该更要打起精神才对。	accepted	4ff72a9eb8cc550e	Codex	full-20261006	2026-10-06	ICU 72 簡體轉換候選；保留原意；未經使用者接受及母語者審閱；正式採用限制另驗
ESPMES#120.27	46c89ba58f5c3239	‥。	accepted	ce47446777b6354e	Codex	full-20261006	2026-10-06	ICU 72 簡體轉換候選；保留原意；未經使用者接受及母語者審閱；正式採用限制另驗
ESPMES#120.28	deed7d29b3cd188d	咦？心情不好！	accepted	245b8c405e8d97b6	Codex	full-20261006	2026-10-06	ICU 72 簡體轉換候選；保留原意；未經使用者接受及母語者審閱；正式採用限制另驗
ESPMES#120.29	f78a41c7ef3919fa	‥咦‥是不是有什么地方不舒服？	accepted	fab3fac024de7921	Codex	full-20261006	2026-10-06	ICU 72 簡體轉換候選；保留原意；未經使用者接受及母語者審閱；正式採用限制另驗
ESPMES#120.30	f7a9df681693c73c	‥‥。	accepted	63cb9ce9f9e6d272	Codex	full-20261006	2026-10-06	ICU 72 簡體轉換候選；保留原意；未經使用者接受及母語者審閱；正式採用限制另驗
ESPMES#120.31	f7a9df681693c73c	‥‥。	accepted	63cb9ce9f9e6d272	Codex	full-20261006	2026-10-06	ICU 72 簡體轉換候選；保留原意；未經使用者接受及母語者審閱；正式採用限制另驗
ESPMES#120.32	be972d76711a4c74	嗨！你们又来了！看到你们真高兴！	accepted	58b11893fc208051	Codex	full-20261006	2026-10-06	ICU 72 簡體轉換候選；保留原意；未經使用者接受及母語者審閱；正式採用限制另驗
ESPMES#120.33	75fd6249e31b5973	‥说起来也就是你们这儿的酒好喝。什么？　　卖完了！怎么会这样？	accepted	6e5e8ceff2b9a058	Codex	full-20261006	2026-10-06	ICU 72 簡體轉換候選；保留原意；未經使用者接受及母語者審閱；正式採用限制另驗
ESPMES#120.34	081eb102a1a4d5c9	咦？还记得我们啊！我们可是专程来的、待会儿一起来喝一杯吧！	accepted	50caccc3aad52194	Codex	full-20261006	2026-10-06	ICU 72 簡體轉換候選；保留原意；未經使用者接受及母語者審閱；正式採用限制另驗
ESPMES#120.35	5c145912477b921b	哈哈！看起来精神不错。\n像妳这么可爱的小姑娘、忍不住就想和妳多聊两句！	accepted	9abe0612d57139b8	Codex	full-20261006	2026-10-06	ICU 72 簡體轉換候選；保留原意；未經使用者接受及母語者審閱；正式採用限制另驗
ESPMES#120.36	32005aefbfe19bd7	嗯！差一点就不能来了、小姑娘！要不要来加入我们呢？我们这里待遇不错喔！	accepted	d9ed575a9e55ba1d	Codex	full-20261006	2026-10-06	ICU 72 簡體轉換候選；保留原意；未經使用者接受及母語者審閱；正式採用限制另驗
ESPMES#120.37	e01f2d2a44d0572c	谢谢！不过、我们可能没有办法好好休息、因为我们还要为接下来的战斗忙碌。	accepted	ff54cc0e22a285ea	Codex	full-20261006	2026-10-06	ICU 72 簡體轉換候選；保留原意；未經使用者接受及母語者審閱；正式採用限制另驗
ESPMES#120.38	1ef594274044f2bb	啊哈！这不晓得是第几次来了！不过、今天很忙、只能喝一杯之后马上就要上路了、不好意思。	accepted	a21812ed6b779bed	Codex	full-20261006	2026-10-06	ICU 72 簡體轉換候選；保留原意；未經使用者接受及母語者審閱；正式採用限制另驗
ESPMES#120.39	4d26b9093a831e34	嗯！一点也不错。\n不好意思、下次再说吧！	accepted	0882738987c0cd9a	Codex	full-20261006	2026-10-06	ICU 72 簡體轉換候選；保留原意；未經使用者接受及母語者審閱；正式採用限制另驗
ESPMES#120.40	156f7b24b5377035	啊哈！欢迎光临！常常听到你们的传说呢！	accepted	0f2449b0cec7b114	Codex	full-20261006	2026-10-06	ICU 72 簡體轉換候選；保留原意；未經使用者接受及母語者審閱；正式採用限制另驗
ESPMES#120.41	77d2a14fe1badac0	托您的福，总算还活到今天，像我们这些佣兵每天过着刀口上的日子，什么时候会完蛋也不知道呢？	accepted	d44b8d87d097fe96	Codex	full-20261006	2026-10-06	ICU 72 簡體轉換候選；保留原意；未經使用者接受及母語者審閱；正式採用限制另驗
ESPMES#120.42	3cf93ae57ba5317a	哦！那么、下次就我们二个人找个机会好好的聊聊吧！	accepted	9fe0d6500a9eb50f	Codex	full-20261006	2026-10-06	ICU 72 簡體轉換候選；保留原意；未經使用者接受及母語者審閱；正式採用限制另驗
ESPMES#120.43	4f7fb65a2ca90776	喔！有没有听到关于我们的风声呢？可别听他们说的、相信自己才是真的。	accepted	f2be9a342e3d539d	Codex	full-20261006	2026-10-06	ICU 72 簡體轉換候選；保留原意；未經使用者接受及母語者審閱；正式採用限制另驗
ESPMES#120.44	bf236cfaf795d74e	哈哈哈！到底有些什么谣言在流传、别相信那些！	accepted	1731e4249d64ac76	Codex	full-20261006	2026-10-06	ICU 72 簡體轉換候選；保留原意；未經使用者接受及母語者審閱；正式採用限制另驗
ESPMES#120.45	1410ba8fc669a6b4	‥‥哈哈！传说吗？	accepted	cc7518fa72dd15e4	Codex	full-20261006	2026-10-06	ICU 72 簡體轉換候選；保留原意；未經使用者接受及母語者審閱；正式採用限制另驗
ESPMES#120.46	d9eac2bd96d15783	战场上流传的传说通常都不可靠、而且又大都会夸大其词、不要去相信那些。。	accepted	0b04094668829eb4	Codex	full-20261006	2026-10-06	ICU 72 簡體轉換候選；保留原意；未經使用者接受及母語者審閱；正式採用限制另驗
ESPMES#120.47	2761036f12028f13	哈哈！想不到我也蛮有名气的！	accepted	2b4632ed66ed261c	Codex	full-20261006	2026-10-06	ICU 72 簡體轉換候選；保留原意；未經使用者接受及母語者審閱；正式採用限制另驗
ESPMES#120.48	4db1d957868e6428	喔！欢迎光临！你们又来了啊！今天好好的喝几杯吧！	accepted	1f5924c8668972e2	Codex	full-20261006	2026-10-06	ICU 72 簡體轉換候選；保留原意；未經使用者接受及母語者審閱；正式採用限制另驗
ESPMES#120.49	d2507834e5344183	嗯！为辛苦的我们干杯吧！	accepted	d976cde15b2c32c5	Codex	full-20261006	2026-10-06	ICU 72 簡體轉換候選；保留原意；未經使用者接受及母語者審閱；正式採用限制另驗
ESPMES#120.50	491b442a35966ca0	哈哈哈！！专程来看妳这美人！来为这美人干一杯吧！	accepted	196a392b9a36bfd7	Codex	full-20261006	2026-10-06	ICU 72 簡體轉換候選；保留原意；未經使用者接受及母語者審閱；正式採用限制另驗
ESPMES#120.51	dfaa07d891c62e86	干这行真是太辛苦了，我们还是希望往商业发展！	accepted	efe5dd1f5c88ec8c	Codex	full-20261006	2026-10-06	ICU 72 簡體轉換候選；保留原意；未經使用者接受及母語者審閱；正式採用限制另驗
ESPMES#120.52	6521e9b2d3b9a7ec	为了勉励大家干一杯吧！	accepted	cca07fd7309a9854	Codex	full-20261006	2026-10-06	ICU 72 簡體轉換候選；保留原意；未經使用者接受及母語者審閱；正式採用限制另驗
ESPMES#120.53	78b408f4e66aebc3	谢谢啦！让我们为这个国家的和平发展干杯！	accepted	f06c0b798e6e760b	Codex	full-20261006	2026-10-06	ICU 72 簡體轉換候選；保留原意；未經使用者接受及母語者審閱；正式採用限制另驗
ESPMES#120.54	c6331e3a598138ef	真不好意思！为我们的胜利干杯！	accepted	02727391d3478ce4	Codex	full-20261006	2026-10-06	ICU 72 簡體轉換候選；保留原意；未經使用者接受及母語者審閱；正式採用限制另驗
ESPMES#120.55	54c58ee581ee4b80	哈哈哈！！干杯！\n各位！往后还得仰仗你们！	accepted	c92a56676da428e5	Codex	full-20261006	2026-10-06	ICU 72 簡體轉換候選；保留原意；未經使用者接受及母語者審閱；正式採用限制另驗
ESPMES#120.56	514cc0ea9f4d6a81	‥欢迎‥。	accepted	a0304746af780db4	Codex	full-20261006	2026-10-06	ICU 72 簡體轉換候選；保留原意；未經使用者接受及母語者審閱；正式採用限制另驗
ESPMES#120.57	f7a9df681693c73c	‥‥。	accepted	63cb9ce9f9e6d272	Codex	full-20261006	2026-10-06	ICU 72 簡體轉換候選；保留原意；未經使用者接受及母語者審閱；正式採用限制另驗
ESPMES#120.58	f7a9df681693c73c	‥‥。	accepted	63cb9ce9f9e6d272	Codex	full-20261006	2026-10-06	ICU 72 簡體轉換候選；保留原意；未經使用者接受及母語者審閱；正式採用限制另驗
ESPMES#120.59	46c89ba58f5c3239	‥。	accepted	ce47446777b6354e	Codex	full-20261006	2026-10-06	ICU 72 簡體轉換候選；保留原意；未經使用者接受及母語者審閱；正式採用限制另驗
ESPMES#120.60	f7a9df681693c73c	‥‥。	accepted	63cb9ce9f9e6d272	Codex	full-20261006	2026-10-06	ICU 72 簡體轉換候選；保留原意；未經使用者接受及母語者審閱；正式採用限制另驗
ESPMES#120.61	f7a9df681693c73c	‥‥。	accepted	63cb9ce9f9e6d272	Codex	full-20261006	2026-10-06	ICU 72 簡體轉換候選；保留原意；未經使用者接受及母語者審閱；正式採用限制另驗
ESPMES#120.62	f7a9df681693c73c	‥‥。	accepted	63cb9ce9f9e6d272	Codex	full-20261006	2026-10-06	ICU 72 簡體轉換候選；保留原意；未經使用者接受及母語者審閱；正式採用限制另驗
ESPMES#120.63	f7a9df681693c73c	‥‥。	accepted	63cb9ce9f9e6d272	Codex	full-20261006	2026-10-06	ICU 72 簡體轉換候選；保留原意；未經使用者接受及母語者審閱；正式採用限制另驗
ESPMES#120.64	22f087347ba7d701	没有什么特别的传闻。	accepted	464288cda4ad977e	Codex	full-20261006	2026-10-06	ICU 72 簡體轉換候選；保留原意；未經使用者接受及母語者審閱；正式採用限制另驗
ESPMES#120.65	9272450ecfbf503a	没有承接任何军事作战任务。	accepted	4bae24aee9d39e1a	Codex	full-20261006	2026-10-06	ICU 72 簡體轉換候選；保留原意；未經使用者接受及母語者審閱；正式採用限制另驗
ESPMES#120.66	82b78696a8f28f30	－占领作战－　　‧目标‥%s‧报酬‥%ldＧ	accepted	e2341fb0f8c4f003	Codex	full-20261006	2026-10-06	ICU 72 簡體轉換候選；保留原意；未經使用者接受及母語者審閱；正式採用限制另驗；完整字詞保持，改由既定折行器重新折行
ESPMES#120.67	90ab4a7b4cdf6f7b	－增强作战－　　‧据点‥‥%s‧报酬‥‥%ldＧ‧目标耐久度‥%d	accepted	bd1f9a5432710f44	Codex	full-20261006	2026-10-06	ICU 72 簡體轉換候選；保留原意；未經使用者接受及母語者審閱；正式採用限制另驗；完整字詞保持，改由既定折行器重新折行
ESPMES#120.68	565399d0f823f0c1	没有承接任何任务。	accepted	43bb129a163f6c9a	Codex	full-20261006	2026-10-06	ICU 72 簡體轉換候選；保留原意；未經使用者接受及母語者審閱；正式採用限制另驗
ESPMES#120.69	b0ee4f1c7cfa4f24	－%s的运送－　　‧部队‥‥%s‧报酬‥‥%ldＧ‧剩余期间%d	accepted	454d0f33e5703050	Codex	full-20261006	2026-10-06	ICU 72 簡體轉換候選；保留原意；未經使用者接受及母語者審閱；正式採用限制另驗；完整字詞保持，改由既定折行器重新折行
ESPMES#120.70	9e46cdff6cca6c60	‧全部队薪水总计‥‥%ldＧ\n‧部队别集计\n　　　　%s‥‥‥%2d人　%10ldＧ\n　　　　%s‥‥‥%2d人　%10ldＧ\n　　　　%s‥‥‥%2d人　%10ldＧ\n　　　　%s‥‥‥%2d人　%10ldＧ\n　　　　%s‥‥‥%2d人　%10ldＧ\n　　　　%s‥‥‥%2d人　%10ldＧ\n	accepted	09de72a3100ecaf8	Codex	full-20261006	2026-10-06	ICU 72 簡體轉換候選；保留原意；未經使用者接受及母語者審閱；正式採用限制另驗
ESPMES#120.71	cd44ebb4c00d8d9a	［全部队薪水总计］	accepted	4f93677865237b6e	Codex	full-20261006	2026-10-06	ICU 72 簡體轉換候選；保留原意；未經使用者接受及母語者審閱；正式採用限制另驗
ESPMES#120.72	72a941b277aa023b	没有任何到手物品。	accepted	df7577e5c5fa6707	Codex	full-20261006	2026-10-06	ICU 72 簡體轉換候選；保留原意；未經使用者接受及母語者審閱；正式採用限制另驗
ESPMES#120.73	4a26b2bd932c9049	必需要送到米堤利帝城塞都市的洗濯物。所有　　%s	accepted	3b2f429750764e1d	Codex	full-20261006	2026-10-06	ICU 72 簡體轉換候選；保留原意；未經使用者接受及母語者審閱；正式採用限制另驗；完整字詞保持，改由既定折行器重新折行
ESPMES#120.74	99e55cd6486d312f	谜的古文书。全都是中世纪就已消失的文字。所有　　%s	accepted	23c1022b25ed003d	Codex	full-20261006	2026-10-06	ICU 72 簡體轉換候選；保留原意；未經使用者接受及母語者審閱；正式採用限制另驗；完整字詞保持，改由既定折行器重新折行
ESPMES#120.75	a099d30f90142ef9	古代的秘宝所在位置表示的地图。所有　　%s	accepted	da53d13438f1c898	Codex	full-20261006	2026-10-06	ICU 72 簡體轉換候選；保留原意；未經使用者接受及母語者審閱；正式採用限制另驗；完整字詞保持，改由既定折行器重新折行
ESPMES#120.76	a59351cd07ec0d9c	洞窟内的战果、好不容易到手的木彫的人偶。\n	accepted	367a3e13cc0bc142	Codex	full-20261006	2026-10-06	ICU 72 簡體轉換候選；保留原意；未經使用者接受及母語者審閱；正式採用限制另驗
ESPMES#120.77	e5eb4326e99dc317	法兰恩的武术大会优胜所得的勇者之证明。所有　　%s	accepted	a2863dc37df2d3be	Codex	full-20261006	2026-10-06	ICU 72 簡體轉換候選；保留原意；未經使用者接受及母語者審閱；正式採用限制另驗；完整字詞保持，改由既定折行器重新折行
ESPMES#120.78	510c97979679ca23	造成阿雷姆国寒流元凶的谜的气候制御机械的修理工具。\n所有　　%s	accepted	2839b8fe3fc131ff	Codex	full-20261006	2026-10-06	ICU 72 簡體轉換候選；保留原意；未經使用者接受及母語者審閱；正式採用限制另驗
ESPMES#120.79	de4fc46169df3293	必需要送到法西斯国利卡洛‧尼市的洗濯店的大量的洗剂。	accepted	0cf78c2eaa1d8ed9	Codex	full-20261006	2026-10-06	ICU 72 簡體轉換候選；保留原意；未經使用者接受及母語者審閱；正式採用限制另驗
ESPMES#120.80	ad68b264ad197aa9	换过来也是可以啦、不过、要用的时候可别被看见了。\n所有　　%s	accepted	1c70eec6df9f1049	Codex	full-20261006	2026-10-06	ICU 72 簡體轉換候選；保留原意；未經使用者接受及母語者審閱；正式採用限制另驗
ESPMES#120.81	6845c7f31ee02f40	制作十分精细的小盒了。据说是由古代文明技术所制作出来的。\n所有　　%s	accepted	a3c75c74186a9350	Codex	full-20261006	2026-10-06	ICU 72 簡體轉換候選；保留原意；未經使用者接受及母語者審閱；正式採用限制另驗
ESPMES#120.82	1134080b9bb97359	由东部贤者那儿拿到的第１个物品。据说是打开疑问之盒的钥匙。	accepted	26548ce92a8c63e6	Codex	full-20261006	2026-10-06	ICU 72 簡體轉換候選；保留原意；未經使用者接受及母語者審閱；正式採用限制另驗
ESPMES#120.83	7595ed7712ddfc74	由西部废城之王那儿拿到的第２个物品。据说是打开疑问之盒的钥匙。	accepted	c153b1d8285a3a69	Codex	full-20261006	2026-10-06	ICU 72 簡體轉換候選；保留原意；未經使用者接受及母語者審閱；正式採用限制另驗
ESPMES#120.84	43d745ddc6512513	由南部教主那儿拿到的第３个物品。据说是打开疑问之盒的钥匙。	accepted	ae0e814e4ff24de8	Codex	full-20261006	2026-10-06	ICU 72 簡體轉換候選；保留原意；未經使用者接受及母語者審閱；正式採用限制另驗
ESPMES#120.85	3f5579a91084d690	由北部将军那儿拿到的第４个物品。据说是打开疑问之盒的钥匙。	accepted	241e8931747e0149	Codex	full-20261006	2026-10-06	ICU 72 簡體轉換候選；保留原意；未經使用者接受及母語者審閱；正式採用限制另驗
ESPMES#120.86	ef01568da7cc4b39	疑问之盒之中所拿到的古老之键。传说可打开古代财宝的门扉。\n所有　　%s	accepted	2faede530422072d	Codex	full-20261006	2026-10-06	ICU 72 簡體轉換候選；保留原意；未經使用者接受及母語者審閱；正式採用限制另驗
ESPMES#120.87	547f9dbf1edb256d	大家都十分健康。\n没有必要治疗。	accepted	af10108a0186db3e	Codex	full-20261006	2026-10-06	ICU 72 簡體轉換候選；保留原意；未經使用者接受及母語者審閱；正式採用限制另驗
ESPMES#120.88	b576870eeff1d7f2	需要我帮忙吗？\n‥原来如此、你们的话\n需费用%ldＧ。\n要治疗吗？	accepted	62e4434315c556c0	Codex	full-20261006	2026-10-06	ICU 72 簡體轉換候選；保留原意；未經使用者接受及母語者審閱；正式採用限制另驗
ESPMES#120.89	0dc25cd1ac4e31c8	我了解了。\n请稍等一下。	accepted	c291c79293f64353	Codex	full-20261006	2026-10-06	ICU 72 簡體轉換候選；保留原意；未經使用者接受及母語者審閱；正式採用限制另驗
ESPMES#120.90	83b324f38d08b2dc	全体恢复。	accepted	9764a78d8f1589c4	Codex	full-20261006	2026-10-06	ICU 72 簡體轉換候選；保留原意；未經使用者接受及母語者審閱；正式採用限制另驗
ESPMES#120.91	b2cdee95a799f1a9	治疗完毕。	accepted	0f7e2fe88cb5d989	Codex	full-20261006	2026-10-06	ICU 72 簡體轉換候選；保留原意；未經使用者接受及母語者審閱；正式採用限制另驗
ESPMES#120.92	4f6c21a4a1d3f080	是这样啊？\n要多注意身体才行‥	accepted	bd3013781aa46fea	Codex	full-20261006	2026-10-06	ICU 72 簡體轉換候選；保留原意；未經使用者接受及母語者審閱；正式採用限制另驗
ESPMES#120.93	cd9fbf459ea433b3	咦？好像金额不太足够‥\n很抱歉！没有办法替你们治疗。	accepted	0d05caa828b439bf	Codex	full-20261006	2026-10-06	ICU 72 簡體轉換候選；保留原意；未經使用者接受及母語者審閱；正式採用限制另驗
ESPMES#121.0	3157b294e63d2d8e	‥可恶！\n全都没了‥	accepted	db49ec380f452788	Codex	pilot-otherlangs-20261004	2026-10-04	2026-10-05 使用者明示接受譯文；未經母語者審閱；字模及正式語言包路徑另驗
ESPMES#121.1	9234ff65bfaeb2db	此外，世界银行的家伙，\n也不会放过我们。\n大家有什么对策？	accepted	9e3bec0593271605	Codex	pilot-otherlangs-20261004	2026-10-04	2026-10-05 使用者明示接受譯文；未經母語者審閱；字模及正式語言包路徑另驗
ESPMES#121.2	d153f5d8cd84f0bd	这下真得从零开始了。	accepted	81397a868823e3d0	Codex	pilot-otherlangs-20261004	2026-10-04	2026-10-05 使用者明示接受譯文；未經母語者審閱；字模及正式語言包路徑另驗
ESPMES#121.3	003dbdc4c510d61a	笨～蛋！还有负债呢！\n得从负数开始！	accepted	3af1cbc74b5a0fdf	Codex	pilot-otherlangs-20261004	2026-10-04	2026-10-05 使用者明示接受譯文；未經母語者審閱；字模及正式語言包路徑另驗
ESPMES#121.4	1575bde8bd93cd65	杰西‥\n谢谢你一直帮我！我‥\n患难才见真情。	accepted	46ac427c2812795b	Codex	pilot-otherlangs-20261004	2026-10-04	2026-10-05 使用者明示接受譯文；未經母語者審閱；字模及正式語言包路徑另驗
ESPMES#121.5	5c866a634b9cd790	别再胡思乱想了！\n快打起精神，好好赚钱吧！	accepted	f7760b3b907adad0	Codex	pilot-otherlangs-20261004	2026-10-04	2026-10-05 使用者明示接受譯文；未經母語者審閱；字模及正式語言包路徑另驗
ESPMES#121.6	d19ffe49d71e0879	别担心，别担心！\n风水轮流转，你的东西，\n早晚会回来。放心啦！	accepted	1ab5a3246c47a98b	Codex	pilot-otherlangs-20261004	2026-10-04	2026-10-05 使用者明示接受譯文；未經母語者審閱；字模及正式語言包路徑另驗
ESPMES#121.7	7ca5a5a5d1742bdd	家族复兴不容易，\n但一切有我‥\n	accepted	102ef1217bab72e0	Codex	pilot-otherlangs-20261004	2026-10-04	2026-10-05 使用者明示接受譯文；未經母語者審閱；字模及正式語言包路徑另驗
ESPMES#121.8	fce431bab23f2496	说得好，迪南多！\n只要有我的魅力，\n债务很快就能解决！\n	accepted	d3d99483be93af11	Codex	pilot-otherlangs-20261004	2026-10-04	2026-10-05 使用者明示接受譯文；未經母語者審閱；字模及正式語言包路徑另驗
ESPMES#121.9	2b930c5157e280cc	等家族复兴后，\n也让我参加王室的社交活动‥	accepted	2b034a12c4af819e	Codex	pilot-otherlangs-20261004	2026-10-04	2026-10-05 使用者明示接受譯文；未經母語者審閱；字模及正式語言包路徑另驗
ESPMES#121.10	8f577c2e2255f6f7	迪南多，别忘了还有我。\n在这动荡的世道，\n也要守住自己的原则‥	accepted	080ae486c2831c35	Codex	pilot-otherlangs-20261004	2026-10-04	2026-10-05 使用者明示接受譯文；未經母語者審閱；字模及正式語言包路徑另驗
ESPMES#121.11	bd926de314cf0341	我～知道，我明白！\n总之，得想办法\n别再负债了‥	accepted	9fe94ac4b4076285	Codex	pilot-otherlangs-20261004	2026-10-04	2026-10-05 使用者明示接受譯文；未經母語者審閱；字模及正式語言包路徑另驗
ESPMES#121.12	78b9bc9e9a248b6c	说得对！\n我会想办法，\n还请大家帮忙。	accepted	0e70a10d2d196eb0	Codex	pilot-otherlangs-20261004	2026-10-04	2026-10-05 使用者明示接受譯文；未經母語者審閱；字模及正式語言包路徑另驗
ESPMES#121.13	9d20c871f6e2ce43	无论如何都得快点赚钱，\n才能应付那个讨债的家伙。	accepted	98939ba0b86ed05c	Codex	pilot-otherlangs-20261004	2026-10-04	2026-10-05 使用者明示接受譯文；未經母語者審閱；字模及正式語言包路徑另驗
ESPMES#121.14	e6843958bc5b71f0	不管做什么，快出发吧！\n在这儿斗嘴也没用！	accepted	a3dfd58fd9d4306c	Codex	pilot-otherlangs-20261004	2026-10-04	2026-10-05 使用者明示接受譯文；未經母語者審閱；字模及正式語言包路徑另驗
ESPMES#121.15	3194959e1b28b7dd	没错，出发吧！\n一点一点把债还清，\n朝零负债努力！	accepted	a65b79d8cfc59c44	Codex	pilot-otherlangs-20261004	2026-10-04	2026-10-05 使用者明示接受譯文；未經母語者審閱；字模及正式語言包路徑另驗
ESPMES#121.16	9df5418b24bac435	把黎法雷和巴鲁沙干的敌人给消灭了。	accepted	ce6e2269836f77ee	Codex	full-20261006	2026-10-06	ICU 72 簡體轉換候選；保留原意；未經使用者接受及母語者審閱；正式採用限制另驗
ESPMES#121.17	bf45f79baabfee04	报酬10万Ｇ马上就会付给你。	accepted	1bf2c09669a540ac	Codex	full-20261006	2026-10-06	ICU 72 簡體轉換候選；保留原意；未經使用者接受及母語者審閱；正式採用限制另驗
ESPMES#121.18	7a96d3ad87db2444	我们准备把司令部推进至黎法雷。\n我也要过去那儿。	accepted	d07b2d0a56bbf5e6	Codex	full-20261006	2026-10-06	ICU 72 簡體轉換候選；保留原意；未經使用者接受及母語者審閱；正式採用限制另驗
ESPMES#121.19	9e95138599c6063f	对于往后的行动我们还得再研究\n一下、记得来找我。	accepted	45fbe64c1a5ec53e	Codex	full-20261006	2026-10-06	ICU 72 簡體轉換候選；保留原意；未經使用者接受及母語者審閱；正式採用限制另驗
ESPMES#121.20	c62713f9015b6301	这样子总算把拜亚兰斯境内都控制住了。\n	accepted	d4a5ae31e90ee555	Codex	full-20261006	2026-10-06	ICU 72 簡體轉換候選；保留原意；未經使用者接受及母語者審閱；正式採用限制另驗
ESPMES#121.21	c4b6ec0790e54500	总算把开战时失去的领土都恢复了、我们考虑和雷兹尼亚克公国停战‥	accepted	c8b59212f4064183	Codex	full-20261006	2026-10-06	ICU 72 簡體轉換候選；保留原意；未經使用者接受及母語者審閱；正式採用限制另驗
ESPMES#121.22	b25a4f4ec2238cd3	停战会议予定在雷兹尼亚克领内的雷雅利市举行。	accepted	0c437112f1146ff5	Codex	full-20261006	2026-10-06	ICU 72 簡體轉換候選；保留原意；未經使用者接受及母語者審閱；正式採用限制另驗
ESPMES#121.23	bdd366db9e1f3a04	说好的报酬30万Ｇ、马上就会给你。	accepted	280fdf00d2ce58a0	Codex	full-20261006	2026-10-06	ICU 72 簡體轉換候選；保留原意；未經使用者接受及母語者審閱；正式採用限制另驗
ESPMES#121.24	cb5910c937ed51b1	我也准备前往雷雅利市。\n不管怎样要谢谢你为我们\n所做的一切。\n	accepted	f8b5522b79937e74	Codex	full-20261006	2026-10-06	ICU 72 簡體轉換候選；保留原意；未經使用者接受及母語者審閱；正式採用限制另驗
ESPMES#121.25	6e78ea87965533da	多南斯达要塞被占领了、这到底是怎么回事？！\n我们的士兵到底在做些什么！	accepted	ab480b9cda2dae72	Codex	full-20261006	2026-10-06	ICU 72 簡體轉換候選；保留原意；未經使用者接受及母語者審閱；正式採用限制另驗
ESPMES#121.26	6e2f3600a6fde609	士兵都集中在奇得里奥要塞！\n这是雷兹尼亚克城的守护要塞、绝对不能让拜亚兰斯攻打进来！	accepted	cbd066288769c40d	Codex	full-20261006	2026-10-06	ICU 72 簡體轉換候選；保留原意；未經使用者接受及母語者審閱；正式採用限制另驗
ESPMES#121.27	a710f16e3f8b67a1	这就是雷兹尼亚克城的守护要塞奇得里奥要塞。	accepted	d3663e3d2c392d78	Codex	full-20261006	2026-10-06	ICU 72 簡體轉換候選；保留原意；未經使用者接受及母語者審閱；正式採用限制另驗
ESPMES#121.28	fbeab8c27a8544b6	奇得里奥要塞沦陷的话、雷兹尼亚克女王就会投降了。赶紧出发吧！快一点把这战争结束吧！	accepted	f5875183c2b89fbb	Codex	full-20261006	2026-10-06	ICU 72 簡體轉換候選；保留原意；未經使用者接受及母語者審閱；正式採用限制另驗；依同句語境修正簡中固定詞及原稿錯字；來源位元組不改
ESPMES#121.29	1ea74f742ca86175	连总司令也都已经战死了吗‥\n我们一族未来的命运将会如何‥	accepted	9965149bf112fbad	Codex	full-20261006	2026-10-06	ICU 72 簡體轉換候選；保留原意；未經使用者接受及母語者審閱；正式採用限制另驗
ESPMES#121.30	dae0e4aa23d05cea	‥雷兹尼亚克北部看来是沦陷定了‥	accepted	48c32c710385d566	Codex	full-20261006	2026-10-06	ICU 72 簡體轉換候選；保留原意；未經使用者接受及母語者審閱；正式採用限制另驗；依同句語境修正簡中固定詞及原稿錯字；來源位元組不改
ESPMES#121.31	f5caf56c711dfc59	‥可是也不能就这样放弃‥‥除了誓死一战以外‥	accepted	c5c697fe045f7b2d	Codex	full-20261006	2026-10-06	ICU 72 簡體轉換候選；保留原意；未經使用者接受及母語者審閱；正式採用限制另驗
ESPMES#121.32	20d7b939251fc0a8	夏雷吉市被占领？	accepted	18cf3095c2231eeb	Codex	full-20261006	2026-10-06	ICU 72 簡體轉換候選；保留原意；未經使用者接受及母語者審閱；正式採用限制另驗
ESPMES#121.33	3aa89423b3ad54de	就到此为只了‥\n‥已没有什么办法‥	accepted	227dc621ac03295a	Codex	full-20261006	2026-10-06	ICU 72 簡體轉換候選；保留原意；未經使用者接受及母語者審閱；正式採用限制另驗
ESPMES#121.34	2f43c51b72b29b18	我国宣布‥投降‥\n拜亚兰斯国王、我雷兹尼亚克停止全面抵抗、宣布无条件投降。	accepted	4f682d04722b9197	Codex	full-20261006	2026-10-06	ICU 72 簡體轉換候選；保留原意；未經使用者接受及母語者審閱；正式採用限制另驗
ESPMES#121.35	f675a72373f72d77	终于战胜了！我要去雷兹尼亚克城看看！\n迪南多！你也来雷兹尼亚克城看看！	accepted	e50b292231cbd7e7	Codex	full-20261006	2026-10-06	ICU 72 簡體轉換候選；保留原意；未經使用者接受及母語者審閱；正式採用限制另驗
ESPMES#121.36	3aa89423b3ad54de	就到此为只了‥\n‥已没有什么办法‥	accepted	227dc621ac03295a	Codex	full-20261006	2026-10-06	ICU 72 簡體轉換候選；保留原意；未經使用者接受及母語者審閱；正式採用限制另驗
ESPMES#121.37	2f43c51b72b29b18	我国宣布‥投降‥\n拜亚兰斯国王、我雷兹尼亚克停止全面抵抗、宣布无条件投降。	accepted	4f682d04722b9197	Codex	full-20261006	2026-10-06	ICU 72 簡體轉換候選；保留原意；未經使用者接受及母語者審閱；正式採用限制另驗
ESPMES#121.38	f675a72373f72d77	终于战胜了！我要去雷兹尼亚克城看看！\n迪南多！你也来雷兹尼亚克城看看！	accepted	e50b292231cbd7e7	Codex	full-20261006	2026-10-06	ICU 72 簡體轉換候選；保留原意；未經使用者接受及母語者審閱；正式採用限制另驗
ESPMES#121.39	1296be3d218b1aa7	哈哈！打算要对付我了吗？\n太好了！‥不怕死的话尽管来吧！	accepted	79b5687549ca61ef	Codex	full-20261006	2026-10-06	ICU 72 簡體轉換候選；保留原意；未經使用者接受及母語者審閱；正式採用限制另驗
ESPMES#121.40	e8b7749b31c8dd68	太好了！拉鲁‧布拉奇亚已占领了！司令部前进！	accepted	2bc95771ec6e1ce6	Codex	full-20261006	2026-10-06	ICU 72 簡體轉換候選；保留原意；未經使用者接受及母語者審閱；正式採用限制另驗
ESPMES#121.41	8102137969a145ba	哈哈！‥在布拉奇亚北部进行迂回作战‥	accepted	73cca6431cc8d0ff	Codex	full-20261006	2026-10-06	ICU 72 簡體轉換候選；保留原意；未經使用者接受及母語者審閱；正式採用限制另驗；依同句語境修正簡中固定詞及原稿錯字；來源位元組不改
ESPMES#121.42	eb878645aeeecafb	不过、年轻人、\n再接下来可别想像的太容易。	accepted	2913ab812604901d	Codex	full-20261006	2026-10-06	ICU 72 簡體轉換候選；保留原意；未經使用者接受及母語者審閱；正式採用限制另驗
ESPMES#121.43	daeb8bdf9bcec420	等着瞧吧！‥陆地上最强的奇斯特姆要塞攻打看看吧！	accepted	68919665694d81b5	Codex	full-20261006	2026-10-06	ICU 72 簡體轉換候選；保留原意；未經使用者接受及母語者審閱；正式採用限制另驗
ESPMES#121.44	89b893e1e65edaed	啊！‥奇斯特姆要塞被攻下来了‥	accepted	622b7a623ef95546	Codex	full-20261006	2026-10-06	ICU 72 簡體轉換候選；保留原意；未經使用者接受及母語者審閱；正式採用限制另驗
ESPMES#121.45	f655425bc7fc7e60	认命了！我在布拉奇亚城等你！要取我的命就来吧！	accepted	848e0907ba1e1d36	Codex	full-20261006	2026-10-06	ICU 72 簡體轉換候選；保留原意；未經使用者接受及母語者審閱；正式採用限制另驗
ESPMES#121.46	72fac73c895e56e9	就剩下布拉奇亚城里的老弱残兵而已。\n在这种局面下、我不知道布拉奇亚王还能作些什么？\n	accepted	82a92cb929cb7500	Codex	full-20261006	2026-10-06	ICU 72 簡體轉換候選；保留原意；未經使用者接受及母語者審閱；正式採用限制另驗
ESPMES#121.47	aa27089ca749228a	为了国家的未来！\n一口气进攻吧！	accepted	2cc1f473c54d3960	Codex	full-20261006	2026-10-06	ICU 72 簡體轉換候選；保留原意；未經使用者接受及母語者審閱；正式採用限制另驗
ESPMES#121.48	3d13c6d106cf7465	我要去布拉奇亚城\n找雷兹尼亚克女王、\n到时再碰面吧！	accepted	c316a9af046bcce5	Codex	full-20261006	2026-10-06	ICU 72 簡體轉換候選；保留原意；未經使用者接受及母語者審閱；正式採用限制另驗
ESPMES#121.49	1ffe8d1f70608650	拜亚兰斯城被占领了！	accepted	e3ba4e973091ff26	Codex	full-20261006	2026-10-06	ICU 72 簡體轉換候選；保留原意；未經使用者接受及母語者審閱；正式採用限制另驗
ESPMES#121.50	da3fa55828296440	到终点了‥	accepted	4bd8f17f5551b39a	Codex	full-20261006	2026-10-06	ICU 72 簡體轉換候選；保留原意；未經使用者接受及母語者審閱；正式採用限制另驗
ESPMES#121.51	d6fd32f8d5be1d30	黎法雷町被占领了！	accepted	03295b3853612050	Codex	full-20261006	2026-10-06	ICU 72 簡體轉換候選；保留原意；未經使用者接受及母語者審閱；正式採用限制另驗
ESPMES#121.52	b758d699436e4420	司令部撤退到拜亚兰斯城！	accepted	707ebb443f8e05dd	Codex	full-20261006	2026-10-06	ICU 72 簡體轉換候選；保留原意；未經使用者接受及母語者審閱；正式採用限制另驗
ESPMES#121.53	2b66a5499816ba3f	收复了黎法雷町！	accepted	bb8a73840bf7b142	Codex	full-20261006	2026-10-06	ICU 72 簡體轉換候選；保留原意；未經使用者接受及母語者審閱；正式採用限制另驗
ESPMES#121.54	ac42bcecbd8113c6	司令部移至黎法雷町！	accepted	3bd23eda9c6222d9	Codex	full-20261006	2026-10-06	ICU 72 簡體轉換候選；保留原意；未經使用者接受及母語者審閱；正式採用限制另驗
ESPMES#121.55	23cc3094e6a8ef00	雷雅利市被占领了！	accepted	1e01d0419cf21b82	Codex	full-20261006	2026-10-06	ICU 72 簡體轉換候選；保留原意；未經使用者接受及母語者審閱；正式採用限制另驗
ESPMES#121.56	b758d699436e4420	司令部撤退到拜亚兰斯城！	accepted	707ebb443f8e05dd	Codex	full-20261006	2026-10-06	ICU 72 簡體轉換候選；保留原意；未經使用者接受及母語者審閱；正式採用限制另驗
ESPMES#121.57	d840de624052fa70	收复了雷雅利市！	accepted	2a3a543f7b5911cc	Codex	full-20261006	2026-10-06	ICU 72 簡體轉換候選；保留原意；未經使用者接受及母語者審閱；正式採用限制另驗
ESPMES#121.58	cfc59f730e772b9f	司令部移至雷雅利市！	accepted	ad898b780a398930	Codex	full-20261006	2026-10-06	ICU 72 簡體轉換候選；保留原意；未經使用者接受及母語者審閱；正式採用限制另驗
ESPMES#121.59	a4f0481b43005ccc	巴鲁沙干要塞被占领了！	accepted	5b0d37fd5caded82	Codex	full-20261006	2026-10-06	ICU 72 簡體轉換候選；保留原意；未經使用者接受及母語者審閱；正式採用限制另驗
ESPMES#121.60	b758d699436e4420	司令部撤退到拜亚兰斯城！	accepted	707ebb443f8e05dd	Codex	full-20261006	2026-10-06	ICU 72 簡體轉換候選；保留原意；未經使用者接受及母語者審閱；正式採用限制另驗
ESPMES#121.61	48adddfe23bf1e6e	收复了巴鲁沙干要塞！	accepted	fa53ee0b1ad395ae	Codex	full-20261006	2026-10-06	ICU 72 簡體轉換候選；保留原意；未經使用者接受及母語者審閱；正式採用限制另驗
ESPMES#121.62	aebe818c000ac045	司令部移至巴鲁沙干要塞！	accepted	f0b60461718527f5	Codex	full-20261006	2026-10-06	ICU 72 簡體轉換候選；保留原意；未經使用者接受及母語者審閱；正式採用限制另驗
ESPMES#121.63	e84644bc9c9d779b	奇斯特姆要塞被占领了！	accepted	655c661be6bead93	Codex	full-20261006	2026-10-06	ICU 72 簡體轉換候選；保留原意；未經使用者接受及母語者審閱；正式採用限制另驗
ESPMES#121.64	b758d699436e4420	司令部撤退到拜亚兰斯城！	accepted	707ebb443f8e05dd	Codex	full-20261006	2026-10-06	ICU 72 簡體轉換候選；保留原意；未經使用者接受及母語者審閱；正式採用限制另驗
ESPMES#121.65	88f8a175099c88ba	收复了奇斯特姆要塞！	accepted	bd2abff13a2da624	Codex	full-20261006	2026-10-06	ICU 72 簡體轉換候選；保留原意；未經使用者接受及母語者審閱；正式採用限制另驗
ESPMES#121.66	d55d2ce9341b4af5	司令部移至奇斯特姆要塞！	accepted	e78116eb39dede92	Codex	full-20261006	2026-10-06	ICU 72 簡體轉換候選；保留原意；未經使用者接受及母語者審閱；正式採用限制另驗
ESPMES#121.67	931fcc0c92ad0234	雷兹尼亚克城被占领了！	accepted	1b36387127fe56cd	Codex	full-20261006	2026-10-06	ICU 72 簡體轉換候選；保留原意；未經使用者接受及母語者審閱；正式採用限制另驗
ESPMES#121.68	b758d699436e4420	司令部撤退到拜亚兰斯城！	accepted	707ebb443f8e05dd	Codex	full-20261006	2026-10-06	ICU 72 簡體轉換候選；保留原意；未經使用者接受及母語者審閱；正式採用限制另驗
ESPMES#121.69	fa33e789249106ae	收复了雷兹尼亚克城！	accepted	1c0216947a009352	Codex	full-20261006	2026-10-06	ICU 72 簡體轉換候選；保留原意；未經使用者接受及母語者審閱；正式採用限制另驗
ESPMES#121.70	a9ffae471702d5a5	司令部移至雷兹尼亚克城！	accepted	f3f6809b495bab64	Codex	full-20261006	2026-10-06	ICU 72 簡體轉換候選；保留原意；未經使用者接受及母語者審閱；正式採用限制另驗
ESPMES#121.71	5a8999f851e8772a	拉鲁‧布拉奇亚市被占领了！	accepted	b46392956c62c957	Codex	full-20261006	2026-10-06	ICU 72 簡體轉換候選；保留原意；未經使用者接受及母語者審閱；正式採用限制另驗
ESPMES#121.72	b758d699436e4420	司令部撤退到拜亚兰斯城！	accepted	707ebb443f8e05dd	Codex	full-20261006	2026-10-06	ICU 72 簡體轉換候選；保留原意；未經使用者接受及母語者審閱；正式採用限制另驗
ESPMES#121.73	1c2debc383f678ef	收复了拉鲁‧布拉奇亚市！	accepted	d8c526d8ce652880	Codex	full-20261006	2026-10-06	ICU 72 簡體轉換候選；保留原意；未經使用者接受及母語者審閱；正式採用限制另驗
ESPMES#121.74	6c269d2a50862f40	司令部移至拉鲁‧布拉奇亚市！	accepted	ff8b137e90a19981	Codex	full-20261006	2026-10-06	ICU 72 簡體轉換候選；保留原意；未經使用者接受及母語者審閱；正式採用限制另驗
ESPMES#121.75	93a3322df540ac78	布拉奇亚城被占领了！	accepted	198bc308c74997ad	Codex	full-20261006	2026-10-06	ICU 72 簡體轉換候選；保留原意；未經使用者接受及母語者審閱；正式採用限制另驗
ESPMES#121.76	b758d699436e4420	司令部撤退到拜亚兰斯城！	accepted	707ebb443f8e05dd	Codex	full-20261006	2026-10-06	ICU 72 簡體轉換候選；保留原意；未經使用者接受及母語者審閱；正式採用限制另驗
ESPMES#121.77	099cf1e6f1cd532b	收复了布拉奇亚城！	accepted	7757e9f17eca06b5	Codex	full-20261006	2026-10-06	ICU 72 簡體轉換候選；保留原意；未經使用者接受及母語者審閱；正式採用限制另驗
ESPMES#121.78	18c9f76f77afdc3a	司令部移至布拉奇亚城！	accepted	f3c9e755014aa6c3	Codex	full-20261006	2026-10-06	ICU 72 簡體轉換候選；保留原意；未經使用者接受及母語者審閱；正式採用限制另驗
ESPMES#122.0	d9eb74a305614b4b	‥舞娘好像就在附近‥	accepted	5b98e2e2a6bc49e4	Codex	full-20261006	2026-10-06	ICU 72 簡體轉換候選；保留原意；未經使用者接受及母語者審閱；正式採用限制另驗
ESPMES#122.1	101d85ff25ea5814	‥可以吗？有件事拜托一下！护送我到奈德雷依雅市、\n因为现在的道路上太不平静了、很容易就发生意外。\n	accepted	3291bf6f5a6ad151	Codex	full-20261006	2026-10-06	ICU 72 簡體轉換候選；保留原意；未經使用者接受及母語者審閱；正式採用限制另驗
ESPMES#122.2	c2dbf733174bb12e	喂！奈德雷依雅是往这边。	accepted	c1b66ce096bf30e1	Codex	full-20261006	2026-10-06	ICU 72 簡體轉換候選；保留原意；未經使用者接受及母語者審閱；正式採用限制另驗
ESPMES#122.3	526c751ad21cc73d	先付10000、\n剩下的到了再付。\n怎样？要不要接受？\n	accepted	f1d29fcf6aad81b3	Codex	full-20261006	2026-10-06	ICU 72 簡體轉換候選；保留原意；未經使用者接受及母語者審閱；正式採用限制另驗
ESPMES#122.4	fe0bb6edb0a0ae67	谢谢！一切都拜托您了。\n	accepted	12e67b70d65036de	Codex	full-20261006	2026-10-06	ICU 72 簡體轉換候選；保留原意；未經使用者接受及母語者審閱；正式採用限制另驗
ESPMES#122.5	153af045b90436ee	‥啊！没有办法带我去？\n算了、我再找别人好了。\n唉！\n	accepted	0c17b6492aa67de0	Codex	full-20261006	2026-10-06	ICU 72 簡體轉換候選；保留原意；未經使用者接受及母語者審閱；正式採用限制另驗
ESPMES#122.6	c650f5ab3f8e05bc	‥太可惜了。\n算了、我再找别人好了。\n唉！\n	accepted	f86e5b4187e73380	Codex	full-20261006	2026-10-06	ICU 72 簡體轉換候選；保留原意；未經使用者接受及母語者審閱；正式採用限制另驗
ESPMES#122.7	6ffc6ec9beaf05f9	终于到达了。\n	accepted	23847af74b3d4ba5	Codex	full-20261006	2026-10-06	ICU 72 簡體轉換候選；保留原意；未經使用者接受及母語者審閱；正式採用限制另驗
ESPMES#122.8	666bd6cac071816d	总算到了、大小姐！\n	accepted	796dfb475dfc2b6f	Codex	full-20261006	2026-10-06	ICU 72 簡體轉換候選；保留原意；未經使用者接受及母語者審閱；正式採用限制另驗
ESPMES#122.9	6315ddf134949962	哦！到达了。\n	accepted	b87a4a90840cc390	Codex	full-20261006	2026-10-06	ICU 72 簡體轉換候選；保留原意；未經使用者接受及母語者審閱；正式採用限制另驗
ESPMES#122.10	a67367f0fede030d	总算到了、累死我了。\n	accepted	13afa2df3568d80c	Codex	full-20261006	2026-10-06	ICU 72 簡體轉換候選；保留原意；未經使用者接受及母語者審閱；正式採用限制另驗
ESPMES#122.11	0059ba41f728324d	好不容易到了。\n	accepted	45268ec8db9d9a87	Codex	full-20261006	2026-10-06	ICU 72 簡體轉換候選；保留原意；未經使用者接受及母語者審閱；正式採用限制另驗
ESPMES#122.12	d8a882baae00ed00	‥平平安安到达了。\n	accepted	f89d25095655e1da	Codex	full-20261006	2026-10-06	ICU 72 簡體轉換候選；保留原意；未經使用者接受及母語者審閱；正式採用限制另驗
ESPMES#122.13	aa4250ff71a080e0	谢谢您！\n要在此分手了。在这段旅途中、真是十分愉快‥\n唉！\n	accepted	2657d0962d9f42c8	Codex	full-20261006	2026-10-06	ICU 72 簡體轉換候選；保留原意；未經使用者接受及母語者審閱；正式採用限制另驗
ESPMES#122.14	d79addd6c96bb526	嘿嘿！来得妙极了。\n到此为只就可以了、把那小妞交给我就可以完事了。嘿嘿！\n	accepted	d2bb5747f0e3ce21	Codex	full-20261006	2026-10-06	ICU 72 簡體轉換候選；保留原意；未經使用者接受及母語者審閱；正式採用限制另驗
ESPMES#122.15	5e6b8298a97387c2	‥‥‥‥‥‥‥‥‥‥好神勇哦！\n我决定了！　　带着我跟你们一起去旅行、好吗？	accepted	8ca24b5cd5798de4	Codex	full-20261006	2026-10-06	ICU 72 簡體轉換候選；保留原意；未經使用者接受及母語者審閱；正式採用限制另驗
ESPMES#122.16	769610fc945dca78	他总算把事情完成了！\n	accepted	a0d74fbcb8b7514a	Codex	full-20261006	2026-10-06	ICU 72 簡體轉換候選；保留原意；未經使用者接受及母語者審閱；正式採用限制另驗
ESPMES#122.17	5e6b8298a97387c2	‥‥‥‥‥‥‥‥‥‥好神勇哦！\n我决定了！　　带着我跟你们一起去旅行、好吗？	accepted	8ca24b5cd5798de4	Codex	full-20261006	2026-10-06	ICU 72 簡體轉換候選；保留原意；未經使用者接受及母語者審閱；正式採用限制另驗
ESPMES#122.18	769610fc945dca78	他总算把事情完成了！\n	accepted	a0d74fbcb8b7514a	Codex	full-20261006	2026-10-06	ICU 72 簡體轉換候選；保留原意；未經使用者接受及母語者審閱；正式採用限制另驗
ESPMES#122.19	814188d0cafdda48	嘿嘿！真是不好意思要你带过来、嘿嘿！\n	accepted	0d53a80b9e959d77	Codex	full-20261006	2026-10-06	ICU 72 簡體轉換候選；保留原意；未經使用者接受及母語者審閱；正式採用限制另驗
ESPMES#122.20	a9b3e1e2181c91bd	哈哈！‥总算带来了。咦？尾款？\n	accepted	ce6065f117efe46f	Codex	full-20261006	2026-10-06	ICU 72 簡體轉換候選；保留原意；未經使用者接受及母語者審閱；正式採用限制另驗
ESPMES#122.21	459c61fc30f27f4e	这个吗‥糟榚了！\n我没有钱‥。\n	accepted	8e4881ae6de2e6e5	Codex	full-20261006	2026-10-06	ICU 72 簡體轉換候選；保留原意；未經使用者接受及母語者審閱；正式採用限制另驗
ESPMES#122.22	b64ab2e16c7e1c7f	嗯！这样的话。\n下次见面再说吧‥‥。	accepted	0ff2694e04eab843	Codex	full-20261006	2026-10-06	ICU 72 簡體轉換候選；保留原意；未經使用者接受及母語者審閱；正式採用限制另驗
ESPMES#122.23	ba35d74cb1c20a4e	完了！完了！完了！钱包不见了！\n	accepted	0b4b992db2a1512c	Codex	full-20261006	2026-10-06	ICU 72 簡體轉換候選；保留原意；未經使用者接受及母語者審閱；正式採用限制另驗
ESPMES#122.24	705eb099991f6416	‥‥鸣鸣！可恶！\n我根本就不知道还有尾款！\n	accepted	33f17f9a3930815a	Codex	full-20261006	2026-10-06	ICU 72 簡體轉換候選；保留原意；未經使用者接受及母語者審閱；正式採用限制另驗
ESPMES#122.25	fc163be2f0bccf59	咦？你说什么！\n我怎么什么都不知道！\n	accepted	2dd5baa3cdb0ec55	Codex	full-20261006	2026-10-06	ICU 72 簡體轉換候選；保留原意；未經使用者接受及母語者審閱；正式採用限制另驗
ESPMES#122.26	afb6feb3f4cf4f70	他把事情搞砸了。\n	accepted	6ca27ad3c4085c39	Codex	full-20261006	2026-10-06	ICU 72 簡體轉換候選；保留原意；未經使用者接受及母語者審閱；正式採用限制另驗
ESPMES#122.27	0855e6a0dca2cfaa	想要找工作吗？\n	accepted	683fb750ad1cdeb0	Codex	full-20261006	2026-10-06	ICU 72 簡體轉換候選；保留原意；未經使用者接受及母語者審閱；正式採用限制另驗
ESPMES#122.28	5bb7bf7b40cfe5fb	真的十分伤脑筋‥\n这附近又这么危险‥\n送洗濯物来的女人又好可怕喔‥\n	accepted	e66b9e48320f9063	Codex	full-20261006	2026-10-06	ICU 72 簡體轉換候選；保留原意；未經使用者接受及母語者審閱；正式採用限制另驗
ESPMES#122.29	f226d066275f436b	这些洗濯物要赶快送去才行、好多喔！\n怎么办‥	accepted	50f0c1475d68a23b	Codex	full-20261006	2026-10-06	ICU 72 簡體轉換候選；保留原意；未經使用者接受及母語者審閱；正式採用限制另驗
ESPMES#122.30	a8720715c53731be	这些要送到米堤利帝城塞都市去、可不可以帮我这个忙。\n	accepted	786756590023a618	Codex	full-20261006	2026-10-06	ICU 72 簡體轉換候選；保留原意；未經使用者接受及母語者審閱；正式採用限制另驗
ESPMES#122.31	01c8b1418cb73068	收到洗濯物！	accepted	7e87b35a932d254e	Codex	full-20261006	2026-10-06	ICU 72 簡體轉換候選；保留原意；未經使用者接受及母語者審閱；正式採用限制另驗
ESPMES#122.32	7873a5874959ff2c	对不起！\n米堤利帝城塞都市是禁止男子进入的。\n拜托我也是没有用的。\n真是十分抱歉！	accepted	7ad84eeaf412539a	Codex	full-20261006	2026-10-06	ICU 72 簡體轉換候選；保留原意；未經使用者接受及母語者審閱；正式採用限制另驗
ESPMES#122.33	f438cb5d16ab3703	对不起！这里是禁止男人进入的！请赶快离开！\n	accepted	3078e9d29dcfdf4f	Codex	full-20261006	2026-10-06	ICU 72 簡體轉換候選；保留原意；未經使用者接受及母語者審閱；正式採用限制另驗
ESPMES#122.34	49096e3ac0d0af58	咦！～怎么会这样～？\n	accepted	301a64387fc34a5d	Codex	full-20261006	2026-10-06	ICU 72 簡體轉換候選；保留原意；未經使用者接受及母語者審閱；正式採用限制另驗
ESPMES#122.35	ef1fcad8c99b49b0	‥‥可不可以稍微通融一下‥。	accepted	d78b84d0eb8bbe42	Codex	full-20261006	2026-10-06	ICU 72 簡體轉換候選；保留原意；未經使用者接受及母語者審閱；正式採用限制另驗
ESPMES#122.36	0c02af44b6f74eb6	这下子可全都白费工夫了。\n	accepted	6eafbc10da0ecd25	Codex	full-20261006	2026-10-06	ICU 72 簡體轉換候選；保留原意；未經使用者接受及母語者審閱；正式採用限制另驗
ESPMES#122.37	de350ec15154e809	！　　拜托一下啦！求求你！\n	accepted	0221db49458ec295	Codex	full-20261006	2026-10-06	ICU 72 簡體轉換候選；保留原意；未經使用者接受及母語者審閱；正式採用限制另驗
ESPMES#122.38	20aca30dd85ec6b0	有重要任务在身、能不能让我进去一下？\n	accepted	0607db3273d59114	Codex	full-20261006	2026-10-06	ICU 72 簡體轉換候選；保留原意；未經使用者接受及母語者審閱；正式採用限制另驗
ESPMES#122.39	6a97609031c65edd	真是的！来到这了、\n竟会发生这种事情！\n	accepted	0a519fab0e8ea527	Codex	full-20261006	2026-10-06	ICU 72 簡體轉換候選；保留原意；未經使用者接受及母語者審閱；正式採用限制另驗
ESPMES#122.40	8181dc64285ee8a3	唉！说什么也没用的！	accepted	c3b5ae08f67c488c	Codex	full-20261006	2026-10-06	ICU 72 簡體轉換候選；保留原意；未經使用者接受及母語者審閱；正式採用限制另驗
ESPMES#122.41	0e71de61cbeda34f	哦！真是不好意思！这是洗濯屋要用的东西、太好了！\n谢谢你！\n	accepted	eac46054f23289fb	Codex	full-20261006	2026-10-06	ICU 72 簡體轉換候選；保留原意；未經使用者接受及母語者審閱；正式採用限制另驗
ESPMES#122.42	769610fc945dca78	他总算把事情完成了！\n	accepted	a0d74fbcb8b7514a	Codex	full-20261006	2026-10-06	ICU 72 簡體轉換候選；保留原意；未經使用者接受及母語者審閱；正式採用限制另驗
ESPMES#122.43	2e97f9815aa0059c	哈哈！你们不用这么辛苦了、这些洗濯物在这儿交给我就行了！\n	accepted	8e741415653d0f07	Codex	full-20261006	2026-10-06	ICU 72 簡體轉換候選；保留原意；未經使用者接受及母語者審閱；正式採用限制另驗
ESPMES#122.44	4603f36fdce404b2	这是什么奇怪的古文书？\n	accepted	1a527245f5d8a3bd	Codex	full-20261006	2026-10-06	ICU 72 簡體轉換候選；保留原意；未經使用者接受及母語者審閱；正式採用限制另驗
ESPMES#122.45	bbba94634e309cad	什么？有何贵干？\n	accepted	461b5d11b98e9b41	Codex	full-20261006	2026-10-06	ICU 72 簡體轉換候選；保留原意；未經使用者接受及母語者審閱；正式採用限制另驗
ESPMES#122.46	f3d197cf472b2c28	如果没什么特别的事‥	accepted	98a7dd8ad2dfb4d5	Codex	full-20261006	2026-10-06	ICU 72 簡體轉換候選；保留原意；未經使用者接受及母語者審閱；正式採用限制另驗
ESPMES#122.47	5c81257da7b805ed	请你们离开吧！	accepted	4d1588352a4fec68	Codex	full-20261006	2026-10-06	ICU 72 簡體轉換候選；保留原意；未經使用者接受及母語者審閱；正式採用限制另驗
ESPMES#122.48	e7fa29e75151a282	什么！只有一个小妞！\n真没意思！	accepted	c00c0d92d98a4645	Codex	full-20261006	2026-10-06	ICU 72 簡體轉換候選；保留原意；未經使用者接受及母語者審閱；正式採用限制另驗
ESPMES#122.49	4d485fb1f9fa2922	什么玩意！\n出去！	accepted	dbb0fb7df5df359b	Codex	full-20261006	2026-10-06	ICU 72 簡體轉換候選；保留原意；未經使用者接受及母語者審閱；正式採用限制另驗
ESPMES#122.50	de9e3ebe1f4e323b	真是十分抱歉！\n我们好像是迷路了。	accepted	6428261eb3daba2a	Codex	full-20261006	2026-10-06	ICU 72 簡體轉換候選；保留原意；未經使用者接受及母語者審閱；正式採用限制另驗
ESPMES#122.51	3cc9667c955e8a17	嗯！那赶快走吧！	accepted	b25a881b29423b5b	Codex	full-20261006	2026-10-06	ICU 72 簡體轉換候選；保留原意；未經使用者接受及母語者審閱；正式採用限制另驗
ESPMES#122.52	2a2f4b0aba2363e4	什么嘛！真没意思！\n回去吧！	accepted	2db9eec769cad029	Codex	full-20261006	2026-10-06	ICU 72 簡體轉換候選；保留原意；未經使用者接受及母語者審閱；正式採用限制另驗
ESPMES#122.53	02e551997472fa85	‥‥‥‥‥‥	accepted	ee93febd1f0710c8	Codex	full-20261006	2026-10-06	ICU 72 簡體轉換候選；保留原意；未經使用者接受及母語者審閱；正式採用限制另驗
ESPMES#122.54	dc6e75ef7246a35c	真是对不起！\n我是迪诗蕾德‥‥	accepted	b584d138e176f337	Codex	full-20261006	2026-10-06	ICU 72 簡體轉換候選；保留原意；未經使用者接受及母語者審閱；正式採用限制另驗
ESPMES#122.55	b085db6c0f06ea1a	没听过！你走吧！	accepted	37ad83bc971e3d4a	Codex	full-20261006	2026-10-06	ICU 72 簡體轉換候選；保留原意；未經使用者接受及母語者審閱；正式採用限制另驗
ESPMES#122.56	8dc02b6532e288e5	咦！单身女郎？\n	accepted	3f887792ab50ce0d	Codex	full-20261006	2026-10-06	ICU 72 簡體轉換候選；保留原意；未經使用者接受及母語者審閱；正式採用限制另驗
ESPMES#122.57	f610323b4224c247	我们主人没有时间会见你。\n回去吧！	accepted	bd3de658c26bf624	Codex	full-20261006	2026-10-06	ICU 72 簡體轉換候選；保留原意；未經使用者接受及母語者審閱；正式採用限制另驗
ESPMES#122.58	e0827541a31da1dc	拿到手的只有这个人偶？‥哈哈！哈哈！哈哈哈！真是遗憾！唉！	accepted	b0e33e2b8f28d3a8	Codex	full-20261006	2026-10-06	ICU 72 簡體轉換候選；保留原意；未經使用者接受及母語者審閱；正式採用限制另驗
ESPMES#122.59	a81ba92b5737c067	不好意思！这人偶我拿走了。这些钱还你、嘻嘻！‥有空再来坐！\n保重！\n	accepted	882feb48ce78ccd7	Codex	full-20261006	2026-10-06	ICU 72 簡體轉換候選；保留原意；未經使用者接受及母語者審閱；正式採用限制另驗
ESPMES#122.60	b3b3e7c2c1aa574b	嗯！我认为这是古代的宝物所在标示物、也就是藏宝地图。\n	accepted	cbea0d70f7b0913b	Codex	full-20261006	2026-10-06	ICU 72 簡體轉換候選；保留原意；未經使用者接受及母語者審閱；正式採用限制另驗
ESPMES#122.61	6b8039c0f2e417eb	如何？给我1000Ｇ我就告知你详细的情形。	accepted	df6972ff50509040	Codex	full-20261006	2026-10-06	ICU 72 簡體轉換候選；保留原意；未經使用者接受及母語者審閱；正式採用限制另驗
ESPMES#122.62	c15c284212744873	谢谢！我来说明一下！\n这上面只说到莫特利鲁洞窟、\n其它的要去了才能知道。\n看你们的了、各位！\n	accepted	28bb62f13e28a0dc	Codex	full-20261006	2026-10-06	ICU 72 簡體轉換候選；保留原意；未經使用者接受及母語者審閱；正式採用限制另驗
ESPMES#122.63	04f789fd64323a6f	‥钱不够！那么也不能透露什么了‥。\n	accepted	5b2241a5d3698da5	Codex	full-20261006	2026-10-06	ICU 72 簡體轉換候選；保留原意；未經使用者接受及母語者審閱；正式採用限制另驗
ESPMES#122.64	d68fd77e31c7e8df	原来如此！那么以后再说吧！\n	accepted	b60951af431c819e	Codex	full-20261006	2026-10-06	ICU 72 簡體轉換候選；保留原意；未經使用者接受及母語者審閱；正式採用限制另驗
ESPMES#122.65	f9f4ff1511cef482	怎么样？有没有兴趣听听看？	accepted	5f28e2f844eaa194	Codex	full-20261006	2026-10-06	ICU 72 簡體轉換候選；保留原意；未經使用者接受及母語者審閱；正式採用限制另驗
ESPMES#122.66	c15c284212744873	谢谢！我来说明一下！\n这上面只说到莫特利鲁洞窟、\n其它的要去了才能知道。\n看你们的了、各位！\n	accepted	28bb62f13e28a0dc	Codex	full-20261006	2026-10-06	ICU 72 簡體轉換候選；保留原意；未經使用者接受及母語者審閱；正式採用限制另驗
ESPMES#122.67	8ab2f314d240b928	‥钱还是不够。\n唉！等你们钱凑够了、\n再过来吧！\n	accepted	a34420482ebb20db	Codex	full-20261006	2026-10-06	ICU 72 簡體轉換候選；保留原意；未經使用者接受及母語者審閱；正式採用限制另驗
ESPMES#122.68	d68fd77e31c7e8df	原来如此！那么以后再说吧！\n	accepted	b60951af431c819e	Codex	full-20261006	2026-10-06	ICU 72 簡體轉換候選；保留原意；未經使用者接受及母語者審閱；正式採用限制另驗
ESPMES#122.69	e5dc134d1f5525c7	我不是说了只有去了洞窟才会了解。\n知道了就赶快去吧！‥说不定会发现古代的秘密！	accepted	fd80ca3ca5f4eec8	Codex	full-20261006	2026-10-06	ICU 72 簡體轉換候選；保留原意；未經使用者接受及母語者審閱；正式採用限制另驗
ESPMES#122.70	cea974537eb8fb3e	咦？战败了！这说不定是一种磨练‥‥‥‥‥再去一次试试看！\n一切都是在胜利之中！\n	accepted	ee0846775efa1b73	Codex	full-20261006	2026-10-06	ICU 72 簡體轉換候選；保留原意；未經使用者接受及母語者審閱；正式採用限制另驗
ESPMES#122.71	01dd9a4e1c2d8dc7	嗯？　　人偶？‥原来如此！必需要有这个！拿去吧！‥不必跟我客气了。\n	accepted	58b3e05a0cead3af	Codex	full-20261006	2026-10-06	ICU 72 簡體轉換候選；保留原意；未經使用者接受及母語者審閱；正式採用限制另驗
ESPMES#122.72	9db60a92a054d475	人偶有作用吗？	accepted	607744a7b7c32c2e	Codex	full-20261006	2026-10-06	ICU 72 簡體轉換候選；保留原意；未經使用者接受及母語者審閱；正式採用限制另驗
ESPMES#122.73	ad889ede3c95d488	人偶？目前正在研究当中、真的有必要的话就先给你吧！\n可是用完了要马上还给我才行。	accepted	eff1f0e10ab50c93	Codex	full-20261006	2026-10-06	ICU 72 簡體轉換候選；保留原意；未經使用者接受及母語者審閱；正式採用限制另驗
ESPMES#122.74	2c2dc561305fb6f7	呀！！救命啊！！！	accepted	a2af9ec95ac42823	Codex	full-20261006	2026-10-06	ICU 72 簡體轉換候選；保留原意；未經使用者接受及母語者審閱；正式採用限制另驗
ESPMES#122.75	1f373ac58b7e5d7b	恭禧你！勇敢的英雄！你们通过了这个关卡。\n	accepted	1faac0ca8ec4cea4	Codex	full-20261006	2026-10-06	ICU 72 簡體轉換候選；保留原意；未經使用者接受及母語者審閱；正式採用限制另驗
ESPMES#122.76	9742cbd80be58967	‥宝藏呢？\n	accepted	19e015c953726556	Codex	full-20261006	2026-10-06	ICU 72 簡體轉換候選；保留原意；未經使用者接受及母語者審閱；正式採用限制另驗
ESPMES#122.77	08dd592daad142f7	接下来！宝藏呢‥？\n	accepted	3ce7e42db3768d45	Codex	full-20261006	2026-10-06	ICU 72 簡體轉換候選；保留原意；未經使用者接受及母語者審閱；正式採用限制另驗
ESPMES#122.78	18c2272215dbebc9	可以找到宝藏吧！\n	accepted	f43f7e30e2fb27d9	Codex	full-20261006	2026-10-06	ICU 72 簡體轉換候選；保留原意；未經使用者接受及母語者審閱；正式採用限制另驗
ESPMES#122.79	9aa817854d636314	哇！在那里？在那里？	accepted	44e3bc4bf3e1f9f6	Codex	full-20261006	2026-10-06	ICU 72 簡體轉換候選；保留原意；未經使用者接受及母語者審閱；正式採用限制另驗
ESPMES#122.80	f0c2f594b6b12f5f	宝藏在那里呢？\n	accepted	b3d2e3df4262e47b	Codex	full-20261006	2026-10-06	ICU 72 簡體轉換候選；保留原意；未經使用者接受及母語者審閱；正式採用限制另驗
ESPMES#122.81	7046d9bb92b403ae	宝藏跑那里去了？\n	accepted	a9beb573fc87a574	Codex	full-20261006	2026-10-06	ICU 72 簡體轉換候選；保留原意；未經使用者接受及母語者審閱；正式採用限制另驗
ESPMES#122.82	3e98ae1aa7d5bae7	所谓的宝藏就是你们有一个正义的心！再会了～‥	accepted	9145d929de471d48	Codex	full-20261006	2026-10-06	ICU 72 簡體轉換候選；保留原意；未經使用者接受及母語者審閱；正式採用限制另驗
ESPMES#122.83	f0a86d7088f5a83b	‥‥白费心机‥‥。\n	accepted	3257e3ed89bb3813	Codex	full-20261006	2026-10-06	ICU 72 簡體轉換候選；保留原意；未經使用者接受及母語者審閱；正式採用限制另驗
ESPMES#122.84	3dcd50d49129ea0e	拿到了木彫的人偶。	accepted	0c18327893d3c0aa	Codex	full-20261006	2026-10-06	ICU 72 簡體轉換候選；保留原意；未經使用者接受及母語者審閱；正式採用限制另驗
ESPMES#122.85	c10e6ffe29764c99	‥对手消失了！\n	accepted	eea03052609322eb	Codex	full-20261006	2026-10-06	ICU 72 簡體轉換候選；保留原意；未經使用者接受及母語者審閱；正式採用限制另驗
ESPMES#122.86	df1d645d7feb8571	能够做得到这件事情的、也只有强者而已‥。你们可真是不简单！‥拿去吧！\n希望能对你们有帮助。\n	accepted	0537bda6cca1f628	Codex	full-20261006	2026-10-06	ICU 72 簡體轉換候選；保留原意；未經使用者接受及母語者審閱；正式採用限制另驗
ESPMES#122.87	df1d645d7feb8571	能够做得到这件事情的、也只有强者而已‥。你们可真是不简单！‥拿去吧！\n希望能对你们有帮助。\n	accepted	0537bda6cca1f628	Codex	full-20261006	2026-10-06	ICU 72 簡體轉換候選；保留原意；未經使用者接受及母語者審閱；正式採用限制另驗
ESPMES#122.88	b5c51993cd483d5c	第４个物品到手！	accepted	cc35c607fa1e47ce	Codex	full-20261006	2026-10-06	ICU 72 簡體轉換候選；保留原意；未經使用者接受及母語者審閱；正式採用限制另驗
ESPMES#122.89	af297c0c52795b3c	‥不败之塔是在此建立‥\n	accepted	7e8cba9cd9a77269	Codex	full-20261006	2026-10-06	ICU 72 簡體轉換候選；保留原意；未經使用者接受及母語者審閱；正式採用限制另驗
ESPMES#122.90	970e8102357601eb	‥在这儿的全是顶尖高手‥\n拿着这个证书、以后有机会再来吧‥！\n	accepted	80ce715655bae613	Codex	full-20261006	2026-10-06	ICU 72 簡體轉換候選；保留原意；未經使用者接受及母語者審閱；正式採用限制另驗
ESPMES#122.91	af297c0c52795b3c	‥不败之塔是在此建立‥\n	accepted	7e8cba9cd9a77269	Codex	full-20261006	2026-10-06	ICU 72 簡體轉換候選；保留原意；未經使用者接受及母語者審閱；正式採用限制另驗
ESPMES#122.92	970e8102357601eb	‥在这儿的全是顶尖高手‥\n拿着这个证书、以后有机会再来吧‥！\n	accepted	80ce715655bae613	Codex	full-20261006	2026-10-06	ICU 72 簡體轉換候選；保留原意；未經使用者接受及母語者審閱；正式採用限制另驗
ESPMES#122.93	dfbe8c26a0d0549a	跑来了一个醉客‥	accepted	8cb604fe9aa10080	Codex	full-20261006	2026-10-06	ICU 72 簡體轉換候選；保留原意；未經使用者接受及母語者審閱；正式採用限制另驗
ESPMES#122.94	7e5e095f95bfbcbe	你们知不知道怎么去阿米伦特要塞呢？\n	accepted	873198e5d0d19eda	Codex	full-20261006	2026-10-06	ICU 72 簡體轉換候選；保留原意；未經使用者接受及母語者審閱；正式採用限制另驗
ESPMES#122.95	80c03222b9a07db8	知不知道又有什么关系呢？\n	accepted	1cf17420ead03da2	Codex	full-20261006	2026-10-06	ICU 72 簡體轉換候選；保留原意；未經使用者接受及母語者審閱；正式採用限制另驗
ESPMES#122.96	6a7148baec8d88be	喂！等一下！有没有钱？出1000Ｇ我就带你们去！	accepted	b26b3175ce649465	Codex	full-20261006	2026-10-06	ICU 72 簡體轉換候選；保留原意；未經使用者接受及母語者審閱；正式採用限制另驗
ESPMES#122.97	f53c13fd8bb82dac	来吧！我带你们去！	accepted	223c07e73db77fd3	Codex	full-20261006	2026-10-06	ICU 72 簡體轉換候選；保留原意；未經使用者接受及母語者審閱；正式採用限制另驗
ESPMES#122.98	e6bd01a237b1e672	钱好像不够吧！	accepted	6966288a159cc3cb	Codex	full-20261006	2026-10-06	ICU 72 簡體轉換候選；保留原意；未經使用者接受及母語者審閱；正式採用限制另驗
ESPMES#122.99	e6f6dff77840657a	这样啊！那算了！	accepted	f6a8dd485f39a450	Codex	full-20261006	2026-10-06	ICU 72 簡體轉換候選；保留原意；未經使用者接受及母語者審閱；正式採用限制另驗
ESPMES#122.100	a4311b92bd77cda9	那位醉客。	accepted	ca2d52762e60f0db	Codex	full-20261006	2026-10-06	ICU 72 簡體轉換候選；保留原意；未經使用者接受及母語者審閱；正式採用限制另驗
ESPMES#122.101	346b0a9d0472cdac	想去塔南市？费用1000Ｇ。	accepted	702c773ef2e183c8	Codex	full-20261006	2026-10-06	ICU 72 簡體轉換候選；保留原意；未經使用者接受及母語者審閱；正式採用限制另驗
ESPMES#122.102	f53c13fd8bb82dac	来吧！我带你们去！	accepted	223c07e73db77fd3	Codex	full-20261006	2026-10-06	ICU 72 簡體轉換候選；保留原意；未經使用者接受及母語者審閱；正式採用限制另驗
ESPMES#122.103	e6bd01a237b1e672	钱好像不够吧！	accepted	6966288a159cc3cb	Codex	full-20261006	2026-10-06	ICU 72 簡體轉換候選；保留原意；未經使用者接受及母語者審閱；正式採用限制另驗
ESPMES#122.104	e6f6dff77840657a	这样啊！那算了！	accepted	f6a8dd485f39a450	Codex	full-20261006	2026-10-06	ICU 72 簡體轉換候選；保留原意；未經使用者接受及母語者審閱；正式採用限制另驗
ESPMES#122.105	a5a40fb5f3a86f47	啊！来了！来了！对不起！我是法兰恩城枪术大会实行委员会的主办人、你们是前次的优胜者‥是吧？\n	accepted	e1a316025c7fcae6	Codex	full-20261006	2026-10-06	ICU 72 簡體轉換候選；保留原意；未經使用者接受及母語者審閱；正式採用限制另驗
ESPMES#122.106	bd8948d98c86c75f	事情是这样子的、可不可以拜托你们把优胜奖杯还给我们？\n	accepted	e3c9b91f6000f494	Codex	full-20261006	2026-10-06	ICU 72 簡體轉換候選；保留原意；未經使用者接受及母語者審閱；正式採用限制另驗
ESPMES#122.107	d21fd03dc1d2a2d0	奉还优胜奖杯？	accepted	ab722bb8e7da4635	Codex	full-20261006	2026-10-06	ICU 72 簡體轉換候選；保留原意；未經使用者接受及母語者審閱；正式採用限制另驗
ESPMES#122.108	483597fbc1afb5d9	谢谢！这次的比赛希望你们也能参加！那么！回头见！\n	accepted	9efb5940dfd13205	Codex	full-20261006	2026-10-06	ICU 72 簡體轉換候選；保留原意；未經使用者接受及母語者審閱；正式採用限制另驗
ESPMES#122.109	1bc51a0760d97b8d	赌博？嗯！有在玩啊！\n赌博是六亲不认的\n不归路啊！	accepted	d604028813578e01	Codex	full-20261006	2026-10-06	ICU 72 簡體轉換候選；保留原意；未經使用者接受及母語者審閱；正式採用限制另驗
ESPMES#122.110	f26f46471ce2c2d7	嗯‥‥想赚钱的话‥。\n听说过枪术大会吗？嘿嘿！想不想听听看？\n	accepted	c410a5d819891210	Codex	full-20261006	2026-10-06	ICU 72 簡體轉換候選；保留原意；未經使用者接受及母語者審閱；正式採用限制另驗
ESPMES#122.111	a2c4b0d9e12ffb9d	嗯！原来如此‥	accepted	277e573f73e4c5be	Codex	full-20261006	2026-10-06	ICU 72 簡體轉換候選；保留原意；未經使用者接受及母語者審閱；正式採用限制另驗
ESPMES#122.112	861a9168dd97a565	原来如此‥	accepted	67068f4cabcf17fa	Codex	full-20261006	2026-10-06	ICU 72 簡體轉換候選；保留原意；未經使用者接受及母語者審閱；正式採用限制另驗
ESPMES#122.113	85442b4813e62948	原来是这样‥	accepted	dfa822cb2faaf3f5	Codex	full-20261006	2026-10-06	ICU 72 簡體轉換候選；保留原意；未經使用者接受及母語者審閱；正式採用限制另驗
ESPMES#122.114	9c2881cc8d3c7d32	哦！‥	accepted	560b9c65059b39a8	Codex	full-20261006	2026-10-06	ICU 72 簡體轉換候選；保留原意；未經使用者接受及母語者審閱；正式採用限制另驗
ESPMES#122.115	62c5ca9b11d984a1	原来是这么回事‥	accepted	f14acda2d89c6fb0	Codex	full-20261006	2026-10-06	ICU 72 簡體轉換候選；保留原意；未經使用者接受及母語者審閱；正式採用限制另驗
ESPMES#122.116	2daf6eff438a9c24	原来‥	accepted	a465fec4f9d3a115	Codex	full-20261006	2026-10-06	ICU 72 簡體轉換候選；保留原意；未經使用者接受及母語者審閱；正式採用限制另驗
ESPMES#122.117	d211d419b6c9acf9	好吧！说来听听！	accepted	b633aa5815a9d169	Codex	full-20261006	2026-10-06	ICU 72 簡體轉換候選；保留原意；未經使用者接受及母語者審閱；正式採用限制另驗
ESPMES#122.118	9f622730b3088803	让的听听看吧！	accepted	335f218b23c1314b	Codex	full-20261006	2026-10-06	ICU 72 簡體轉換候選；保留原意；未經使用者接受及母語者審閱；正式採用限制另驗
ESPMES#122.119	65efa2bb1deabe57	请说来听听！	accepted	f7c7608b7013a9b6	Codex	full-20261006	2026-10-06	ICU 72 簡體轉換候選；保留原意；未經使用者接受及母語者審閱；正式採用限制另驗
ESPMES#122.120	a8e6e219fcc21df4	听听看！	accepted	bc2d0fd871c71665	Codex	full-20261006	2026-10-06	ICU 72 簡體轉換候選；保留原意；未經使用者接受及母語者審閱；正式採用限制另驗
ESPMES#122.121	5987b5a72395626c	能说给我听吗？	accepted	6833acc174cbe423	Codex	full-20261006	2026-10-06	ICU 72 簡體轉換候選；保留原意；未經使用者接受及母語者審閱；正式採用限制另驗
ESPMES#122.122	bd92d224cc0b3d40	听一听便知道！	accepted	5d54ede62a3c3659	Codex	full-20261006	2026-10-06	ICU 72 簡體轉換候選；保留原意；未經使用者接受及母語者審閱；正式採用限制另驗
ESPMES#122.123	282a9afd114ed9a4	不用了！	accepted	5dd73cd9054fa383	Codex	full-20261006	2026-10-06	ICU 72 簡體轉換候選；保留原意；未經使用者接受及母語者審閱；正式採用限制另驗
ESPMES#122.124	7168987da3a0a22b	还是算了！	accepted	0203f204b97800f7	Codex	full-20261006	2026-10-06	ICU 72 簡體轉換候選；保留原意；未經使用者接受及母語者審閱；正式採用限制另驗
ESPMES#122.125	7c7eac0174fdeacd	还是不用了！	accepted	27624bcbadf6b255	Codex	full-20261006	2026-10-06	ICU 72 簡體轉換候選；保留原意；未經使用者接受及母語者審閱；正式採用限制另驗
ESPMES#122.126	5b26af904dab3bc6	嗯！不用了！	accepted	8dc0bffc58949e62	Codex	full-20261006	2026-10-06	ICU 72 簡體轉換候選；保留原意；未經使用者接受及母語者審閱；正式採用限制另驗
ESPMES#122.127	bddd958fe4225209	不用了！谢谢！	accepted	f4ed9aa8adaf0a4c	Codex	full-20261006	2026-10-06	ICU 72 簡體轉換候選；保留原意；未經使用者接受及母語者審閱；正式採用限制另驗
ESPMES#122.128	91d5ea35f5556a6b	没什么兴趣！	accepted	e6e0f9970ff19bc7	Codex	full-20261006	2026-10-06	ICU 72 簡體轉換候選；保留原意；未經使用者接受及母語者審閱；正式採用限制另驗
ESPMES#122.129	83fbb7d8306d92e8	这是半年举行一次、由领主亲自主办的枪术大会。\n大陆上各地的好手\n都会来参加。\n	accepted	f8092b863c67461f	Codex	full-20261006	2026-10-06	ICU 72 簡體轉換候選；保留原意；未經使用者接受及母語者審閱；正式採用限制另驗
ESPMES#122.130	3a68f4216d6f33f1	在这个时候就可赌看看那一位选手会赢？\n想要赚大钱就靠这个啦！看看手气如何？嘿嘿！	accepted	de687004b7876ede	Codex	full-20261006	2026-10-06	ICU 72 簡體轉換候選；保留原意；未經使用者接受及母語者審閱；正式採用限制另驗
ESPMES#122.131	f7cb75e4b08ed802	要不要赌赌看？	accepted	07388f9686fd99d3	Codex	full-20261006	2026-10-06	ICU 72 簡體轉換候選；保留原意；未經使用者接受及母語者審閱；正式採用限制另驗
ESPMES#122.132	20a34959705fec25	我来教你算赔率。	accepted	4255f02de47b37dc	Codex	full-20261006	2026-10-06	ICU 72 簡體轉換候選；保留原意；未經使用者接受及母語者審閱；正式採用限制另驗
ESPMES#122.133	66237bcaedbc7a01	参加的部队全部为８个。\n	accepted	f63a7e109f3edcc1	Codex	full-20261006	2026-10-06	ICU 72 簡體轉換候選；保留原意；未經使用者接受及母語者審閱；正式採用限制另驗
ESPMES#122.134	33e3811ce26b2dc1	目前好像只有７个部队。	accepted	349e99a2a03b83b4	Codex	full-20261006	2026-10-06	ICU 72 簡體轉換候選；保留原意；未經使用者接受及母語者審閱；正式採用限制另驗
ESPMES#122.135	66237bcaedbc7a01	参加的部队全部为８个。\n	accepted	f63a7e109f3edcc1	Codex	full-20261006	2026-10-06	ICU 72 簡體轉換候選；保留原意；未經使用者接受及母語者審閱；正式採用限制另驗
ESPMES#122.136	a31a82422fde781c	%s是\n赔率为%ld%ld倍。\n要不要赌这个？	accepted	8ba7fd27cb41fdf9	Codex	full-20261006	2026-10-06	ICU 72 簡體轉換候選；保留原意；未經使用者接受及母語者審閱；正式採用限制另驗
ESPMES#122.137	16cf269509ad521f	嗯！下一个是？	accepted	c4316ad61b0bd4a0	Codex	full-20261006	2026-10-06	ICU 72 簡體轉換候選；保留原意；未經使用者接受及母語者審閱；正式採用限制另驗
ESPMES#122.138	48412a3ab11c39ea	1000Ｇ的话会赔%ldＧ吧！	accepted	1003963be8cba8e5	Codex	full-20261006	2026-10-06	ICU 72 簡體轉換候選；保留原意；未經使用者接受及母語者審閱；正式採用限制另驗
ESPMES#122.139	9a056e7228c63cfd	金额不足	accepted	7053c6652cb524a0	Codex	full-20261006	2026-10-06	ICU 72 簡體轉換候選；保留原意；未經使用者接受及母語者審閱；正式採用限制另驗
ESPMES#122.140	b685085ad1b962c2	2000Ｇ的话会赔%ldＧ吧！	accepted	41c3007e99fc6b3d	Codex	full-20261006	2026-10-06	ICU 72 簡體轉換候選；保留原意；未經使用者接受及母語者審閱；正式採用限制另驗
ESPMES#122.141	9a056e7228c63cfd	金额不足	accepted	7053c6652cb524a0	Codex	full-20261006	2026-10-06	ICU 72 簡體轉換候選；保留原意；未經使用者接受及母語者審閱；正式採用限制另驗
ESPMES#122.142	7787160099d396c0	5000Ｇ的话会赔%ldＧ吧！	accepted	fc873359c4bbfb45	Codex	full-20261006	2026-10-06	ICU 72 簡體轉換候選；保留原意；未經使用者接受及母語者審閱；正式採用限制另驗
ESPMES#122.143	9a056e7228c63cfd	金额不足	accepted	7053c6652cb524a0	Codex	full-20261006	2026-10-06	ICU 72 簡體轉換候選；保留原意；未經使用者接受及母語者審閱；正式採用限制另驗
ESPMES#122.144	4f599ed5924a805f	10000Ｇ的话会赔%ldＧ吧！	accepted	008d44b8bd6227d6	Codex	full-20261006	2026-10-06	ICU 72 簡體轉換候選；保留原意；未經使用者接受及母語者審閱；正式採用限制另驗
ESPMES#122.145	9a056e7228c63cfd	金额不足	accepted	7053c6652cb524a0	Codex	full-20261006	2026-10-06	ICU 72 簡體轉換候選；保留原意；未經使用者接受及母語者審閱；正式採用限制另驗
ESPMES#122.146	881ec4506c2937e4	你不赌了吗？	accepted	0c252a4d900c4e30	Codex	full-20261006	2026-10-06	ICU 72 簡體轉換候選；保留原意；未經使用者接受及母語者審閱；正式採用限制另驗
ESPMES#122.147	78d82829f77e282e	咦？要走了？	accepted	6ba049739e5e0fa4	Codex	full-20261006	2026-10-06	ICU 72 簡體轉換候選；保留原意；未經使用者接受及母語者審閱；正式採用限制另驗
ESPMES#122.148	31f5b3076b157182	当真不赌吗？	accepted	8eef040d7f1880e8	Codex	full-20261006	2026-10-06	ICU 72 簡體轉換候選；保留原意；未經使用者接受及母語者審閱；正式採用限制另驗
ESPMES#122.149	726626e5e40324db	好了！比赛结束了！听听结果如何？	accepted	ed482d4593e7112e	Codex	full-20261006	2026-10-06	ICU 72 簡體轉換候選；保留原意；未經使用者接受及母語者審閱；正式採用限制另驗
ESPMES#122.150	b6a39a6d2bbf9489	啊！这些金额只寄放到月底而已！而且过期不付！	accepted	610fc527afdf565d	Codex	full-20261006	2026-10-06	ICU 72 簡體轉換候選；保留原意；未經使用者接受及母語者審閱；正式採用限制另驗
ESPMES#122.151	5116aad171cf6774	改变主意后再来吧！	accepted	62bca6a825e3edf7	Codex	full-20261006	2026-10-06	ICU 72 簡體轉換候選；保留原意；未經使用者接受及母語者審閱；正式採用限制另驗
ESPMES#122.152	c4ea73e74027c867	怎么！要回去了！	accepted	ae738c2f230b2450	Codex	full-20261006	2026-10-06	ICU 72 簡體轉換候選；保留原意；未經使用者接受及母語者審閱；正式採用限制另驗
ESPMES#122.153	7a87a5e6070de1bc	‥倍率是%d%d的话、\n总金额为%d0。	accepted	51acd3ec2f699571	Codex	full-20261006	2026-10-06	ICU 72 簡體轉換候選；保留原意；未經使用者接受及母語者審閱；正式採用限制另驗
ESPMES#122.154	f9ecf696513b4f6c	想不到给你猜中了！\n这下子赢了%ldＧ。	accepted	db3860b9562bdbeb	Codex	full-20261006	2026-10-06	ICU 72 簡體轉換候選；保留原意；未經使用者接受及母語者審閱；正式採用限制另驗
ESPMES#122.155	c36be146c95bfaec	收到%ldＧ！	accepted	25baf1ea9c73a4d4	Codex	full-20261006	2026-10-06	ICU 72 簡體轉換候選；保留原意；未經使用者接受及母語者審閱；正式採用限制另驗
ESPMES#122.156	56fd3d523b27e932	真可惜！没有猜中！	accepted	93835dadbb5f0586	Codex	full-20261006	2026-10-06	ICU 72 簡體轉換候選；保留原意；未經使用者接受及母語者審閱；正式採用限制另驗
ESPMES#122.157	a382a228fd520035	大会半年一次。\n３月和９月的时候再来吧！	accepted	ad930696a89da7a8	Codex	full-20261006	2026-10-06	ICU 72 簡體轉換候選；保留原意；未經使用者接受及母語者審閱；正式採用限制另驗
ESPMES#122.158	ece10403c95c54d3	要参加大会？	accepted	bc29468c87e3ddc6	Codex	full-20261006	2026-10-06	ICU 72 簡體轉換候選；保留原意；未經使用者接受及母語者審閱；正式採用限制另驗
ESPMES#122.159	036eba8416408b5b	请在此等候６日。	accepted	c23ba528c83e1c63	Codex	full-20261006	2026-10-06	ICU 72 簡體轉換候選；保留原意；未經使用者接受及母語者審閱；正式採用限制另驗
ESPMES#122.160	b1b56f15793fddad	这样啊！那我回去了！	accepted	5cf1d87b6ca7ff22	Codex	full-20261006	2026-10-06	ICU 72 簡體轉換候選；保留原意；未經使用者接受及母語者審閱；正式採用限制另驗
ESPMES#122.161	690e06b1864cd1c0	对不起！已经结束申请了。\n请你下次再来吧！	accepted	404bcb926d4eb362	Codex	full-20261006	2026-10-06	ICU 72 簡體轉換候選；保留原意；未經使用者接受及母語者審閱；正式採用限制另驗
ESPMES#122.162	690e06b1864cd1c0	对不起！已经结束申请了。\n请你下次再来吧！	accepted	404bcb926d4eb362	Codex	full-20261006	2026-10-06	ICU 72 簡體轉換候選；保留原意；未經使用者接受及母語者審閱；正式採用限制另驗
ESPMES#122.163	690e06b1864cd1c0	对不起！已经结束申请了。\n请你下次再来吧！	accepted	404bcb926d4eb362	Codex	full-20261006	2026-10-06	ICU 72 簡體轉換候選；保留原意；未經使用者接受及母語者審閱；正式採用限制另驗
ESPMES#122.164	acc4c0824c47be10	大会出场的申请为３月和９月的１日开始到６日为止。在那之前请多磨练一下吧！	accepted	a68b6cdf6cb0496e	Codex	full-20261006	2026-10-06	ICU 72 簡體轉換候選；保留原意；未經使用者接受及母語者審閱；正式採用限制另驗
ESPMES#122.165	338324b70049e36c	法兰恩城枪术大会第%d回战、\n%s和\n%s！对战！	accepted	125bdfefefcee879	Codex	full-20261006	2026-10-06	ICU 72 簡體轉換候選；保留原意；未經使用者接受及母語者審閱；正式採用限制另驗
ESPMES#122.166	d255a7c4d193673f	比赛结果！\n%s胜利！	accepted	dd2ab6de75c67280	Codex	full-20261006	2026-10-06	ICU 72 簡體轉換候選；保留原意；未經使用者接受及母語者審閱；正式採用限制另驗
ESPMES#122.167	338324b70049e36c	法兰恩城枪术大会第%d回战、\n%s和\n%s！对战！	accepted	125bdfefefcee879	Codex	full-20261006	2026-10-06	ICU 72 簡體轉換候選；保留原意；未經使用者接受及母語者審閱；正式採用限制另驗
ESPMES#122.168	fc4c80cedd3ffe4d	第%d回合结果！\n%s胜利！	accepted	4933ca9e04cd676c	Codex	full-20261006	2026-10-06	ICU 72 簡體轉換候選；保留原意；未經使用者接受及母語者審閱；正式採用限制另驗
ESPMES#122.169	338324b70049e36c	法兰恩城枪术大会第%d回战、\n%s和\n%s！对战！	accepted	125bdfefefcee879	Codex	full-20261006	2026-10-06	ICU 72 簡體轉換候選；保留原意；未經使用者接受及母語者審閱；正式採用限制另驗
ESPMES#122.170	fc4c80cedd3ffe4d	第%d回合结果！\n%s胜利！	accepted	4933ca9e04cd676c	Codex	full-20261006	2026-10-06	ICU 72 簡體轉換候選；保留原意；未經使用者接受及母語者審閱；正式採用限制另驗
ESPMES#122.171	a9e94e89aed23556	法兰恩城主主办的枪术大会开始！	accepted	5863a30fa0b9ea46	Codex	full-20261006	2026-10-06	ICU 72 簡體轉換候選；保留原意；未經使用者接受及母語者審閱；正式採用限制另驗
ESPMES#122.172	d5cf6a303921c8c4	接下来！第１回战开始！	accepted	35da3ff1920aff31	Codex	full-20261006	2026-10-06	ICU 72 簡體轉換候選；保留原意；未經使用者接受及母語者審閱；正式採用限制另驗
ESPMES#122.173	9dd373d485fc8973	１回战得胜的是‥	accepted	e5a5365df77a7040	Codex	full-20261006	2026-10-06	ICU 72 簡體轉換候選；保留原意；未經使用者接受及母語者審閱；正式採用限制另驗
ESPMES#122.174	9ac4f9b6ef2802a0	%s！\n%s！\n%s！\n%s！\n	accepted	6542c47743761073	Codex	full-20261006	2026-10-06	ICU 72 簡體轉換候選；保留原意；未經使用者接受及母語者審閱；正式採用限制另驗
ESPMES#122.175	381ebdcc9efbf299	完毕！	accepted	b8b1ba9b4fcdbc0c	Codex	full-20261006	2026-10-06	ICU 72 簡體轉換候選；保留原意；未經使用者接受及母語者審閱；正式採用限制另驗
ESPMES#122.176	9d9be7df5dc5d365	接下来第２回战开始！	accepted	b8e16aeddb5a58a8	Codex	full-20261006	2026-10-06	ICU 72 簡體轉換候選；保留原意；未經使用者接受及母語者審閱；正式採用限制另驗
ESPMES#122.177	ff329d6f47e2aef7	２回战得胜的是‥	accepted	a13260691237aaab	Codex	full-20261006	2026-10-06	ICU 72 簡體轉換候選；保留原意；未經使用者接受及母語者審閱；正式採用限制另驗
ESPMES#122.178	bad7c88c08000208	%s！\n%s！	accepted	dcdb38d6d7197f4a	Codex	full-20261006	2026-10-06	ICU 72 簡體轉換候選；保留原意；未經使用者接受及母語者審閱；正式採用限制另驗
ESPMES#122.179	381ebdcc9efbf299	完毕！	accepted	b8b1ba9b4fcdbc0c	Codex	full-20261006	2026-10-06	ICU 72 簡體轉換候選；保留原意；未經使用者接受及母語者審閱；正式採用限制另驗
ESPMES#122.180	9ac2aa90b95fd421	那么，现在开始决赛！	accepted	c7b05030087719fa	Codex	full-20261006	2026-10-06	ICU 72 簡體轉換候選；保留原意；未經使用者接受及母語者審閱；正式採用限制另驗；日文殘句依原意譯為簡中
ESPMES#122.181	e5140431f0a34151	全部的回合都结束了！	accepted	e016b641907827ad	Codex	full-20261006	2026-10-06	ICU 72 簡體轉換候選；保留原意；未經使用者接受及母語者審閱；正式採用限制另驗
ESPMES#122.182	7a9f10761deb2341	本大会胜利者是‥\n	accepted	b8dab41070bc0e73	Codex	full-20261006	2026-10-06	ICU 72 簡體轉換候選；保留原意；未經使用者接受及母語者審閱；正式採用限制另驗
ESPMES#122.183	3db4db259a85c260	%s！\n恭禧你！！\n	accepted	133f1b12b5255fda	Codex	full-20261006	2026-10-06	ICU 72 簡體轉換候選；保留原意；未經使用者接受及母語者審閱；正式採用限制另驗
ESPMES#122.184	6f380cb9eb282edd	你们是大陆上最强的射击高手、为了表扬你们、将颁赠大会优胜奖杯给你们！	accepted	d167d743c386379f	Codex	full-20261006	2026-10-06	ICU 72 簡體轉換候選；保留原意；未經使用者接受及母語者審閱；正式採用限制另驗
ESPMES#122.185	7f9954a2544990f9	接受优胜奖杯！	accepted	528ef088cf3bbd76	Codex	full-20261006	2026-10-06	ICU 72 簡體轉換候選；保留原意；未經使用者接受及母語者審閱；正式採用限制另驗
ESPMES#122.186	9154f95b4080a20e	喂！喂！什么跟什么嘛！卖什么了不起的东西嘛！全是一派胡言！胡说八道！千万别去那战车屋？‥哇！	accepted	3cc5799505db43ee	Codex	full-20261006	2026-10-06	ICU 72 簡體轉換候選；保留原意；未經使用者接受及母語者審閱；正式採用限制另驗
ESPMES#122.187	c3fbdbb4a5086f2d	哇！哇！哇！哇！什么东西嘛！‥‥战车屋？‥‥专门店？‥。	accepted	faf5cf17c7722b99	Codex	full-20261006	2026-10-06	ICU 72 簡體轉換候選；保留原意；未經使用者接受及母語者審閱；正式採用限制另驗
ESPMES#122.188	be04543a50186d05	哇！这喝醉的家伙！战车屋怎么了‥‥？‥战车屋？‥了不起的？‥	accepted	f2c0723bcd478dba	Codex	full-20261006	2026-10-06	ICU 72 簡體轉換候選；保留原意；未經使用者接受及母語者審閱；正式採用限制另驗
ESPMES#122.189	5801476311ae39ba	真是伤脑筋‥‥战车屋？不知道会有什么好东西？‥过去瞧瞧！说不定会有什么好东西！\n	accepted	547fdada7cba38d7	Codex	full-20261006	2026-10-06	ICU 72 簡體轉換候選；保留原意；未經使用者接受及母語者審閱；正式採用限制另驗
ESPMES#122.190	c3fbdbb4a5086f2d	哇！哇！哇！哇！什么东西嘛！‥‥战车屋？‥‥专门店？‥。	accepted	faf5cf17c7722b99	Codex	full-20261006	2026-10-06	ICU 72 簡體轉換候選；保留原意；未經使用者接受及母語者審閱；正式採用限制另驗
ESPMES#122.191	aa8ec478b33f5468	我的天啊！什么嘛！这个喝醉的家伙！战车屋到底发生了什么事？和我有关系吗‥战车屋？	accepted	e3ed023a4c43602d	Codex	full-20261006	2026-10-06	ICU 72 簡體轉換候選；保留原意；未經使用者接受及母語者審閱；正式採用限制另驗
ESPMES#122.192	dbf5061f0a3422d4	战车屋？没听说过！有什么东西‥好玩的！\n	accepted	eea36e335fd74650	Codex	full-20261006	2026-10-06	ICU 72 簡體轉換候選；保留原意；未經使用者接受及母語者審閱；正式採用限制另驗
ESPMES#122.193	f8191dcbeed745ee	你好！我这里是专门卖战车的战车专门屋、我叫德。我们这里有好东西卖喔！而且价钱十分公道喔！	accepted	de711edcc0adfb4a	Codex	full-20261006	2026-10-06	ICU 72 簡體轉換候選；保留原意；未經使用者接受及母語者審閱；正式採用限制另驗
ESPMES#122.194	4951128a650a56e4	你好！欢迎光临！好东西！非常好的东西！	accepted	66c7cf65b7e148c5	Codex	full-20261006	2026-10-06	ICU 72 簡體轉換候選；保留原意；未經使用者接受及母語者審閱；正式採用限制另驗
ESPMES#122.195	a3f9c645fc671e8b	咦！不打算买！你一定会后悔的！	accepted	3cf7bc1536b54e7d	Codex	full-20261006	2026-10-06	ICU 72 簡體轉換候選；保留原意；未經使用者接受及母語者審閱；正式採用限制另驗
ESPMES#122.196	36af1bf3e06cbb20	嗯！终于把诅咒解开成功了。\n我买下这个战车好了。	accepted	e9b75f97ed053c24	Codex	full-20261006	2026-10-06	使用者2026-10-06接受語境修讀；字碼語意仍hypothesis非codec證實；ICU72.1簡中候選；未經譯文接受或母語審閱
ESPMES#122.197	5529a810c6d37eec	谢谢！谢谢光临！有空再来喔！	accepted	6b89b817819fb8aa	Codex	full-20261006	2026-10-06	ICU 72 簡體轉換候選；保留原意；未經使用者接受及母語者審閱；正式採用限制另驗
ESPMES#122.198	5529a810c6d37eec	谢谢！谢谢光临！有空再来喔！	accepted	6b89b817819fb8aa	Codex	full-20261006	2026-10-06	ICU 72 簡體轉換候選；保留原意；未經使用者接受及母語者審閱；正式採用限制另驗
ESPMES#122.199	2246547b3fbed084	被诅咒了的话？！\n没问题！\n去酒店打听一下吧！	accepted	806655420980c0f7	Codex	full-20261006	2026-10-06	使用者2026-10-06接受語境修讀；字碼語意仍hypothesis非codec證實；ICU72.1簡中候選；未經譯文接受或母語審閱
ESPMES#122.200	56a5b65b3b87d607	被诅咒了的话！只要有机械人\n就一切没问题了！\n这个免费赠送！\n不收你半毛钱！	accepted	d0b7d29b1f581cbb	Codex	full-20261006	2026-10-06	使用者2026-10-06接受語境修讀；字碼語意仍hypothesis非codec證實；ICU72.1簡中候選；未經譯文接受或母語審閱
ESPMES#122.201	debac5ce82257c1c	目前没有库存。\n下次再来吧！	accepted	038f71f9f7ab0557	Codex	full-20261006	2026-10-06	ICU 72 簡體轉換候選；保留原意；未經使用者接受及母語者審閱；正式採用限制另驗
ESPMES#122.202	98738309af1746f6	喂！喂！什么跟什么嘛！有什么了不起的东西嘛！全是一派胡言！胡说八道！千万别去找那科学家？‥哇！	accepted	214b7be443b4b8d4	Codex	full-20261006	2026-10-06	ICU 72 簡體轉換候選；保留原意；未經使用者接受及母語者審閱；正式採用限制另驗
ESPMES#122.203	712ed36211911e98	你对科学家的事情清不清楚？那个变态的科学家、作一些奇奇怪怪的机器人、而且还会动的‥好可怕！	accepted	567aed66ef1b48c3	Codex	full-20261006	2026-10-06	ICU 72 簡體轉換候選；保留原意；未經使用者接受及母語者審閱；正式採用限制另驗
ESPMES#122.204	63a5505d9de16953	就在这个城镇里！\n说不定他能帮上什么忙？\n	accepted	801463274364a50f	Codex	full-20261006	2026-10-06	ICU 72 簡體轉換候選；保留原意；未經使用者接受及母語者審閱；正式採用限制另驗
ESPMES#122.205	c952d769279e175c	哇！哇！又来了！‥‥科学家？‥‥技术人员‥。	accepted	10280d9e66cbf9e0	Codex	full-20261006	2026-10-06	ICU 72 簡體轉換候選；保留原意；未經使用者接受及母語者審閱；正式採用限制另驗
ESPMES#122.206	069e4e55ae84f8a4	哇！又是喝醉的！说什么科学家‥‥？‥科学家？‥机器人？‥‥咦‥	accepted	ea68bb717bb6516e	Codex	full-20261006	2026-10-06	ICU 72 簡體轉換候選；保留原意；未經使用者接受及母語者審閱；正式採用限制另驗
ESPMES#122.207	518a404c1c205506	真是伤脑筋‥‥科学家？不知道会有什么好东西？‥过去瞧瞧！说不定会有什么好东西！\n	accepted	61f6cdfbc28e769c	Codex	full-20261006	2026-10-06	ICU 72 簡體轉換候選；保留原意；未經使用者接受及母語者審閱；正式採用限制另驗
ESPMES#122.208	c952d769279e175c	哇！哇！又来了！‥‥科学家？‥‥技术人员‥。	accepted	10280d9e66cbf9e0	Codex	full-20261006	2026-10-06	ICU 72 簡體轉換候選；保留原意；未經使用者接受及母語者審閱；正式採用限制另驗
ESPMES#122.209	94591873716bf658	我的天啊！什么嘛！这个喝醉的家伙！科学家到底发生了什么事？和我有关系吗‥科学家？	accepted	52ad4b5f3dc3deb6	Codex	full-20261006	2026-10-06	ICU 72 簡體轉換候選；保留原意；未經使用者接受及母語者審閱；正式採用限制另驗
ESPMES#122.210	35f7912ad6ba1eba	科学家？说不定有什么好东西‥。真有意思！\n	accepted	d21eb36ddd818d0c	Codex	full-20261006	2026-10-06	ICU 72 簡體轉換候選；保留原意；未經使用者接受及母語者審閱；正式採用限制另驗
ESPMES#122.211	e0d84ab4eacaa024	恩德伦特在吧！\n一个人也没有吗？！	accepted	83c9e70b8078a61b	Codex	full-20261006	2026-10-06	ICU 72 簡體轉換候選；保留原意；未經使用者接受及母語者審閱；正式採用限制另驗
ESPMES#122.212	f93f5b6308f024d1	啊！你好！听说你们买了便宜货的战车、然后就发生了麻烦事、对不对？不好意思！我是口无遮拦！哈哈！	accepted	d4d5fb90de1405c2	Codex	full-20261006	2026-10-06	ICU 72 簡體轉換候選；保留原意；未經使用者接受及母語者審閱；正式採用限制另驗；依同句語境修正簡中固定詞及原稿錯字；來源位元組不改
ESPMES#122.213	6b2f83e775878967	我可是精通天下事喔！露‧多明妮是不是每晚尿床的事我也知道、好了！不说这些了！战车怎么了？	accepted	9376ca4815d70f88	Codex	full-20261006	2026-10-06	ICU 72 簡體轉換候選；保留原意；未經使用者接受及母語者審閱；正式採用限制另驗
ESPMES#122.214	729ad653524cecda	…咦？尿床…	accepted	4a0022dff9635c80	Codex	full-20261006	2026-10-06	ICU 72 簡體轉換候選；保留原意；未經使用者接受及母語者審閱；正式採用限制另驗
ESPMES#122.215	7300aad1a3676e32	咦？什么？	accepted	606d186380a4c7fe	Codex	full-20261006	2026-10-06	ICU 72 簡體轉換候選；保留原意；未經使用者接受及母語者審閱；正式採用限制另驗
ESPMES#122.216	438bb1e922289c40	哈哈！真是笑死人了…	accepted	69c08f8b036ed61f	Codex	full-20261006	2026-10-06	ICU 72 簡體轉換候選；保留原意；未經使用者接受及母語者審閱；正式採用限制另驗
ESPMES#122.217	d11bbf4e93f4ce7d	可恶！不要胡说八道！	accepted	111f9c3f1dee4260	Codex	full-20261006	2026-10-06	ICU 72 簡體轉換候選；保留原意；未經使用者接受及母語者審閱；正式採用限制另驗
ESPMES#122.218	e382af1bc046880d	咦！嘻嘻！嘻嘻！嘻嘻嘻嘻嘻！	accepted	f2504c73df4d7bcf	Codex	full-20261006	2026-10-06	ICU 72 簡體轉換候選；保留原意；未經使用者接受及母語者審閱；正式採用限制另驗
ESPMES#122.219	6f1f3527b4fc5b60	…嗯！原来……。	accepted	a6c9ddb8cca69247	Codex	full-20261006	2026-10-06	ICU 72 簡體轉換候選；保留原意；未經使用者接受及母語者審閱；正式採用限制另驗
ESPMES#122.220	57f7f763b95790aa	好了！不说废话了！把战车交给我就行了！不过要花不少钱喔！嘻嘻！开玩笑的！哈哈哈！	accepted	7dadc1998057da40	Codex	full-20261006	2026-10-06	ICU 72 簡體轉換候選；保留原意；未經使用者接受及母語者審閱；正式採用限制另驗
ESPMES#122.221	30f3a506363e0db5	有没有兴趣我解说原由呢？	accepted	ade89b656a3c8e66	Codex	full-20261006	2026-10-06	ICU 72 簡體轉換候選；保留原意；未經使用者接受及母語者審閱；正式採用限制另驗
ESPMES#122.222	be05c70462020321	好吧！让我们来了解一下你们的战车为什么会发生麻烦事吧！这可说是前文明遗留下来最伟大的装置之一。	accepted	ee850492aa55a65b	Codex	full-20261006	2026-10-06	ICU 72 簡體轉換候選；保留原意；未經使用者接受及母語者審閱；正式採用限制另驗
ESPMES#122.223	8d28d3a7b186a39d	太了不起了！太伟大了！连我也不知道为什么会产生磁场异常！所以才会发生那事！	accepted	07bdbfa2f05f1bd9	Codex	full-20261006	2026-10-06	ICU 72 簡體轉換候選；保留原意；未經使用者接受及母語者審閱；正式採用限制另驗
ESPMES#122.224	8aa237465c0e15ad	别担心！！这是我发明的全自动舞娘『Ｋ‧依琪温』！有了这个之后、就不会再发生了！太伟大了！	accepted	6453b618b7ca8f5c	Codex	full-20261006	2026-10-06	ICU 72 簡體轉換候選；保留原意；未經使用者接受及母語者審閱；正式採用限制另驗
ESPMES#122.225	0f3b477ed79fae1c	这个美丽动人的舞娘是我最心爱的！你们可不要对她有什么企图！还有费用嘛！嗯！算了！	accepted	c358045bed6fd310	Codex	full-20261006	2026-10-06	ICU 72 簡體轉換候選；保留原意；未經使用者接受及母語者審閱；正式採用限制另驗
ESPMES#122.226	56caa5a1825a3c68	‥‥床前明月光‥‥。‥‥疑是地上霜‥。	accepted	1734ac4e44e31652	Codex	full-20261006	2026-10-06	ICU 72 簡體轉換候選；保留原意；未經使用者接受及母語者審閱；正式採用限制另驗
ESPMES#122.227	603537d85aeab20e	还是要找恩德伦特？	accepted	63529c3eb090ff42	Codex	full-20261006	2026-10-06	ICU 72 簡體轉換候選；保留原意；未經使用者接受及母語者審閱；正式採用限制另驗
ESPMES#122.228	c85c27ef0a2c7a98	哈哈！我不是说了吗！秀才不出门、能知天下事。又发生了什么事？且听我详细道来！	accepted	ff397442c6d22366	Codex	full-20261006	2026-10-06	ICU 72 簡體轉換候選；保留原意；未經使用者接受及母語者審閱；正式採用限制另驗
ESPMES#122.229	be05c70462020321	好吧！让我们来了解一下你们的战车为什么会发生麻烦事吧！这可说是前文明遗留下来最伟大的装置之一。	accepted	ee850492aa55a65b	Codex	full-20261006	2026-10-06	ICU 72 簡體轉換候選；保留原意；未經使用者接受及母語者審閱；正式採用限制另驗
ESPMES#122.230	8d28d3a7b186a39d	太了不起了！太伟大了！连我也不知道为什么会产生磁场异常！所以才会发生那事！	accepted	07bdbfa2f05f1bd9	Codex	full-20261006	2026-10-06	ICU 72 簡體轉換候選；保留原意；未經使用者接受及母語者審閱；正式採用限制另驗
ESPMES#122.231	8aa237465c0e15ad	别担心！！这是我发明的全自动舞娘『Ｋ‧依琪温』！有了这个之后、就不会再发生了！太伟大了！	accepted	6453b618b7ca8f5c	Codex	full-20261006	2026-10-06	ICU 72 簡體轉換候選；保留原意；未經使用者接受及母語者審閱；正式採用限制另驗
ESPMES#122.232	0f3b477ed79fae1c	这个美丽动人的舞娘是我最心爱的！你们可不要对她有什么企图！还有费用嘛！嗯！算了！	accepted	c358045bed6fd310	Codex	full-20261006	2026-10-06	ICU 72 簡體轉換候選；保留原意；未經使用者接受及母語者審閱；正式採用限制另驗
ESPMES#122.233	f985cbacea52bfa2	‥‥‥到底来这的目的是‥‥	accepted	ffee8d4fe2c214c4	Codex	full-20261006	2026-10-06	ICU 72 簡體轉換候選；保留原意；未經使用者接受及母語者審閱；正式採用限制另驗
ESPMES#122.234	5208710371a2c555	哎呀？\n战车门被关起来了‥	accepted	87b111e52963a92c	Codex	full-20261006	2026-10-06	ICU 72 簡體轉換候選；保留原意；未經使用者接受及母語者審閱；正式採用限制另驗
ESPMES#122.235	6af22ae33595989e	咦？\n谁在外面把门按住？外面出不去了！	accepted	cd087d72ade1da6d	Codex	full-20261006	2026-10-06	ICU 72 簡體轉換候選；保留原意；未經使用者接受及母語者審閱；正式採用限制另驗
ESPMES#122.236	19c79a6f9765def4	怪事！怎么会出不去了？只好就这么前进别无他法了！	accepted	e3b81329468a881e	Codex	full-20261006	2026-10-06	ICU 72 簡體轉換候選；保留原意；未經使用者接受及母語者審閱；正式採用限制另驗
ESPMES#122.237	9c78475ee597f489	哎呀！这战车坏了！\n怎么到处乱跑！	accepted	28b8b8d34227f95b	Codex	full-20261006	2026-10-06	ICU 72 簡體轉換候選；保留原意；未經使用者接受及母語者審閱；正式採用限制另驗
ESPMES#122.238	7f441260ad41003c	奇怪了！\n这战车好像不会动的样子！	accepted	09f8392d91ee61e3	Codex	full-20261006	2026-10-06	ICU 72 簡體轉換候選；保留原意；未經使用者接受及母語者審閱；正式採用限制另驗
ESPMES#122.239	a850739b0adacf28	咦？\n这战车一定有什么地方古怪？\n	accepted	cc67f1d089f3594c	Codex	full-20261006	2026-10-06	ICU 72 簡體轉換候選；保留原意；未經使用者接受及母語者審閱；正式採用限制另驗
ESPMES#122.240	30599443ebac3659	哎呀！果然是被诅咒‥\n幸好有全自动舞娘‥	accepted	0deba973b94e8e21	Codex	full-20261006	2026-10-06	使用者2026-10-06接受語境修讀；字碼語意仍hypothesis非codec證實；ICU72.1簡中候選；未經譯文接受或母語審閱
ESPMES#122.241	30599443ebac3659	哎呀！果然是被诅咒‥\n幸好有全自动舞娘‥	accepted	0deba973b94e8e21	Codex	full-20261006	2026-10-06	使用者2026-10-06接受語境修讀；字碼語意仍hypothesis非codec證實；ICU72.1簡中候選；未經譯文接受或母語審閱
ESPMES#122.242	59a67004f418ee3e	不知道诅咒会怎么样‥\n会不会把全自动舞娘‥	accepted	d891b4fd3b85c92c	Codex	full-20261006	2026-10-06	使用者2026-10-06接受語境修讀；字碼語意仍hypothesis非codec證實；ICU72.1簡中候選；未經譯文接受或母語審閱
ESPMES#122.243	c79b534a820ad232	？　　那个诅咒不知道怎么了？全自动舞娘好像把诅咒给封起来了。	accepted	f224cf3338cc28a7	Codex	full-20261006	2026-10-06	使用者2026-10-06接受語境修讀；字碼語意仍hypothesis非codec證實；ICU72.1簡中候選；未經譯文接受或母語審閱
ESPMES#122.244	727d4bc80998c461	哈哈！\n诅咒好像被封住了！\n这都是全自动舞娘的功劳。	accepted	7d0e16b685ad2e30	Codex	full-20261006	2026-10-06	使用者2026-10-06接受語境修讀；字碼語意仍hypothesis非codec證實；ICU72.1簡中候選；未經譯文接受或母語審閱
ESPMES#122.245	80f1321147ea9129	诅咒已被封住了‥\n这样就可以继续旅行了‥	accepted	ba5c2d474c1e6eed	Codex	full-20261006	2026-10-06	使用者2026-10-06接受語境修讀；字碼語意仍hypothesis非codec證實；ICU72.1簡中候選；未經譯文接受或母語審閱
ESPMES#122.246	fba2cd6abd87877e	这战车被诅咒了！\n哇！‥体力一直在下降‥\n回城里调查一下吧！	accepted	81ea3cadba8a2a81	Codex	full-20261006	2026-10-06	使用者2026-10-06接受語境修讀；字碼語意仍hypothesis非codec證實；ICU72.1簡中候選；未經譯文接受或母語審閱
ESPMES#122.247	85c50c5d6f0a8d02	怎么会痛呢‥\n‥这战车有点古怪！\n回城里调查一下吧！	accepted	c9afbf8c188093fb	Codex	full-20261006	2026-10-06	ICU 72 簡體轉換候選；保留原意；未經使用者接受及母語者審閱；正式採用限制另驗
ESPMES#122.248	80e55c231549edc0	哇！‥体力一直在下降‥\n原因是这战车！\n不赶快回城里是不行的！	accepted	60cd421b75f2345d	Codex	full-20261006	2026-10-06	ICU 72 簡體轉換候選；保留原意；未經使用者接受及母語者審閱；正式採用限制另驗
ESPMES#122.249	c497f08320ebddb6	痛！\n体力在减少！这可恶的战车！	accepted	5f04de34d1228b2a	Codex	full-20261006	2026-10-06	ICU 72 簡體轉換候選；保留原意；未經使用者接受及母語者審閱；正式採用限制另驗
ESPMES#122.250	85e44319252d68c2	‥这诅咒的战车！体力慢慢地一直在减少的样子。\n得赶快回城里‥	accepted	edb6bb7c93c03b19	Codex	full-20261006	2026-10-06	使用者2026-10-06接受語境修讀；字碼語意仍hypothesis非codec證實；ICU72.1簡中候選；未經譯文接受或母語審閱
ESPMES#122.251	a177672621c6756a	这！这是！\n体力！‥这战车被诅咒！不赶快回城里的话‥	accepted	034ab17c95bea2db	Codex	full-20261006	2026-10-06	使用者2026-10-06接受語境修讀；字碼語意仍hypothesis非codec證實；ICU72.1簡中候選；未經譯文接受或母語審閱
ESPMES#122.252	79bffbbdb53e0927	我来说明一下这件事。我就单刀直入的说了、也就是我的主人想要找一个对象、\n可是要求的条件又很高。	accepted	5f8f90f3aa6d1028	Codex	full-20261006	2026-10-06	ICU 72 簡體轉換候選；保留原意；未經使用者接受及母語者審閱；正式採用限制另驗
ESPMES#122.253	5008c4025795d56c	到目前为止已失败%4d次了、主人是希望找一个合适的对象、对自己的将来、下一代也都比较好。	accepted	4a352cd0db58d3f2	Codex	full-20261006	2026-10-06	ICU 72 簡體轉換候選；保留原意；未經使用者接受及母語者審閱；正式採用限制另驗
ESPMES#122.254	5008c4025795d56c	到目前为止已失败%4d次了、主人是希望找一个合适的对象、对自己的将来、下一代也都比较好。	accepted	4a352cd0db58d3f2	Codex	full-20261006	2026-10-06	ICU 72 簡體轉換候選；保留原意；未經使用者接受及母語者審閱；正式採用限制另驗
ESPMES#122.255	0e5c2ad767267a3d	跟你们在一起的这位女士、就十分适合我们主人、如果阁下同意的话、我愿意用我所有的家产作为报酬。	accepted	72e2451f3120eb21	Codex	full-20261006	2026-10-06	ICU 72 簡體轉換候選；保留原意；未經使用者接受及母語者審閱；正式採用限制另驗；完整字詞保持，改由既定折行器重新折行
ESPMES#122.256	35cf16bdadcdc4b8	去见见亚休华特城领主。	accepted	4a2cbf304b9f59ac	Codex	full-20261006	2026-10-06	ICU 72 簡體轉換候選；保留原意；未經使用者接受及母語者審閱；正式採用限制另驗
ESPMES#122.257	35cf16bdadcdc4b8	去见见亚休华特城领主。	accepted	4a2cbf304b9f59ac	Codex	full-20261006	2026-10-06	ICU 72 簡體轉換候選；保留原意；未經使用者接受及母語者審閱；正式採用限制另驗
ESPMES#122.258	35cf16bdadcdc4b8	去见见亚休华特城领主。	accepted	4a2cbf304b9f59ac	Codex	full-20261006	2026-10-06	ICU 72 簡體轉換候選；保留原意；未經使用者接受及母語者審閱；正式採用限制另驗
ESPMES#122.259	35cf16bdadcdc4b8	去见见亚休华特城领主。	accepted	4a2cbf304b9f59ac	Codex	full-20261006	2026-10-06	ICU 72 簡體轉換候選；保留原意；未經使用者接受及母語者審閱；正式採用限制另驗
ESPMES#122.260	35cf16bdadcdc4b8	去见见亚休华特城领主。	accepted	4a2cbf304b9f59ac	Codex	full-20261006	2026-10-06	ICU 72 簡體轉換候選；保留原意；未經使用者接受及母語者審閱；正式採用限制另驗
ESPMES#122.261	35cf16bdadcdc4b8	去见见亚休华特城领主。	accepted	4a2cbf304b9f59ac	Codex	full-20261006	2026-10-06	ICU 72 簡體轉換候選；保留原意；未經使用者接受及母語者審閱；正式採用限制另驗
ESPMES#122.262	41d305011a786701	要不要去帮忙！	accepted	b39e3dac9c7c4234	Codex	full-20261006	2026-10-06	ICU 72 簡體轉換候選；保留原意；未經使用者接受及母語者審閱；正式採用限制另驗
ESPMES#122.263	41d305011a786701	要不要去帮忙！	accepted	b39e3dac9c7c4234	Codex	full-20261006	2026-10-06	ICU 72 簡體轉換候選；保留原意；未經使用者接受及母語者審閱；正式採用限制另驗
ESPMES#122.264	be2a683cb36ecd52	我们去看看到底发生了什么事？	accepted	beb1bcb6e84bf944	Codex	full-20261006	2026-10-06	ICU 72 簡體轉換候選；保留原意；未經使用者接受及母語者審閱；正式採用限制另驗
ESPMES#122.265	b75a403ea5292467	是迪诗姐！\n来帮妳了！	accepted	150790b6e8132399	Codex	full-20261006	2026-10-06	ICU 72 簡體轉換候選；保留原意；未經使用者接受及母語者審閱；正式採用限制另驗
ESPMES#122.266	5a0c896ba35064d8	我们去把多明妮找回来吧！	accepted	17639663990a5554	Codex	full-20261006	2026-10-06	ICU 72 簡體轉換候選；保留原意；未經使用者接受及母語者審閱；正式採用限制另驗
ESPMES#122.267	220c04b4d346b2ba	嗯。\n去找领主抗议。	accepted	6ef4cad0395b4dda	Codex	full-20261006	2026-10-06	ICU 72 簡體轉換候選；保留原意；未經使用者接受及母語者審閱；正式採用限制另驗；日文殘句依原意譯為簡中
ESPMES#122.268	5b971aecc5099dca	我突然觉得是行不通的。\n真的！	accepted	8a573d03d4ba5b35	Codex	full-20261006	2026-10-06	ICU 72 簡體轉換候選；保留原意；未經使用者接受及母語者審閱；正式採用限制另驗
ESPMES#122.269	a10a54d795d871ab	这么晚才来救我！\n这真是一段不愉快的经验‥	accepted	e40150a2b48ffd88	Codex	full-20261006	2026-10-06	ICU 72 簡體轉換候選；保留原意；未經使用者接受及母語者審閱；正式採用限制另驗
ESPMES#122.270	bf77395497f42ad0	真的万分的抱歉‥‥‥。请你们原谅我、我不知道事情怎么\n会变成这样。	accepted	9d404b81689a7e82	Codex	full-20261006	2026-10-06	ICU 72 簡體轉換候選；保留原意；未經使用者接受及母語者審閱；正式採用限制另驗
ESPMES#122.271	c89cf1f9ddf43e8c	嗯！你就是队长？嗯！不错！不错！这位十分合我的意思！我决定了！就是她！	accepted	eb691f4c1f9df508	Codex	full-20261006	2026-10-06	ICU 72 簡體轉換候選；保留原意；未經使用者接受及母語者審閱；正式採用限制另驗
ESPMES#122.272	782e0c0aa9b6889b	什么！这个自大的家伙！简直就是癞蛤蟆想吃天鹅肉！以为自己是什么东西！不要笑死了！大笨蛋！	accepted	af74a5abf20261ec	Codex	full-20261006	2026-10-06	ICU 72 簡體轉換候選；保留原意；未經使用者接受及母語者審閱；正式採用限制另驗
ESPMES#122.273	ef72d1220d7750b5	请不要这个样子！你们就算是帮帮我们国家的百姓、我会一辈子记住你们的恩情的！\n	accepted	1bb619c968e58c95	Codex	full-20261006	2026-10-06	ICU 72 簡體轉換候選；保留原意；未經使用者接受及母語者審閱；正式採用限制另驗
ESPMES#122.274	ae29039b11981799	嘻嘻！妳终于是我的了！我实在太高兴了！对了！婚期什么时候较好呢‥明天！后天！那一天比较好呢？！	accepted	1d1e2e912474c247	Codex	full-20261006	2026-10-06	ICU 72 簡體轉換候選；保留原意；未經使用者接受及母語者審閱；正式採用限制另驗
ESPMES#122.275	2a8b324e26f65d51	咦！这个家伙还不死心！\n哈哈！笑死人了！大笨蛋！	accepted	72bb040c1071b4f9	Codex	full-20261006	2026-10-06	ICU 72 簡體轉換候選；保留原意；未經使用者接受及母語者審閱；正式採用限制另驗
ESPMES#122.276	0407ddaa1589ae81	‥‥好危险‥真是好险‥总算我们也不是泛泛之辈‥。	accepted	86710d349893f4c9	Codex	full-20261006	2026-10-06	ICU 72 簡體轉換候選；保留原意；未經使用者接受及母語者審閱；正式採用限制另驗
ESPMES#122.277	ef72d1220d7750b5	请不要这个样子！你们就算是帮帮我们国家的百姓、我会一辈子记住你们的恩情的！\n	accepted	1bb619c968e58c95	Codex	full-20261006	2026-10-06	ICU 72 簡體轉換候選；保留原意；未經使用者接受及母語者審閱；正式採用限制另驗
ESPMES#122.278	92eab3de7ec84069	哇！哇！莫洛！杰西！谁来救我啊！这下子可不是让那个臭屁的家伙得逞了！可恶！	accepted	c2dd37d0c3323a28	Codex	full-20261006	2026-10-06	ICU 72 簡體轉換候選；保留原意；未經使用者接受及母語者審閱；正式採用限制另驗
ESPMES#122.279	c89cf1f9ddf43e8c	嗯！你就是队长？嗯！不错！不错！这位十分合我的意思！我决定了！就是她！	accepted	eb691f4c1f9df508	Codex	full-20261006	2026-10-06	ICU 72 簡體轉換候選；保留原意；未經使用者接受及母語者審閱；正式採用限制另驗
ESPMES#122.280	9baa261024984f47	‥什么！这个变态的人妖！鸡皮胳瘩都起来了！他可千万不要碰我！实在有够恶心的！！	accepted	f326ed83f15713b8	Codex	full-20261006	2026-10-06	ICU 72 簡體轉換候選；保留原意；未經使用者接受及母語者審閱；正式採用限制另驗；依同句語境修正簡中固定詞及原稿錯字；來源位元組不改
ESPMES#122.281	ef72d1220d7750b5	请不要这个样子！你们就算是帮帮我们国家的百姓、我会一辈子记住你们的恩情的！\n	accepted	1bb619c968e58c95	Codex	full-20261006	2026-10-06	ICU 72 簡體轉換候選；保留原意；未經使用者接受及母語者審閱；正式採用限制另驗
ESPMES#122.282	ae29039b11981799	嘻嘻！妳终于是我的了！我实在太高兴了！对了！婚期什么时候较好呢‥明天！后天！那一天比较好呢？！	accepted	1d1e2e912474c247	Codex	full-20261006	2026-10-06	ICU 72 簡體轉換候選；保留原意；未經使用者接受及母語者審閱；正式採用限制另驗
ESPMES#122.283	9baa261024984f47	‥什么！这个变态的人妖！鸡皮胳瘩都起来了！他可千万不要碰我！实在有够恶心的！！	accepted	f326ed83f15713b8	Codex	full-20261006	2026-10-06	ICU 72 簡體轉換候選；保留原意；未經使用者接受及母語者審閱；正式採用限制另驗；依同句語境修正簡中固定詞及原稿錯字；來源位元組不改
ESPMES#122.284	ef72d1220d7750b5	请不要这个样子！你们就算是帮帮我们国家的百姓、我会一辈子记住你们的恩情的！\n	accepted	1bb619c968e58c95	Codex	full-20261006	2026-10-06	ICU 72 簡體轉換候選；保留原意；未經使用者接受及母語者審閱；正式採用限制另驗
ESPMES#122.285	fafb13f325296970	真是气死我了！变态！	accepted	ba625b9bf8ac407a	Codex	full-20261006	2026-10-06	ICU 72 簡體轉換候選；保留原意；未經使用者接受及母語者審閱；正式採用限制另驗
ESPMES#122.286	bf77395497f42ad0	真的万分的抱歉‥‥‥。请你们原谅我、我不知道事情怎么\n会变成这样。	accepted	9d404b81689a7e82	Codex	full-20261006	2026-10-06	ICU 72 簡體轉換候選；保留原意；未經使用者接受及母語者審閱；正式採用限制另驗
ESPMES#122.287	1f40a222a3be196d	糟榚了！出不去了！放我出去！可恶的家伙！！‥呜呜谁来救我啊!　	accepted	d4db6844152b47e1	Codex	full-20261006	2026-10-06	ICU 72 簡體轉換候選；保留原意；未經使用者接受及母語者審閱；正式採用限制另驗
ESPMES#122.288	9983a63d3d1ea902	我也有一把年纪了、结了婚得赶紧生个小孩、好来继承我的领地。	accepted	dc1483b8c83147ee	Codex	full-20261006	2026-10-06	ICU 72 簡體轉換候選；保留原意；未經使用者接受及母語者審閱；正式採用限制另驗
ESPMES#122.289	826880d998d81370	很希望能找个好对象、而且希望能尽快一点。\n能拜托你吧！\n	accepted	c998c269e2ba382a	Codex	full-20261006	2026-10-06	ICU 72 簡體轉換候選；保留原意；未經使用者接受及母語者審閱；正式採用限制另驗
ESPMES#122.290	cbd865fede50461b	谢谢！那拜托你们了！	accepted	940733ea7ad841d8	Codex	full-20261006	2026-10-06	ICU 72 簡體轉換候選；保留原意；未經使用者接受及母語者審閱；正式採用限制另驗
ESPMES#122.291	235a352bbb164321	唉！真没有同情心。只好找别人了。\n	accepted	ed3f516a58279d45	Codex	full-20261006	2026-10-06	ICU 72 簡體轉換候選；保留原意；未經使用者接受及母語者審閱；正式採用限制另驗
ESPMES#122.292	3920bc2ed8bdba96	唉！还是差了点！这可是要符合我高贵的身份才行、不好意思！麻烦你们再跑一趟！\n	accepted	a9fc07aa9fb8b292	Codex	full-20261006	2026-10-06	ICU 72 簡體轉換候選；保留原意；未經使用者接受及母語者審閱；正式採用限制另驗
ESPMES#122.293	ac294d655a2528d3	怎么还是这样？我可是没有什么时间了、就不能帮我个忙吗？\n	accepted	450b473102c263ad	Codex	full-20261006	2026-10-06	ICU 72 簡體轉換候選；保留原意；未經使用者接受及母語者審閱；正式採用限制另驗
ESPMES#122.294	17b41a11b8327490	咳！咳！年轻小伙子！帮我一个忙、如果成的话、你们可从领主那领一笔奖金！要不要试试看？	accepted	10c2d223d221bebd	Codex	full-20261006	2026-10-06	ICU 72 簡體轉換候選；保留原意；未經使用者接受及母語者審閱；正式採用限制另驗
ESPMES#122.295	92bad5cd27030e19	一直受你们的关照、谢谢啦！我们这儿大家都生　　的平安快乐、哈哈！	accepted	720763da77882d2d	Codex	full-20261006	2026-10-06	ICU 72 簡體轉換候選；保留原意；未經使用者接受及母語者審閱；正式採用限制另驗
ESPMES#122.296	d39f14260805448e	这是！‥恢复温暖了‥！太好了！真的太好了！	accepted	0f06e8ac201408b0	Codex	full-20261006	2026-10-06	ICU 72 簡體轉換候選；保留原意；未經使用者接受及母語者審閱；正式採用限制另驗
ESPMES#122.297	a2049d007b69eb13	怎么了？到底发生了什么事！难道寒流又将发生了‥。	accepted	9b5790e34119d017	Codex	full-20261006	2026-10-06	ICU 72 簡體轉換候選；保留原意；未經使用者接受及母語者審閱；正式採用限制另驗
ESPMES#122.298	f1c03348dc6c04f5	唉！真伤脑筋！大家都为这寒流\n感到十分头痛！伤脑筋‥真不知要怎么办才好‥？	accepted	0494a2a61a3c9fac	Codex	full-20261006	2026-10-06	ICU 72 簡體轉換候選；保留原意；未經使用者接受及母語者審閱；正式採用限制另驗
ESPMES#122.299	e5900a4f506812e0	我们也几乎给冻昏了、还是靠城里卫兵帮忙才没给冻坏了。\n这是怎么一回事？	accepted	c3ece57ba62f35f0	Codex	full-20261006	2026-10-06	ICU 72 簡體轉換候選；保留原意；未經使用者接受及母語者審閱；正式採用限制另驗
ESPMES#122.300	3716944663a18ad1	这是因为我们有一位发明家所发明的装置不知发生了什么事情、故障了！\n你能帮我们这个忙吗？	accepted	ced1fb413a9e8b9c	Codex	full-20261006	2026-10-06	ICU 72 簡體轉換候選；保留原意；未經使用者接受及母語者審閱；正式採用限制另驗
ESPMES#122.301	04f699a726cd98e9	一切可都拜托你了。真受不了这种寒冷！	accepted	ebc195b3a8ca0e94	Codex	full-20261006	2026-10-06	ICU 72 簡體轉換候選；保留原意；未經使用者接受及母語者審閱；正式採用限制另驗
ESPMES#122.302	aa8253399c8bea98	他应该在洞窟里才对！\n请你尽可能怏一点！好冷！\n	accepted	a68785de4901f878	Codex	full-20261006	2026-10-06	ICU 72 簡體轉換候選；保留原意；未經使用者接受及母語者審閱；正式採用限制另驗
ESPMES#122.303	2ff60f1a8e213ef5	咳！咳！太令人失望了！真的很遗憾！对不起！我好像感冒了！我失陪了！\n	accepted	178ef2686be8659e	Codex	full-20261006	2026-10-06	ICU 72 簡體轉換候選；保留原意；未經使用者接受及母語者審閱；正式採用限制另驗
ESPMES#122.304	d52ff5fd525abe1d	咳！咳！请问？咳！咳！对不住！我！咳！咳！	accepted	de72c4255fb68de3	Codex	full-20261006	2026-10-06	ICU 72 簡體轉換候選；保留原意；未經使用者接受及母語者審閱；正式採用限制另驗
ESPMES#122.305	18c6f35911e20432	咳！咳！有件事拜托一下！请你去邻国找一位叫拉奇亚的家伙、他是我的老朋友。	accepted	6090aa42ecbf86b9	Codex	full-20261006	2026-10-06	ICU 72 簡體轉換候選；保留原意；未經使用者接受及母語者審閱；正式採用限制另驗
ESPMES#122.306	853b9a0e9d0cac15	这寒流、都怪我发明的机器故障了。不换零件是不行的、\n我老朋友那儿应该有的。	accepted	613a733e89e549f9	Codex	full-20261006	2026-10-06	ICU 72 簡體轉換候選；保留原意；未經使用者接受及母語者審閱；正式採用限制另驗
ESPMES#122.307	551d256ea797592f	我是年纪大了、再加上有病在身、\n实在无能为力了、\n这事可要落在你们身上了。	accepted	f7ede5a801940bb7	Codex	full-20261006	2026-10-06	ICU 72 簡體轉換候選；保留原意；未經使用者接受及母語者審閱；正式採用限制另驗
ESPMES#122.308	08177271be4ea7da	一切可都拜托你了。真受不了这种寒冷！咳！咳！	accepted	abcdee47f5578395	Codex	full-20261006	2026-10-06	ICU 72 簡體轉換候選；保留原意；未經使用者接受及母語者審閱；正式採用限制另驗
ESPMES#122.309	2ff60f1a8e213ef5	咳！咳！太令人失望了！真的很遗憾！对不起！我好像感冒了！我失陪了！\n	accepted	178ef2686be8659e	Codex	full-20261006	2026-10-06	ICU 72 簡體轉換候選；保留原意；未經使用者接受及母語者審閱；正式採用限制另驗
ESPMES#122.310	071c2a7c42729f3a	谢谢你！这样就可以修理了！这下子可就安心了！咳！	accepted	69d572257caca295	Codex	full-20261006	2026-10-06	ICU 72 簡體轉換候選；保留原意；未經使用者接受及母語者審閱；正式採用限制另驗
ESPMES#122.311	678d5ae3d9d6ca3f	已没问题了！已修好了！	accepted	7004551e9202edea	Codex	full-20261006	2026-10-06	ICU 72 簡體轉換候選；保留原意；未經使用者接受及母語者審閱；正式採用限制另驗
ESPMES#122.312	476f72a79e5b1e18	拜托请你们动作快一点！再这样下去！说不定我就给冷死了也说不定！	accepted	e9717d424144fdf2	Codex	full-20261006	2026-10-06	ICU 72 簡體轉換候選；保留原意；未經使用者接受及母語者審閱；正式採用限制另驗
ESPMES#122.313	74a78869a2b419de	哇！你们终于来了！没问题！我已经听老家伙说过了、就是这个零件、拿去吧！	accepted	0d171fd2a20c3189	Codex	full-20261006	2026-10-06	ICU 72 簡體轉換候選；保留原意；未經使用者接受及母語者審閱；正式採用限制另驗
ESPMES#122.314	1a704cf2971c3be8	修理零件到手！	accepted	83c3801b7359a575	Codex	full-20261006	2026-10-06	ICU 72 簡體轉換候選；保留原意；未經使用者接受及母語者審閱；正式採用限制另驗
ESPMES#122.315	0b09f8419c1399a6	怎么了？还不赶快拿去！他们可都快冷死了！	accepted	492c2ffeed74c89c	Codex	full-20261006	2026-10-06	ICU 72 簡體轉換候選；保留原意；未經使用者接受及母語者審閱；正式採用限制另驗
ESPMES#122.316	b3fa47e66fbc1a67	这下子总算把装置给修好了。\n那他们也可以安心了！‥安心了！\n‥这下子天下太平了！\n	accepted	33b22ae8181e863f	Codex	full-20261006	2026-10-06	ICU 72 簡體轉換候選；保留原意；未經使用者接受及母語者審閱；正式採用限制另驗
ESPMES#122.317	9775d7f51ba193e1	往后可以不用担心了！太好了！呵！呵！\n	accepted	a14a95c91e00f760	Codex	full-20261006	2026-10-06	ICU 72 簡體轉換候選；保留原意；未經使用者接受及母語者審閱；正式採用限制另驗
ESPMES#122.318	17b41a11b8327490	咳！咳！年轻小伙子！帮我一个忙、如果成的话、你们可从领主那领一笔奖金！要不要试试看？	accepted	10c2d223d221bebd	Codex	full-20261006	2026-10-06	ICU 72 簡體轉換候選；保留原意；未經使用者接受及母語者審閱；正式採用限制另驗
ESPMES#122.319	92bad5cd27030e19	一直受你们的关照、谢谢啦！我们这儿大家都生　　的平安快乐、哈哈！	accepted	720763da77882d2d	Codex	full-20261006	2026-10-06	ICU 72 簡體轉換候選；保留原意；未經使用者接受及母語者審閱；正式採用限制另驗
ESPMES#122.320	43e7ffed43b93fcb	这是！‥恢复气温了‥！太好了！真的太好了！	accepted	c64c1e530794335a	Codex	full-20261006	2026-10-06	ICU 72 簡體轉換候選；保留原意；未經使用者接受及母語者審閱；正式採用限制另驗
ESPMES#122.321	2f062205c11f1189	怎么了？到底发生了什么事！难道热浪又将发生了‥。	accepted	65e95136eb1b2acd	Codex	full-20261006	2026-10-06	ICU 72 簡體轉換候選；保留原意；未經使用者接受及母語者審閱；正式採用限制另驗
ESPMES#122.322	cd03165c52d066d7	唉！真伤脑筋！大家都为这热浪\n感到十分头痛！伤脑筋‥真不知要怎么办才好‥？	accepted	cd950d32377439b4	Codex	full-20261006	2026-10-06	ICU 72 簡體轉換候選；保留原意；未經使用者接受及母語者審閱；正式採用限制另驗
ESPMES#122.323	ec44c861cb93b6f1	我们也几乎给热昏了、还是靠城里卫兵帮忙才没给热坏了。\n这是怎么一回事？	accepted	e7b5514ffffc9484	Codex	full-20261006	2026-10-06	ICU 72 簡體轉換候選；保留原意；未經使用者接受及母語者審閱；正式採用限制另驗
ESPMES#122.324	3716944663a18ad1	这是因为我们有一位发明家所发明的装置不知发生了什么事情、故障了！\n你能帮我们这个忙吗？	accepted	ced1fb413a9e8b9c	Codex	full-20261006	2026-10-06	ICU 72 簡體轉換候選；保留原意；未經使用者接受及母語者審閱；正式採用限制另驗
ESPMES#122.325	a51117182efafe26	一切可都拜托你了。真受不了这种天气！快热昏了！\n	accepted	71c20cc8e2e2dc6a	Codex	full-20261006	2026-10-06	ICU 72 簡體轉換候選；保留原意；未經使用者接受及母語者審閱；正式採用限制另驗
ESPMES#122.326	de61a691c0f47cb7	唉！‥太遗憾了！想不到会变成这样！\n	accepted	b2c1991b5c4bdeaa	Codex	full-20261006	2026-10-06	ICU 72 簡體轉換候選；保留原意；未經使用者接受及母語者審閱；正式採用限制另驗
ESPMES#122.327	fa5cdf0956480f81	咳！咳！请问？咳！咳！对不住！我！咳！咳！我这个老毛病！	accepted	6eb1ce541fd1e429	Codex	full-20261006	2026-10-06	ICU 72 簡體轉換候選；保留原意；未經使用者接受及母語者審閱；正式採用限制另驗
ESPMES#122.328	18c6f35911e20432	咳！咳！有件事拜托一下！请你去邻国找一位叫拉奇亚的家伙、他是我的老朋友。	accepted	6090aa42ecbf86b9	Codex	full-20261006	2026-10-06	ICU 72 簡體轉換候選；保留原意；未經使用者接受及母語者審閱；正式採用限制另驗
ESPMES#122.329	14273b262c87e02a	这热浪！都怪我发明的机器故障了。不换零件是不行的、\n我老朋友那儿应该有的。	accepted	bc675ba5562ff479	Codex	full-20261006	2026-10-06	ICU 72 簡體轉換候選；保留原意；未經使用者接受及母語者審閱；正式採用限制另驗
ESPMES#122.330	551d256ea797592f	我是年纪大了、再加上有病在身、\n实在无能为力了、\n这事可要落在你们身上了。	accepted	f7ede5a801940bb7	Codex	full-20261006	2026-10-06	ICU 72 簡體轉換候選；保留原意；未經使用者接受及母語者審閱；正式採用限制另驗
ESPMES#122.331	a51117182efafe26	一切可都拜托你了。真受不了这种天气！快热昏了！\n	accepted	71c20cc8e2e2dc6a	Codex	full-20261006	2026-10-06	ICU 72 簡體轉換候選；保留原意；未經使用者接受及母語者審閱；正式採用限制另驗
ESPMES#122.332	c7fb1bdcc2826152	咳！咳！太令人失望了！真的很遗憾！对不起！我好像热昏了！我失陪了！\n	accepted	8e537329a9c3a01e	Codex	full-20261006	2026-10-06	ICU 72 簡體轉換候選；保留原意；未經使用者接受及母語者審閱；正式採用限制另驗
ESPMES#122.333	7a294db6314995e9	谢谢！这样就可以修理了。以后就不用担心了！	accepted	35883d06191f4adc	Codex	full-20261006	2026-10-06	ICU 72 簡體轉換候選；保留原意；未經使用者接受及母語者審閱；正式採用限制另驗
ESPMES#122.334	d5a6a6bd7443052a	没问题了！	accepted	c91024a4d89d8f30	Codex	full-20261006	2026-10-06	ICU 72 簡體轉換候選；保留原意；未經使用者接受及母語者審閱；正式採用限制另驗
ESPMES#122.335	33bec29283172746	怎么了？还不赶快去！他们可都快热死了！	accepted	83d0cbb43359dfeb	Codex	full-20261006	2026-10-06	ICU 72 簡體轉換候選；保留原意；未經使用者接受及母語者審閱；正式採用限制另驗
ESPMES#122.336	74a78869a2b419de	哇！你们终于来了！没问题！我已经听老家伙说过了、就是这个零件、拿去吧！	accepted	0d171fd2a20c3189	Codex	full-20261006	2026-10-06	ICU 72 簡體轉換候選；保留原意；未經使用者接受及母語者審閱；正式採用限制另驗
ESPMES#122.337	a67f7abcf82303fb	怎么了？还不赶快拿去！他们可都快热死了！	accepted	4aca3a6383017547	Codex	full-20261006	2026-10-06	ICU 72 簡體轉換候選；保留原意；未經使用者接受及母語者審閱；正式採用限制另驗
ESPMES#122.338	b3fa47e66fbc1a67	这下子总算把装置给修好了。\n那他们也可以安心了！‥安心了！\n‥这下子天下太平了！\n	accepted	33b22ae8181e863f	Codex	full-20261006	2026-10-06	ICU 72 簡體轉換候選；保留原意；未經使用者接受及母語者審閱；正式採用限制另驗
ESPMES#122.339	9775d7f51ba193e1	往后可以不用担心了！太好了！呵！呵！\n	accepted	a14a95c91e00f760	Codex	full-20261006	2026-10-06	ICU 72 簡體轉換候選；保留原意；未經使用者接受及母語者審閱；正式採用限制另驗
ESPMES#122.340	987f9e42186667ef	你知道吗？\n这个盒子‥\n听说是打不开的‥	accepted	15a866681fecae93	Codex	full-20261006	2026-10-06	ICU 72 簡體轉換候選；保留原意；未經使用者接受及母語者審閱；正式採用限制另驗
ESPMES#122.341	0f805b12e5c52bbc	嗨！听说过这个盒子吗？听说又叫疑问之盒！据说跟某个宝藏有关的样子‥	accepted	be31baff184f4bd7	Codex	full-20261006	2026-10-06	ICU 72 簡體轉換候選；保留原意；未經使用者接受及母語者審閱；正式採用限制另驗
ESPMES#122.342	665f0ac6870aafcd	嗨！陌生人！\n告诉你一个传闻！‥据说那盒中有一个精灵、可以给你三个愿望！	accepted	94c44a938dfe6ae9	Codex	full-20261006	2026-10-06	ICU 72 簡體轉換候選；保留原意；未經使用者接受及母語者審閱；正式採用限制另驗
ESPMES#122.343	da09d1cbe5091037	如果发现了秘密、可要通知我们一声！	accepted	7eac230a8e6db52c	Codex	full-20261006	2026-10-06	ICU 72 簡體轉換候選；保留原意；未經使用者接受及母語者審閱；正式採用限制另驗
ESPMES#122.344	772602107d2f02e7	喂！听说过宝箱的事吗？据说里面住着一位绝世美女！嘘！小声一点！	accepted	f76a27b5374eed44	Codex	full-20261006	2026-10-06	ICU 72 簡體轉換候選；保留原意；未經使用者接受及母語者審閱；正式採用限制另驗
ESPMES#122.345	f3ed20421e933266	嗨！好像听说过你们！\n据说鲁雷恩国王正在找\n一个奇怪的东西？好像是武器之类等等‥。	accepted	7666626039ddc9e5	Codex	full-20261006	2026-10-06	ICU 72 簡體轉換候選；保留原意；未經使用者接受及母語者審閱；正式採用限制另驗
ESPMES#122.346	e52e95fb616e7906	听说鲁雷恩国王在找些宝物、‥好像是骨董品之类、\n而且悬赏金还不少的样子‥。\n	accepted	aed19c426dfc6e5c	Codex	full-20261006	2026-10-06	ICU 72 簡體轉換候選；保留原意；未經使用者接受及母語者審閱；正式採用限制另驗
ESPMES#122.347	e29806348282e4dd	‥听说某领主正在找寻某个宝箱、据说在那宝箱之中有一个藏宝地图、好像是跟古代遗物有关？\n	accepted	0f28e028c47ba4bc	Codex	full-20261006	2026-10-06	ICU 72 簡體轉換候選；保留原意；未經使用者接受及母語者審閱；正式採用限制另驗
ESPMES#122.348	9670999199deeead	‥听说北方某领主正在找些什么？好像赏金还不少的样子！\n	accepted	9f7e0ea8db37b78c	Codex	full-20261006	2026-10-06	ICU 72 簡體轉換候選；保留原意；未經使用者接受及母語者審閱；正式採用限制另驗
ESPMES#122.349	fc1331f273e92859	世上总有许多奇闻、如旧世纪的遗产、听说某学者可以解开疑问之盒的谜！\n	accepted	2af145e94966e6f5	Codex	full-20261006	2026-10-06	ICU 72 簡體轉換候選；保留原意；未經使用者接受及母語者審閱；正式採用限制另驗
ESPMES#122.350	cfe8cd200322cfb3	打不开的盒子？\n‥我知道有一个人会开各种盒子、好像是个学者的样子。	accepted	79a9cd3aabd55b7e	Codex	full-20261006	2026-10-06	ICU 72 簡體轉換候選；保留原意；未經使用者接受及母語者審閱；正式採用限制另驗
ESPMES#122.351	4a5490de04d68334	‥告诉你一个秘密！听某学者说箱中有一支钥匙、赶快去找找看!!!　\n	accepted	8ec92c66e8fcc14b	Codex	full-20261006	2026-10-06	ICU 72 簡體轉換候選；保留原意；未經使用者接受及母語者審閱；正式採用限制另驗
ESPMES#122.352	036c15c139704072	‥鲁雷恩出了不少人材、而且也有许多学者和科学家、其中一位还擅长作机器人、\n听说是女机器人喔！！	accepted	9173d3ec75137151	Codex	full-20261006	2026-10-06	ICU 72 簡體轉換候選；保留原意；未經使用者接受及母語者審閱；正式採用限制另驗
ESPMES#122.353	7568c2f5300c7616	‥在洞窟之中不知有什么‥‥以前曾看过有一个门的样子、不过我没有钥匙、说不定里面有‥。\n	accepted	add8926f01a6331d	Codex	full-20261006	2026-10-06	ICU 72 簡體轉換候選；保留原意；未經使用者接受及母語者審閱；正式採用限制另驗
ESPMES#122.354	9e11359c073f9704	‥那个门我也见过！没有钥匙是绝打不开的、那里面一定有许多财宝！	accepted	e97b37c880b8a4b3	Codex	full-20261006	2026-10-06	ICU 72 簡體轉換候選；保留原意；未經使用者接受及母語者審閱；正式採用限制另驗
ESPMES#122.355	594a90dc1e17d2c4	‥洞窟‥。中？‥魔物‥亡灵‥什么？生人勿近‥进了就别想出去了‥。\n	accepted	9e50bdb14ca4bf42	Codex	full-20261006	2026-10-06	ICU 72 簡體轉換候選；保留原意；未經使用者接受及母語者審閱；正式採用限制另驗
ESPMES#122.356	a65366f99e32a94c	‥在那个洞窟中有着盗贼团抓来的女人、赶快前去救助吧！！说不定会‥‥。	accepted	9b1d7622c2d0c094	Codex	full-20261006	2026-10-06	ICU 72 簡體轉換候選；保留原意；未經使用者接受及母語者審閱；正式採用限制另驗
ESPMES#122.357	66e72ff83524c7cc	糟榚了！不赶快送去是不行的、这么多的洗剂。\n这些洗剂要送到‥利卡诺‧尼他那边去才行！如何？\n	accepted	ae0c23925d265c00	Codex	full-20261006	2026-10-06	ICU 72 簡體轉換候選；保留原意；未經使用者接受及母語者審閱；正式採用限制另驗
ESPMES#122.358	f730946a38166cda	谢谢！那就拜托你了！	accepted	bb887b6a1775ac76	Codex	full-20261006	2026-10-06	ICU 72 簡體轉換候選；保留原意；未經使用者接受及母語者審閱；正式採用限制另驗
ESPMES#122.359	70f81510d1db427f	收取洗剂！	accepted	12abc74b83e6d196	Codex	full-20261006	2026-10-06	ICU 72 簡體轉換候選；保留原意；未經使用者接受及母語者審閱；正式採用限制另驗
ESPMES#122.360	74ff78694cc49e8a	伤脑筋！没办法啦！只好找别人啦！\n	accepted	4f67e38f9c78b061	Codex	full-20261006	2026-10-06	ICU 72 簡體轉換候選；保留原意；未經使用者接受及母語者審閱；正式採用限制另驗
ESPMES#122.361	e01fcb9d681c8939	‥怎么？门都关起来了！不是十万火急的吗？‥。\n怎么办？这些洗剂‥。\n	accepted	de19b9ddb38ff55f	Codex	full-20261006	2026-10-06	ICU 72 簡體轉換候選；保留原意；未經使用者接受及母語者審閱；正式採用限制另驗
ESPMES#122.362	2b5a2123f69b56df	咦？公休？怎么会这样！特地跑来的！\n	accepted	4ba515db76f27318	Codex	full-20261006	2026-10-06	ICU 72 簡體轉換候選；保留原意；未經使用者接受及母語者審閱；正式採用限制另驗
ESPMES#122.363	018d4b8ff7853a5a	‥咦？倒闭了吗？‥这些洗剂要怎么办才好？‥。	accepted	dbeaf29b15bd1700	Codex	full-20261006	2026-10-06	ICU 72 簡體轉換候選；保留原意；未經使用者接受及母語者審閱；正式採用限制另驗
ESPMES#122.364	fc2374c4d50ffaf8	咦？店休息！‥专程送洗剂来的！怎么办？	accepted	727e703dd9f7faae	Codex	full-20261006	2026-10-06	ICU 72 簡體轉換候選；保留原意；未經使用者接受及母語者審閱；正式採用限制另驗
ESPMES#122.365	00b65c41ab5f2710	哎呀！怎么关起来了！那我要怎么办才好？！\n	accepted	6d3170f6d3294ba1	Codex	full-20261006	2026-10-06	ICU 72 簡體轉換候選；保留原意；未經使用者接受及母語者審閱；正式採用限制另驗
ESPMES#122.366	17939588d157ba14	怎么会关起来了？‥这些洗剂要怎么办？\n	accepted	09ae4cf194a67035	Codex	full-20261006	2026-10-06	ICU 72 簡體轉換候選；保留原意；未經使用者接受及母語者審閱；正式採用限制另驗
ESPMES#122.367	395412f9fca5d5ee	‥哈哈！有何贵干啊？那个老板已经死了！\n昨天被流弹‥。\n所以休业了。\n	accepted	611734e8101d51ec	Codex	full-20261006	2026-10-06	ICU 72 簡體轉換候選；保留原意；未經使用者接受及母語者審閱；正式採用限制另驗
ESPMES#122.368	1c19d92757a11d29	嘿嘿！带着这么多洗剂！\n打算做什么用呢？\n什么？交换这个箱子。‥嗯！应该可以吧！\n	accepted	254cb54ebdc4e11e	Codex	full-20261006	2026-10-06	ICU 72 簡體轉換候選；保留原意；未經使用者接受及母語者審閱；正式採用限制另驗
ESPMES#122.369	ab146c4c5ae4d9a7	哈哈！交换了！\n拜啦！自己多保重！哈哈！	accepted	9f46a68b64715ce9	Codex	full-20261006	2026-10-06	ICU 72 簡體轉換候選；保留原意；未經使用者接受及母語者審閱；正式採用限制另驗
ESPMES#122.370	9a0bb32d6bacf352	洗剂换了个箱子！	accepted	19aacb5bc5b9942d	Codex	full-20261006	2026-10-06	ICU 72 簡體轉換候選；保留原意；未經使用者接受及母語者審閱；正式採用限制另驗
ESPMES#122.371	b22d4171e8ac0f94	‥咦？不交换！	accepted	a445697588b4e116	Codex	full-20261006	2026-10-06	ICU 72 簡體轉換候選；保留原意；未經使用者接受及母語者審閱；正式採用限制另驗
ESPMES#122.372	a508e89b64592457	嗯？‥这是‥这、这是真品！‥能给我的话、我会给你赏金的！\n	accepted	4c522096bbd916c3	Codex	full-20261006	2026-10-06	ICU 72 簡體轉換候選；保留原意；未經使用者接受及母語者審閱；正式採用限制另驗
ESPMES#122.373	c2bf67b79946046e	哦？‥你们拿这个东西也没有什么作用、还是给我吧！要不然我就不客气了！全体备战！\n	accepted	e420c4fa7b7faf9b	Codex	full-20261006	2026-10-06	ICU 72 簡體轉換候選；保留原意；未經使用者接受及母語者審閱；正式採用限制另驗
ESPMES#122.374	8b2f722b8e842160	‥哼！我是不会放弃的！\n下一次不会就这么简单放过你！\n	accepted	0345e2ac8ead2935	Codex	full-20261006	2026-10-06	ICU 72 簡體轉換候選；保留原意；未經使用者接受及母語者審閱；正式採用限制另驗
ESPMES#122.375	7e0510dcc025ed28	还是老老实实地交给我‥。\n你们这些可恶的家伙！不要敬酒不吃、吃罚酒！\n你们好自为之！\n	accepted	64a3140edd0d9206	Codex	full-20261006	2026-10-06	ICU 72 簡體轉換候選；保留原意；未經使用者接受及母語者審閱；正式採用限制另驗
ESPMES#122.376	ede8e8919b99acd1	哈哈！太好了！太好了！你们很识相、这里是你们的\n赏金、一共是500万Ｇ、\n应该够了吧！\n	accepted	6274a999c36c3f28	Codex	full-20261006	2026-10-06	ICU 72 簡體轉換候選；保留原意；未經使用者接受及母語者審閱；正式採用限制另驗
ESPMES#122.377	c84f31e863549427	如果没有什么别的事情、就请你们赶快离开吧！除非你们找到了宝箱、不过那是不可能的！\n	accepted	c781fc238d827127	Codex	full-20261006	2026-10-06	ICU 72 簡體轉換候選；保留原意；未經使用者接受及母語者審閱；正式採用限制另驗
ESPMES#122.378	16a3a11277c6184b	你们有何贵干‥？我正在研究很忙！\n如果没什么事的话‥。除非是跟宝箱有关的事！	accepted	52f142e128f938f3	Codex	full-20261006	2026-10-06	ICU 72 簡體轉換候選；保留原意；未經使用者接受及母語者審閱；正式採用限制另驗
ESPMES#122.379	adee9d2b067e63d1	哦！是你们啊！\n我现在正在忙一些事情、没空招呼你们、\n如果没事、就失陪了！\n	accepted	0e05e6c6694ce7f8	Codex	full-20261006	2026-10-06	ICU 72 簡體轉換候選；保留原意；未經使用者接受及母語者審閱；正式採用限制另驗
ESPMES#122.380	69c9ba3089c2f96a	‥这个嘛！这些东西‥。这个是、这是‥这是这里‥。‥嗯！你们干得不错！\n	accepted	9ab2296225a04924	Codex	full-20261006	2026-10-06	ICU 72 簡體轉換候選；保留原意；未經使用者接受及母語者審閱；正式採用限制另驗
ESPMES#122.381	ae20a91c0fa6cd77	咦？把宝箱带来了‥还有古文书、这这‥。\n！！！\n	accepted	7e5a1b28027fe704	Codex	full-20261006	2026-10-06	ICU 72 簡體轉換候選；保留原意；未經使用者接受及母語者審閱；正式採用限制另驗
ESPMES#122.382	4f7eddaf39694022	‥宝箱！！赶快来分析一下！相、相机‥可恶！相机跑那里去了！\n	accepted	67c22eb964cb8b5e	Codex	full-20261006	2026-10-06	ICU 72 簡體轉換候選；保留原意；未經使用者接受及母語者審閱；正式採用限制另驗
ESPMES#122.383	a2da986d9df53121	‥‥‥‥‥‥‥‥‥‥‥‥‥‥‥‥‥‥‥这是‥人的头‥‥‥‥‥‥‥‥‥‥‥‥‥‥不得了‥。	accepted	36fb7e37017d945c	Codex	full-20261006	2026-10-06	ICU 72 簡體轉換候選；保留原意；未經使用者接受及母語者審閱；正式採用限制另驗
ESPMES#122.384	a2da986d9df53121	‥‥‥‥‥‥‥‥‥‥‥‥‥‥‥‥‥‥‥这是‥人的头‥‥‥‥‥‥‥‥‥‥‥‥‥‥不得了‥。	accepted	36fb7e37017d945c	Codex	full-20261006	2026-10-06	ICU 72 簡體轉換候選；保留原意；未經使用者接受及母語者審閱；正式採用限制另驗
ESPMES#122.385	b68d06cb5f807cc9	‥‥‥‥‥‥‥‥‥‥‥‥‥‥‥‥‥‥‥这是‥人的头‥‥‥‥‥‥‥‥‥‥好像又不是‥。	accepted	c8318c1f53ae409a	Codex	full-20261006	2026-10-06	ICU 72 簡體轉換候選；保留原意；未經使用者接受及母語者審閱；正式採用限制另驗
ESPMES#122.386	53e81b09f92e266d	‥‥‥‥‥‥‥‥‥‥‥‥‥‥‥‥‥‥‥‥‥‥人的头？‥‥‥‥‥‥‥‥‥‥‥‥‥‥‥‥咦咦‥。	accepted	eca54e9c3a780ea1	Codex	full-20261006	2026-10-06	ICU 72 簡體轉換候選；保留原意；未經使用者接受及母語者審閱；正式採用限制另驗
ESPMES#122.387	30df10fd0c4f9f7c	‥‥‥‥‥‥‥‥‥‥‥‥‥‥‥‥‥‥‥什么这是、人的头？‥‥‥‥‥‥‥‥‥‥‥好恶心‥。	accepted	6781ab11e9459ba9	Codex	full-20261006	2026-10-06	ICU 72 簡體轉換候選；保留原意；未經使用者接受及母語者審閱；正式採用限制另驗；依同句語境修正簡中固定詞及原稿錯字；來源位元組不改
ESPMES#122.388	79baa448f6ec50cc	‥‥‥‥‥‥‥‥‥‥‥‥‥‥‥‥‥‥‥‥会是‥人的头‥‥‥‥‥‥‥‥‥‥‥‥‥‥嗯‥。	accepted	b61dd9a9f031f94b	Codex	full-20261006	2026-10-06	ICU 72 簡體轉換候選；保留原意；未經使用者接受及母語者審閱；正式採用限制另驗
ESPMES#122.389	d11013c133336607	‥我‥我明白了‥我来告诉你们吧！你们把这钥匙带着去！去把那扇门打开！那就是‥遗‥	accepted	9b4581e7d81e353e	Codex	full-20261006	2026-10-06	ICU 72 簡體轉換候選；保留原意；未經使用者接受及母語者審閱；正式採用限制另驗
ESPMES#122.390	89d17e3c5782820b	‥‥拿着这把钥匙！去拿那个古代遗产吧！\n	accepted	72c34f81739d7f95	Codex	full-20261006	2026-10-06	ICU 72 簡體轉換候選；保留原意；未經使用者接受及母語者審閱；正式採用限制另驗
ESPMES#122.391	89d17e3c5782820b	‥‥拿着这把钥匙！去拿那个古代遗产吧！\n	accepted	72c34f81739d7f95	Codex	full-20261006	2026-10-06	ICU 72 簡體轉換候選；保留原意；未經使用者接受及母語者審閱；正式採用限制另驗
ESPMES#122.392	25f722976b9ed2ac	‥‥拿着这把钥匙！去拿那个古代遗产吧！\n赶快去吧！\n	accepted	b7fabbb422c985b3	Codex	full-20261006	2026-10-06	ICU 72 簡體轉換候選；保留原意；未經使用者接受及母語者審閱；正式採用限制另驗
ESPMES#122.393	89d17e3c5782820b	‥‥拿着这把钥匙！去拿那个古代遗产吧！\n	accepted	72c34f81739d7f95	Codex	full-20261006	2026-10-06	ICU 72 簡體轉換候選；保留原意；未經使用者接受及母語者審閱；正式採用限制另驗
ESPMES#122.394	ef1fb45fafdbafcb	‥‥拿着这把钥匙！去拿那个古代遗产吧！\n这下子可不得了！\n	accepted	35c5960d599c87ab	Codex	full-20261006	2026-10-06	ICU 72 簡體轉換候選；保留原意；未經使用者接受及母語者審閱；正式採用限制另驗
ESPMES#122.395	f7cb8422a6fe1bbf	‥‥拿着这把钥匙！去拿那个古代遗产吧！\n哈哈！哈哈！	accepted	7ea42d62fec95cc7	Codex	full-20261006	2026-10-06	ICU 72 簡體轉換候選；保留原意；未經使用者接受及母語者審閱；正式採用限制另驗
ESPMES#122.396	2ccd9f9de685d942	古代钥匙到手！	accepted	7df747abd2d59f7f	Codex	full-20261006	2026-10-06	ICU 72 簡體轉換候選；保留原意；未經使用者接受及母語者審閱；正式採用限制另驗
ESPMES#122.397	23d23aa3fc77a456	怎么办？拿着这个钥匙！要去什么地方呢？只好到处去找找看！	accepted	b803376d369af787	Codex	full-20261006	2026-10-06	ICU 72 簡體轉換候選；保留原意；未經使用者接受及母語者審閱；正式採用限制另驗
ESPMES#122.398	7ddd8ab51c0c5ab6	怎么了？还需要再说明吗？	accepted	f58ba4bd16a364db	Codex	full-20261006	2026-10-06	ICU 72 簡體轉換候選；保留原意；未經使用者接受及母語者審閱；正式採用限制另驗
ESPMES#122.399	6c5ae1ef0f90a959	好吧！请注意听！	accepted	8c01e879c12b6e51	Codex	full-20261006	2026-10-06	ICU 72 簡體轉換候選；保留原意；未經使用者接受及母語者審閱；正式採用限制另驗
ESPMES#122.400	9b52895d4594c725	那好吧！‥你们赶快出发吧！	accepted	4f3b2bd7d4627c6d	Codex	full-20261006	2026-10-06	ICU 72 簡體轉換候選；保留原意；未經使用者接受及母語者審閱；正式採用限制另驗
ESPMES#122.401	35ffb57f43086834	你们有什么事啊？咦？这好像不是‥疑问之盒！？	accepted	c756362b23fe3199	Codex	full-20261006	2026-10-06	ICU 72 簡體轉換候選；保留原意；未經使用者接受及母語者審閱；正式採用限制另驗
ESPMES#122.402	de55ee3e70640750	难道说这一天终于来了‥\n‥嗯！这古文书上应该有说明才对！	accepted	7cd65450b02ce7c7	Codex	full-20261006	2026-10-06	ICU 72 簡體轉換候選；保留原意；未經使用者接受及母語者審閱；正式採用限制另驗
ESPMES#122.403	0501c98cd46c03dc	学者打开古文书。	accepted	ca059a9fd725376a	Codex	full-20261006	2026-10-06	ICU 72 簡體轉換候選；保留原意；未經使用者接受及母語者審閱；正式採用限制另驗
ESPMES#122.404	ad4144298662e623	‥有关这个箱子、好像有记载、\n被叫作“试验官”的共有４人。必需去找这４人寻求答案。\n	accepted	8f090f7e1b4e86a4	Codex	full-20261006	2026-10-06	ICU 72 簡體轉換候選；保留原意；未經使用者接受及母語者審閱；正式採用限制另驗
ESPMES#122.405	2840e4c6416437c3	“东部贤者”\n“西部废城之王”\n“南部教主”\n“北部将军”\n	accepted	c426dbe20d319f32	Codex	full-20261006	2026-10-06	ICU 72 簡體轉換候選；保留原意；未經使用者接受及母語者審閱；正式採用限制另驗
ESPMES#122.406	c0b56ce928bf2897	全都解答的话、\n就能够取得、这箱子交给你了、好自为之。\n	accepted	009b133b55c223b4	Codex	full-20261006	2026-10-06	ICU 72 簡體轉換候選；保留原意；未經使用者接受及母語者審閱；正式採用限制另驗
ESPMES#122.407	be7c8a6c74d74537	首先先去找这４人再说。\n那么我们就出发吧！\n	accepted	012ce3b7b75c2882	Codex	full-20261006	2026-10-06	ICU 72 簡體轉換候選；保留原意；未經使用者接受及母語者審閱；正式採用限制另驗
ESPMES#122.408	3c7b63eacafce658	‥哀伤的玩具‥\n	accepted	bf4913f7b44cbe59	Codex	full-20261006	2026-10-06	ICU 72 簡體轉換候選；保留原意；未經使用者接受及母語者審閱；正式採用限制另驗
ESPMES#122.409	18cf84415a783f18	‥不可儿戏的玩具、封印其哀伤的力量、\n下回再来找我‥。\n	accepted	2cd44f03da690cdc	Codex	full-20261006	2026-10-06	ICU 72 簡體轉換候選；保留原意；未經使用者接受及母語者審閱；正式採用限制另驗
ESPMES#122.410	1cbcee5f8244539c	‥总算带来了、\n那我就替你们指点迷径‥。\n	accepted	50d8f3b1fc75b3d6	Codex	full-20261006	2026-10-06	ICU 72 簡體轉換候選；保留原意；未經使用者接受及母語者審閱；正式採用限制另驗
ESPMES#122.411	90b62c1462ebe3c0	第１物品到手！	accepted	3d53afd3caaaccbf	Codex	full-20261006	2026-10-06	ICU 72 簡體轉換候選；保留原意；未經使用者接受及母語者審閱；正式採用限制另驗
ESPMES#122.412	1cbcee5f8244539c	‥总算带来了、\n那我就替你们指点迷径‥。\n	accepted	50d8f3b1fc75b3d6	Codex	full-20261006	2026-10-06	ICU 72 簡體轉換候選；保留原意；未經使用者接受及母語者審閱；正式採用限制另驗
ESPMES#122.413	d70e8c92b892260c	第２物品到手！	accepted	1c0ab32a57f090e4	Codex	full-20261006	2026-10-06	ICU 72 簡體轉換候選；保留原意；未經使用者接受及母語者審閱；正式採用限制另驗
ESPMES#122.414	d9e3498d152f6eb7	‥圣洁的女神‥。\n	accepted	ddeb5d5aea50b20e	Codex	full-20261006	2026-10-06	ICU 72 簡體轉換候選；保留原意；未經使用者接受及母語者審閱；正式採用限制另驗
ESPMES#122.415	e016d946c9149eb1	‥考验人的心性、圣洁的女神啊！下回再来找我吧！‥\n	accepted	a3e7a9bb13b0e471	Codex	full-20261006	2026-10-06	ICU 72 簡體轉換候選；保留原意；未經使用者接受及母語者審閱；正式採用限制另驗
ESPMES#122.416	5819619d0a754c75	‥哦！‥你们好像已把箱子弄到手了。‥很好！\n只要把它送到某个地方、‥你们的使命就算完了！	accepted	0c58773488eae5a7	Codex	full-20261006	2026-10-06	ICU 72 簡體轉換候選；保留原意；未經使用者接受及母語者審閱；正式採用限制另驗
ESPMES#122.417	5e7d0b80e010d786	嗯？有何贵干？\n我已没什么可帮你们了‥\n	accepted	0f183c46e296b821	Codex	full-20261006	2026-10-06	ICU 72 簡體轉換候選；保留原意；未經使用者接受及母語者審閱；正式採用限制另驗
ESPMES#122.418	1e9156a2398ceb1d	这里禁止男人进入‥\n决对不要带男人而来。\n	accepted	c0c887e81943820c	Codex	full-20261006	2026-10-06	ICU 72 簡體轉換候選；保留原意；未經使用者接受及母語者審閱；正式採用限制另驗
ESPMES#122.419	1cbcee5f8244539c	‥总算带来了、\n那我就替你们指点迷径‥。\n	accepted	50d8f3b1fc75b3d6	Codex	full-20261006	2026-10-06	ICU 72 簡體轉換候選；保留原意；未經使用者接受及母語者審閱；正式採用限制另驗
ESPMES#122.420	1cc2c87230ff5d0d	第３物品到手！	accepted	29560f2e964c2757	Codex	full-20261006	2026-10-06	ICU 72 簡體轉換候選；保留原意；未經使用者接受及母語者審閱；正式採用限制另驗
ESPMES#122.421	2f1fc4375410baed	‥发出舞之光辉‥\n	accepted	f76c12c09e6f8c56	Codex	full-20261006	2026-10-06	ICU 72 簡體轉換候選；保留原意；未經使用者接受及母語者審閱；正式採用限制另驗
ESPMES#122.422	c44b181c5c7b68e0	‥从舞娘的手中映出光辉、下回再来找我‥。\n	accepted	a65e6bb0eaa55504	Codex	full-20261006	2026-10-06	ICU 72 簡體轉換候選；保留原意；未經使用者接受及母語者審閱；正式採用限制另驗
ESPMES#122.423	99dc715153670203	好像就是这儿了‥门‥会不会有怪物跑出来！\n打开看看吧！\n	accepted	d659d9adbd5ff61f	Codex	full-20261006	2026-10-06	ICU 72 簡體轉換候選；保留原意；未經使用者接受及母語者審閱；正式採用限制另驗
ESPMES#122.424	3bc0e6aa4203bdc3	‥就是这儿了‥嘿嘿！说不定全是废物！	accepted	191184079507b89c	Codex	full-20261006	2026-10-06	ICU 72 簡體轉換候選；保留原意；未經使用者接受及母語者審閱；正式採用限制另驗
ESPMES#122.425	98d816f9f6313198	总算到这儿了！\n打开试试看！\n	accepted	2142679974b2eb4f	Codex	full-20261006	2026-10-06	ICU 72 簡體轉換候選；保留原意；未經使用者接受及母語者審閱；正式採用限制另驗
ESPMES#122.426	f996f01563034e52	好不容易到了！\n赶快打开来看看！	accepted	42de79b59314a9e4	Codex	full-20261006	2026-10-06	ICU 72 簡體轉換候選；保留原意；未經使用者接受及母語者審閱；正式採用限制另驗
ESPMES#122.427	b80c9003f3e9ba41	‥‥‥‥‥‥‥‥‥‥‥‥‥‥‥‥‥‥要打开了‥。\n	accepted	8d91a25f9f384c47	Codex	full-20261006	2026-10-06	ICU 72 簡體轉換候選；保留原意；未經使用者接受及母語者審閱；正式採用限制另驗
ESPMES#122.428	5443d277680fd22b	就是这个洞窟！\n要打开了！\n	accepted	b9a5c07926c96ad9	Codex	full-20261006	2026-10-06	ICU 72 簡體轉換候選；保留原意；未經使用者接受及母語者審閱；正式採用限制另驗
ESPMES#122.429	e086c1e30310b5ea	这是什么东西！洞窟里‥居然会有一个这么壮观的门、可是没有钥匙的话？\n	accepted	015e9ee02df99219	Codex	full-20261006	2026-10-06	ICU 72 簡體轉換候選；保留原意；未經使用者接受及母語者審閱；正式採用限制另驗
ESPMES#122.430	ba5690658cb7ace8	什么嘛！这可恶的门‥没有钥匙的话、是打不开的。\n	accepted	937545afc72f05b2	Codex	full-20261006	2026-10-06	ICU 72 簡體轉換候選；保留原意；未經使用者接受及母語者審閱；正式採用限制另驗
ESPMES#122.431	72c51b27d280c72e	洞窟有门关着‥？\n没有钥匙是打不开的样子。\n	accepted	374c12f5a61c9f98	Codex	full-20261006	2026-10-06	ICU 72 簡體轉換候選；保留原意；未經使用者接受及母語者審閱；正式採用限制另驗
ESPMES#122.432	ffe800ee5733d26d	这里怎么会有一道门！\n不行！要有钥匙才行！可恶！\n	accepted	a8e4ba689a270117	Codex	full-20261006	2026-10-06	ICU 72 簡體轉換候選；保留原意；未經使用者接受及母語者審閱；正式採用限制另驗
ESPMES#122.433	e815b0082eacc31a	这是什么门！\n要用什么钥匙开呢？\n要用什么办法才好！\n	accepted	8ef1938a2bc05e8a	Codex	full-20261006	2026-10-06	ICU 72 簡體轉換候選；保留原意；未經使用者接受及母語者審閱；正式採用限制另驗
ESPMES#122.434	8402744d0c89a9f1	门锁着‥\n没有钥匙是打不开的。	accepted	6e69a49c73015fdd	Codex	full-20261006	2026-10-06	ICU 72 簡體轉換候選；保留原意；未經使用者接受及母語者審閱；正式採用限制另驗
ESPMES#122.435	eee15c12671789a7	‥‥‥‥‥‥‥‥‥‥‥‥‥‥‥‥‥‥吓死人‥‥这到底‥‥‥这不知道有多少‥‥‥‥。嘻嘻嘻嘻嘻嘻嘻嘻！发财了！	accepted	430294aa3b48c998	Codex	full-20261006	2026-10-06	ICU 72 簡體轉換候選；保留原意；未經使用者接受及母語者審閱；正式採用限制另驗
ESPMES#122.436	eee15c12671789a7	‥‥‥‥‥‥‥‥‥‥‥‥‥‥‥‥‥‥吓死人‥‥这到底‥‥‥这不知道有多少‥‥‥‥。嘻嘻嘻嘻嘻嘻嘻嘻！发财了！	accepted	430294aa3b48c998	Codex	full-20261006	2026-10-06	ICU 72 簡體轉換候選；保留原意；未經使用者接受及母語者審閱；正式採用限制另驗
ESPMES#122.437	bcd2d0d8bff891d4	‥‥‥‥‥‥‥‥‥‥‥‥‥‥‥‥‥‥哗‥这些是‥‥‥‥‥‥‥‥‥‥‥‥从来都没见过‥‥。‥我变成大富翁了！哈哈！哈哈！	accepted	cb9cc46c461726aa	Codex	full-20261006	2026-10-06	ICU 72 簡體轉換候選；保留原意；未經使用者接受及母語者審閱；正式採用限制另驗
ESPMES#122.438	eee15c12671789a7	‥‥‥‥‥‥‥‥‥‥‥‥‥‥‥‥‥‥吓死人‥‥这到底‥‥‥这不知道有多少‥‥‥‥。嘻嘻嘻嘻嘻嘻嘻嘻！发财了！	accepted	430294aa3b48c998	Codex	full-20261006	2026-10-06	ICU 72 簡體轉換候選；保留原意；未經使用者接受及母語者審閱；正式採用限制另驗
ESPMES#122.439	bccec7c3e61d2d5a	‥‥‥‥‥‥‥‥‥‥‥‥‥‥‥‥‥‥‥‥这是啥米碗榚‥‥‥‥‥这不知道有多少‥‥‥‥。哈哈哈哈哈哈哈哈！我发财了！	accepted	5ea8c1a7f2575f1a	Codex	full-20261006	2026-10-06	ICU 72 簡體轉換候選；保留原意；未經使用者接受及母語者審閱；正式採用限制另驗
ESPMES#122.440	ec9fd69fab69251f	‥‥‥‥‥‥‥‥‥‥‥‥‥‥‥‥‥‥不得了‥不得了‥不得了、数都数不清了‥‥‥‥。哈哈哈哈哈哈哈哈哈！发财了！	accepted	bcf575b14699f43b	Codex	full-20261006	2026-10-06	ICU 72 簡體轉換候選；保留原意；未經使用者接受及母語者審閱；正式採用限制另驗
ESPMES#122.441	aff2e7e6d8fcdc7e	发现了1000万Ｇ！！！	accepted	cd33206e020832ac	Codex	full-20261006	2026-10-06	ICU 72 簡體轉換候選；保留原意；未經使用者接受及母語者審閱；正式採用限制另驗
ESPMES#122.442	687188194f5d4678	其它的没有什么了。	accepted	7f7d454ef78fc10e	Codex	full-20261006	2026-10-06	ICU 72 簡體轉換候選；保留原意；未經使用者接受及母語者審閱；正式採用限制另驗
ESPMES#122.443	687188194f5d4678	其它的没有什么了。	accepted	7f7d454ef78fc10e	Codex	full-20261006	2026-10-06	ICU 72 簡體轉換候選；保留原意；未經使用者接受及母語者審閱；正式採用限制另驗
ESPMES#122.444	687188194f5d4678	其它的没有什么了。	accepted	7f7d454ef78fc10e	Codex	full-20261006	2026-10-06	ICU 72 簡體轉換候選；保留原意；未經使用者接受及母語者審閱；正式採用限制另驗
ESPMES#122.445	687188194f5d4678	其它的没有什么了。	accepted	7f7d454ef78fc10e	Codex	full-20261006	2026-10-06	ICU 72 簡體轉換候選；保留原意；未經使用者接受及母語者審閱；正式採用限制另驗
ESPMES#122.446	687188194f5d4678	其它的没有什么了。	accepted	7f7d454ef78fc10e	Codex	full-20261006	2026-10-06	ICU 72 簡體轉換候選；保留原意；未經使用者接受及母語者審閱；正式採用限制另驗
ESPMES#122.447	687188194f5d4678	其它的没有什么了。	accepted	7f7d454ef78fc10e	Codex	full-20261006	2026-10-06	ICU 72 簡體轉換候選；保留原意；未經使用者接受及母語者審閱；正式採用限制另驗
ESPMES#123.0	0233a920b158d9a8	迪南多？！\n	accepted	735716b5183ea1d3	Codex	full-20261006	2026-10-06	ICU 72 簡體轉換候選；保留原意；未經使用者接受及母語者審閱；正式採用限制另驗
ESPMES#123.1	2fe946e0f70699ca	总算是来了‥\n不知道还来得及吗？\n还是打算放弃‥	accepted	76a3a62bb3ab709a	Codex	full-20261006	2026-10-06	ICU 72 簡體轉換候選；保留原意；未經使用者接受及母語者審閱；正式採用限制另驗
ESPMES#123.2	099b7c580458161d	别扯了！我也是跟你们一样、满身是债、所以跟钱有关的事情就别来找我了。	accepted	3fe8fbff8ced2ceb	Codex	full-20261006	2026-10-06	ICU 72 簡體轉換候選；保留原意；未經使用者接受及母語者審閱；正式採用限制另驗
ESPMES#123.3	d88186833c6c0139	当真找我有重要事情‥\n	accepted	8d86d2bef8321000	Codex	full-20261006	2026-10-06	ICU 72 簡體轉換候選；保留原意；未經使用者接受及母語者審閱；正式採用限制另驗
ESPMES#123.4	0e75d02174ffb89f	为了拜亚兰斯‥\n的奋战！？	accepted	39f721f800c1bb19	Codex	full-20261006	2026-10-06	ICU 72 簡體轉換候選；保留原意；未經使用者接受及母語者審閱；正式採用限制另驗
ESPMES#123.5	bb1993a9ad2197c8	为什么？	accepted	ee2173408f9f3044	Codex	full-20261006	2026-10-06	ICU 72 簡體轉換候選；保留原意；未經使用者接受及母語者審閱；正式採用限制另驗
ESPMES#123.6	e4e70c5a722d3db1	这难道不好吗？\n在大陆上随便溜跶一下、就可以知道了！	accepted	ddec1cf4fc4b9c65	Codex	full-20261006	2026-10-06	ICU 72 簡體轉換候選；保留原意；未經使用者接受及母語者審閱；正式採用限制另驗
ESPMES#123.7	8e505e6a79b6a6b3	交给我来！\n细节方面要找谁呢？	accepted	b3d2215904372d5c	Codex	full-20261006	2026-10-06	ICU 72 簡體轉換候選；保留原意；未經使用者接受及母語者審閱；正式採用限制另驗
ESPMES#123.8	65a490869a4ad65e	请去找巴南利斯参谋。\n	accepted	8c20a4eb53fcc31d	Codex	full-20261006	2026-10-06	ICU 72 簡體轉換候選；保留原意；未經使用者接受及母語者審閱；正式採用限制另驗
ESPMES#123.9	219fb5c8f8a012d0	我知道了、我去看看！	accepted	6cb8024840bfd976	Codex	full-20261006	2026-10-06	ICU 72 簡體轉換候選；保留原意；未經使用者接受及母語者審閱；正式採用限制另驗
ESPMES#123.10	9af97143786d388b	迪南多算是我的伙伴吗？	accepted	6ab9a8f1eaff3aea	Codex	full-20261006	2026-10-06	ICU 72 簡體轉換候選；保留原意；未經使用者接受及母語者審閱；正式採用限制另驗
ESPMES#123.11	0c8c997e35158d2d	请稍待一会儿‥	accepted	4f3223b3abc849e1	Codex	full-20261006	2026-10-06	ICU 72 簡體轉換候選；保留原意；未經使用者接受及母語者審閱；正式採用限制另驗
ESPMES#123.12	9766a250d2f4902f	请救救拜亚兰斯吧！	accepted	cd1578c2bb78246a	Codex	full-20261006	2026-10-06	ICU 72 簡體轉換候選；保留原意；未經使用者接受及母語者審閱；正式採用限制另驗
ESPMES#123.13	4378bdca826a3622	迪南多‥\n我决定了‥	accepted	ad796f9a5491c76b	Codex	full-20261006	2026-10-06	ICU 72 簡體轉換候選；保留原意；未經使用者接受及母語者審閱；正式採用限制另驗
ESPMES#123.14	5b96f52690218df5	为了报答替此国作战的恩人、只有一种方法。\n	accepted	f0dd11f7956285a9	Codex	full-20261006	2026-10-06	ICU 72 簡體轉換候選；保留原意；未經使用者接受及母語者審閱；正式採用限制另驗
ESPMES#123.15	b7b3d91fb26a1bbe	我要和你们一起去旅行。\n	accepted	4e7b90345994fff4	Codex	full-20261006	2026-10-06	ICU 72 簡體轉換候選；保留原意；未經使用者接受及母語者審閱；正式採用限制另驗
ESPMES#123.16	2539ee26a843961c	咦？！完了‥\n	accepted	cf45c9dc95d03bac	Codex	full-20261006	2026-10-06	ICU 72 簡體轉換候選；保留原意；未經使用者接受及母語者審閱；正式採用限制另驗
ESPMES#123.17	50bb21666e4c6bdd	很困扰吗‥？	accepted	09b1fb9d7147a90e	Codex	full-20261006	2026-10-06	ICU 72 簡體轉換候選；保留原意；未經使用者接受及母語者審閱；正式採用限制另驗
ESPMES#123.18	62fe9f3dd4ad16e2	我不是那个意思‥\n只是我们‥	accepted	594f0586f457b0fc	Codex	full-20261006	2026-10-06	ICU 72 簡體轉換候選；保留原意；未經使用者接受及母語者審閱；正式採用限制另驗
ESPMES#123.19	67eb5552a15ed7d6	不行吗？\n要是不保护公主‥\n国王可会不高兴喔？	accepted	597582e63b8e9023	Codex	full-20261006	2026-10-06	ICU 72 簡體轉換候選；保留原意；未經使用者接受及母語者審閱；正式採用限制另驗
ESPMES#123.20	c6076d1b2fac7fc2	干什么还慢慢吞吞的！\n我不是说了、要赶快作个抉择吗？	accepted	b38db1f112dbf0d3	Codex	full-20261006	2026-10-06	ICU 72 簡體轉換候選；保留原意；未經使用者接受及母語者審閱；正式採用限制另驗
ESPMES#123.21	f4189555acd41ff0	‥就只有你们‥	accepted	c23e4f147308281c	Codex	full-20261006	2026-10-06	ICU 72 簡體轉換候選；保留原意；未經使用者接受及母語者審閱；正式採用限制另驗
ESPMES#123.22	44177c80d50364ca	我不是说了有关的一切情形、我是\n不会改变主意的。	accepted	f585de2e8845d2e7	Codex	full-20261006	2026-10-06	ICU 72 簡體轉換候選；保留原意；未經使用者接受及母語者審閱；正式採用限制另驗
ESPMES#123.23	e2f77a363d762dc4	没办法啦！\n带去吧！	accepted	2f325f9de72af4aa	Codex	full-20261006	2026-10-06	ICU 72 簡體轉換候選；保留原意；未經使用者接受及母語者審閱；正式採用限制另驗
ESPMES#123.24	83bf204ea5372162	哇！谢谢！\n这样就能一起旅行‥\n太高兴了！	accepted	f00eb9b2e050b9c6	Codex	full-20261006	2026-10-06	ICU 72 簡體轉換候選；保留原意；未經使用者接受及母語者審閱；正式採用限制另驗
ESPMES#123.25	ffd91a1d1c02a548	‥不能带我一起走吗‥	accepted	de083401b4209cc6	Codex	full-20261006	2026-10-06	ICU 72 簡體轉換候選；保留原意；未經使用者接受及母語者審閱；正式採用限制另驗
ESPMES#123.26	db0068cfa520706a	原本不是这样打算的。	accepted	bad31803f4fe1c65	Codex	full-20261006	2026-10-06	ICU 72 簡體轉換候選；保留原意；未經使用者接受及母語者審閱；正式採用限制另驗
ESPMES#123.27	aa8a1e1eba901c2f	公主‥往后可是自己保重了‥	accepted	7ae354da5b10f337	Codex	full-20261006	2026-10-06	ICU 72 簡體轉換候選；保留原意；未經使用者接受及母語者審閱；正式採用限制另驗
ESPMES#123.28	576f31886486c64e	可别忘了报酬！\n说好的100万Ｇ。	accepted	7dcf1ecef21f9cd6	Codex	full-20261006	2026-10-06	ICU 72 簡體轉換候選；保留原意；未經使用者接受及母語者審閱；正式採用限制另驗
ESPMES#123.29	bc46375e75d95136	谢谢！\n有机会可是一定要再来喔！	accepted	1f7543e8636914c8	Codex	full-20261006	2026-10-06	ICU 72 簡體轉換候選；保留原意；未經使用者接受及母語者審閱；正式採用限制另驗
ESPMES#123.30	23e59013cb012b5f	保重！\n	accepted	31fa4396d9feaa6a	Codex	full-20261006	2026-10-06	ICU 72 簡體轉換候選；保留原意；未經使用者接受及母語者審閱；正式採用限制另驗
ESPMES#123.31	aef5322d78ebbc54	保重！	accepted	f75b226d8a8c6db3	Codex	full-20261006	2026-10-06	ICU 72 簡體轉換候選；保留原意；未經使用者接受及母語者審閱；正式採用限制另驗
ESPMES#123.32	bf3476b1c0ea1f91	迪南多？\n请稍微等一下‥	accepted	9d10ec6d31f486d9	Codex	full-20261006	2026-10-06	ICU 72 簡體轉換候選；保留原意；未經使用者接受及母語者審閱；正式採用限制另驗
ESPMES#123.33	7384b85815a9b409	哈哈！终于出现了‥\n听说过你们的传闻。\n背负着一笔很大的债务、是不是？	accepted	207152204ca21216	Codex	full-20261006	2026-10-06	ICU 72 簡體轉換候選；保留原意；未經使用者接受及母語者審閱；正式採用限制另驗
ESPMES#123.34	5fa977108904668f	你即然知道了就知道我们\n极需要钱。	accepted	4d0928d599758724	Codex	full-20261006	2026-10-06	ICU 72 簡體轉換候選；保留原意；未經使用者接受及母語者審閱；正式採用限制另驗
ESPMES#123.35	3cee2da7e8ebb05b	嗯！本事是有的‥\n有事找你应该可以‥\n杰西还是老样子吗？	accepted	fc045ab792b7c8bc	Codex	full-20261006	2026-10-06	ICU 72 簡體轉換候選；保留原意；未經使用者接受及母語者審閱；正式採用限制另驗
ESPMES#123.36	111b0839e9a7dcbd	俺还是一样东跑西跑的、一点没变！\n混混日子巳罢了！	accepted	2d188a83fc7ccc0d	Codex	full-20261006	2026-10-06	ICU 72 簡體轉換候選；保留原意；未經使用者接受及母語者審閱；正式採用限制另驗
ESPMES#123.37	5f1a2a6b669ec732	跟在士官学校时代一样没变。	accepted	b9bba861dc7eef46	Codex	full-20261006	2026-10-06	ICU 72 簡體轉換候選；保留原意；未經使用者接受及母語者審閱；正式採用限制另驗
ESPMES#123.38	c57bfe1765d222c6	‥嗯！这些话待会再说。\n你对拜亚兰斯了解多少？	accepted	bad123c9fdd14a8a	Codex	full-20261006	2026-10-06	ICU 72 簡體轉換候選；保留原意；未經使用者接受及母語者審閱；正式採用限制另驗
ESPMES#123.39	f0ad4ee8cfe8b763	雷兹尼亚克从后面攻入、\n危在旦夕‥	accepted	fff747ea50a00d6a	Codex	full-20261006	2026-10-06	ICU 72 簡體轉換候選；保留原意；未經使用者接受及母語者審閱；正式採用限制另驗
ESPMES#123.40	a2eb921361320836	２个月前、雷兹尼亚克军队破坏和平条约侵入。\n不分是非、一律攻击。	accepted	aa762e72f62e1823	Codex	full-20261006	2026-10-06	ICU 72 簡體轉換候選；保留原意；未經使用者接受及母語者審閱；正式採用限制另驗
ESPMES#123.41	82394b8688866c60	他们这么做‥我感到十分不解？\n雷兹尼亚克女王到底有何用意呢？	accepted	7fe11aaa65aefa28	Codex	full-20261006	2026-10-06	ICU 72 簡體轉換候選；保留原意；未經使用者接受及母語者審閱；正式採用限制另驗
ESPMES#123.42	6b57ec3930cac75a	说不定内部‥发生了？	accepted	f37f867ca2a2d05a	Codex	full-20261006	2026-10-06	ICU 72 簡體轉換候選；保留原意；未經使用者接受及母語者審閱；正式採用限制另驗
ESPMES#123.43	e919a51f59623cea	不过、长久以来都一直保持友好、这样做是不是太过份了点！拜亚兰斯国王为了这件事感到十分烦恼。	accepted	f4eef0068aac18ad	Codex	full-20261006	2026-10-06	ICU 72 簡體轉換候選；保留原意；未經使用者接受及母語者審閱；正式採用限制另驗
ESPMES#123.44	4db66209bdde9c0d	在雷兹尼亚克军队里有许多是自己亲人吧！	accepted	72c93f3200e17c48	Codex	full-20261006	2026-10-06	ICU 72 簡體轉換候選；保留原意；未經使用者接受及母語者審閱；正式採用限制另驗
ESPMES#123.45	4c446c8c54bb5be8	我们国王不想正面起冲突‥但是、事态己十分严重‥	accepted	995afe8b5310758c	Codex	full-20261006	2026-10-06	ICU 72 簡體轉換候選；保留原意；未經使用者接受及母語者審閱；正式採用限制另驗
ESPMES#123.46	86537627e4d1c15f	这就是找我们来的原故。\n好吧！\n我们来处理雷兹尼亚克的事情！	accepted	d23a419c1b49ce88	Codex	full-20261006	2026-10-06	ICU 72 簡體轉換候選；保留原意；未經使用者接受及母語者審閱；正式採用限制另驗
ESPMES#123.47	3b0d030ea6a05e80	拜托你们了！\n可不要临阵脱逃喔！定要把这战事平息下来才行！	accepted	5108ec9680163051	Codex	full-20261006	2026-10-06	ICU 72 簡體轉換候選；保留原意；未經使用者接受及母語者審閱；正式採用限制另驗
ESPMES#123.48	9d08f3bccedb097f	嗯！\n首先要做的事是‥	accepted	1eedac7b2208537b	Codex	full-20261006	2026-10-06	ICU 72 簡體轉換候選；保留原意；未經使用者接受及母語者審閱；正式採用限制另驗
ESPMES#123.49	e017ab4d0728ebcc	夺回黎法雷町和\n巴鲁沙干要塞。\n这二个作战的报酬为10万Ｇ。	accepted	b4369cb57f4ca1de	Codex	full-20261006	2026-10-06	ICU 72 簡體轉換候選；保留原意；未經使用者接受及母語者審閱；正式採用限制另驗
ESPMES#123.50	a9e5791f248c7870	接受这个条件吗？	accepted	a06c392c9422d9ec	Codex	full-20261006	2026-10-06	ICU 72 簡體轉換候選；保留原意；未經使用者接受及母語者審閱；正式採用限制另驗
ESPMES#123.51	cf7617c7cc1dab4f	那拜托你们了！\n我们这儿也会作好防卫准备的！	accepted	56805582e5dfc6a5	Codex	full-20261006	2026-10-06	ICU 72 簡體轉換候選；保留原意；未經使用者接受及母語者審閱；正式採用限制另驗
ESPMES#123.52	8e819fffda6a5195	那么！这一切可要拜托\n你们了。	accepted	f1358ff93d5ec1e8	Codex	full-20261006	2026-10-06	ICU 72 簡體轉換候選；保留原意；未經使用者接受及母語者審閱；正式採用限制另驗
ESPMES#123.53	4447f8910113d285	为什么要拒绝呢？\n我们不是朋友吗？	accepted	b5a849c503daa980	Codex	full-20261006	2026-10-06	ICU 72 簡體轉換候選；保留原意；未經使用者接受及母語者審閱；正式採用限制另驗
ESPMES#123.54	463550dd80224afc	要赶快维持住前线战线！	accepted	29076b8946f24ab5	Codex	full-20261006	2026-10-06	ICU 72 簡體轉換候選；保留原意；未經使用者接受及母語者審閱；正式採用限制另驗
ESPMES#123.55	fd66ed2d62118fa8	要是力达姆要塞也陷落了、要保住拜亚兰斯可就难了‥	accepted	b25d19165228f807	Codex	full-20261006	2026-10-06	ICU 72 簡體轉換候選；保留原意；未經使用者接受及母語者審閱；正式採用限制另驗
ESPMES#123.56	c5549240200a12cf	如果能取回黎法雷町的话‥\n就能给北部进行补给支援了。	accepted	dbe4397b40ebe917	Codex	full-20261006	2026-10-06	ICU 72 簡體轉換候選；保留原意；未經使用者接受及母語者審閱；正式採用限制另驗
ESPMES#123.57	abce87cf682a203c	赶快把黎法雷町夺回吧！	accepted	cae49130cee2df21	Codex	full-20261006	2026-10-06	ICU 72 簡體轉換候選；保留原意；未經使用者接受及母語者審閱；正式採用限制另驗
ESPMES#123.58	65d1ae6c80cf68db	不把巴鲁沙干要塞夺回的话、在南部的行动会被限制住。	accepted	f9c5f70500136a87	Codex	full-20261006	2026-10-06	ICU 72 簡體轉換候選；保留原意；未經使用者接受及母語者審閱；正式採用限制另驗
ESPMES#123.59	afaf54692f783063	南部已十分危急了、这场仗很难打赢了、赶紧想想办法吧！	accepted	0e2bf7095322328b	Codex	full-20261006	2026-10-06	ICU 72 簡體轉換候選；保留原意；未經使用者接受及母語者審閱；正式採用限制另驗
ESPMES#123.60	29878a457c0e7688	果然是迪南多佣兵团！\n	accepted	7921a88e796b971a	Codex	full-20261006	2026-10-06	ICU 72 簡體轉換候選；保留原意；未經使用者接受及母語者審閱；正式採用限制另驗
ESPMES#123.61	75ef4a7dc9fb9187	战争总算结束了‥\n	accepted	7e8ad7905b339a18	Codex	full-20261006	2026-10-06	ICU 72 簡體轉換候選；保留原意；未經使用者接受及母語者審閱；正式採用限制另驗
ESPMES#123.62	d3b2abf8d3a089da	你们勇敢作战真是可敬可偑！菲儿美亚公主很想见见你们。\n	accepted	29d641b332bd84dc	Codex	full-20261006	2026-10-06	ICU 72 簡體轉換候選；保留原意；未經使用者接受及母語者審閱；正式採用限制另驗
ESPMES#123.63	1b62783b0c687793	还有战后要处理的事情。	accepted	f900ab09e9ef9e53	Codex	full-20261006	2026-10-06	ICU 72 簡體轉換候選；保留原意；未經使用者接受及母語者審閱；正式採用限制另驗
ESPMES#123.64	c5e5edbf30574a33	真怀念啊！\n债务还清了吗？	accepted	278c9953ddd01282	Codex	full-20261006	2026-10-06	ICU 72 簡體轉換候選；保留原意；未經使用者接受及母語者審閱；正式採用限制另驗
ESPMES#123.65	e18a20c2f48305d1	夺回拜亚兰斯城了！	accepted	ee9245bcafd082a5	Codex	full-20261006	2026-10-06	ICU 72 簡體轉換候選；保留原意；未經使用者接受及母語者審閱；正式採用限制另驗
ESPMES#123.66	b9b29e67b072c4ab	夺回黎法雷町了！	accepted	1e9cb2f256af0b5d	Codex	full-20261006	2026-10-06	ICU 72 簡體轉換候選；保留原意；未經使用者接受及母語者審閱；正式採用限制另驗
ESPMES#123.67	4d7cd522ad61a917	攻下雷雅利市了！	accepted	305c6214dba87671	Codex	full-20261006	2026-10-06	ICU 72 簡體轉換候選；保留原意；未經使用者接受及母語者審閱；正式採用限制另驗
ESPMES#123.68	9a1cdf33960df109	夺回巴鲁沙干要塞了！	accepted	ce48e79141fa95ec	Codex	full-20261006	2026-10-06	ICU 72 簡體轉換候選；保留原意；未經使用者接受及母語者審閱；正式採用限制另驗
ESPMES#123.69	a77af502f7b0db53	攻下奇斯特姆要塞了！	accepted	404009590f4ef275	Codex	full-20261006	2026-10-06	ICU 72 簡體轉換候選；保留原意；未經使用者接受及母語者審閱；正式採用限制另驗
ESPMES#123.70	c9bd7ffaa7df8247	攻下雷兹尼亚克城了！	accepted	6caf17db7edab205	Codex	full-20261006	2026-10-06	ICU 72 簡體轉換候選；保留原意；未經使用者接受及母語者審閱；正式採用限制另驗
ESPMES#123.71	f98b25c4c4c12615	攻下拉鲁‧布拉奇亚市了！	accepted	ec72ee2c10145f77	Codex	full-20261006	2026-10-06	ICU 72 簡體轉換候選；保留原意；未經使用者接受及母語者審閱；正式採用限制另驗
ESPMES#123.72	2d435161ab7a0e42	攻下布拉奇亚城了！	accepted	098d51630116c41d	Codex	full-20261006	2026-10-06	ICU 72 簡體轉換候選；保留原意；未經使用者接受及母語者審閱；正式採用限制另驗
ESPMES#123.73	ddfc08f2792866dc	来了！	accepted	156457bc54ba27eb	Codex	full-20261006	2026-10-06	ICU 72 簡體轉換候選；保留原意；未經使用者接受及母語者審閱；正式採用限制另驗
ESPMES#123.74	9f7d9e1e8c9fde82	根据情报士官的报告、布拉奇亚国境附近好像有不平常的举动。	accepted	8da4299964b008aa	Codex	full-20261006	2026-10-06	ICU 72 簡體轉換候選；保留原意；未經使用者接受及母語者審閱；正式採用限制另驗
ESPMES#123.75	2b17dcfd09f282fc	听说布拉奇亚的陆军十分精锐。\n而且军备都准备的十分完善。	accepted	78e4ad177268cd2c	Codex	full-20261006	2026-10-06	ICU 72 簡體轉換候選；保留原意；未經使用者接受及母語者審閱；正式採用限制另驗
ESPMES#123.76	197dab9d2c79a6b2	所以国王打算先行攻打。\n	accepted	b2505d9f561bcef9	Codex	full-20261006	2026-10-06	ICU 72 簡體轉換候選；保留原意；未經使用者接受及母語者審閱；正式採用限制另驗
ESPMES#123.77	d81f31ef9c93ef9c	只要突袭成功的话就能获得胜利、要是失败了、可是会有一番苦战的！	accepted	4d932590283232a4	Codex	full-20261006	2026-10-06	ICU 72 簡體轉換候選；保留原意；未經使用者接受及母語者審閱；正式採用限制另驗
ESPMES#123.78	ef520a0b35a9bfdc	这就是你们的任务、成功的话有100万Ｇ报酬。\n这可是一件艰难的任务、要不要试试看？	accepted	408edb604225758a	Codex	full-20261006	2026-10-06	ICU 72 簡體轉換候選；保留原意；未經使用者接受及母語者審閱；正式採用限制另驗
ESPMES#123.79	46db3aa9358551c4	谢谢啦！\n那在布拉奇亚城再见吧！	accepted	342ce98232fab2d1	Codex	full-20261006	2026-10-06	ICU 72 簡體轉換候選；保留原意；未經使用者接受及母語者審閱；正式採用限制另驗
ESPMES#123.80	5bc800798192d1f3	那么！	accepted	658bbd8cd44f72bb	Codex	full-20261006	2026-10-06	ICU 72 簡體轉換候選；保留原意；未經使用者接受及母語者審閱；正式採用限制另驗
ESPMES#123.81	0e51bbd35c7c0ec1	拜托一下啦‥\n拜亚兰斯的士兵是无法完成这个任务的‥	accepted	92d86c134268fa2e	Codex	full-20261006	2026-10-06	ICU 72 簡體轉換候選；保留原意；未經使用者接受及母語者審閱；正式採用限制另驗
ESPMES#123.82	b7d265d754f053f0	听说蕾依‧雷兹尼亚克在布拉奇亚城被抓了‥\n时间紧迫‥	accepted	f88fe6f3d28f1df5	Codex	full-20261006	2026-10-06	ICU 72 簡體轉換候選；保留原意；未經使用者接受及母語者審閱；正式採用限制另驗
ESPMES#123.83	fa12cc905b09a66e	总算回到了黎法雷町、接下来‥要开始真正的作战了‥	accepted	0029b4f010fda169	Codex	full-20261006	2026-10-06	ICU 72 簡體轉換候選；保留原意；未經使用者接受及母語者審閱；正式採用限制另驗
ESPMES#123.84	76d471dab5ede7a1	根据部下的报告‥	accepted	cfb1f623b9e4f110	Codex	full-20261006	2026-10-06	ICU 72 簡體轉換候選；保留原意；未經使用者接受及母語者審閱；正式採用限制另驗
ESPMES#123.85	9064983baaae714b	在这黎法雷町之北有个铁亚要塞、雷兹尼亚克军队大都集结在这儿。	accepted	61d66b37ac0d4ddc	Codex	full-20261006	2026-10-06	ICU 72 簡體轉換候選；保留原意；未經使用者接受及母語者審閱；正式採用限制另驗
ESPMES#123.86	be56fb1357003525	绝不能让雷兹尼亚克军队恢复元气。\n我认为要持续攻击才行！	accepted	19f3679c7977edf0	Codex	full-20261006	2026-10-06	ICU 72 簡體轉換候選；保留原意；未經使用者接受及母語者審閱；正式採用限制另驗
ESPMES#123.87	0edacccee5e5c864	怎么样‥要不要帮个忙？\n报酬是30万Ｇ‥	accepted	e2d9b1ac61562a45	Codex	full-20261006	2026-10-06	ICU 72 簡體轉換候選；保留原意；未經使用者接受及母語者審閱；正式採用限制另驗
ESPMES#123.88	a793d51e210d9dbc	攻击目标、铁亚要塞。	accepted	1b6c12dacc6edba0	Codex	full-20261006	2026-10-06	ICU 72 簡體轉換候選；保留原意；未經使用者接受及母語者審閱；正式採用限制另驗
ESPMES#123.89	637a4159cc823910	‥时间急迫！\n我军得赶紧准备！\n	accepted	dee4ab34b4624386	Codex	full-20261006	2026-10-06	ICU 72 簡體轉換候選；保留原意；未經使用者接受及母語者審閱；正式採用限制另驗
ESPMES#123.90	80c39611378c2752	都不给我一个面子吗？\n	accepted	1c4675295e4a979d	Codex	full-20261006	2026-10-06	ICU 72 簡體轉換候選；保留原意；未經使用者接受及母語者審閱；正式採用限制另驗
ESPMES#123.91	62f78c00e25c698c	把铁亚要塞的敌人消灭吧！	accepted	ca4bf3b510ae0d46	Codex	full-20261006	2026-10-06	ICU 72 簡體轉換候選；保留原意；未經使用者接受及母語者審閱；正式採用限制另驗
ESPMES#123.92	32975160a679a134	收到通知停战交涉已经决裂了！	accepted	7a6660c592bff034	Codex	full-20261006	2026-10-06	ICU 72 簡體轉換候選；保留原意；未經使用者接受及母語者審閱；正式採用限制另驗
ESPMES#123.93	bfaee902fa9d0913	雷兹尼亚克女王为什么还要继续打下去‥	accepted	16b28328b4d51433	Codex	full-20261006	2026-10-06	ICU 72 簡體轉換候選；保留原意；未經使用者接受及母語者審閱；正式採用限制另驗
ESPMES#123.94	a2806da9560f0b9f	拜亚兰斯王室总是以为不会发生战争、看来他们是判断错误了。	accepted	7b6b726fcbb7da77	Codex	full-20261006	2026-10-06	ICU 72 簡體轉換候選；保留原意；未經使用者接受及母語者審閱；正式採用限制另驗
ESPMES#123.95	f375298b82d61b84	为了不要破坏拜亚兰斯的国土、要想办法避免长期的持久作战。	accepted	3b569a1cdde4cf22	Codex	full-20261006	2026-10-06	ICU 72 簡體轉換候選；保留原意；未經使用者接受及母語者審閱；正式採用限制另驗
ESPMES#123.96	28b9dc3a7d60f6ff	用电击的侵攻作战、让雷兹尼亚克女王死了这条心！	accepted	da4025a4ed8b8a3d	Codex	full-20261006	2026-10-06	ICU 72 簡體轉換候選；保留原意；未經使用者接受及母語者審閱；正式採用限制另驗
ESPMES#123.97	4760524a608e906a	拜亚兰斯军当然也加入作战。	accepted	ab931b241ec35255	Codex	full-20261006	2026-10-06	ICU 72 簡體轉換候選；保留原意；未經使用者接受及母語者審閱；正式採用限制另驗
ESPMES#123.98	3333eb8bbe9ae88e	你们也来加入这场作战吧！	accepted	6d3e412482abad6d	Codex	full-20261006	2026-10-06	ICU 72 簡體轉換候選；保留原意；未經使用者接受及母語者審閱；正式採用限制另驗
ESPMES#123.99	2a42a4ceac5494a1	如何？要不要试试攻打\n雷兹尼亚克城？\n报酬有60万Ｇ喔！	accepted	6282bd42e8f9e0ef	Codex	full-20261006	2026-10-06	ICU 72 簡體轉換候選；保留原意；未經使用者接受及母語者審閱；正式採用限制另驗
ESPMES#123.100	9936bc174f589167	怎么样？能接受的话就太棒了！	accepted	fcd119814b35260f	Codex	full-20261006	2026-10-06	ICU 72 簡體轉換候選；保留原意；未經使用者接受及母語者審閱；正式採用限制另驗
ESPMES#123.101	54faa54d6fadfa72	雷兹尼亚克城是在这儿。\n	accepted	f35960ca61a13f65	Codex	full-20261006	2026-10-06	ICU 72 簡體轉換候選；保留原意；未經使用者接受及母語者審閱；正式採用限制另驗
ESPMES#123.102	ea103986b4bc497d	首先往北、在拉狄斯街道东、要从那里进攻实在是很难判断‥	accepted	da96f2525a66fae4	Codex	full-20261006	2026-10-06	ICU 72 簡體轉換候選；保留原意；未經使用者接受及母語者審閱；正式採用限制另驗
ESPMES#123.103	fe20496ac4cde863	我们会尽力而为的！\n但是、请帮我们这次忙。	accepted	9e5df5a7e44ce6f6	Codex	full-20261006	2026-10-06	ICU 72 簡體轉換候選；保留原意；未經使用者接受及母語者審閱；正式採用限制另驗
ESPMES#123.104	a00f2c744a8229fc	雷兹尼亚克女王不改变主意‥只有继续作战‥	accepted	f225c4b5f979de4d	Codex	full-20261006	2026-10-06	ICU 72 簡體轉換候選；保留原意；未經使用者接受及母語者審閱；正式採用限制另驗
ESPMES#123.105	622fcf8e80287806	‥总算来这了。\n为了什么要发动战争‥	accepted	615a510b7bf108f1	Codex	full-20261006	2026-10-06	ICU 72 簡體轉換候選；保留原意；未經使用者接受及母語者審閱；正式採用限制另驗
ESPMES#123.106	9624abf986a34e61	让我来说吧！	accepted	ff9c487e52da514a	Codex	full-20261006	2026-10-06	ICU 72 簡體轉換候選；保留原意；未經使用者接受及母語者審閱；正式採用限制另驗
ESPMES#123.107	6173339bd4e475e0	‥对拜亚兰斯全国人民我感到万分抱歉‥但是、这都是为了我的女儿蕾依‧雷兹尼亚克。	accepted	dc74712beee40f2a	Codex	full-20261006	2026-10-06	ICU 72 簡體轉換候選；保留原意；未經使用者接受及母語者審閱；正式採用限制另驗
ESPMES#123.108	a09d9867e6dcf838	大约在２个月前‥我女儿她突然失踪了‥\n我就这么一个女儿、而且也是我国的继承人。	accepted	e34ee4a61efd5206	Codex	full-20261006	2026-10-06	ICU 72 簡體轉換候選；保留原意；未經使用者接受及母語者審閱；正式採用限制另驗
ESPMES#123.109	98bf7b4d8667d5e3	就在这时布拉奇亚来了一位使者。\n那使者带着有蕾依的信。	accepted	d7e4b1a8f322c0e0	Codex	full-20261006	2026-10-06	ICU 72 簡體轉換候選；保留原意；未經使用者接受及母語者審閱；正式採用限制另驗；依同句語境修正簡中固定詞及原稿錯字；來源位元組不改
ESPMES#123.110	3c62f4ba6afa891c	蕾依没有事的‥正在布拉奇亚城接受我们热情的招待。想要蕾依公主回来的话、只有一个条件。	accepted	b75d1502a6962724	Codex	full-20261006	2026-10-06	ICU 72 簡體轉換候選；保留原意；未經使用者接受及母語者審閱；正式採用限制另驗
ESPMES#123.111	3cc6190d6d7625e8	向拜亚兰斯宣战‥\n并不可背叛我们‥	accepted	a6f9c6751578c000	Codex	full-20261006	2026-10-06	ICU 72 簡體轉換候選；保留原意；未經使用者接受及母語者審閱；正式採用限制另驗
ESPMES#123.112	2b89610ab95c580b	原来是这么一回事。\n布拉奇亚在此时恐怕已准备好攻打拜亚兰斯了吧！	accepted	f27c677b6fff3948	Codex	full-20261006	2026-10-06	ICU 72 簡體轉換候選；保留原意；未經使用者接受及母語者審閱；正式採用限制另驗
ESPMES#123.113	17b3600f4eb4e9d9	我得赶快回拜亚兰斯的巴鲁沙干要塞、\n订定作战方针。	accepted	ebb2c3d60d84dc7c	Codex	full-20261006	2026-10-06	ICU 72 簡體轉換候選；保留原意；未經使用者接受及母語者審閱；正式採用限制另驗
ESPMES#123.114	65e424e78428da87	对了、报酬要给你们。\n60万Ｇ、请收下‥	accepted	af90ef9764b57b66	Codex	full-20261006	2026-10-06	ICU 72 簡體轉換候選；保留原意；未經使用者接受及母語者審閱；正式採用限制另驗
ESPMES#123.115	1f80586936c4e130	就此告别。\n	accepted	66731a7677282d63	Codex	full-20261006	2026-10-06	ICU 72 簡體轉換候選；保留原意；未經使用者接受及母語者審閱；正式採用限制另驗
ESPMES#123.116	f787606f0de7540a	‥‥拜托你们一件事‥‥	accepted	d2a1107d7c3e0d6a	Codex	full-20261006	2026-10-06	ICU 72 簡體轉換候選；保留原意；未經使用者接受及母語者審閱；正式採用限制另驗
ESPMES#123.117	fdea96ac390b0437	会造成拜亚兰斯国变成这样！这一切都是我的过错！	accepted	2a1c342d128413dd	Codex	full-20261006	2026-10-06	ICU 72 簡體轉換候選；保留原意；未經使用者接受及母語者審閱；正式採用限制另驗
ESPMES#123.118	c93c51bd34374935	我想‥拜托一件事！	accepted	b35f8d7dd66eed9b	Codex	full-20261006	2026-10-06	ICU 72 簡體轉換候選；保留原意；未經使用者接受及母語者審閱；正式採用限制另驗
ESPMES#123.119	e1788a9bc1fa1621	我想请你们帮忙‥\n拜亚兰斯国！\n我会给你们报酬的、\n请收下这50万Ｇ‥	accepted	5bed87e3d9b0ac9c	Codex	full-20261006	2026-10-06	ICU 72 簡體轉換候選；保留原意；未經使用者接受及母語者審閱；正式採用限制另驗
ESPMES#123.120	50eccf967b63222f	‥一切可都拜托你们了‥	accepted	20afef9b541fdd83	Codex	full-20261006	2026-10-06	ICU 72 簡體轉換候選；保留原意；未經使用者接受及母語者審閱；正式採用限制另驗
ESPMES#123.121	6dc7a43f5e9d5443	真是万分抱歉‥\n	accepted	1cc92758d30b8f2b	Codex	full-20261006	2026-10-06	ICU 72 簡體轉換候選；保留原意；未經使用者接受及母語者審閱；正式採用限制另驗
ESPMES#123.122	77289f41d298650b	请帮我告诉拜亚兰斯全国‥	accepted	70b13d9545bcf3b2	Codex	full-20261006	2026-10-06	ICU 72 簡體轉換候選；保留原意；未經使用者接受及母語者審閱；正式採用限制另驗
ESPMES#123.123	04c53b6e8a73aeeb	为了我的蕾依‥我真不知道要说些什么才好‥	accepted	e4886d5154ca45e0	Codex	full-20261006	2026-10-06	ICU 72 簡體轉換候選；保留原意；未經使用者接受及母語者審閱；正式採用限制另驗
ESPMES#123.124	5874d2e86b97c443	要是不介意的话、就在城里多留几天‥	accepted	683957ef2cdd0a35	Codex	full-20261006	2026-10-06	ICU 72 簡體轉換候選；保留原意；未經使用者接受及母語者審閱；正式採用限制另驗
ESPMES#123.125	70a25432f23b9c7d	部队恢复！	accepted	7ed26633065c7e81	Codex	full-20261006	2026-10-06	ICU 72 簡體轉換候選；保留原意；未經使用者接受及母語者審閱；正式採用限制另驗
ESPMES#123.126	71fab6def7e33c57	真是谢谢你们了‥	accepted	293515bba957f395	Codex	full-20261006	2026-10-06	ICU 72 簡體轉換候選；保留原意；未經使用者接受及母語者審閱；正式採用限制另驗
ESPMES#123.127	7d65fae6bbfdc406	可再深入一点‥	accepted	dffbdfe0fbb59e55	Codex	full-20261006	2026-10-06	ICU 72 簡體轉換候選；保留原意；未經使用者接受及母語者審閱；正式採用限制另驗
ESPMES#123.128	65c325297449e346	往里面去吧‥	accepted	6144545fe77a9124	Codex	full-20261006	2026-10-06	ICU 72 簡體轉換候選；保留原意；未經使用者接受及母語者審閱；正式採用限制另驗
ESPMES#123.129	273161b1601b9df0	好像没有路了‥	accepted	421c771cf67bf0b9	Codex	full-20261006	2026-10-06	ICU 72 簡體轉換候選；保留原意；未經使用者接受及母語者審閱；正式採用限制另驗
ESPMES#123.130	3699e6f7777548f2	返回入口吧！‥	accepted	1b26ea99b9189325	Codex	full-20261006	2026-10-06	ICU 72 簡體轉換候選；保留原意；未經使用者接受及母語者審閱；正式採用限制另驗
ESPMES#123.131	076a9aac9c20cd14	迪南多先生！\n请帮帮我国吧！	accepted	e409b3db1d9a1034	Codex	full-20261006	2026-10-06	ICU 72 簡體轉換候選；保留原意；未經使用者接受及母語者審閱；正式採用限制另驗
ESPMES#123.132	1dc6683ec54e525e	咦？突然？\n妳这么说是？	accepted	781d1b861af784a3	Codex	full-20261006	2026-10-06	ICU 72 簡體轉換候選；保留原意；未經使用者接受及母語者審閱；正式採用限制另驗
ESPMES#123.133	9cbba29b160817d9	东边雷恩要塞有这个通行证就可以通过了。请来拜亚兰斯城。	accepted	cf500bc958ac21f0	Codex	full-20261006	2026-10-06	ICU 72 簡體轉換候選；保留原意；未經使用者接受及母語者審閱；正式採用限制另驗
ESPMES#123.134	d705e5eb8d09b5b3	无论如何到拜亚兰斯城来‥	accepted	22de07b6c1122f73	Codex	full-20261006	2026-10-06	ICU 72 簡體轉換候選；保留原意；未經使用者接受及母語者審閱；正式採用限制另驗
ESPMES#123.135	db8cb07fce8aabfa	啊！已经走了！\n拜亚兰斯城嘛‥东部大国‥要去看看吗‥	accepted	849c1384ff7a00f6	Codex	full-20261006	2026-10-06	ICU 72 簡體轉換候選；保留原意；未經使用者接受及母語者審閱；正式採用限制另驗
ESPMES#123.136	5e1654f256c94d20	是迪南多先生吗‥\n不是的话、我就不能说这件事‥	accepted	1a0e664cb8c44d6c	Codex	full-20261006	2026-10-06	ICU 72 簡體轉換候選；保留原意；未經使用者接受及母語者審閱；正式採用限制另驗
ESPMES#123.137	3a4abec8dfc4ae41	对岸是罗达古特渡场、要搭乘过去吗？	accepted	bc2cd2934f227d4d	Codex	full-20261006	2026-10-06	ICU 72 簡體轉換候選；保留原意；未經使用者接受及母語者審閱；正式採用限制另驗
ESPMES#123.138	66901358d74e30ae	那么！上来吧！\n船要开了。	accepted	48b72d12cbe9ab82	Codex	full-20261006	2026-10-06	ICU 72 簡體轉換候選；保留原意；未經使用者接受及母語者審閱；正式採用限制另驗
ESPMES#123.139	f13d8a96c1645586	这样啊！那想要去的时候再过来吧！	accepted	f107655840fa0685	Codex	full-20261006	2026-10-06	ICU 72 簡體轉換候選；保留原意；未經使用者接受及母語者審閱；正式採用限制另驗
ESPMES#123.140	072f54b347a5463b	对岸是帕利尔渡场、要搭乘过去吗？	accepted	7ecbfdeeb8a07946	Codex	full-20261006	2026-10-06	ICU 72 簡體轉換候選；保留原意；未經使用者接受及母語者審閱；正式採用限制另驗
ESPMES#123.141	66901358d74e30ae	那么！上来吧！\n船要开了。	accepted	48b72d12cbe9ab82	Codex	full-20261006	2026-10-06	ICU 72 簡體轉換候選；保留原意；未經使用者接受及母語者審閱；正式採用限制另驗
ESPMES#123.142	f13d8a96c1645586	这样啊！那想要去的时候再过来吧！	accepted	f107655840fa0685	Codex	full-20261006	2026-10-06	ICU 72 簡體轉換候選；保留原意；未經使用者接受及母語者審閱；正式採用限制另驗
ESPMES#123.143	bc03d3147a6caffe	已确保了布拉奇亚的据点、\n可以安心地作战了。	accepted	2d567ba6889d7714	Codex	full-20261006	2026-10-06	ICU 72 簡體轉換候選；保留原意；未經使用者接受及母語者審閱；正式採用限制另驗
ESPMES#123.144	d210d4022360e950	你们总算来了、\n蕾依公主应该就待在布拉奇亚城里。\n	accepted	e33c33155c26a4b9	Codex	full-20261006	2026-10-06	ICU 72 簡體轉換候選；保留原意；未經使用者接受及母語者審閱；正式採用限制另驗
ESPMES#123.145	3f497cf396e1b1d6	快一点！\n破灭的布拉奇亚国王不知道会作出什么事？\n找一下蕾依‧雷兹尼亚克！	accepted	1b6f10d4f72212f0	Codex	full-20261006	2026-10-06	ICU 72 簡體轉換候選；保留原意；未經使用者接受及母語者審閱；正式採用限制另驗
ESPMES#123.146	7631e189e3dcf43c	赶快把公主从布拉奇亚国王手中救出来！\n	accepted	dba3297afb729273	Codex	full-20261006	2026-10-06	ICU 72 簡體轉換候選；保留原意；未經使用者接受及母語者審閱；正式採用限制另驗
ESPMES#123.147	0fe154c4318ca8c9	我身体突然有点不适、看来‥要去病院一趟才行。	accepted	aa4ff1747e841988	Codex	full-20261006	2026-10-06	ICU 72 簡體轉換候選；保留原意；未經使用者接受及母語者審閱；正式採用限制另驗
ESPMES#123.148	86e53e5ca4315d0e	目前部队的状态、恐怕也无法作战、\n先去病院吧！	accepted	8e4cc6c8ddabe19f	Codex	full-20261006	2026-10-06	ICU 72 簡體轉換候選；保留原意；未經使用者接受及母語者審閱；正式採用限制另驗
ESPMES#123.149	87782ccebb39fd43	我们虽准备好了。\n但可能还要重新整顿一番才行。	accepted	86f39b831de69009	Codex	full-20261006	2026-10-06	ICU 72 簡體轉換候選；保留原意；未經使用者接受及母語者審閱；正式採用限制另驗
ESPMES#123.150	f8e908c37627d586	想要去找蕾依！\n但是体力不行了。\n要去病院。	accepted	5c06881454af655a	Codex	full-20261006	2026-10-06	ICU 72 簡體轉換候選；保留原意；未經使用者接受及母語者審閱；正式採用限制另驗
ESPMES#123.151	d8126f8485c2ef1b	像我这么弱的身体怎么能去作战。\n不恢复起来是不行的‥	accepted	e6f819ceec8a5aca	Codex	full-20261006	2026-10-06	ICU 72 簡體轉換候選；保留原意；未經使用者接受及母語者審閱；正式採用限制另驗
ESPMES#123.152	7eafb9b814f60ec3	我是心有余而力不足、看来是没办法去找了！\n真是伤脑筋！	accepted	3c986d9b76de9b1a	Codex	full-20261006	2026-10-06	ICU 72 簡體轉換候選；保留原意；未經使用者接受及母語者審閱；正式採用限制另驗
ESPMES#123.153	7f9c658434a5836c	接下来去那？	accepted	30640bc03e90158d	Codex	full-20261006	2026-10-06	ICU 72 簡體轉換候選；保留原意；未經使用者接受及母語者審閱；正式採用限制另驗
ESPMES#123.154	7f9c658434a5836c	接下来去那？	accepted	30640bc03e90158d	Codex	full-20261006	2026-10-06	ICU 72 簡體轉換候選；保留原意；未經使用者接受及母語者審閱；正式採用限制另驗
ESPMES#123.155	08360652986e558a	要去那儿找呢？	accepted	1485738e39294e8c	Codex	full-20261006	2026-10-06	ICU 72 簡體轉換候選；保留原意；未經使用者接受及母語者審閱；正式採用限制另驗
ESPMES#123.156	4dbb0ebc14f216fb	蕾依！妳在那里？	accepted	bce822292f7a001f	Codex	full-20261006	2026-10-06	ICU 72 簡體轉換候選；保留原意；未經使用者接受及母語者審閱；正式採用限制另驗
ESPMES#123.157	4dbb0ebc14f216fb	蕾依！妳在那里？	accepted	bce822292f7a001f	Codex	full-20261006	2026-10-06	ICU 72 簡體轉換候選；保留原意；未經使用者接受及母語者審閱；正式採用限制另驗
ESPMES#123.158	26120fbb21350a43	会不会躲在‥这儿？	accepted	b23544c2cc2fd64d	Codex	full-20261006	2026-10-06	ICU 72 簡體轉換候選；保留原意；未經使用者接受及母語者審閱；正式採用限制另驗
ESPMES#123.159	f7dbb57885cc0b59	你们想让我完蛋吗‥\n我要是完了、你们也别想找到公主！	accepted	85fbc28bc1c72b48	Codex	full-20261006	2026-10-06	ICU 72 簡體轉換候選；保留原意；未經使用者接受及母語者審閱；正式採用限制另驗
ESPMES#123.160	279524a9d6643811	救命啊！	accepted	d6f9a76f14618b06	Codex	full-20261006	2026-10-06	ICU 72 簡體轉換候選；保留原意；未經使用者接受及母語者審閱；正式採用限制另驗
ESPMES#123.161	d5ddc476bcfc4fc9	安静一点！\n给我过来！	accepted	632f6540926bb572	Codex	full-20261006	2026-10-06	ICU 72 簡體轉換候選；保留原意；未經使用者接受及母語者審閱；正式採用限制另驗
ESPMES#123.162	0e8ddeaada51bb04	下次不会失败的！	accepted	6bf8fc84a5f11004	Codex	full-20261006	2026-10-06	ICU 72 簡體轉換候選；保留原意；未經使用者接受及母語者審閱；正式採用限制另驗
ESPMES#123.163	0e8ddeaada51bb04	下次不会失败的！	accepted	6bf8fc84a5f11004	Codex	full-20261006	2026-10-06	ICU 72 簡體轉換候選；保留原意；未經使用者接受及母語者審閱；正式採用限制另驗
ESPMES#123.164	0e8ddeaada51bb04	下次不会失败的！	accepted	6bf8fc84a5f11004	Codex	full-20261006	2026-10-06	ICU 72 簡體轉換候選；保留原意；未經使用者接受及母語者審閱；正式採用限制另驗
ESPMES#123.165	0e8ddeaada51bb04	下次不会失败的！	accepted	6bf8fc84a5f11004	Codex	full-20261006	2026-10-06	ICU 72 簡體轉換候選；保留原意；未經使用者接受及母語者審閱；正式採用限制另驗
ESPMES#123.166	0e8ddeaada51bb04	下次不会失败的！	accepted	6bf8fc84a5f11004	Codex	full-20261006	2026-10-06	ICU 72 簡體轉換候選；保留原意；未經使用者接受及母語者審閱；正式採用限制另驗
ESPMES#123.167	634970c40f999e3c	‥布拉奇亚王‥觉悟吧‥	accepted	a58eeb6654e1cd9f	Codex	full-20261006	2026-10-06	ICU 72 簡體轉換候選；保留原意；未經使用者接受及母語者審閱；正式採用限制另驗
ESPMES#123.168	d94594bea9993119	没用的！我不会那么简单就倒下的！	accepted	30c29b4e833797e5	Codex	full-20261006	2026-10-06	ICU 72 簡體轉換候選；保留原意；未經使用者接受及母語者審閱；正式採用限制另驗
ESPMES#123.169	c67d71fdbea6c5d1	你们救了我！\n谢谢！谢谢你们！	accepted	50b0fbfc4e2cbfdd	Codex	full-20261006	2026-10-06	ICU 72 簡體轉換候選；保留原意；未經使用者接受及母語者審閱；正式採用限制另驗
ESPMES#123.170	b8c7b85c533c1ad0	总算是战争结束了。\n回拜亚兰斯城吧！报酬到了拜亚兰斯城就可以付给你们了。	accepted	2c526b94e64ed3ef	Codex	full-20261006	2026-10-06	ICU 72 簡體轉換候選；保留原意；未經使用者接受及母語者審閱；正式採用限制另驗
ESPMES#123.171	41c0493fb2235dd4	胜利归国！	accepted	b2902465880a1ea1	Codex	full-20261006	2026-10-06	ICU 72 簡體轉換候選；保留原意；未經使用者接受及母語者審閱；正式採用限制另驗
ESPMES#123.172	c8b8cc70279ca854	手下败将！	accepted	99368766e4c39226	Codex	full-20261006	2026-10-06	ICU 72 簡體轉換候選；保留原意；未經使用者接受及母語者審閱；正式採用限制另驗
ESPMES#124.0	485f43fcdabcba62	今天是迪南多佣兵团的发薪日。	accepted	ba30fea257d4fcfe	Codex	full-20261006	2026-10-06	ICU 72 簡體轉換候選；保留原意；未經使用者接受及母語者審閱；正式採用限制另驗
ESPMES#124.1	b769f658b1afb483	发薪水了！	accepted	8dbd2a30adc2e895	Codex	full-20261006	2026-10-06	ICU 72 簡體轉換候選；保留原意；未經使用者接受及母語者審閱；正式採用限制另驗
ESPMES#124.2	3d6950d9828c9edb	‥并没有雇用任何人、\n没有必要发薪水。	accepted	5cf5c12cc354dc0b	Codex	full-20261006	2026-10-06	ICU 72 簡體轉換候選；保留原意；未經使用者接受及母語者審閱；正式採用限制另驗
ESPMES#124.3	b769f658b1afb483	发薪水了！	accepted	8dbd2a30adc2e895	Codex	full-20261006	2026-10-06	ICU 72 簡體轉換候選；保留原意；未經使用者接受及母語者審閱；正式採用限制另驗
ESPMES#124.4	38a8f53132611d53	这个月的薪水‥\n总共%ldＧ。	accepted	21ac1c11ce271f28	Codex	full-20261006	2026-10-06	ICU 72 簡體轉換候選；保留原意；未經使用者接受及母語者審閱；正式採用限制另驗
ESPMES#124.5	f67414e9b19fc8c2	全体的薪水共支付%ldＧ！	accepted	4030c0cdbb5ab0d7	Codex	full-20261006	2026-10-06	ICU 72 簡體轉換候選；保留原意；未經使用者接受及母語者審閱；正式採用限制另驗
ESPMES#124.6	b769f658b1afb483	发薪水了！	accepted	8dbd2a30adc2e895	Codex	full-20261006	2026-10-06	ICU 72 簡體轉換候選；保留原意；未經使用者接受及母語者審閱；正式採用限制另驗
ESPMES#124.7	38a8f53132611d53	这个月的薪水‥\n总共%ldＧ。	accepted	21ac1c11ce271f28	Codex	full-20261006	2026-10-06	ICU 72 簡體轉換候選；保留原意；未經使用者接受及母語者審閱；正式採用限制另驗
ESPMES#124.8	6fca8370a1b8772c	‥哇！金额不足‥\n	accepted	db7c80cfd536d991	Codex	full-20261006	2026-10-06	ICU 72 簡體轉換候選；保留原意；未經使用者接受及母語者審閱；正式採用限制另驗
ESPMES#124.9	0f582a731f559b86	付不出薪水！	accepted	915ba479e8833a19	Codex	full-20261006	2026-10-06	ICU 72 簡體轉換候選；保留原意；未經使用者接受及母語者審閱；正式採用限制另驗
ESPMES#124.10	a796b416a0c24f00	迪南多、\n从%s有许多人毁约离去了‥	accepted	a9267be602b7302a	Codex	full-20261006	2026-10-06	ICU 72 簡體轉換候選；保留原意；未經使用者接受及母語者審閱；正式採用限制另驗
