id	src_sha256	raw_sha256	text	status	by	batch	date	note
MAIN@IDA:36A4:3CFD	8e6f2beaee3b07f4	8e6f2beaee3b07f473edcaaa8b327a8feaafe96c55db9f64a8da1c6118f31ee0	 请关闭电源再见 	accepted	Codex	full-20261006-main	2026-10-06	顯示層採用；不修改原版或存檔。
MAIN@IDA:3A74:029C	78b3e1b8978b17e1	78b3e1b8978b17e1626554d59d8c3e1ee8918fffaaf6b469c68e07e31653b413	　%s攻击、%ld的损害达成。\n　部队的损害为%d	accepted	Codex	full-20261006-main	2026-10-06	顯示層採用；不修改原版或存檔。
MAIN@IDA:3A74:02C7	3aa459f697dd7569	3aa459f697dd7569a93789555258bc36e26186876f1b4ff45cfa59472d7270e8	　%s对%s炮击、%ld的损害达成	accepted	Codex	full-20261006-main	2026-10-06	顯示層採用；不修改原版或存檔。
MAIN@IDA:3A74:02E3	a78ee119bcd847f2	a78ee119bcd847f29cc07c0cc1a4387ffc043c7b32e7a55328ae0f0bdfba818e	　%s对%s车辆炮击、%ld的损害达成	accepted	Codex	full-20261006-main	2026-10-06	顯示層採用；不修改原版或存檔。
MAIN@IDA:3A74:0303	1d89a26f0138e84f	1d89a26f0138e84fc71a11d653f5b76aeed2229eb0dde6b2bf1684508f969551	　%s对%s爆击、%ld的损害达成	accepted	Codex	full-20261006-main	2026-10-06	顯示層採用；不修改原版或存檔。
MAIN@IDA:3AA7:0006	00bcea68be8fcc04	00bcea68be8fcc0409d79f2a4bb60cdfde632497835ab90da20a36276227d601	%s对%s的强化实行、最大耐久度%d达成。\n已不需要再持续建筑。\n建筑结束。	accepted	Codex	full-20261006-main	2026-10-06	顯示層採用；不修改原版或存檔。
MAIN@IDA:3AA7:004B	23a4c45a1918c05e	23a4c45a1918c05e37bc19a064c73706b901dae90e3e559eeca070125cfbbe12	%s对%s的强化实行、最大耐久度%d增加、%d达成。	accepted	Codex	full-20261006-main	2026-10-06	顯示層採用；不修改原版或存檔。
MAIN@IDA:3AA7:0078	0a3044c2b3c48469	0a3044c2b3c484691b6f212b0cdecb7adf524900f3a8265f1cb5a269200951e2	%s对%s的修复实行、耐久度%d增加、%d达成。	accepted	Codex	full-20261006-main	2026-10-06	顯示層採用；不修改原版或存檔。
MAIN@IDA:3AA7:00A1	1965ed959ce748e0	1965ed959ce748e06b3612aea672c6403846695237881ce0571f87b7b5f4b5dd	无法前往此处	accepted	Codex	full-20261006-main	2026-10-06	顯示層採用；不修改原版或存檔。
MAIN@IDA:3AA7:00AE	1965ed959ce748e0	1965ed959ce748e06b3612aea672c6403846695237881ce0571f87b7b5f4b5dd	无法前往此处	accepted	Codex	full-20261006-main	2026-10-06	顯示層採用；不修改原版或存檔。
MAIN@IDA:3AB2:000C	ed099402ea99c28d	ed099402ea99c28d45db518afff09951643ba7b3bd37b241891a35e678286ca3	%s\\n退却据点指定	accepted	Codex	full-20261006-main	2026-10-06	顯示層採用；不修改原版或存檔。
MAIN@IDA:3AB2:001D	c124fade5e576734	c124fade5e57673402d6dfb4640098616a9b7b3916b9f9e174048db6ebcbf5c4	%s\\n侦察据点指定	accepted	Codex	full-20261006-main	2026-10-06	顯示層採用；不修改原版或存檔。
MAIN@IDA:3AB2:002E	70536d4f72202acc	70536d4f72202acc8b9dbcd994e03963f2d9353409d2e05cdff17a2b783c8b86	%s侦察吗？	accepted	Codex	full-20261006-main	2026-10-06	顯示層採用；不修改原版或存檔。
MAIN@IDA:3AB2:0039	704c34f19179dd11	704c34f19179dd1159b87049bd44e9a6cf42d8fccd38c8f0d95199ebd08875ed	移动目标指定	accepted	Codex	full-20261006-main	2026-10-06	顯示層採用；不修改原版或存檔。
MAIN@IDA:3AB2:004A	09de1f498dae2773	09de1f498dae27732b22326bc01a8c880c5ffe9f954e63d0072a2958f14a2498	往%s移动	accepted	Codex	full-20261006-main	2026-10-06	顯示層採用；不修改原版或存檔。
MAIN@IDA:3AB2:0053	1965ed959ce748e0	1965ed959ce748e06b3612aea672c6403846695237881ce0571f87b7b5f4b5dd	无法前往此处	accepted	Codex	full-20261006-main	2026-10-06	顯示層採用；不修改原版或存檔。
MAIN@IDA:3AB2:0060	1965ed959ce748e0	1965ed959ce748e06b3612aea672c6403846695237881ce0571f87b7b5f4b5dd	无法前往此处	accepted	Codex	full-20261006-main	2026-10-06	顯示層採用；不修改原版或存檔。
MAIN@IDA:3AB2:006D	09de1f498dae2773	09de1f498dae27732b22326bc01a8c880c5ffe9f954e63d0072a2958f14a2498	往%s移动	accepted	Codex	full-20261006-main	2026-10-06	顯示層採用；不修改原版或存檔。
MAIN@IDA:3AB9:0006	e9437f5808864d14	e9437f5808864d143c192f8c5e9f7424abd7ba15f95a8a5fa575b3acbb1e57c7	攻击势力范围内部队\\n	accepted	Codex	full-20261006-main	2026-10-06	顯示層採用；不修改原版或存檔。
MAIN@IDA:3AB9:001B	d45f39be9d094896	d45f39be9d0948964dc5d7f2123d2149f19167999e4a82b1da27bf1a9dfd16bd	%s:体力和%ld 原体力和%ld	accepted	Codex	full-20261006-main	2026-10-06	顯示層採用；不修改原版或存檔。
MAIN@IDA:3ABC:0004	d006f7c4b613bde9	d006f7c4b613bde90ceb2811c385b9fab4f3c81c66df584bb6747282719b5d4d	债金总额：%8ld	accepted	Codex	full-20261006-main	2026-10-06	顯示層採用；不修改原版或存檔。
MAIN@IDA:3ABC:0013	00070a5802d22682	00070a5802d2268234461cc7f2e98d3cb8b0aba4ff31625a12701ea8ede85f57	所持金　：%8ld	accepted	Codex	full-20261006-main	2026-10-06	顯示層採用；不修改原版或存檔。
MAIN@IDA:3ABC:0022	3f40cd911e8abe2b	3f40cd911e8abe2b19266ba0bd575478f8639cc5162f5d3ac3117f5759ad3099	所持金：%8ld Ｇ	accepted	Codex	full-20261006-main	2026-10-06	顯示層採用；不修改原版或存檔。
MAIN@IDA:3ABC:0032	3d9f3e4b754edf5b	3d9f3e4b754edf5b1f1c7992f9f2781849cc169eadd44b2944b34ca88ecaab21	道具区域无法确保	accepted	Codex	full-20261006-main	2026-10-06	顯示層採用；不修改原版或存檔。
MAIN@IDA:3ABC:0238	0b771cd8c03c3c61	0b771cd8c03c3c618e21c7e1e1766a710414e2f06194be0f974f578e31de8043	偿还额度：%8ld	accepted	Codex	full-20261006-main	2026-10-06	顯示層採用；不修改原版或存檔。
MAIN@IDA:3ABC:0282	6d772c069425bfcb	6d772c069425bfcbb7f2dac843736c8d442b1a36111efcd6d9375dadc7ce3287	正面模式无法读入	accepted	Codex	full-20261006-main	2026-10-06	顯示層採用；不修改原版或存檔。
MAIN@IDA:3AE7:0002	9ea37b738a649762	9ea37b738a649762da97eba3b07296e3b05f1a55da07be1c1a31c3758f73452e	拜亚兰斯王国	accepted	Codex	full-20261006-main	2026-10-06	顯示層採用；不修改原版或存檔。
MAIN@IDA:3DEC:0000	772564facb2b6646	772564facb2b6646cd328a0474ac6a34697da00f7a8af928dc63a7b6aea720e0	%d, %d: 据点防守坚强:%s\\n	accepted	Codex	full-20261006-main	2026-10-06	顯示層採用；不修改原版或存檔。
MAIN@IDA:3DEC:001A	06da7f75aac3fa54	06da7f75aac3fa540a1dbed8b1b2e914550fdab8efddda97b2c1bac7f05df157	旗帜表示：我方\\n	accepted	Codex	full-20261006-main	2026-10-06	顯示層採用；不修改原版或存檔。
MAIN@IDA:3DEC:002B	5790c00a55c0cf5a	5790c00a55c0cf5a1f28220fa45ea7589bd7e83bbf94fa71706963146211aeb2	旗帜表示\\n	accepted	Codex	full-20261006-main	2026-10-06	顯示層採用；不修改原版或存檔。
MAIN@IDA:3DEC:0036	1a0b259d182b26b7	1a0b259d182b26b7888d6eb7187b4aa48d832a60ee2630e71df24e804ecda0e2	部队消去\\n	accepted	Codex	full-20261006-main	2026-10-06	顯示層採用；不修改原版或存檔。
MAIN@IDA:3DEC:0041	a19050dc438a11be	a19050dc438a11bee352bef1770a9573b4a9990b1ae886e698a28016a5d5d515	据点消去\\n	accepted	Codex	full-20261006-main	2026-10-06	顯示層採用；不修改原版或存檔。
MAIN@IDA:3DEC:004C	132a2d387ee742be	132a2d387ee742beba9c01ba419392928bdb3b3b41f2aa4c7587dfd066513bae	据点表示\\n	accepted	Codex	full-20261006-main	2026-10-06	顯示層採用；不修改原版或存檔。
MAIN@IDA:3DEC:0057	a12e40ee880b99bb	a12e40ee880b99bbb48cd97ac68ac00f49ced8f0ac5c11a2783d58557fb5526a	图示表示\\n	accepted	Codex	full-20261006-main	2026-10-06	顯示層採用；不修改原版或存檔。
MAIN@IDA:3DEC:0062	4c6b07c8cf1ae05c	4c6b07c8cf1ae05c3d4a12d59bc89a7b0c0480cbe3f6ff66ed05db0dab5d73f2	据点上的消失\\n	accepted	Codex	full-20261006-main	2026-10-06	顯示層採用；不修改原版或存檔。
MAIN@IDA:3DEC:0071	02efb65cee19e7f5	02efb65cee19e7f5cb17c2831c6ca53c7f8314b1d76f6da31b5d58c6024a485d	据点消失\\n	accepted	Codex	full-20261006-main	2026-10-06	顯示層採用；不修改原版或存檔。
MAIN@IDA:3DEC:007C	132a2d387ee742be	132a2d387ee742beba9c01ba419392928bdb3b3b41f2aa4c7587dfd066513bae	据点表示\\n	accepted	Codex	full-20261006-main	2026-10-06	顯示層採用；不修改原版或存檔。
MAIN@IDA:3DEC:0087	98eba66ea54d317a	98eba66ea54d317a23b9bd40ce6cb2062dc56e987ebc4e83e6ee2630a8579993	据点上的部队表示\\n	accepted	Codex	full-20261006-main	2026-10-06	顯示層採用；不修改原版或存檔。
MAIN@IDA:3DF8:0004	7602046164f1499e	7602046164f1499e2cfe5759a4adc1496ae1c903d7752abe42c4671514244d1c	通常消去	accepted	Codex	full-20261006-main	2026-10-06	顯示層採用；不修改原版或存檔。
MAIN@IDA:3DF8:000D	eff8816f3ba4c616	eff8816f3ba4c616e90c02b772ab8b8fecc0ebe508d33c8e36a66d7ed7100c51	消失Check\\n	accepted	Codex	full-20261006-main	2026-10-06	顯示層採用；不修改原版或存檔。
MAIN@IDA:3DF8:0019	46b2d041cd8a0824	46b2d041cd8a08243f27ce4d144dbac557c2cce2f984c8143f31a657990ebb46	部队图示读入记忆体无法确保	accepted	Codex	full-20261006-main	2026-10-06	顯示層採用；不修改原版或存檔。
MAIN@IDA:3EA3:1607	93f70a2db7cd0161	93f70a2db7cd0161cd1a437ce8e7c9d7b138f1bd1a8cd496f0823d6fde70b926	兵力增强  	accepted	Codex	full-20261006-main	2026-10-06	顯示層採用；不修改原版或存檔。
MAIN@IDA:3EA3:1612	7032d69028f588e3	7032d69028f588e3382cff76332d2d174d5e411b80cf7cf7063f294591b72aa9	黎法雷制压作战  	accepted	Codex	full-20261006-main	2026-10-06	顯示層採用；不修改原版或存檔。
MAIN@IDA:3EA3:1623	7e0cc18b045a40d5	7e0cc18b045a40d531a248c1d37988d04867af6df1db49f9db83d2875e41b546	雷兹尼亚克袭击  	accepted	Codex	full-20261006-main	2026-10-06	顯示層採用；不修改原版或存檔。
MAIN@IDA:3EA3:1634	f1ec322b4d9f4e48	f1ec322b4d9f4e489b366f1e31a12d2cb3e5a1e8fdd4058b8021c157e39dce0c	拉萨克斯袭击  	accepted	Codex	full-20261006-main	2026-10-06	顯示層採用；不修改原版或存檔。
MAIN@IDA:3EA3:1643	6e1283f24f845c61	6e1283f24f845c61597bf32b5a638dc1f7a27c7b36825216a9439a781844eb40	防卫‧黎法雷要塞  	accepted	Codex	full-20261006-main	2026-10-06	顯示層採用；不修改原版或存檔。
MAIN@IDA:3EA3:1656	68055632f6289076	68055632f62890763a52d61e6f92aa904fd16c2fb9330170df2c2897660bf248	雷兹尼亚克侵攻  	accepted	Codex	full-20261006-main	2026-10-06	顯示層採用；不修改原版或存檔。
MAIN@IDA:3EA3:1667	308076b55edc4998	308076b55edc499888bce3d9a31a20841bd1f02218ef77a3c7e649a6c46ff2c2	拉萨克斯侵攻  	accepted	Codex	full-20261006-main	2026-10-06	顯示層採用；不修改原版或存檔。
MAIN@IDA:3EA3:1676	78db902364e76c74	78db902364e76c7430444eda7830ab461d69decdbb74c731bfa8c08aaa7685ea	后方支援  	accepted	Codex	full-20261006-main	2026-10-06	顯示層採用；不修改原版或存檔。
MAIN@IDA:3EA3:1681	b8a4d390a65a967a	b8a4d390a65a967a6c2d558ff8494e6f4df16fb3701f7530888843867cb05e34	布拉奇亚反攻  	accepted	Codex	full-20261006-main	2026-10-06	顯示層採用；不修改原版或存檔。
MAIN@IDA:3EA3:1690	a4423218d6e24f3b	a4423218d6e24f3b2deabcd87646254689c0654834dac11d562ac8762fc8ec78	哈德伦市占领  	accepted	Codex	full-20261006-main	2026-10-06	顯示層採用；不修改原版或存檔。
MAIN@IDA:3EA3:169F	a4423218d6e24f3b	a4423218d6e24f3b2deabcd87646254689c0654834dac11d562ac8762fc8ec78	哈德伦市占领  	accepted	Codex	full-20261006-main	2026-10-06	顯示層採用；不修改原版或存檔。
MAIN@IDA:3EA3:16AE	e0f1afcbdf741e92	e0f1afcbdf741e9299cb8e45b905eb6697cce7897f3a46c0c026a6a76542851c	利卡洛‧尼市占领  	accepted	Codex	full-20261006-main	2026-10-06	顯示層採用；不修改原版或存檔。
MAIN@IDA:3EA3:16C1	e0f1afcbdf741e92	e0f1afcbdf741e9299cb8e45b905eb6697cce7897f3a46c0c026a6a76542851c	利卡洛‧尼市占领  	accepted	Codex	full-20261006-main	2026-10-06	顯示層採用；不修改原版或存檔。
MAIN@IDA:3EA3:16D4	e42217bdd92daead	e42217bdd92daead236dd5a2d684cb989fbb35c976a9fe91bdc83f9ceecfd4fc	荷莱德巴恩市占领  	accepted	Codex	full-20261006-main	2026-10-06	顯示層採用；不修改原版或存檔。
MAIN@IDA:3EA3:16E7	e42217bdd92daead	e42217bdd92daead236dd5a2d684cb989fbb35c976a9fe91bdc83f9ceecfd4fc	荷莱德巴恩市占领  	accepted	Codex	full-20261006-main	2026-10-06	顯示層採用；不修改原版或存檔。
MAIN@IDA:3EA3:16FA	9fdecf1583f1ef2f	9fdecf1583f1ef2fbe68f018d2bd464999a7e4a5307d628ddcf18779412b5727	训练‧萨兰特  	accepted	Codex	full-20261006-main	2026-10-06	顯示層採用；不修改原版或存檔。
MAIN@IDA:3EA3:1709	e57837f4518e7a28	e57837f4518e7a2869c0d82ee7cb000edca0e69e49931ec660bb8fbd31dcff9a	训练‧尼福伦帝亚  	accepted	Codex	full-20261006-main	2026-10-06	顯示層採用；不修改原版或存檔。
MAIN@IDA:3EA3:171C	6ddbb71cedc834d7	6ddbb71cedc834d7f76b24992e47e12d7a98c49cb4930c3625ce9fa3720df6df	训练‧阿巴旦  	accepted	Codex	full-20261006-main	2026-10-06	顯示層採用；不修改原版或存檔。
MAIN@IDA:3EA3:172B	6d24ce259800c371	6d24ce259800c371cad0bcaf1c056416873c4d900671c05327387532f8b3c670	武器到手１  	accepted	Codex	full-20261006-main	2026-10-06	顯示層採用；不修改原版或存檔。
MAIN@IDA:3EA3:1738	fdee588326975614	fdee58832697561430ca3f015a502bfbf4f41fa9d17acb89057de26f10370401	武器到手２  	accepted	Codex	full-20261006-main	2026-10-06	顯示層採用；不修改原版或存檔。
MAIN@IDA:3EA3:1745	ce62dfffe94fcb0e	ce62dfffe94fcb0e6d90450bc1a92d810430b8ea7de5af3b0c9d163d10849c56	演习‧萨兰特  	accepted	Codex	full-20261006-main	2026-10-06	顯示層採用；不修改原版或存檔。
MAIN@IDA:3EA3:1754	12255f61deeb739c	12255f61deeb739cb4fb49ebb895933c7a8b8508cd0c59670893fe43690ab9ee	  莫洛‧迪南多  	accepted	Codex	full-20261006-main	2026-10-06	顯示層採用；不修改原版或存檔。
MAIN@IDA:3EA3:1765	e872346fda8b2cf8	e872346fda8b2cf8f4175a43ebe959fb0398963c555e4dc9b1c56a22b953cc23	  杰西‧亚哲鲁  	accepted	Codex	full-20261006-main	2026-10-06	顯示層採用；不修改原版或存檔。
MAIN@IDA:3EA3:1776	229724f284ce2c4c	229724f284ce2c4ce1686e5f436eb5fe9fbe350846784b87a0c8d9cdc0381066	  铁卢姆‧雷姆  	accepted	Codex	full-20261006-main	2026-10-06	顯示層採用；不修改原版或存檔。
MAIN@IDA:3EA3:1787	03e4f32bca04b774	03e4f32bca04b774f4c389a612f0ab196e1cfa82ccbdddf81842578cb0185b0e	  露‧多明妮  	accepted	Codex	full-20261006-main	2026-10-06	顯示層採用；不修改原版或存檔。
MAIN@IDA:3EA3:1796	f0bc12a6a2a4dba2	f0bc12a6a2a4dba273c034b8b1f89433013d93df37dcecce3742ab2ee8c0a6e1	  迪诗蕾德  	accepted	Codex	full-20261006-main	2026-10-06	顯示層採用；不修改原版或存檔。
MAIN@IDA:3EA3:17A3	ab23eb72f0a0c2b7	ab23eb72f0a0c2b761f0c13afa8fcd84431fd5103c5746877655f05828a52af6	  波鲁斯曼  	accepted	Codex	full-20261006-main	2026-10-06	顯示層採用；不修改原版或存檔。
MAIN@IDA:3EA3:17B0	a23ebaf2c7dbe314	a23ebaf2c7dbe31482fdd074ee52c98a4b9a555f150eac687904b1de09ce62f9	迪南多第１佣兵团队长  	accepted	Codex	full-20261006-main	2026-10-06	顯示層採用；不修改原版或存檔。
MAIN@IDA:3EA3:17C7	a825478a8c4bee9e	a825478a8c4bee9e177b62844dd1423cf910a12bf8ad8aede478c798de71ed51	迪南多第２佣兵团队长  	accepted	Codex	full-20261006-main	2026-10-06	顯示層採用；不修改原版或存檔。
MAIN@IDA:3EA3:17DE	d9cd814c08b98d50	d9cd814c08b98d5046780cf40bf4ae33d7f146f462c843cd6b64abe0285d37e3	雷姆武装商团支配人  	accepted	Codex	full-20261006-main	2026-10-06	顯示層採用；不修改原版或存檔。
MAIN@IDA:3EA3:17F3	dd56f8e511763adb	dd56f8e511763adb017041f5cb8eb8865dd417dcefdbe3afefbe1331725e857f	圣古塞那重步兵旅团  	accepted	Codex	full-20261006-main	2026-10-06	顯示層採用；不修改原版或存檔。
MAIN@IDA:3EA3:1808	fc91a9ad6f054010	fc91a9ad6f0540104e6c573b4166fc86da9f76771112363b61d6c6cb4c63059c	雷亚斯集团  	accepted	Codex	full-20261006-main	2026-10-06	顯示層採用；不修改原版或存檔。
MAIN@IDA:3EA3:1815	51b25ea25c579b71	51b25ea25c579b71c91dce78542eb627953a37147140d54d971f828e4c57500a	萨兰特枪兵团  	accepted	Codex	full-20261006-main	2026-10-06	顯示層採用；不修改原版或存檔。
MAIN@IDA:4028:0006	d5ad59a7619ce51f	d5ad59a7619ce51f7f1b65c70d404c5a8f43e6099f32fdf75529310bdd18ae2c		keep	Codex	full-20261006-main	2026-10-06	原始來源未解，保留原版顯示。
MAIN@IDA:4070:0002	19cd0b49438f6635	19cd0b49438f66353600ebbd784b8548789a49d3977a5d0430bd4514a7e9ac93	民事布告栏 	accepted	Codex	full-20261006-main	2026-10-06	顯示層採用；不修改原版或存檔。
MAIN@IDA:4070:000E	a4d9f6fd1cbdb9d2	a4d9f6fd1cbdb9d219004b316f6ba4f3a20d9ad4ac3923039798c73c37bb6411	军事布告栏 	accepted	Codex	full-20261006-main	2026-10-06	顯示層採用；不修改原版或存檔。
MAIN@IDA:4070:001C	4c130f6adf3307bd	4c130f6adf3307bd111c8546c7587f0c321de196a9ef025d296c8ddca5aa2d9c	前往商店	accepted	Codex	full-20261006-main	2026-10-06	顯示層採用；不修改原版或存檔。
MAIN@IDA:4070:0025	c75cc4ec485ddf83	c75cc4ec485ddf831ee070b1650d389c20747f7483be1731b67273c184b1d360	前往酒店	accepted	Codex	full-20261006-main	2026-10-06	顯示層採用；不修改原版或存檔。
MAIN@IDA:4070:002E	7d840eebcb8d44a4	7d840eebcb8d44a486446ea950abe5318cfa003ee47d71aead2f6f2cc7f529dd	前往病院	accepted	Codex	full-20261006-main	2026-10-06	顯示層採用；不修改原版或存檔。
MAIN@IDA:4073:01AB	b872374117395cab	b872374117395cab3f453eec5363156008be46baa028fbb1eaf66d3700206055	拜亚兰斯城          	accepted	Codex	full-20261006-main	2026-10-06	顯示層採用；不修改原版或存檔。
MAIN@IDA:4073:0210	5944b11647d6805d	5944b11647d6805d393873949e1603c923ea4b11e8b2ffba48378e890e26f950	巴鲁沙干要塞        	accepted	Codex	full-20261006-main	2026-10-06	顯示層採用；不修改原版或存檔。
MAIN@IDA:4073:0275	b792f5e425eff67a	b792f5e425eff67a97acdd181819b5486ce5d47c4813fc6500b912a4b6cc0918	黎法雷要塞          	accepted	Codex	full-20261006-main	2026-10-06	顯示層採用；不修改原版或存檔。
MAIN@IDA:4073:02DA	e1f395ab4094a5ea	e1f395ab4094a5ea1a4c565dc402d6dc47bd911874e6dad02f71fe63771cbbb9	黎法雷町            	accepted	Codex	full-20261006-main	2026-10-06	顯示層採用；不修改原版或存檔。
MAIN@IDA:4073:033F	28ce31227a242f65	28ce31227a242f65a933ece458007e7308978228a7332d99ec35f7ad80ee0edc	雷恩要塞            	accepted	Codex	full-20261006-main	2026-10-06	顯示層採用；不修改原版或存檔。
MAIN@IDA:4073:03A4	916351dbe8939ccd	916351dbe8939ccd69251208262b067eae1b1769091214553aa1ad9a55a9d184	铁亚要塞            	accepted	Codex	full-20261006-main	2026-10-06	顯示層採用；不修改原版或存檔。
MAIN@IDA:4073:0409	5c34d7d5f4e8d676	5c34d7d5f4e8d6766ad3103338ed92d91fadd04daad582cba2a45072166b581a	布拉奇亚监视线      	accepted	Codex	full-20261006-main	2026-10-06	顯示層採用；不修改原版或存檔。
MAIN@IDA:4073:046E	9e88b1169bc4a2c4	9e88b1169bc4a2c4c71369a5f857a2b499d9f94b3cd60ea1489a24af32737bbf	肯特城塞都市        	accepted	Codex	full-20261006-main	2026-10-06	顯示層採用；不修改原版或存檔。
MAIN@IDA:4073:04D3	74f35bb73e6f6376	74f35bb73e6f637638020dc9ded05b7b3407a7d88d025a55f87717b69caa5bb2	力达姆要塞          	accepted	Codex	full-20261006-main	2026-10-06	顯示層採用；不修改原版或存檔。
MAIN@IDA:4073:0538	99129e3d9bf94d0c	99129e3d9bf94d0c99e99c1cded06c87a3dd6ac15efd3ad6275aa727005b8cf0	雷雅利市            	accepted	Codex	full-20261006-main	2026-10-06	顯示層採用；不修改原版或存檔。
MAIN@IDA:4073:059D	00dee11469c5c03b	00dee11469c5c03bcbd2ca5eaf7f188ad75e2fb3b93bdde2f3aa3e5620835c88	多南斯达要塞        	accepted	Codex	full-20261006-main	2026-10-06	顯示層採用；不修改原版或存檔。
MAIN@IDA:4073:0602	2da1d9ac6c1d11c3	2da1d9ac6c1d11c3a3922403dc817962e8dc84714f8ec1fa27c025791266651c	兹特城              	accepted	Codex	full-20261006-main	2026-10-06	顯示層採用；不修改原版或存檔。
MAIN@IDA:4073:0667	52fff80d9b704f34	52fff80d9b704f342e6a89fa9abcff527011a786ff35056d1478d8a79ca2528f	诺伍滋要塞          	accepted	Codex	full-20261006-main	2026-10-06	顯示層採用；不修改原版或存檔。
MAIN@IDA:4073:06CC	e9a5c34742839434	e9a5c34742839434d9534626a45b75d5578218726c01b81da6e5840140d68395	夏雷吉市            	accepted	Codex	full-20261006-main	2026-10-06	顯示層採用；不修改原版或存檔。
MAIN@IDA:4073:0731	3fe9ba6ca42f480c	3fe9ba6ca42f480c5784cb1cce6895132acdd09b0d04f238090366c7cb34dfb2	奇得里奥要塞        	accepted	Codex	full-20261006-main	2026-10-06	顯示層採用；不修改原版或存檔。
MAIN@IDA:4073:0796	00189908c13f09f9	00189908c13f09f97581d0f4ec72947934df05a61cd7a9595ec42dc764714b72	雷滋尼亚克城        	accepted	Codex	full-20261006-main	2026-10-06	顯示層採用；不修改原版或存檔。
MAIN@IDA:4073:07FB	665f78a81560ae91	665f78a81560ae91357a1178a1818d0f637dadffa2deaeb7a96807fa2c4e66f7	多南拉姆洞窟        	accepted	Codex	full-20261006-main	2026-10-06	顯示層採用；不修改原版或存檔。
MAIN@IDA:4073:0860	0ebb1819a6cbcd78	0ebb1819a6cbcd78c7fa9cfadfcdcf4b8761fb13a57c9ed5423ff8deb8f2102b	哈堤洞窟            	accepted	Codex	full-20261006-main	2026-10-06	顯示層採用；不修改原版或存檔。
MAIN@IDA:4073:08C5	0340c901c3dc3e32	0340c901c3dc3e327432f6ecf7befaec7d932f85a3f945fd8e539caa0c2ac58c	法鲁滋洞窟          	accepted	Codex	full-20261006-main	2026-10-06	顯示層採用；不修改原版或存檔。
MAIN@IDA:4073:092A	326ff10bee9b4ead	326ff10bee9b4ead2df30eb4f11be6936d9aaf3317c91b12fdd94ce8ca192083	洞窟的出口          	accepted	Codex	full-20261006-main	2026-10-06	顯示層採用；不修改原版或存檔。
MAIN@IDA:4073:098F	7715a0d13e542370	7715a0d13e5423709d4005ac630e6e86489bc06365e3a925a2d28dcfe5f01da3	隐密宝藏洞窟        	accepted	Codex	full-20261006-main	2026-10-06	顯示層採用；不修改原版或存檔。
MAIN@IDA:4073:09F4	2b712121d7a8ea9f	2b712121d7a8ea9f392fe74b691691c0885504a10a923eb694ef1c187018a0ba	艾兹洞窟            	accepted	Codex	full-20261006-main	2026-10-06	顯示層採用；不修改原版或存檔。
MAIN@IDA:4073:0A59	4a12b3bd47b83018	4a12b3bd47b830189b600c08b80df7ef82fe99f653e6a0d48542c7145c519af6	莫特利鲁洞窟        	accepted	Codex	full-20261006-main	2026-10-06	顯示層採用；不修改原版或存檔。
MAIN@IDA:4073:0ABE	04a914f4234ef523	04a914f4234ef523827b2455d7839a84bd0ebe4254942adb2735eced82922388	卡第亚‧古德鲁市    	accepted	Codex	full-20261006-main	2026-10-06	顯示層採用；不修改原版或存檔。
MAIN@IDA:4073:0B23	68c6d2a21635ed6a	68c6d2a21635ed6a62c88857e624ece0c6ee5ce7471d8e5e8ed3b5d47f46cb9a	德玛萨洛可要塞      	accepted	Codex	full-20261006-main	2026-10-06	顯示層採用；不修改原版或存檔。
MAIN@IDA:4073:0B88	516b0c5a595d6c91	516b0c5a595d6c913f1f31ecf1dfc9e30a617c2b575c1d91d282dec14d12fdca	拉萨克斯城          	accepted	Codex	full-20261006-main	2026-10-06	顯示層採用；不修改原版或存檔。
MAIN@IDA:4073:0BED	1f96d54771884f8b	1f96d54771884f8b718526d4be0d8e98e3419ff8ce38939ef204dde42fdf6914	柏利米耶‧得亚市    	accepted	Codex	full-20261006-main	2026-10-06	顯示層採用；不修改原版或存檔。
MAIN@IDA:4073:0C52	82dbd18bb101a003	82dbd18bb101a0031511509575d4eb20be44de3e3bb392b83926e9db64ab0233	帕利尔渡场          	accepted	Codex	full-20261006-main	2026-10-06	顯示層採用；不修改原版或存檔。
MAIN@IDA:4073:0CB7	e1062bd3f5f92c4a	e1062bd3f5f92c4a92e8283473ac920adbd34d6a2d4d65a6faec54ba7aa81fd4	罗达古特渡场        	accepted	Codex	full-20261006-main	2026-10-06	顯示層採用；不修改原版或存檔。
MAIN@IDA:4073:0D1C	188747f6bbb69bdd	188747f6bbb69bdd8d13e1adf658cfa77b79a4af5c5c22df8be4237234563833	拉鲁‧布拉奇亚市    	accepted	Codex	full-20261006-main	2026-10-06	顯示層採用；不修改原版或存檔。
MAIN@IDA:4073:0D81	d30586651974be47	d30586651974be470c17da20f03cb6a2f99e4c2ed9da9ae8915849473fb53d72	鹫依姆‧布拉奇亚市  	accepted	Codex	full-20261006-main	2026-10-06	顯示層採用；不修改原版或存檔。
MAIN@IDA:4073:0DE6	f0a5a3a92237ed38	f0a5a3a92237ed38f02e90ab00d12de918d96b369c036d13b7c30d997d753653	塞拉特              	accepted	Codex	full-20261006-main	2026-10-06	顯示層採用；不修改原版或存檔。
MAIN@IDA:4073:0E4B	2f2dbdf957f10acc	2f2dbdf957f10acc5de10c727bc89199b732fc72a616e546065cac616de4cc96	鲁西蒙‧布拉奇亚市  	accepted	Codex	full-20261006-main	2026-10-06	顯示層採用；不修改原版或存檔。
MAIN@IDA:4073:0EB0	03dca421574fc7ed	03dca421574fc7edef1a074e2b6c412db1bfe1bb624705f0d65cda28d904ddae	帝庞诺鲁要塞        	accepted	Codex	full-20261006-main	2026-10-06	顯示層採用；不修改原版或存檔。
MAIN@IDA:4073:0F15	1d97fba9d2845a7c	1d97fba9d2845a7c6f8643303eeb57ff04a2dfa0f3f7421e0ccf4b0ae0eb80a5	奇斯特姆要塞        	accepted	Codex	full-20261006-main	2026-10-06	顯示層採用；不修改原版或存檔。
MAIN@IDA:4073:0F7A	8c38477cd5fbed49	8c38477cd5fbed49c128b28add8949d7162ffd371c3179f57073c5094fc68d6e	布拉奇亚城          	accepted	Codex	full-20261006-main	2026-10-06	顯示層採用；不修改原版或存檔。
MAIN@IDA:4073:0FDF	4dc936bdf815d6b6	4dc936bdf815d6b6ab1845214f15372bfa3e3f483c95c06f3a3c7eee48e32222	米迪利亚城塞都市    	accepted	Codex	full-20261006-main	2026-10-06	顯示層採用；不修改原版或存檔。
MAIN@IDA:4073:1044	c859057547dc7a6a	c859057547dc7a6a0fc67d136df6a86460efe145d456e6909dd088d2e004a35c	力卡诺尼市          	accepted	Codex	full-20261006-main	2026-10-06	顯示層採用；不修改原版或存檔。
MAIN@IDA:4073:10A9	4ab83b4fdb022276	4ab83b4fdb0222761a31f58db0d49c81f3654ccfa875b072e42e32c36db644fb	罗伍斯特商业都市    	accepted	Codex	full-20261006-main	2026-10-06	顯示層採用；不修改原版或存檔。
MAIN@IDA:4073:110E	84476b9b18678c07	84476b9b18678c077110f057d4511479968156e39222485ba457220f5d322dc7	哈德伦市            	accepted	Codex	full-20261006-main	2026-10-06	顯示層採用；不修改原版或存檔。
MAIN@IDA:4073:1173	8e5423d972745009	8e5423d972745009ecfc6bde1538575300f6b4d579da0e884c825074ea993f64	欧雷颂城塞都市      	accepted	Codex	full-20261006-main	2026-10-06	顯示層採用；不修改原版或存檔。
MAIN@IDA:4073:11D8	0a12fb6189e6026f	0a12fb6189e6026f4363c6f15d2f21bfc9be42aac1b746c4153f8dfd1886dbfc	赫莱德巴市          	accepted	Codex	full-20261006-main	2026-10-06	顯示層採用；不修改原版或存檔。
MAIN@IDA:4073:123D	550c10a64e132434	550c10a64e13243443d7d35f934a506a221ddb7d412a558386bc71410ece09b3	内迪雷雅市          	accepted	Codex	full-20261006-main	2026-10-06	顯示層採用；不修改原版或存檔。
MAIN@IDA:4073:12A2	9fe2b1b545cb6666	9fe2b1b545cb6666ca1afbe48911f3bc13dd543bcd72d0944cc83e94f60aa293	奇杰鲁市            	accepted	Codex	full-20261006-main	2026-10-06	顯示層採用；不修改原版或存檔。
MAIN@IDA:4073:1307	c2a11150bb789ffb	c2a11150bb789ffb0ab9b26aa1fe12f64e6d2d3c9a7da69f67cd51cc04fab3f2	萨兰特城            	accepted	Codex	full-20261006-main	2026-10-06	顯示層採用；不修改原版或存檔。
MAIN@IDA:4073:136C	c5e1775893763995	c5e1775893763995b90de673a9fd2352fa59c16ab20ad8c1d881e8e41d360327	奥士罗特市          	accepted	Codex	full-20261006-main	2026-10-06	顯示層採用；不修改原版或存檔。
MAIN@IDA:4073:13D1	b4058c6521a11358	b4058c6521a1135890c3ea204a1685ae8c5f5427fc1b61dda5e9291c12b4837e	西萨兰特市          	accepted	Codex	full-20261006-main	2026-10-06	顯示層採用；不修改原版或存檔。
MAIN@IDA:4073:1436	2b49238f7226d470	2b49238f7226d47079ded801ffacc58a141bd09ae71bc63da89758c1675e9a31	尼福伦帝亚要塞      	accepted	Codex	full-20261006-main	2026-10-06	顯示層採用；不修改原版或存檔。
MAIN@IDA:4073:149B	e4337800cc810023	e4337800cc810023ae6631c19b53801a0ba1e6c7894abb72ab8ad66b64329045	旧萨兰特城          	accepted	Codex	full-20261006-main	2026-10-06	顯示層採用；不修改原版或存檔。
MAIN@IDA:4073:1500	c587cb7e468a821b	c587cb7e468a821bdc08f66e4802e9ac486a0097c6c9d28577fcd7169baede00	耶门雷帝亚海上都市  	accepted	Codex	full-20261006-main	2026-10-06	顯示層採用；不修改原版或存檔。
MAIN@IDA:4073:1565	1204e6af1adf6271	1204e6af1adf6271032a0c57453604aa52b900855e05bb9524ae1d299c9ccd22	法伦拉特市          	accepted	Codex	full-20261006-main	2026-10-06	顯示層採用；不修改原版或存檔。
MAIN@IDA:4073:15CA	55986ea685867894	55986ea685867894b8b89303aa4115ce91d1fb5bc46c1b750256af9245208dcd	阿巴旦要塞          	accepted	Codex	full-20261006-main	2026-10-06	顯示層採用；不修改原版或存檔。
MAIN@IDA:4073:162F	7748c34fd682d975	7748c34fd682d97533297033edb43782137117c02c36fbac3b1ec661b9691061	寇鲁要塞            	accepted	Codex	full-20261006-main	2026-10-06	顯示層採用；不修改原版或存檔。
MAIN@IDA:4073:1694	c1196608ad003942	c1196608ad003942e8940eb7b61a746ab729cd45b4377bfb756674d4185afb87	肯荷巴汕要塞        	accepted	Codex	full-20261006-main	2026-10-06	顯示層採用；不修改原版或存檔。
MAIN@IDA:4073:16F9	a4aaaff184e6459d	a4aaaff184e6459d5dd8ed1c713bb44994438ae43e76f3c9fc1e834d8951820e	古兰诺斯要塞        	accepted	Codex	full-20261006-main	2026-10-06	顯示層採用；不修改原版或存檔。
MAIN@IDA:4073:175E	f003d54f0f4db4f7	f003d54f0f4db4f7a18757adc4d067eec5c5508d96b8b8cc6c888d6169aebef8	德雷吉亚斯要塞      	accepted	Codex	full-20261006-main	2026-10-06	顯示層採用；不修改原版或存檔。
MAIN@IDA:4073:17C3	72c0d04bef1a05d8	72c0d04bef1a05d88b64bd3f9d26aa6585da6b8eb271d367892c604bb736a3c7	休拉狄恩城塞都市    	accepted	Codex	full-20261006-main	2026-10-06	顯示層採用；不修改原版或存檔。
MAIN@IDA:4073:1828	e92a37337d5fd4d2	e92a37337d5fd4d26856a082908dd6fead011313ed44aac7d638360fd594ec27	塞拉菲              	accepted	Codex	full-20261006-main	2026-10-06	顯示層採用；不修改原版或存檔。
MAIN@IDA:4073:188D	f023768431f22b37	f023768431f22b373a2e2fbc1aa6f8afe5decce029b46e50449077f1cde32a22	荷里底亚            	accepted	Codex	full-20261006-main	2026-10-06	顯示層採用；不修改原版或存檔。
MAIN@IDA:4073:18F2	43b740adb91afe17	43b740adb91afe1739c9204fd9cd6d881fa533be3d0cea80dbbf591249ededc6	塔之恩              	accepted	Codex	full-20261006-main	2026-10-06	顯示層採用；不修改原版或存檔。
MAIN@IDA:4073:1957	c1254a6fab26cb34	c1254a6fab26cb34e6724a669255aab0bb9b4f002a49fa1dece30e2290128091	库诺斯得巴特        	accepted	Codex	full-20261006-main	2026-10-06	顯示層採用；不修改原版或存檔。
MAIN@IDA:4073:19BC	6cd2877b2df57b79	6cd2877b2df57b791848cdf7662206c15266aef607a5cf4eba8823c39fdff477	拉兰巴特            	accepted	Codex	full-20261006-main	2026-10-06	顯示層採用；不修改原版或存檔。
MAIN@IDA:4073:1A21	433d5b279e5d0579	433d5b279e5d0579e7a4f23993d973ab3ddc7bdd51bdd1fafbc25514859c724b	力可巴特            	accepted	Codex	full-20261006-main	2026-10-06	顯示層採用；不修改原版或存檔。
MAIN@IDA:4073:1A86	2b80efa525e9e010	2b80efa525e9e010215b9b99d5599499de9b9947fa8556682f40d70bbe4f881d	加诺巴特            	accepted	Codex	full-20261006-main	2026-10-06	顯示層採用；不修改原版或存檔。
MAIN@IDA:4073:1AEB	605e6d8b084e514e	605e6d8b084e514ecb7d6b04e05b44e9460ae2af66c2c4f2bb9346c8127c330a	狄斯雷特隐密的家    	accepted	Codex	full-20261006-main	2026-10-06	顯示層採用；不修改原版或存檔。
MAIN@IDA:4073:1B50	7cb7a290b6f109d1	7cb7a290b6f109d1718a7edc0b06846e4815d059ccc57c456460a7e5521b4fc2	法兰恩城            	accepted	Codex	full-20261006-main	2026-10-06	顯示層採用；不修改原版或存檔。
MAIN@IDA:4073:1BB5	af571e36d9913c49	af571e36d9913c49abd4c9031d6bc60c74c2b004388ca3f55b07e23513f07493	卡连兹要塞          	accepted	Codex	full-20261006-main	2026-10-06	顯示層採用；不修改原版或存檔。
MAIN@IDA:4073:1C1A	707aa1dab82feb9e	707aa1dab82feb9ee4c81c1fd407c7d6f5c7fc4feb859e24b5fee43072d88327	萨利诺马市          	accepted	Codex	full-20261006-main	2026-10-06	顯示層採用；不修改原版或存檔。
MAIN@IDA:4073:1C7F	1aaf3295611fc1b5	1aaf3295611fc1b56a225bba5e8ac5b7f0392ef0f9190fa72286096958f12418	瓦连要塞            	accepted	Codex	full-20261006-main	2026-10-06	顯示層採用；不修改原版或存檔。
MAIN@IDA:4073:1CE4	fbdc8e385c674638	fbdc8e385c6746386ab169ea6a0c3035f87916423eb0d7098ba5eb4f646e8241	卡南要塞            	accepted	Codex	full-20261006-main	2026-10-06	顯示層採用；不修改原版或存檔。
MAIN@IDA:4073:1D49	b61886e2b74ce3cb	b61886e2b74ce3cbb4f2789610b7a096673ea97049eab5a954ca4aab4b38c451	布雷姆市            	accepted	Codex	full-20261006-main	2026-10-06	顯示層採用；不修改原版或存檔。
MAIN@IDA:4073:1DAE	8cd5ae50f6060458	8cd5ae50f6060458546653f9261621b94d4809173c3451f28cd1dbf9e9b945db	巴达兰市            	accepted	Codex	full-20261006-main	2026-10-06	顯示層採用；不修改原版或存檔。
MAIN@IDA:4073:1E13	43e512dac680b457	43e512dac680b4575a71d934fb0814b4eccca9c63195573d9511c17fcc74020f	隆美斯要塞          	accepted	Codex	full-20261006-main	2026-10-06	顯示層採用；不修改原版或存檔。
MAIN@IDA:4073:1E78	ff4eaaf836c684f2	ff4eaaf836c684f20fefab29ffb679d38d78a8f9ff9a5bb08ab129a127a298b4	亚休华特城          	accepted	Codex	full-20261006-main	2026-10-06	顯示層採用；不修改原版或存檔。
MAIN@IDA:4073:1EDD	1e591146b870bc9d	1e591146b870bc9d3191b49e229d7c2a16c3a591af388ae7f94c45486085310f	普渥恩城塞都市      	accepted	Codex	full-20261006-main	2026-10-06	顯示層採用；不修改原版或存檔。
MAIN@IDA:4073:1F42	c03f37c5ca50859b	c03f37c5ca50859b916997a2b0ec48e8b8cdebc9b51406c6dad3ef63c2690260	雷米亚斯市          	accepted	Codex	full-20261006-main	2026-10-06	顯示層採用；不修改原版或存檔。
MAIN@IDA:4073:1FA7	ef2ab7c76d81c55b	ef2ab7c76d81c55b9b0da3e99f7d7e6dbdfc8e62a71422694a6bab6e3a90a9a1	奇亚兰要塞          	accepted	Codex	full-20261006-main	2026-10-06	顯示層採用；不修改原版或存檔。
MAIN@IDA:4073:200C	e30cd0965a80d453	e30cd0965a80d453c3a9b82cdeb4d9ad3722f353e11187cc1301b53c3288c74a	福伦崨要塞          	accepted	Codex	full-20261006-main	2026-10-06	顯示層採用；不修改原版或存檔。
MAIN@IDA:4073:2071	d4bc68950c23d18f	d4bc68950c23d18fc4e56c1c1a1025365b8e2e2ac02f0ad867d8087e37f12ac3	塔南市              	accepted	Codex	full-20261006-main	2026-10-06	顯示層採用；不修改原版或存檔。
MAIN@IDA:4073:20D6	a04f9a28bb16f586	a04f9a28bb16f5866b454cf0ae5520474b0e6980e1380d4deff11266e8301d11	布伦兰市            	accepted	Codex	full-20261006-main	2026-10-06	顯示層採用；不修改原版或存檔。
MAIN@IDA:4073:213B	ac3763fdd9626a86	ac3763fdd9626a86c3c91ff052442b336a7852a4bf73589ec978bff958821ead	亚曼市              	accepted	Codex	full-20261006-main	2026-10-06	顯示層採用；不修改原版或存檔。
MAIN@IDA:4073:21A0	1f04aa1ef175e7f1	1f04aa1ef175e7f1e4e0e9cf73ba2a8dd9ae39b11e369e9277747875d359d83f	阿雷姆城            	accepted	Codex	full-20261006-main	2026-10-06	顯示層採用；不修改原版或存檔。
MAIN@IDA:4073:2205	705674ec767ef07e	705674ec767ef07e5294da41674467ea32982e69ba3cdf857038bbefde4c6168	阿米伦特要塞        	accepted	Codex	full-20261006-main	2026-10-06	顯示層採用；不修改原版或存檔。
MAIN@IDA:4073:226A	07557ee2ee1c9f8a	07557ee2ee1c9f8af5ba59163be9a93eac6ff19e6b32abffc091ad089c9919e2	古利亚市            	accepted	Codex	full-20261006-main	2026-10-06	顯示層採用；不修改原版或存檔。
MAIN@IDA:4073:22CF	564ee25f62155fe3	564ee25f62155fe3e1ab17b6957765e44e38bc1672532d5f3875f8b4b3263210	帖塞‧亚克要塞      	accepted	Codex	full-20261006-main	2026-10-06	顯示層採用；不修改原版或存檔。
MAIN@IDA:4073:2334	57d36371ebebd959	57d36371ebebd959e54a5684d9ee5e27997adc9ecf82683b6e87570e56f2398e	吉尔‧亚克要塞      	accepted	Codex	full-20261006-main	2026-10-06	顯示層採用；不修改原版或存檔。
MAIN@IDA:4073:2399	4c1fe9c5b85aaf9b	4c1fe9c5b85aaf9b133cc9d9318858cdd7ce4111e77093f415b0ec79df7c03b5	斯雷依‧海德要塞    	accepted	Codex	full-20261006-main	2026-10-06	顯示層採用；不修改原版或存檔。
MAIN@IDA:4073:23FE	6c7482f299a5495c	6c7482f299a5495c875886bab07f064c48f016a19f420e851419e4a0ae32be89	帖雷姆市            	accepted	Codex	full-20261006-main	2026-10-06	顯示層採用；不修改原版或存檔。
MAIN@IDA:4073:2463	fd021c56e9091d54	fd021c56e9091d541f212bff20d5d0d7394cb90aa9980f517ffd0236ba8d3b17	亥狄诺斯要塞        	accepted	Codex	full-20261006-main	2026-10-06	顯示層採用；不修改原版或存檔。
MAIN@IDA:4073:24C8	c1bbcbcd213b4933	c1bbcbcd213b49334e5f517807c396b974e45f3c5a7de97b73eb62d6582bf5b7	阿鲁‧塔利福市      	accepted	Codex	full-20261006-main	2026-10-06	顯示層採用；不修改原版或存檔。
MAIN@IDA:4073:252D	c6fc9b285c852a06	c6fc9b285c852a06652fae8e87ae77881bab443e0950b0e1a5615010bc04ca5d	吉雅士‧塔利福市    	accepted	Codex	full-20261006-main	2026-10-06	顯示層採用；不修改原版或存檔。
MAIN@IDA:4073:2592	9bc348f68d60dfb7	9bc348f68d60dfb7ffe8b85ba193bf2e9cf0b95c984d38b08e9c37342b36cefd	兰吉雅市            	accepted	Codex	full-20261006-main	2026-10-06	顯示層採用；不修改原版或存檔。
MAIN@IDA:4073:25F7	50e3263c5b6343b2	50e3263c5b6343b2e6cddadfff2ef0ce04edf9ebc65dc3ce5ef40dfb7f5672aa	美菲亚市            	accepted	Codex	full-20261006-main	2026-10-06	顯示層採用；不修改原版或存檔。
MAIN@IDA:4073:265C	6f7063b9f6a7ee3e	6f7063b9f6a7ee3e94f0ddd298c6f58dac55cc6ed75a866f0bcfb4023cfdfbd4	克伦德鲁城          	accepted	Codex	full-20261006-main	2026-10-06	顯示層採用；不修改原版或存檔。
MAIN@IDA:4073:26C1	6f9770466b6ea201	6f9770466b6ea201dd58783b0b30c496b49d2eb6b54a3dec6f9b818a3f11f5b6	卡的德鲁城          	accepted	Codex	full-20261006-main	2026-10-06	顯示層採用；不修改原版或存檔。
MAIN@IDA:4073:2726	a0262fff76dd4323	a0262fff76dd43230a036c6708c56a1ac57fa4dbd5555a20fed6294f7eab4d35	贝亚德鲁城          	accepted	Codex	full-20261006-main	2026-10-06	顯示層採用；不修改原版或存檔。
MAIN@IDA:4073:278B	ed53bfe9c91c16b4	ed53bfe9c91c16b493ccf310224c9af7a6a0d3b58a44d60be594640c10f47846	狄斯特德鲁城        	accepted	Codex	full-20261006-main	2026-10-06	顯示層採用；不修改原版或存檔。
MAIN@IDA:4073:27F0	83cfe5e1e4d20dd7	83cfe5e1e4d20dd7a2fcd7f3aa6700fd2df3fb21d0781e8ea364d6203ce3ec48	鲁雷恩城            	accepted	Codex	full-20261006-main	2026-10-06	顯示層採用；不修改原版或存檔。
MAIN@IDA:4073:2855	de9a0d45e446775b	de9a0d45e446775b31daf5b4522354da8c162f0bab3973a75dd51c63f1f74093	桥头堡              	accepted	Codex	full-20261006-main	2026-10-06	顯示層採用；不修改原版或存檔。
MAIN@IDA:4073:28BC	a0eacd77bc8166a8	a0eacd77bc8166a8260e0ec591c82fbd526b8b6df0cf953321035f993229e017	拜亚兰斯    	accepted	Codex	full-20261006-main	2026-10-06	顯示層採用；不修改原版或存檔。
MAIN@IDA:4073:2BCF	5dce641a45715ecb	5dce641a45715ecb1cee6d90865789bcfaf8c9dbec954e39afbe072889420347		keep	Codex	full-20261006-main	2026-10-06	原始來源未解，保留原版顯示。
MAIN@IDA:4073:2BF4	520b14e70b7a563e	520b14e70b7a563e1c3a5b846a821c362b3a38b7ca05cd3046c2e781c4989ab2	莫洛‧迪南多    	accepted	Codex	full-20261006-main	2026-10-06	顯示層採用；不修改原版或存檔。
MAIN@IDA:4073:2D5D	57b7a24fb8192c84	57b7a24fb8192c84ddae4d2c540d637594b611fd19a833c5c9b17be381d4d5ca	迪南多第２佣兵团    	accepted	Codex	full-20261006-main	2026-10-06	顯示層採用；不修改原版或存檔。
MAIN@IDA:4073:2D72	cd9ffac2eef994a3	cd9ffac2eef994a390b1820d60bd9890d4381a2149a9c2a1e812ea698b2e9eb7	杰西‧亚哲鲁    	accepted	Codex	full-20261006-main	2026-10-06	顯示層採用；不修改原版或存檔。
MAIN@IDA:4073:2EDB	d91ed3a8e4bd62b7	d91ed3a8e4bd62b70dcd52e43ebe4f77ca84cd9c92e8de3e8a9e10ec52f9b416	雷姆武装商团        	accepted	Codex	full-20261006-main	2026-10-06	顯示層採用；不修改原版或存檔。
MAIN@IDA:4073:2EF0	c440b4702688ca90	c440b4702688ca90040ba64e5f9c3e56aabb3873ff933a49c8979ed313d9ac47	铁卢姆‧雷姆    	accepted	Codex	full-20261006-main	2026-10-06	顯示層採用；不修改原版或存檔。
MAIN@IDA:4073:3059	c22a49807881595f	c22a49807881595f0dfbcf9a4bc071d17529ef0b0f99a8b1df84f82562ce2255	多明妮等一行人      	accepted	Codex	full-20261006-main	2026-10-06	顯示層採用；不修改原版或存檔。
MAIN@IDA:4073:306E	62363929c3c7e57b	62363929c3c7e57b5fbf7e298529f81a5bf8d0c46874e1d5296bcccfb23c67dd	露‧多明妮      	accepted	Codex	full-20261006-main	2026-10-06	顯示層採用；不修改原版或存檔。
MAIN@IDA:4073:31D7	d5db3ea19ac63e0b	d5db3ea19ac63e0bac1794026daa741a790e5cb846f922b42be01a48d0cb68dd	迪诗蕾德舞踊团      	accepted	Codex	full-20261006-main	2026-10-06	顯示層採用；不修改原版或存檔。
MAIN@IDA:4073:31EC	fbd58d682e095367	fbd58d682e0953679b16e125b6f175c7a4fd5bc3068a8270980114e435da3e83	迪诗蕾德        	accepted	Codex	full-20261006-main	2026-10-06	顯示層採用；不修改原版或存檔。
MAIN@IDA:4073:3355	8ba8165b11754e4b	8ba8165b11754e4b67ea46b8978819534217320441baee9e6387accb151fe9f0	波鲁斯曼枪兵团      	accepted	Codex	full-20261006-main	2026-10-06	顯示層採用；不修改原版或存檔。
MAIN@IDA:4073:336A	f86b4746a3366f14	f86b4746a3366f14f1d7dfbb95591bfe6aff292d5f1bcac9c0d44f2bf50120f2	波鲁斯曼        	accepted	Codex	full-20261006-main	2026-10-06	顯示層採用；不修改原版或存檔。
MAIN@IDA:4073:37EB	f8fff440aebc6d00	f8fff440aebc6d00da7aa6244dc19bc1daa3731c1a28d80770e9a8362c5a1824	普罗鲁夫特佣兵团    	accepted	Codex	full-20261006-main	2026-10-06	顯示層採用；不修改原版或存檔。
MAIN@IDA:4073:383C	2bb230fe7d48f2b6	2bb230fe7d48f2b64740a12d4a32f03a81168c20078b4419353534d3853bae54	费亚邦克斯佣兵团    	accepted	Codex	full-20261006-main	2026-10-06	顯示層採用；不修改原版或存檔。
MAIN@IDA:4073:388D	c82b5114fda9285b	c82b5114fda9285b1bde6b51804ff76f3f66106678e34f2ebcf98801aa3a0c64	鲁赫克自由骑士团    	accepted	Codex	full-20261006-main	2026-10-06	顯示層採用；不修改原版或存檔。
MAIN@IDA:4073:38DE	cbd37d0a92fccda5	cbd37d0a92fccda5f1acbff696584c20729a064ffba2653c2a601a5b3723cf47	阿德古谢鲁枪团      	accepted	Codex	full-20261006-main	2026-10-06	顯示層採用；不修改原版或存檔。
MAIN@IDA:4073:392F	abc4e74026802d02	abc4e74026802d02ea43a19cad104856aeb9cf4f56e4e2464126ca3d4891aac3	卡恩德佣兵队        	accepted	Codex	full-20261006-main	2026-10-06	顯示層採用；不修改原版或存檔。
MAIN@IDA:4073:3980	2db4d5e8f591a5f4	2db4d5e8f591a5f43ff0f40d1a8f7b4ced870eac7392c876c809cef1143c134b	王室警护第１旅团    	accepted	Codex	full-20261006-main	2026-10-06	顯示層採用；不修改原版或存檔。
MAIN@IDA:4073:39D1	6b0a562b5523dc53	6b0a562b5523dc53e12ded79e844a54a484420a6f45cfdc6b379c55b06c2efe8	王室警护第２旅团    	accepted	Codex	full-20261006-main	2026-10-06	顯示層採用；不修改原版或存檔。
MAIN@IDA:4073:3A22	c80b91141a5e6751	c80b91141a5e6751f675cb8a3593028468c38fc9658042501090cf0bac6535c3	王室警护第３旅团    	accepted	Codex	full-20261006-main	2026-10-06	顯示層採用；不修改原版或存檔。
MAIN@IDA:4073:3A73	cc498e5aa6b6a52f	cc498e5aa6b6a52f5895799d839033b688a8178b9919b400b909595eb2b08e59	王室警护第４旅团    	accepted	Codex	full-20261006-main	2026-10-06	顯示層採用；不修改原版或存檔。
MAIN@IDA:4073:3AC4	1a8d0a5b96fddaae	1a8d0a5b96fddaae25e1a4a867c4fba904eb9943b5812f5c92dc47550d6a1899	雷兹尼亚克银狼师团  	accepted	Codex	full-20261006-main	2026-10-06	顯示層採用；不修改原版或存檔。
MAIN@IDA:4073:3B15	59f7064fa471b42d	59f7064fa471b42d773f22daeadc7074b81dbde193469dbbd5bad971fb65d9f0	雷兹尼亚克赤狼师团  	accepted	Codex	full-20261006-main	2026-10-06	顯示層採用；不修改原版或存檔。
MAIN@IDA:4073:3B66	6ef2b00cea41cd5e	6ef2b00cea41cd5eebc5c6229d39d8dedbb16efdc9e13205b216d5db667f3e74	多斯特赤师团第１大队	accepted	Codex	full-20261006-main	2026-10-06	顯示層採用；不修改原版或存檔。
MAIN@IDA:4073:3BB7	14004462200977cf	14004462200977cf6ed5859a4a90bd22dfb1e968408cbbdc4be1aac87b7288aa	多斯特赤师团第２大队	accepted	Codex	full-20261006-main	2026-10-06	顯示層採用；不修改原版或存檔。
MAIN@IDA:4073:3C08	4118024a792990e4	4118024a792990e4e7841bfec162c4554df8ab657ffdab8aa759ed1e92781758	多斯特赤师团第３大队	accepted	Codex	full-20261006-main	2026-10-06	顯示層採用；不修改原版或存檔。
MAIN@IDA:4073:3C59	9f9374b4a4607ec2	9f9374b4a4607ec26f8b2f562eeeb3f256900a649051c223b7dddbffbbcdaf76	多斯特赤师团第４大队	accepted	Codex	full-20261006-main	2026-10-06	顯示層採用；不修改原版或存檔。
MAIN@IDA:4073:3CAA	280d7aab8e00eb6e	280d7aab8e00eb6e4e674c5ded75019291791cd378257c6b3ef3c65655f7abd3	德美尔青师团第１大队	accepted	Codex	full-20261006-main	2026-10-06	顯示層採用；不修改原版或存檔。
MAIN@IDA:4073:3CFB	ed26d46de0023f52	ed26d46de0023f52ce074f66b2bf7a3404c4da55eb7264e0537ba71ea145aa27	德美尔青师团第２大队	accepted	Codex	full-20261006-main	2026-10-06	顯示層採用；不修改原版或存檔。
MAIN@IDA:4073:3D4C	d336eb6fda98ada7	d336eb6fda98ada7775856c97a78505d3710bddb68841c9bd121152a13fd3ae5	德美尔青师团第３大队	accepted	Codex	full-20261006-main	2026-10-06	顯示層採用；不修改原版或存檔。
MAIN@IDA:4073:3D9D	e3c0bf6ac785d718	e3c0bf6ac785d7189ac53848ab62fa4ca64125a8d750eec796b0cf85692ef65c	德美尔青师团第４大队	accepted	Codex	full-20261006-main	2026-10-06	顯示層採用；不修改原版或存檔。
MAIN@IDA:4073:3DEE	07d7194df2d91ec9	07d7194df2d91ec9aca12a54887126e38708cbcc5f5744bbdc5d296265f15796	布拉奇亚陆军第１师团	accepted	Codex	full-20261006-main	2026-10-06	顯示層採用；不修改原版或存檔。
MAIN@IDA:4073:3E3F	cb046197952c07c6	cb046197952c07c691736e071a16c09857b0031597ab1ea2c56b9aa0a7262f6f	布拉奇亚陆军第２师团	accepted	Codex	full-20261006-main	2026-10-06	顯示層採用；不修改原版或存檔。
MAIN@IDA:4073:3E90	1c36082cddc14816	1c36082cddc1481664ecb23d4b209cd409143f04336128a3203c80bda09c564b	布拉奇亚陆军第３师团	accepted	Codex	full-20261006-main	2026-10-06	顯示層採用；不修改原版或存檔。
MAIN@IDA:4073:3EE1	c3140512e2abea94	c3140512e2abea94ee6ee6c99f5b66573955068acd3033f1d107481e0f4c7bd2	布拉奇亚陆军第４师团	accepted	Codex	full-20261006-main	2026-10-06	顯示層採用；不修改原版或存檔。
MAIN@IDA:4073:3F32	4aae35aff7066ac6	4aae35aff7066ac63c79107b2df5fdda94a0bbd521bbb22c7392fda447ffa81d	布拉奇亚陆军第５师团	accepted	Codex	full-20261006-main	2026-10-06	顯示層採用；不修改原版或存檔。
MAIN@IDA:4073:3F83	16d91cb0231c7275	16d91cb0231c727524e530e335c6e95a7fba1f0dc6fc0c4eac4a95b010fd47f3	布拉奇亚陆军第６师团	accepted	Codex	full-20261006-main	2026-10-06	顯示層採用；不修改原版或存檔。
MAIN@IDA:4073:3FD4	71537a98f494212e	71537a98f494212ec54c68e561e6ca5d59a39bdd1f673bc16d1692be9e2ff160	布拉奇亚第１近卫兵团	accepted	Codex	full-20261006-main	2026-10-06	顯示層採用；不修改原版或存檔。
MAIN@IDA:4073:4025	e2692243e20118d9	e2692243e20118d969c29c30242cf39c52218b728622381b68e7ff0ea5ef3df0	布拉奇亚第２近卫兵团	accepted	Codex	full-20261006-main	2026-10-06	顯示層採用；不修改原版或存檔。
MAIN@IDA:4073:4076	f39f618a15579a47	f39f618a15579a47a9709f2808c728148f41dd2b25459451c88b7a3c39517dd5	卡帝佣兵队          	accepted	Codex	full-20261006-main	2026-10-06	顯示層採用；不修改原版或存檔。
MAIN@IDA:4073:40C7	40c900ff259bc22a	40c900ff259bc22aad8be7bd0b51bcc55ec76961dbb629949dfcc0a941c67d50	布拉奇亚亲卫队      	accepted	Codex	full-20261006-main	2026-10-06	顯示層採用；不修改原版或存檔。
MAIN@IDA:4073:4118	566ee95477d894e9	566ee95477d894e9d740560e0a7a10461c3acf42c188a46b8c527c744c5c2bf6	天普拉利部队０      	accepted	Codex	full-20261006-main	2026-10-06	顯示層採用；不修改原版或存檔。
MAIN@IDA:4073:4169	7c612a367118fb65	7c612a367118fb65b23dbc9d32f009a9796ff44c23316db0303b2d2e94eba8ab	天普拉利部队１      	accepted	Codex	full-20261006-main	2026-10-06	顯示層採用；不修改原版或存檔。
MAIN@IDA:4073:41BA	9819e55e5dcb9b9e	9819e55e5dcb9b9e962eb85311e3e07cf5acb27ce6c298b3cb22b32351fbd8b8	天普拉利部队２      	accepted	Codex	full-20261006-main	2026-10-06	顯示層採用；不修改原版或存檔。
MAIN@IDA:4073:420B	5a0c94e98131d1c1	5a0c94e98131d1c17b68b7809d8f9b3f5d3b0261490e1d22d67cce3039a35620	天普拉利部队３      	accepted	Codex	full-20261006-main	2026-10-06	顯示層採用；不修改原版或存檔。
MAIN@IDA:4073:425C	af1c198d8c016bc6	af1c198d8c016bc645a1a61f3612e129abe14f120c973aa01241cbdc163d147e	天普拉利部队４      	accepted	Codex	full-20261006-main	2026-10-06	顯示層採用；不修改原版或存檔。
MAIN@IDA:4073:42AD	b8fee75a87b9b67a	b8fee75a87b9b67aab508baee841858097c8d8e479f9671b7695700766e9f040	天普拉利部队５      	accepted	Codex	full-20261006-main	2026-10-06	顯示層採用；不修改原版或存檔。
MAIN@IDA:4073:42FE	60681f25c875f561	60681f25c875f5615a0fe8d27b986fcdc9bbca6d4dfd5dda92f85b704a0a0524	天普拉利部队６      	accepted	Codex	full-20261006-main	2026-10-06	顯示層採用；不修改原版或存檔。
MAIN@IDA:4073:434F	ca1501c617593518	ca1501c6175935180a7ad4e9e062cfc3a7b002da3159eecee7930867635ef78c	天普拉利部队７      	accepted	Codex	full-20261006-main	2026-10-06	顯示層採用；不修改原版或存檔。
MAIN@IDA:4073:43A0	9b66942f99ecc9d4	9b66942f99ecc9d4a242f195c7669c6fab495cd198944193e03151d87b75eb6b	天普拉利部队８      	accepted	Codex	full-20261006-main	2026-10-06	顯示層採用；不修改原版或存檔。
MAIN@IDA:4073:43F1	17993e1412461d25	17993e1412461d25822dad92b1e8398ed51401cf5bfd45ae5d0d8b8f8a7b0ab7	天普拉利部队９      	accepted	Codex	full-20261006-main	2026-10-06	顯示層採用；不修改原版或存檔。
MAIN@IDA:4073:4442	62d3ef17ad1a029b	62d3ef17ad1a029b925adb391cdf8f27f1d2b144d0febd94825fa2bda5f55354	天普拉利部队１０    	accepted	Codex	full-20261006-main	2026-10-06	顯示層採用；不修改原版或存檔。
MAIN@IDA:4073:4493	51f665ecbc45d212	51f665ecbc45d212cedbd150b2df74558ef3904e4a30836436710d389f8add24	天普拉利部队１１    	accepted	Codex	full-20261006-main	2026-10-06	顯示層採用；不修改原版或存檔。
MAIN@IDA:4073:44E4	f19b699b3c055957	f19b699b3c0559571694499cc8f51a4307d2b952e60352a70a68cee60b4b3eef	天普拉利部队１２    	accepted	Codex	full-20261006-main	2026-10-06	顯示層採用；不修改原版或存檔。
MAIN@IDA:4073:4535	2d9ed3fcb2554776	2d9ed3fcb2554776e8b18a814c4104238f3c1b332cb66665df60725d6242c137	天普拉利部队１３    	accepted	Codex	full-20261006-main	2026-10-06	顯示層採用；不修改原版或存檔。
MAIN@IDA:4073:4586	ac2b36a43ec6b861	ac2b36a43ec6b861870b1210315b841d156088e437f44d3c79e1f6e4829b45ec	天普拉利部队１４    	accepted	Codex	full-20261006-main	2026-10-06	顯示層採用；不修改原版或存檔。
MAIN@IDA:4073:45D7	cae48354701fc106	cae48354701fc106b4fdecabc843a56cf1c4dff67f5c4e90214e7bc5ef5333c9	天普拉利部队１５    	accepted	Codex	full-20261006-main	2026-10-06	顯示層採用；不修改原版或存檔。
MAIN@IDA:4073:4628	3021e55b93aa123e	3021e55b93aa123eccf24407b7a837859608569332983f62d872e4cfede99610	天普拉利部队１６    	accepted	Codex	full-20261006-main	2026-10-06	顯示層採用；不修改原版或存檔。
MAIN@IDA:4073:4679	7e33bb2e3e92d92d	7e33bb2e3e92d92d75673890e141ebb1b0268f11cc143e2db4034e2650f96040	天普拉利部队１７    	accepted	Codex	full-20261006-main	2026-10-06	顯示層採用；不修改原版或存檔。
MAIN@IDA:4073:46CA	64c24e91a7130e56	64c24e91a7130e56edf653ceba6a83651aee7881e655da888560064c7142819b	天普拉利部队１８    	accepted	Codex	full-20261006-main	2026-10-06	顯示層採用；不修改原版或存檔。
MAIN@IDA:4073:471B	0a877be9a628015a	0a877be9a628015aff6504a1527ed7f0f35ec4a241c330312d1c93bfadc54723	天普拉利部队１９    	accepted	Codex	full-20261006-main	2026-10-06	顯示層採用；不修改原版或存檔。
MAIN@IDA:4073:476C	b7b94dce3a29b657	b7b94dce3a29b657ce6a9785bf85f5aaeeef801d42a854f7ab844ab2311a02ea	天普拉利部队２０    	accepted	Codex	full-20261006-main	2026-10-06	顯示層採用；不修改原版或存檔。
MAIN@IDA:4073:47BD	eb43e8dcc909afce	eb43e8dcc909afce40dc758219e0098c5b0c432eaa8b6fccbde872daebb3cd85	天普拉利部队２１    	accepted	Codex	full-20261006-main	2026-10-06	顯示層採用；不修改原版或存檔。
MAIN@IDA:4073:480E	bd9dc33c8bb71ce7	bd9dc33c8bb71ce7cbebebcbd19b6dd1218d96be5b86ffe3551ec4953875d361	天普拉利部队２２    	accepted	Codex	full-20261006-main	2026-10-06	顯示層採用；不修改原版或存檔。
MAIN@IDA:4073:485F	40778e7ffe217e40	40778e7ffe217e40ba492d456d7f642c648b5b522af1436a98ded757584a9215	天普拉利部队２３    	accepted	Codex	full-20261006-main	2026-10-06	顯示層採用；不修改原版或存檔。
MAIN@IDA:4073:48B0	e6efbe5d287e6d0c	e6efbe5d287e6d0c994a3746c688171c990ce46fb41a4d3d741efcac3f48cfab	天普拉利部队２４    	accepted	Codex	full-20261006-main	2026-10-06	顯示層採用；不修改原版或存檔。
MAIN@IDA:4073:4901	2a0fa320610995fc	2a0fa320610995fc43e9cd3f50e6bc67f46d8d10f06f9c3a15389897b6b4fb11	天普拉利部队２５    	accepted	Codex	full-20261006-main	2026-10-06	顯示層採用；不修改原版或存檔。
MAIN@IDA:4073:4952	d19e6875f89420cc	d19e6875f89420cc4cbc086198950a27d980f83b3acd8730172c7c63a4c73ab8	天普拉利部队２６    	accepted	Codex	full-20261006-main	2026-10-06	顯示層採用；不修改原版或存檔。
MAIN@IDA:4073:49A3	9ad7b2ec93b4c17c	9ad7b2ec93b4c17c01270c6417a814c6acbc6e18f0f5ec64bbcae13ff9e5837c	天普拉利部队２７    	accepted	Codex	full-20261006-main	2026-10-06	顯示層採用；不修改原版或存檔。
MAIN@IDA:4073:49F4	55db5f8bf27ac228	55db5f8bf27ac2284f59fc6fff248a618649bd7c44b04bdcf36df4a72cb2c0db	天普拉利部队２８    	accepted	Codex	full-20261006-main	2026-10-06	顯示層採用；不修改原版或存檔。
MAIN@IDA:4073:4A45	0e95a58caa3747b3	0e95a58caa3747b33e9b6cf85f0e49a014d5f9e741d67a6ef8564e263e0b08a6	天普拉利部队２９    	accepted	Codex	full-20261006-main	2026-10-06	顯示層採用；不修改原版或存檔。
MAIN@IDA:4073:4A96	829dbc03ca6f1068	829dbc03ca6f1068c25912c5a9c31561462e08c0ec84f35ce7f74f28cc2d8305	天普拉利部队３０    	accepted	Codex	full-20261006-main	2026-10-06	顯示層採用；不修改原版或存檔。
MAIN@IDA:4073:4AE7	9aa8146045d24963	9aa8146045d24963b5509e12c11b08d90e888db964a8ec5c26834f603b06ec66	天普拉利部队３１    	accepted	Codex	full-20261006-main	2026-10-06	顯示層採用；不修改原版或存檔。
MAIN@IDA:4073:4B38	a4ca23639ecdc146	a4ca23639ecdc146d408b60afb649444d2e7b17b32b3ec157f2c7cfd849c9ea6	天普拉利部队３２    	accepted	Codex	full-20261006-main	2026-10-06	顯示層採用；不修改原版或存檔。
MAIN@IDA:4073:4B89	b4a2b4745d047963	b4a2b4745d04796321f5505c3dbb857dfec5570a4f8d88156101615f5ba84070	天普拉利部队３３    	accepted	Codex	full-20261006-main	2026-10-06	顯示層採用；不修改原版或存檔。
MAIN@IDA:4073:4BDA	cfcd850cf90bf89d	cfcd850cf90bf89d411af4172f97f308cca7b7cb1e619a641dea89491a8869bd	天普拉利部队３４    	accepted	Codex	full-20261006-main	2026-10-06	顯示層採用；不修改原版或存檔。
MAIN@IDA:4073:4C2B	7ff0ebdd9bf1e9fb	7ff0ebdd9bf1e9fb4503c4177380d512e1e1d522b3e24a00cc2fba57a8799744	天普拉利部队３５    	accepted	Codex	full-20261006-main	2026-10-06	顯示層採用；不修改原版或存檔。
MAIN@IDA:4073:4C7C	24e47e4d1a8f7984	24e47e4d1a8f798461f257618ace05d2b4d0d76dc5f8cf83add7e2ceb1f48122	天普拉利部队３６    	accepted	Codex	full-20261006-main	2026-10-06	顯示層採用；不修改原版或存檔。
MAIN@IDA:4073:4CCD	84fe589805766f70	84fe589805766f7041c96704a8e02e51087c59933fa87cf1e8ec09cfdf3e5d3f	天普拉利部队３７    	accepted	Codex	full-20261006-main	2026-10-06	顯示層採用；不修改原版或存檔。
MAIN@IDA:4073:4D1E	7974082b597c308b	7974082b597c308bf52b0d8074e3a353fa297704109cd792ec5f90c944937c8e	天普拉利部队３８    	accepted	Codex	full-20261006-main	2026-10-06	顯示層採用；不修改原版或存檔。
MAIN@IDA:4073:4D6F	91cc9368beeba875	91cc9368beeba8753b4fc07d4ba4eef3f67a1369dfbf23d30bba387922c284ca	天普拉利部队３９    	accepted	Codex	full-20261006-main	2026-10-06	顯示層採用；不修改原版或存檔。
MAIN@IDA:4073:4DC2	a16f5ebb9bec349a	a16f5ebb9bec349aa274639b4dba73bdc7d1221f21f5c9925668f6559fefbb7d	普罗鲁夫特分遣队１  	accepted	Codex	full-20261006-main	2026-10-06	顯示層採用；不修改原版或存檔。
MAIN@IDA:4073:4E13	f9568c24a8dc4eeb	f9568c24a8dc4eebae403597b2b95c7e158f6ab914feccfdc96b39e40b07c0a7	普罗鲁夫特分遣队２  	accepted	Codex	full-20261006-main	2026-10-06	顯示層採用；不修改原版或存檔。
MAIN@IDA:4073:4E64	62cb723c4802beef	62cb723c4802beef490eff3edce2f36109672e1af35a74b9cce9c2be9e8ae95e	费亚邦克斯Ａ小队    	accepted	Codex	full-20261006-main	2026-10-06	顯示層採用；不修改原版或存檔。
MAIN@IDA:4073:4EB5	e5f4ecf82cf9e396	e5f4ecf82cf9e3961790cd038a80ebff788312c5d80d5fd64a975851cdb7a26c	费亚邦克斯Ｂ小队    	accepted	Codex	full-20261006-main	2026-10-06	顯示層採用；不修改原版或存檔。
MAIN@IDA:4073:4F06	fa743854e7714065	fa743854e7714065af3a6a7f27bb6cff1d9cd53985c995cbf9597ca506805e6a	鲁赫克骑士队        	accepted	Codex	full-20261006-main	2026-10-06	顯示層採用；不修改原版或存檔。
MAIN@IDA:4073:4F57	a6c556e2e9a03cf3	a6c556e2e9a03cf388fef8936de8cde1f68267523c69540c90ccc5787fa6fee1	鲁赫克予备小队      	accepted	Codex	full-20261006-main	2026-10-06	顯示層採用；不修改原版或存檔。
MAIN@IDA:4073:4FA8	1730ae711efeba75	1730ae711efeba75aa4c9f5f1bb39ba93a9cb79ec0a4760daa42ed2f1d61a3ec	阿德古谢鲁第１枪士团	accepted	Codex	full-20261006-main	2026-10-06	顯示層採用；不修改原版或存檔。
MAIN@IDA:4073:4FF9	438b282f82189e74	438b282f82189e748f2c7b856395b0f98fba609d7216f7ec0be45697eaa8a1a4	阿德古谢鲁第２枪士团	accepted	Codex	full-20261006-main	2026-10-06	顯示層採用；不修改原版或存檔。
MAIN@IDA:4073:504A	51991d984a78a4d7	51991d984a78a4d7bc9b75c35a56bf1d50327e37fbb1e90323b4b5da82b6819d	卡恩德第１长枪小队  	accepted	Codex	full-20261006-main	2026-10-06	顯示層採用；不修改原版或存檔。
MAIN@IDA:4073:509B	648446168f8b51a1	648446168f8b51a14696478a51e1f311855ae0413eccdaec49b40df2fdeb87bb	卡恩德第２长枪小队  	accepted	Codex	full-20261006-main	2026-10-06	顯示層採用；不修改原版或存檔。
MAIN@IDA:4073:50EC	2db4d5e8f591a5f4	2db4d5e8f591a5f43ff0f40d1a8f7b4ced870eac7392c876c809cef1143c134b	王室警护第１旅团    	accepted	Codex	full-20261006-main	2026-10-06	顯示層採用；不修改原版或存檔。
MAIN@IDA:4073:513D	6b0a562b5523dc53	6b0a562b5523dc53e12ded79e844a54a484420a6f45cfdc6b379c55b06c2efe8	王室警护第２旅团    	accepted	Codex	full-20261006-main	2026-10-06	顯示層採用；不修改原版或存檔。
MAIN@IDA:4073:518E	c80b91141a5e6751	c80b91141a5e6751f675cb8a3593028468c38fc9658042501090cf0bac6535c3	王室警护第３旅团    	accepted	Codex	full-20261006-main	2026-10-06	顯示層採用；不修改原版或存檔。
MAIN@IDA:4073:51DF	cc498e5aa6b6a52f	cc498e5aa6b6a52f5895799d839033b688a8178b9919b400b909595eb2b08e59	王室警护第４旅团    	accepted	Codex	full-20261006-main	2026-10-06	顯示層採用；不修改原版或存檔。
MAIN@IDA:4073:5230	1a8d0a5b96fddaae	1a8d0a5b96fddaae25e1a4a867c4fba904eb9943b5812f5c92dc47550d6a1899	雷兹尼亚克银狼师团  	accepted	Codex	full-20261006-main	2026-10-06	顯示層採用；不修改原版或存檔。
MAIN@IDA:4073:5281	59f7064fa471b42d	59f7064fa471b42d773f22daeadc7074b81dbde193469dbbd5bad971fb65d9f0	雷兹尼亚克赤狼师团  	accepted	Codex	full-20261006-main	2026-10-06	顯示層採用；不修改原版或存檔。
MAIN@IDA:4073:52D2	6ef2b00cea41cd5e	6ef2b00cea41cd5eebc5c6229d39d8dedbb16efdc9e13205b216d5db667f3e74	多斯特赤师团第１大队	accepted	Codex	full-20261006-main	2026-10-06	顯示層採用；不修改原版或存檔。
MAIN@IDA:4073:5323	14004462200977cf	14004462200977cf6ed5859a4a90bd22dfb1e968408cbbdc4be1aac87b7288aa	多斯特赤师团第２大队	accepted	Codex	full-20261006-main	2026-10-06	顯示層採用；不修改原版或存檔。
MAIN@IDA:4073:5374	4118024a792990e4	4118024a792990e4e7841bfec162c4554df8ab657ffdab8aa759ed1e92781758	多斯特赤师团第３大队	accepted	Codex	full-20261006-main	2026-10-06	顯示層採用；不修改原版或存檔。
MAIN@IDA:4073:53C5	9f9374b4a4607ec2	9f9374b4a4607ec26f8b2f562eeeb3f256900a649051c223b7dddbffbbcdaf76	多斯特赤师团第４大队	accepted	Codex	full-20261006-main	2026-10-06	顯示層採用；不修改原版或存檔。
MAIN@IDA:4073:5416	280d7aab8e00eb6e	280d7aab8e00eb6e4e674c5ded75019291791cd378257c6b3ef3c65655f7abd3	德美尔青师团第１大队	accepted	Codex	full-20261006-main	2026-10-06	顯示層採用；不修改原版或存檔。
MAIN@IDA:4073:5467	ed26d46de0023f52	ed26d46de0023f52ce074f66b2bf7a3404c4da55eb7264e0537ba71ea145aa27	德美尔青师团第２大队	accepted	Codex	full-20261006-main	2026-10-06	顯示層採用；不修改原版或存檔。
MAIN@IDA:4073:54B8	d336eb6fda98ada7	d336eb6fda98ada7775856c97a78505d3710bddb68841c9bd121152a13fd3ae5	德美尔青师团第３大队	accepted	Codex	full-20261006-main	2026-10-06	顯示層採用；不修改原版或存檔。
MAIN@IDA:4073:5509	e3c0bf6ac785d718	e3c0bf6ac785d7189ac53848ab62fa4ca64125a8d750eec796b0cf85692ef65c	德美尔青师团第４大队	accepted	Codex	full-20261006-main	2026-10-06	顯示層採用；不修改原版或存檔。
MAIN@IDA:4073:555A	07d7194df2d91ec9	07d7194df2d91ec9aca12a54887126e38708cbcc5f5744bbdc5d296265f15796	布拉奇亚陆军第１师团	accepted	Codex	full-20261006-main	2026-10-06	顯示層採用；不修改原版或存檔。
MAIN@IDA:4073:55AB	cb046197952c07c6	cb046197952c07c691736e071a16c09857b0031597ab1ea2c56b9aa0a7262f6f	布拉奇亚陆军第２师团	accepted	Codex	full-20261006-main	2026-10-06	顯示層採用；不修改原版或存檔。
MAIN@IDA:4073:55FC	1c36082cddc14816	1c36082cddc1481664ecb23d4b209cd409143f04336128a3203c80bda09c564b	布拉奇亚陆军第３师团	accepted	Codex	full-20261006-main	2026-10-06	顯示層採用；不修改原版或存檔。
MAIN@IDA:4073:564D	c3140512e2abea94	c3140512e2abea94ee6ee6c99f5b66573955068acd3033f1d107481e0f4c7bd2	布拉奇亚陆军第４师团	accepted	Codex	full-20261006-main	2026-10-06	顯示層採用；不修改原版或存檔。
MAIN@IDA:4073:569E	4aae35aff7066ac6	4aae35aff7066ac63c79107b2df5fdda94a0bbd521bbb22c7392fda447ffa81d	布拉奇亚陆军第５师团	accepted	Codex	full-20261006-main	2026-10-06	顯示層採用；不修改原版或存檔。
MAIN@IDA:4073:56EF	16d91cb0231c7275	16d91cb0231c727524e530e335c6e95a7fba1f0dc6fc0c4eac4a95b010fd47f3	布拉奇亚陆军第６师团	accepted	Codex	full-20261006-main	2026-10-06	顯示層採用；不修改原版或存檔。
MAIN@IDA:4073:5740	71537a98f494212e	71537a98f494212ec54c68e561e6ca5d59a39bdd1f673bc16d1692be9e2ff160	布拉奇亚第１近卫兵团	accepted	Codex	full-20261006-main	2026-10-06	顯示層採用；不修改原版或存檔。
MAIN@IDA:4073:5791	e2692243e20118d9	e2692243e20118d969c29c30242cf39c52218b728622381b68e7ff0ea5ef3df0	布拉奇亚第２近卫兵团	accepted	Codex	full-20261006-main	2026-10-06	顯示層採用；不修改原版或存檔。
MAIN@IDA:4073:57E2	566ee95477d894e9	566ee95477d894e9d740560e0a7a10461c3acf42c188a46b8c527c744c5c2bf6	天普拉利部队０      	accepted	Codex	full-20261006-main	2026-10-06	顯示層採用；不修改原版或存檔。
MAIN@IDA:4073:5833	7c612a367118fb65	7c612a367118fb65b23dbc9d32f009a9796ff44c23316db0303b2d2e94eba8ab	天普拉利部队１      	accepted	Codex	full-20261006-main	2026-10-06	顯示層採用；不修改原版或存檔。
MAIN@IDA:4073:5884	9819e55e5dcb9b9e	9819e55e5dcb9b9e962eb85311e3e07cf5acb27ce6c298b3cb22b32351fbd8b8	天普拉利部队２      	accepted	Codex	full-20261006-main	2026-10-06	顯示層採用；不修改原版或存檔。
MAIN@IDA:4073:58D5	5a0c94e98131d1c1	5a0c94e98131d1c17b68b7809d8f9b3f5d3b0261490e1d22d67cce3039a35620	天普拉利部队３      	accepted	Codex	full-20261006-main	2026-10-06	顯示層採用；不修改原版或存檔。
MAIN@IDA:4073:5926	af1c198d8c016bc6	af1c198d8c016bc645a1a61f3612e129abe14f120c973aa01241cbdc163d147e	天普拉利部队４      	accepted	Codex	full-20261006-main	2026-10-06	顯示層採用；不修改原版或存檔。
MAIN@IDA:4073:5977	b8fee75a87b9b67a	b8fee75a87b9b67aab508baee841858097c8d8e479f9671b7695700766e9f040	天普拉利部队５      	accepted	Codex	full-20261006-main	2026-10-06	顯示層採用；不修改原版或存檔。
MAIN@IDA:4073:59C8	60681f25c875f561	60681f25c875f5615a0fe8d27b986fcdc9bbca6d4dfd5dda92f85b704a0a0524	天普拉利部队６      	accepted	Codex	full-20261006-main	2026-10-06	顯示層採用；不修改原版或存檔。
MAIN@IDA:4073:5A19	ca1501c617593518	ca1501c6175935180a7ad4e9e062cfc3a7b002da3159eecee7930867635ef78c	天普拉利部队７      	accepted	Codex	full-20261006-main	2026-10-06	顯示層採用；不修改原版或存檔。
MAIN@IDA:4073:5A6A	9b66942f99ecc9d4	9b66942f99ecc9d4a242f195c7669c6fab495cd198944193e03151d87b75eb6b	天普拉利部队８      	accepted	Codex	full-20261006-main	2026-10-06	顯示層採用；不修改原版或存檔。
MAIN@IDA:4073:5ABB	17993e1412461d25	17993e1412461d25822dad92b1e8398ed51401cf5bfd45ae5d0d8b8f8a7b0ab7	天普拉利部队９      	accepted	Codex	full-20261006-main	2026-10-06	顯示層採用；不修改原版或存檔。
MAIN@IDA:4073:5B0C	62d3ef17ad1a029b	62d3ef17ad1a029b925adb391cdf8f27f1d2b144d0febd94825fa2bda5f55354	天普拉利部队１０    	accepted	Codex	full-20261006-main	2026-10-06	顯示層採用；不修改原版或存檔。
MAIN@IDA:4073:5B5D	51f665ecbc45d212	51f665ecbc45d212cedbd150b2df74558ef3904e4a30836436710d389f8add24	天普拉利部队１１    	accepted	Codex	full-20261006-main	2026-10-06	顯示層採用；不修改原版或存檔。
MAIN@IDA:4073:5BAE	f19b699b3c055957	f19b699b3c0559571694499cc8f51a4307d2b952e60352a70a68cee60b4b3eef	天普拉利部队１２    	accepted	Codex	full-20261006-main	2026-10-06	顯示層採用；不修改原版或存檔。
MAIN@IDA:4073:5BFF	2d9ed3fcb2554776	2d9ed3fcb2554776e8b18a814c4104238f3c1b332cb66665df60725d6242c137	天普拉利部队１３    	accepted	Codex	full-20261006-main	2026-10-06	顯示層採用；不修改原版或存檔。
MAIN@IDA:4073:5C50	ac2b36a43ec6b861	ac2b36a43ec6b861870b1210315b841d156088e437f44d3c79e1f6e4829b45ec	天普拉利部队１４    	accepted	Codex	full-20261006-main	2026-10-06	顯示層採用；不修改原版或存檔。
MAIN@IDA:4073:5CA1	cae48354701fc106	cae48354701fc106b4fdecabc843a56cf1c4dff67f5c4e90214e7bc5ef5333c9	天普拉利部队１５    	accepted	Codex	full-20261006-main	2026-10-06	顯示層採用；不修改原版或存檔。
MAIN@IDA:4073:5CF4	737a42e9b53d8bf1	737a42e9b53d8bf1ab5bca6e4270c5796f7a4539f16e618c3972ed593aa449c4	寇罗支奇族          	accepted	Codex	full-20261006-main	2026-10-06	顯示層採用；不修改原版或存檔。
MAIN@IDA:4073:5D11	737a42e9b53d8bf1	737a42e9b53d8bf1ab5bca6e4270c5796f7a4539f16e618c3972ed593aa449c4	寇罗支奇族          	accepted	Codex	full-20261006-main	2026-10-06	顯示層採用；不修改原版或存檔。
MAIN@IDA:4073:5D2E	0aa8ad5b6d3c61d8	0aa8ad5b6d3c61d820a6ae0d7b1bea0783ee4fa791bf2cbc7ac4ff962b4f9ec8	古兰迪斯族          	accepted	Codex	full-20261006-main	2026-10-06	顯示層採用；不修改原版或存檔。
MAIN@IDA:4073:5D4B	a0b3587c439384cf	a0b3587c439384cf55dacae94425eb9caf3be4c7042d4f43453fa7e8bb00f925	萨摩一族            	accepted	Codex	full-20261006-main	2026-10-06	顯示層採用；不修改原版或存檔。
MAIN@IDA:4073:5D68	737a42e9b53d8bf1	737a42e9b53d8bf1ab5bca6e4270c5796f7a4539f16e618c3972ed593aa449c4	寇罗支奇族          	accepted	Codex	full-20261006-main	2026-10-06	顯示層採用；不修改原版或存檔。
MAIN@IDA:4073:5D85	737a42e9b53d8bf1	737a42e9b53d8bf1ab5bca6e4270c5796f7a4539f16e618c3972ed593aa449c4	寇罗支奇族          	accepted	Codex	full-20261006-main	2026-10-06	顯示層採用；不修改原版或存檔。
MAIN@IDA:4073:5DA2	75c29e9faa0bc840	75c29e9faa0bc840d7ff2bcced91c6555e6e10de785a43055694e70a9c4657fa	雷兹尼亚克陆军      	accepted	Codex	full-20261006-main	2026-10-06	顯示層採用；不修改原版或存檔。
MAIN@IDA:4073:5DBF	ee663b82618e5adc	ee663b82618e5adc4d448e840e7577654385e617c03ca00c99bc8ca72522482e	帝法拉党            	accepted	Codex	full-20261006-main	2026-10-06	顯示層採用；不修改原版或存檔。
MAIN@IDA:4073:5DDC	737a42e9b53d8bf1	737a42e9b53d8bf1ab5bca6e4270c5796f7a4539f16e618c3972ed593aa449c4	寇罗支奇族          	accepted	Codex	full-20261006-main	2026-10-06	顯示層採用；不修改原版或存檔。
MAIN@IDA:4073:5DF9	737a42e9b53d8bf1	737a42e9b53d8bf1ab5bca6e4270c5796f7a4539f16e618c3972ed593aa449c4	寇罗支奇族          	accepted	Codex	full-20261006-main	2026-10-06	顯示層採用；不修改原版或存檔。
MAIN@IDA:4073:5E16	737a42e9b53d8bf1	737a42e9b53d8bf1ab5bca6e4270c5796f7a4539f16e618c3972ed593aa449c4	寇罗支奇族          	accepted	Codex	full-20261006-main	2026-10-06	顯示層採用；不修改原版或存檔。
MAIN@IDA:4073:5E33	737a42e9b53d8bf1	737a42e9b53d8bf1ab5bca6e4270c5796f7a4539f16e618c3972ed593aa449c4	寇罗支奇族          	accepted	Codex	full-20261006-main	2026-10-06	顯示層採用；不修改原版或存檔。
MAIN@IDA:4073:5E50	737a42e9b53d8bf1	737a42e9b53d8bf1ab5bca6e4270c5796f7a4539f16e618c3972ed593aa449c4	寇罗支奇族          	accepted	Codex	full-20261006-main	2026-10-06	顯示層採用；不修改原版或存檔。
MAIN@IDA:4073:5E6D	737a42e9b53d8bf1	737a42e9b53d8bf1ab5bca6e4270c5796f7a4539f16e618c3972ed593aa449c4	寇罗支奇族          	accepted	Codex	full-20261006-main	2026-10-06	顯示層採用；不修改原版或存檔。
MAIN@IDA:4073:5E8A	c97e8c8081978eac	c97e8c8081978eac3dff023c0c9d3e507b852107a127e4a30ff2360daf0ba3e6	布拉奇亚陆军        	accepted	Codex	full-20261006-main	2026-10-06	顯示層採用；不修改原版或存檔。
MAIN@IDA:4073:5EA7	c97e8c8081978eac	c97e8c8081978eac3dff023c0c9d3e507b852107a127e4a30ff2360daf0ba3e6	布拉奇亚陆军        	accepted	Codex	full-20261006-main	2026-10-06	顯示層採用；不修改原版或存檔。
MAIN@IDA:4073:5EC4	737a42e9b53d8bf1	737a42e9b53d8bf1ab5bca6e4270c5796f7a4539f16e618c3972ed593aa449c4	寇罗支奇族          	accepted	Codex	full-20261006-main	2026-10-06	顯示層採用；不修改原版或存檔。
MAIN@IDA:4073:5EE1	737a42e9b53d8bf1	737a42e9b53d8bf1ab5bca6e4270c5796f7a4539f16e618c3972ed593aa449c4	寇罗支奇族          	accepted	Codex	full-20261006-main	2026-10-06	顯示層採用；不修改原版或存檔。
MAIN@IDA:4073:5EFE	1d46b1d078f0481e	1d46b1d078f0481ebd55631ad5d12dc979a41886e3b77f4470020e8a78a260aa	普得加斯盗贼团      	accepted	Codex	full-20261006-main	2026-10-06	顯示層採用；不修改原版或存檔。
MAIN@IDA:4073:5F1B	80b27f9e39bbd6f3	80b27f9e39bbd6f3c4812abc276bdc4077b29ca3f8b2f59c32e4e57c9a7f60ea	克沙盗贼团          	accepted	Codex	full-20261006-main	2026-10-06	顯示層採用；不修改原版或存檔。
MAIN@IDA:4073:5F38	737a42e9b53d8bf1	737a42e9b53d8bf1ab5bca6e4270c5796f7a4539f16e618c3972ed593aa449c4	寇罗支奇族          	accepted	Codex	full-20261006-main	2026-10-06	顯示層採用；不修改原版或存檔。
MAIN@IDA:4073:5F55	737a42e9b53d8bf1	737a42e9b53d8bf1ab5bca6e4270c5796f7a4539f16e618c3972ed593aa449c4	寇罗支奇族          	accepted	Codex	full-20261006-main	2026-10-06	顯示層採用；不修改原版或存檔。
MAIN@IDA:4073:5F72	3ab44d07011d4e5b	3ab44d07011d4e5b72d50f6cc61fb0b6525141ff81d18a02dad03b2e0c7b28b5	卡萨鲁士一族        	accepted	Codex	full-20261006-main	2026-10-06	顯示層採用；不修改原版或存檔。
MAIN@IDA:4073:5F8F	5672fb9c2c04c761	5672fb9c2c04c7615acc62d87d180978797cac88ef6ffb25df93f9925197549b	夫肯武装势力        	accepted	Codex	full-20261006-main	2026-10-06	顯示層採用；不修改原版或存檔。
MAIN@IDA:4073:5FAC	737a42e9b53d8bf1	737a42e9b53d8bf1ab5bca6e4270c5796f7a4539f16e618c3972ed593aa449c4	寇罗支奇族          	accepted	Codex	full-20261006-main	2026-10-06	顯示層採用；不修改原版或存檔。
MAIN@IDA:4073:5FC9	737a42e9b53d8bf1	737a42e9b53d8bf1ab5bca6e4270c5796f7a4539f16e618c3972ed593aa449c4	寇罗支奇族          	accepted	Codex	full-20261006-main	2026-10-06	顯示層採用；不修改原版或存檔。
MAIN@IDA:4073:5FE6	d85d3f47c1c92b97	d85d3f47c1c92b971bbefe288a98ab9a045cf2af0796d07d67a82110cfc7d9dc	伦塔鲁诺复活派      	accepted	Codex	full-20261006-main	2026-10-06	顯示層採用；不修改原版或存檔。
MAIN@IDA:4073:6003	d85d3f47c1c92b97	d85d3f47c1c92b971bbefe288a98ab9a045cf2af0796d07d67a82110cfc7d9dc	伦塔鲁诺复活派      	accepted	Codex	full-20261006-main	2026-10-06	顯示層採用；不修改原版或存檔。
MAIN@IDA:4073:6020	737a42e9b53d8bf1	737a42e9b53d8bf1ab5bca6e4270c5796f7a4539f16e618c3972ed593aa449c4	寇罗支奇族          	accepted	Codex	full-20261006-main	2026-10-06	顯示層採用；不修改原版或存檔。
MAIN@IDA:4073:603D	737a42e9b53d8bf1	737a42e9b53d8bf1ab5bca6e4270c5796f7a4539f16e618c3972ed593aa449c4	寇罗支奇族          	accepted	Codex	full-20261006-main	2026-10-06	顯示層採用；不修改原版或存檔。
MAIN@IDA:4073:605A	737a42e9b53d8bf1	737a42e9b53d8bf1ab5bca6e4270c5796f7a4539f16e618c3972ed593aa449c4	寇罗支奇族          	accepted	Codex	full-20261006-main	2026-10-06	顯示層採用；不修改原版或存檔。
MAIN@IDA:4073:6077	737a42e9b53d8bf1	737a42e9b53d8bf1ab5bca6e4270c5796f7a4539f16e618c3972ed593aa449c4	寇罗支奇族          	accepted	Codex	full-20261006-main	2026-10-06	顯示層採用；不修改原版或存檔。
MAIN@IDA:4073:6094	737a42e9b53d8bf1	737a42e9b53d8bf1ab5bca6e4270c5796f7a4539f16e618c3972ed593aa449c4	寇罗支奇族          	accepted	Codex	full-20261006-main	2026-10-06	顯示層採用；不修改原版或存檔。
MAIN@IDA:4073:60B1	872938b0ad6a4d26	872938b0ad6a4d26106cb960593bf356e380ffdebf7e3b62cae8479b114d8e40	雷南迪斯军          	accepted	Codex	full-20261006-main	2026-10-06	顯示層採用；不修改原版或存檔。
MAIN@IDA:4073:60CE	77a0554dc629150d	77a0554dc629150dd237bc1eb88511c6731759dfe77cf6d3ca792052df2f4d70	肯提斯一派          	accepted	Codex	full-20261006-main	2026-10-06	顯示層採用；不修改原版或存檔。
MAIN@IDA:4073:60EB	4864d8eee8c8d5c4	4864d8eee8c8d5c4b5254538076eed0b4fe47778c28c5fda0211f836f7858112	亚休华特兵          	accepted	Codex	full-20261006-main	2026-10-06	顯示層採用；不修改原版或存檔。
MAIN@IDA:4073:6108	737a42e9b53d8bf1	737a42e9b53d8bf1ab5bca6e4270c5796f7a4539f16e618c3972ed593aa449c4	寇罗支奇族          	accepted	Codex	full-20261006-main	2026-10-06	顯示層採用；不修改原版或存檔。
MAIN@IDA:4073:6125	737a42e9b53d8bf1	737a42e9b53d8bf1ab5bca6e4270c5796f7a4539f16e618c3972ed593aa449c4	寇罗支奇族          	accepted	Codex	full-20261006-main	2026-10-06	顯示層採用；不修改原版或存檔。
MAIN@IDA:4073:6142	658645bc47ba16ba	658645bc47ba16ba1c4373891e21633e3fc34da92b61491d560d8874052aff0c	萨奇古一族          	accepted	Codex	full-20261006-main	2026-10-06	顯示層採用；不修改原版或存檔。
MAIN@IDA:4073:615F	093c585e82b0f1ca	093c585e82b0f1ca7379fa65420b947d40c981e7b7d1b189aa99750c8655ab19	赫兰德解放军        	accepted	Codex	full-20261006-main	2026-10-06	顯示層採用；不修改原版或存檔。
MAIN@IDA:4073:617C	737a42e9b53d8bf1	737a42e9b53d8bf1ab5bca6e4270c5796f7a4539f16e618c3972ed593aa449c4	寇罗支奇族          	accepted	Codex	full-20261006-main	2026-10-06	顯示層採用；不修改原版或存檔。
MAIN@IDA:4073:6199	737a42e9b53d8bf1	737a42e9b53d8bf1ab5bca6e4270c5796f7a4539f16e618c3972ed593aa449c4	寇罗支奇族          	accepted	Codex	full-20261006-main	2026-10-06	顯示層採用；不修改原版或存檔。
MAIN@IDA:4073:61B6	2e133adbe66f997d	2e133adbe66f997d0fe3cf0c7b2b36448def1e50bea52dde1f7f7d5958c3c568	米斯狄克佣兵团      	accepted	Codex	full-20261006-main	2026-10-06	顯示層採用；不修改原版或存檔。
MAIN@IDA:4073:61D3	5b0f80332982128c	5b0f80332982128cc4d039f09f5f2f2355665c1c1535a0b38412f4026f99827b	巴特奇斯军          	accepted	Codex	full-20261006-main	2026-10-06	顯示層採用；不修改原版或存檔。
MAIN@IDA:4073:66D6	a1df456eacd68f97	a1df456eacd68f97073eb6ec5f7fca1361d013a6d22a19d959bddde3cb6d799f	普得加斯盗族团	accepted	Codex	full-20261006-main	2026-10-06	顯示層採用；不修改原版或存檔。
MAIN@IDA:4073:66FB	c6587856f52b3cd5	c6587856f52b3cd542e3ca7bbde82cc5203dfbdea7d28faf453ebe36ad51ac2f	克沙盗族团	accepted	Codex	full-20261006-main	2026-10-06	顯示層採用；不修改原版或存檔。
MAIN@IDA:4073:6720	4db4047547124d74	4db4047547124d741d11256729c80984e92d7697b1799c67b6d3d1f9d579dfc5	洛摩斯暗杀教团	accepted	Codex	full-20261006-main	2026-10-06	顯示層採用；不修改原版或存檔。
MAIN@IDA:4073:6745	c138e5abfa1224f1	c138e5abfa1224f17c82022db36386f2f753b8b78d278923d0982d429feb6a5b	卡萨鲁士一族	accepted	Codex	full-20261006-main	2026-10-06	顯示層採用；不修改原版或存檔。
MAIN@IDA:4073:676A	73972058d3231018	73972058d3231018bc2271111db3067cf8410103f4039109917b05b01605e445	夫肯武装势力	accepted	Codex	full-20261006-main	2026-10-06	顯示層採用；不修改原版或存檔。
MAIN@IDA:4073:678F	4446adff2de1f72e	4446adff2de1f72e3b5d1652a82e5a849cfb1c03a1c1e659dcecb5d1900505ff	伦塔鲁诺复活派	accepted	Codex	full-20261006-main	2026-10-06	顯示層採用；不修改原版或存檔。
MAIN@IDA:4073:67B4	b129f4ab39e859d7	b129f4ab39e859d76a552b2414971d8adac9fc0f2a332f9748a1f36328b71cf6	正统雷奈狄斯派	accepted	Codex	full-20261006-main	2026-10-06	顯示層採用；不修改原版或存檔。
MAIN@IDA:4073:67D9	b5b302113b05eea2	b5b302113b05eea283dea0bcc4a5399f5ac34487e10a0a48fd426be1d0efa8ac	肯提斯一族	accepted	Codex	full-20261006-main	2026-10-06	顯示層採用；不修改原版或存檔。
MAIN@IDA:4073:67FE	941346e1c732adee	941346e1c732adeef984a564c33dd1813e57107e071a7ca3695c51f8ad3d929b	雷斯寇特骑士团	accepted	Codex	full-20261006-main	2026-10-06	顯示層採用；不修改原版或存檔。
MAIN@IDA:4073:6823	6d6101711d46395d	6d6101711d46395d5177ef4cd75b7142057402de398dd8a1bdd3f224556c664b	哈洛鲁特亲卫队	accepted	Codex	full-20261006-main	2026-10-06	顯示層採用；不修改原版或存檔。
MAIN@IDA:4073:6848	f6fb55d90bd35b52	f6fb55d90bd35b520cfd80c77b83cd49095add09f475aff56cd2af808e80d8bd	萨奇古一族	accepted	Codex	full-20261006-main	2026-10-06	顯示層採用；不修改原版或存檔。
MAIN@IDA:4073:686D	4e18d6bb4d0606c4	4e18d6bb4d0606c476acad44ec6d583163a713681fbb41ee8b41971f0a4cd1e6	赫兰德解放军	accepted	Codex	full-20261006-main	2026-10-06	顯示層採用；不修改原版或存檔。
MAIN@IDA:4073:6892	6f5ba1f41a224792	6f5ba1f41a22479241174cde893c9cca9c940f64c0a02b41fb660717dccef2b5	米斯狄克财团	accepted	Codex	full-20261006-main	2026-10-06	顯示層採用；不修改原版或存檔。
MAIN@IDA:4073:68B7	60e2d1164acdf2fe	60e2d1164acdf2fe262761f64a6ce6de86724cc256e699f27926ca2b54a555c5	巴得奇斯私设军	accepted	Codex	full-20261006-main	2026-10-06	顯示層採用；不修改原版或存檔。
MAIN@IDA:4073:68DC	ef4bdf9befb08485	ef4bdf9befb0848568afeb302cb01875475daf3119885d5300931d5ad6b973a6	兰德克商团	accepted	Codex	full-20261006-main	2026-10-06	顯示層採用；不修改原版或存檔。
MAIN@IDA:4073:6901	661388da25aeabf4	661388da25aeabf4ff64b66649756c1d91e7ded9d012d97891b0ed46df61b416	帝法拉党	accepted	Codex	full-20261006-main	2026-10-06	顯示層採用；不修改原版或存檔。
MAIN@IDA:4839:0008	b2e7201501b384fc	b2e7201501b384fca6156892b1c61040cbf2d2c25aa255141cd5853eeed0ef2e	莫洛‧迪南多        	accepted	Codex	full-20261006-main	2026-10-06	顯示層採用；不修改原版或存檔。
MAIN@IDA:4839:0036	6c642b40a1471c93	6c642b40a1471c93b5afd8fcd4c17bc38019604abc66725d0c02c4fe7dcc162c	杰西‧亚哲鲁        	accepted	Codex	full-20261006-main	2026-10-06	顯示層採用；不修改原版或存檔。
MAIN@IDA:4839:0064	e865fc18d2a6293b	e865fc18d2a6293b58475030028458238c53b831896b8661c9bba3c37bc816b5	露‧多明妮          	accepted	Codex	full-20261006-main	2026-10-06	顯示層採用；不修改原版或存檔。
MAIN@IDA:4839:0092	d2698d14f0ddcab1	d2698d14f0ddcab19a435071ded3f78192e49bcbba691f2c45dcfcee283edb3c	迪诗蕾德‧卡迪儿    	accepted	Codex	full-20261006-main	2026-10-06	顯示層採用；不修改原版或存檔。
MAIN@IDA:4839:00C0	ecaa5a89ac8c253b	ecaa5a89ac8c253bc72777602111f81aad95d8bcd486d24d518be7eac03bb487	铁卢姆‧雷姆        	accepted	Codex	full-20261006-main	2026-10-06	顯示層採用；不修改原版或存檔。
MAIN@IDA:4839:00EE	bea76b1de3355ad3	bea76b1de3355ad3aa0cc5773fe4003f4b86411e735426a0a024a90ea3db7fe6	沙‧维尼亚‧波鲁斯曼	accepted	Codex	full-20261006-main	2026-10-06	顯示層採用；不修改原版或存檔。
MAIN@IDA:4839:011C	5e844e32f528e94a	5e844e32f528e94aeb85982dec2ddb880491e8f631dfefaa2bdfe312fb36214a	步兵                	accepted	Codex	full-20261006-main	2026-10-06	顯示層採用；不修改原版或存檔。
MAIN@IDA:4839:014A	6b9bf0cefefcae65	6b9bf0cefefcae6592119df2bb6c6cb8a4f5dcf26faec9d14ed780765b372ea0	装甲兵              	accepted	Codex	full-20261006-main	2026-10-06	顯示層採用；不修改原版或存檔。
MAIN@IDA:4839:0178	df9d31807a99f747	df9d31807a99f747d706176e78f2494a30cbed72095cd961f85d05d14b40ed02	装机兵              	accepted	Codex	full-20261006-main	2026-10-06	顯示層採用；不修改原版或存檔。
MAIN@IDA:4839:01A6	52d7db1efbe28f49	52d7db1efbe28f49e07c9f211df56c5833866884b5acef315c1619709f31da53	壳枪兵              	accepted	Codex	full-20261006-main	2026-10-06	顯示層採用；不修改原版或存檔。
MAIN@IDA:4839:01D4	016c65a0f0f9f3f9	016c65a0f0f9f3f9135e4aa3d601e48fe325c6ef9832e3c558d58d2c4bec35d7	枪士                	accepted	Codex	full-20261006-main	2026-10-06	顯示層採用；不修改原版或存檔。
MAIN@IDA:4839:0202	0caa5cc6a06d3dc5	0caa5cc6a06d3dc55d0e78b83ebedf6638b089bb0d76675880f53371674de726	剑士                	accepted	Codex	full-20261006-main	2026-10-06	顯示層採用；不修改原版或存檔。
MAIN@IDA:4839:0230	ac98cc42d339c37a	ac98cc42d339c37a22e26bf79384f8b463f5a8b998c816a1a3826e7893e5184d	炮兵                	accepted	Codex	full-20261006-main	2026-10-06	顯示層採用；不修改原版或存檔。
MAIN@IDA:4839:025E	fe733a4e046982cf	fe733a4e046982cfffc94c1b981f9dd4260092435fdcbe97eef4d80770f528d8	战车兵              	accepted	Codex	full-20261006-main	2026-10-06	顯示層採用；不修改原版或存檔。
MAIN@IDA:4839:028C	34e2b4f5fd736f6b	34e2b4f5fd736f6b3800a00a389858b887febb777126fb9c743c7db62d63fc1c	操纵士              	accepted	Codex	full-20261006-main	2026-10-06	顯示層採用；不修改原版或存檔。
MAIN@IDA:4839:02BA	4e8ea5886abd5b15	4e8ea5886abd5b1517119985ad47634ffda9c0141e6c547daebf09fcdfc4f151	米拉儿歌手          	accepted	Codex	full-20261006-main	2026-10-06	顯示層採用；不修改原版或存檔。
MAIN@IDA:4839:02E8	9515c3009d9bb723	9515c3009d9bb7233b27029da11de6124c7a0734db11794a664650944f1183bd	美特儿歌手          	accepted	Codex	full-20261006-main	2026-10-06	顯示層採用；不修改原版或存檔。
MAIN@IDA:4839:0316	8f70e6d0b7233b7c	8f70e6d0b7233b7cc14b02d9eb7ab88c647e3ac4cf013ce0738382a3033b96c8	卡拉儿舞娘          	accepted	Codex	full-20261006-main	2026-10-06	顯示層採用；不修改原版或存檔。
MAIN@IDA:4839:0344	986c9baf90930956	986c9baf909309566fa2786dd59c6180ac1e45d8ab0d84faeeea9c6d42d33d00	艾儿舞娘            	accepted	Codex	full-20261006-main	2026-10-06	顯示層採用；不修改原版或存檔。
MAIN@IDA:4839:0372	0dfa25b1162af2d0	0dfa25b1162af2d0fc8b4dc28ca9a96ee6659bc61d1e201ee7fe6defb13795e5	莉西斯舞娘          	accepted	Codex	full-20261006-main	2026-10-06	顯示層採用；不修改原版或存檔。
MAIN@IDA:4839:03A0	1e1ef0445e29ad5b	1e1ef0445e29ad5b9845370caf7d1661698b484fc6851cbd565ef3ffac7e10d1	米斯迪亚乐手        	accepted	Codex	full-20261006-main	2026-10-06	顯示層採用；不修改原版或存檔。
MAIN@IDA:4839:03CE	705fb892db33b4a2	705fb892db33b4a2de64c87c955116bf72a1668a028f8695c35e5a281ff9dbfc	菲贝鲁特乐手        	accepted	Codex	full-20261006-main	2026-10-06	顯示層採用；不修改原版或存檔。
MAIN@IDA:4839:03FC	37ab1ea8b839ebe6	37ab1ea8b839ebe6e6cce96ff8c56f141f5a65c8667274db3fb2a8c8faa42b18	阿拉鲁乐手          	accepted	Codex	full-20261006-main	2026-10-06	顯示層採用；不修改原版或存檔。
MAIN@IDA:4839:042A	becb570c5f8e4a63	becb570c5f8e4a632be8257cfbd220e927ebb5fda5411fa272ec2aca7a6d1386	商　人              	accepted	Codex	full-20261006-main	2026-10-06	顯示層採用；不修改原版或存檔。
MAIN@IDA:4839:0458	d71b2835a79b8cdc	d71b2835a79b8cdc3efd3e01f348ab4b0a2fe06451ac77e8311cf8b59719c28f	工　人              	accepted	Codex	full-20261006-main	2026-10-06	顯示層採用；不修改原版或存檔。
MAIN@IDA:4839:0486	b682fb6a35d4f988	b682fb6a35d4f9884a23cc689858c9f9f8f7847ec79d740da772288ac5789cad	拜亚兰斯的公主      	accepted	Codex	full-20261006-main	2026-10-06	顯示層採用；不修改原版或存檔。
MAIN@IDA:4839:04B4	8a7e9935025878f7	8a7e9935025878f730c617b5afaee7e1d11f29d2b470e0fde0154bef705243dc	拜亚兰斯的女王      	accepted	Codex	full-20261006-main	2026-10-06	顯示層採用；不修改原版或存檔。
MAIN@IDA:4839:04E2	a6c2d9a17481d574	a6c2d9a17481d5743dd712fff147e4f298e11c125c64a69a8ff34ac3e6106667	有名的舞娘　        	accepted	Codex	full-20261006-main	2026-10-06	顯示層採用；不修改原版或存檔。
MAIN@IDA:4839:0510	f619b0cd625c8a15	f619b0cd625c8a15fa14a600d7a794547696cf977737ad7d3abd7e7a83f2e386	全自动舞娘　　      	accepted	Codex	full-20261006-main	2026-10-06	顯示層採用；不修改原版或存檔。
MAIN@IDA:4839:053E	e48e154e59f7bdc1	e48e154e59f7bdc196e5d764e4b3e17b90fc1eb545731fcc1397e98fba8d65a2	德瓦拉枪兵          	accepted	Codex	full-20261006-main	2026-10-06	顯示層採用；不修改原版或存檔。
MAIN@IDA:4839:056C	1b730b12be322540	1b730b12be3225404ef43eae56496ea74d517684001d24b3e1b0e46b303df111	普特鲁枪兵          	accepted	Codex	full-20261006-main	2026-10-06	顯示層採用；不修改原版或存檔。
MAIN@IDA:4839:059A	a7d4394cac07d389	a7d4394cac07d38924d1b1184826e3a06209749ff7d5f7f48409b4fa2e82601d	德鲁普克南姆枪兵    	accepted	Codex	full-20261006-main	2026-10-06	顯示層採用；不修改原版或存檔。
MAIN@IDA:4839:05C8	e9c25f85944e45f3	e9c25f85944e45f3c1aebf78b4f572f18caee06493265c136d51c228b462ef3b	奇玛特枪兵          	accepted	Codex	full-20261006-main	2026-10-06	顯示層採用；不修改原版或存檔。
MAIN@IDA:4839:05F6	6f1be6394b2a9a4e	6f1be6394b2a9a4ee7a8becfacb06abf19914c3036612921bd3e7f51ad89740a	武装盗族            	accepted	Codex	full-20261006-main	2026-10-06	顯示層採用；不修改原版或存檔。
MAIN@IDA:4839:0624	2767a06df5b61add	2767a06df5b61adda22280bec3ba09625002cbec170b721e69788aafedc21bc4	盗族                	accepted	Codex	full-20261006-main	2026-10-06	顯示層採用；不修改原版或存檔。
MAIN@IDA:4839:0652	18ebf291288de7e3	18ebf291288de7e3c33023900edcf7a30a1802ccb7504f5fcf051cd3964cbe26	枪盗族              	accepted	Codex	full-20261006-main	2026-10-06	顯示層採用；不修改原版或存檔。
MAIN@IDA:4839:0680	2767a06df5b61add	2767a06df5b61adda22280bec3ba09625002cbec170b721e69788aafedc21bc4	盗族                	accepted	Codex	full-20261006-main	2026-10-06	顯示層採用；不修改原版或存檔。
MAIN@IDA:4839:06AE	f7fd8d768d173b65	f7fd8d768d173b6517052cf059768b3e7b688cee77604275b6c0a595fcb4685f	诺摩斯教神官        	accepted	Codex	full-20261006-main	2026-10-06	顯示層採用；不修改原版或存檔。
MAIN@IDA:4839:06DC	42ec03b4470be89b	42ec03b4470be89b884b5fa15d3815fd9a4083d568933135dc4171a514983cae	洛摩斯教僧兵        	accepted	Codex	full-20261006-main	2026-10-06	顯示層採用；不修改原版或存檔。
MAIN@IDA:4839:070A	447b64b78c72cfac	447b64b78c72cfacda9a1fe49f992d7c2bda44b3b89cf4e357a834d37f7901f1	卡萨鲁斯一族        	accepted	Codex	full-20261006-main	2026-10-06	顯示層採用；不修改原版或存檔。
MAIN@IDA:4839:0738	b613626eecfa7e8a	b613626eecfa7e8a861ef3712da6bb1de231a2d9e3d02cb4abff7b9f2e414768	卡萨鲁斯勇士        	accepted	Codex	full-20261006-main	2026-10-06	顯示層採用；不修改原版或存檔。
MAIN@IDA:4839:0766	2bb3a69e9163ea62	2bb3a69e9163ea62aa9f1c86262554ffde8e0b3ec896df58db05169d8a2b0465	嘉法枪装兵          	accepted	Codex	full-20261006-main	2026-10-06	顯示層採用；不修改原版或存檔。
MAIN@IDA:4839:0794	cd67b7700072b358	cd67b7700072b35852c5a983a08ebc9c910febf6f369e43b5439a53fbee082fa	嘉法枪兵            	accepted	Codex	full-20261006-main	2026-10-06	顯示層採用；不修改原版或存檔。
MAIN@IDA:4839:07C2	621e9df2452902cd	621e9df2452902cd855c4bbdb3384b530dcbf821af06e59d482fa50efb4ef4f0	伦塔鲁诺机装兵      	accepted	Codex	full-20261006-main	2026-10-06	顯示層採用；不修改原版或存檔。
MAIN@IDA:4839:07F0	4997a510004d0709	4997a510004d0709c7f20917816c2c0006651cedd8f3a95cfa3a5aed889010d7	伦塔鲁诺兵          	accepted	Codex	full-20261006-main	2026-10-06	顯示層採用；不修改原版或存檔。
MAIN@IDA:4839:081E	ced245d57c077507	ced245d57c077507810d15912e99259dc7852d1c97b18caada5ed91a6a63114f	克南狄斯佣兵        	accepted	Codex	full-20261006-main	2026-10-06	顯示層採用；不修改原版或存檔。
MAIN@IDA:4839:084C	8d5b13c668bd9435	8d5b13c668bd943559ea15af0960bc51cd30cc2215e715e071b359556c865d66	特狄斯克佣兵        	accepted	Codex	full-20261006-main	2026-10-06	顯示層採用；不修改原版或存檔。
MAIN@IDA:4839:087A	bda634c169387591	bda634c169387591d440f9341f4fce985e8b4fc9199395f527a23715cc052043	马赫‧佣兵          	accepted	Codex	full-20261006-main	2026-10-06	顯示層採用；不修改原版或存檔。
MAIN@IDA:4839:08A8	56e57adb2c8bf3fa	56e57adb2c8bf3fa231cc5c3d14403e82562ada31ee9f0cd6a2aa84cbcfb982b	卡哲‧佣兵          	accepted	Codex	full-20261006-main	2026-10-06	顯示層採用；不修改原版或存檔。
MAIN@IDA:4839:08D6	22859689e0076c1e	22859689e0076c1e3dba5bd770d6a267745ecdf953296b9a27b1ab77bccdf30f	巴利‧佣兵          	accepted	Codex	full-20261006-main	2026-10-06	顯示層採用；不修改原版或存檔。
MAIN@IDA:4839:0904	b899ca2bacab81f5	b899ca2bacab81f5df1d6486f7180a1ee49f7220f4c5502431043adb38b95b9e	雷兹尼亚克陆军正规兵	accepted	Codex	full-20261006-main	2026-10-06	顯示層採用；不修改原版或存檔。
MAIN@IDA:4839:0932	51106783f75e38be	51106783f75e38be6bf377194b1fc4435db03753f4d5fa9046ee55b9dc695968	雷兹尼亚克陆军司令官	accepted	Codex	full-20261006-main	2026-10-06	顯示層採用；不修改原版或存檔。
MAIN@IDA:4839:0960	fc58ba281e8eb589	fc58ba281e8eb589333566ae5461540e704f7c9eb96c959a618b7645ebf8f2b7	帝法拉党干部        	accepted	Codex	full-20261006-main	2026-10-06	顯示層採用；不修改原版或存檔。
MAIN@IDA:4839:098E	b88cd2223ff823b3	b88cd2223ff823b355a8e8e7057b9b6f161329cbcf7ed43aef253bc0b09b1d82	帝法拉党员          	accepted	Codex	full-20261006-main	2026-10-06	顯示層採用；不修改原版或存檔。
MAIN@IDA:4839:09BC	5ff3c058c38b0bf4	5ff3c058c38b0bf45c8e21c3baa65e1ed5a3388bd1f3d1c8e24086645517bf7b	雷奈狄斯装甲兵      	accepted	Codex	full-20261006-main	2026-10-06	顯示層採用；不修改原版或存檔。
MAIN@IDA:4839:09EA	a03cecf1fed3db0d	a03cecf1fed3db0d099ad6170252c00abc1a8fae3c5d0330a1b6bfc76b3fdf16	雷奈狄斯兵          	accepted	Codex	full-20261006-main	2026-10-06	顯示層採用；不修改原版或存檔。
MAIN@IDA:4839:0A18	95c30af8f6f8de4c	95c30af8f6f8de4c17b99f088d14fa112c5bd7f37561f1167eb7d15a8cc1ba80	肯提斯一族          	accepted	Codex	full-20261006-main	2026-10-06	顯示層採用；不修改原版或存檔。
MAIN@IDA:4839:0A46	6cb7ea556aa37c52	6cb7ea556aa37c52ea4695ea8edbcef6c83d1e79a74ba55380a7d5565839cfba	肯提斯勇士          	accepted	Codex	full-20261006-main	2026-10-06	顯示層採用；不修改原版或存檔。
MAIN@IDA:4839:0A74	c86e15f20e05fc7c	c86e15f20e05fc7c4292c282f1f00648a9f4d9bf521012b081110792d13f457e	枪骑士              	accepted	Codex	full-20261006-main	2026-10-06	顯示層採用；不修改原版或存檔。
MAIN@IDA:4839:0AA2	d4196a7b9e11b5dd	d4196a7b9e11b5dde815f71f835a730c6f6efefe1289f07d5d500c5c741d29ee	枪骑兵              	accepted	Codex	full-20261006-main	2026-10-06	顯示層採用；不修改原版或存檔。
MAIN@IDA:4839:0AD0	c0941b12793a0e36	c0941b12793a0e3669a4d33e7c60bf7922a3bdb6f636b7347699e0b9b20a9a90	亲卫队‧铳兵        	accepted	Codex	full-20261006-main	2026-10-06	顯示層採用；不修改原版或存檔。
MAIN@IDA:4839:0AFE	6729ed114ef5cdc5	6729ed114ef5cdc5bd5c176ae164c5097becd3e4b385e035cae309f561ff3a76	亲卫队‧步兵        	accepted	Codex	full-20261006-main	2026-10-06	顯示層採用；不修改原版或存檔。
MAIN@IDA:4839:0B2C	4864d8eee8c8d5c4	4864d8eee8c8d5c4b5254538076eed0b4fe47778c28c5fda0211f836f7858112	亚休华特兵          	accepted	Codex	full-20261006-main	2026-10-06	顯示層採用；不修改原版或存檔。
MAIN@IDA:4839:0B5A	ce5f6fa31b422a1f	ce5f6fa31b422a1f81eae1346aa9407128420956fc5662a3d75fb3da3d4c8091	萨奇古装甲枪兵      	accepted	Codex	full-20261006-main	2026-10-06	顯示層採用；不修改原版或存檔。
MAIN@IDA:4839:0B88	248e678f8c07c871	248e678f8c07c871730c9edb6df3d6662f1b1eb63b38385c0ecf6ed26d8dbb4b	萨奇古枪兵          	accepted	Codex	full-20261006-main	2026-10-06	顯示層採用；不修改原版或存檔。
MAIN@IDA:4839:0BB6	f4768bccd31ad3f4	f4768bccd31ad3f4651307efbb1aa41c6c4b96726feb2c7a50767a9eb8b8bf2d	赫兰德机枪兵        	accepted	Codex	full-20261006-main	2026-10-06	顯示層採用；不修改原版或存檔。
MAIN@IDA:4839:0BE4	ac11e3cae84517a2	ac11e3cae84517a2b49178904a06d04fceb3c6c44b508cf17bfb94bfee4571d1	赫兰德枪兵          	accepted	Codex	full-20261006-main	2026-10-06	顯示層採用；不修改原版或存檔。
MAIN@IDA:4839:0C12	f618d870fa980027	f618d870fa980027f1a693ee5f54dd08fbffd2b2a2ea11ccd0205895fd2633d1	布拉奇亚士兵        	accepted	Codex	full-20261006-main	2026-10-06	顯示層採用；不修改原版或存檔。
MAIN@IDA:4839:0C40	33e4cfbee3c9372b	33e4cfbee3c9372bfbd15bf0169225dc57e44b1989f5274925e86955afe15969	布拉奇亚司令官      	accepted	Codex	full-20261006-main	2026-10-06	顯示層採用；不修改原版或存檔。
MAIN@IDA:4839:0C6E	ab48579d9e39c62d	ab48579d9e39c62dbacb03f4836ded106ee9f28d09c1dd2f8a58fa7156b422d2	布拉奇亚国王        	accepted	Codex	full-20261006-main	2026-10-06	顯示層採用；不修改原版或存檔。
MAIN@IDA:4839:0C9C	c90c7deef01db79c	c90c7deef01db79c382a1198157b120f87b2b01da1acff7363bb16dbdd9e6090	克雷休佣兵          	accepted	Codex	full-20261006-main	2026-10-06	顯示層採用；不修改原版或存檔。
MAIN@IDA:4839:0CCA	32896fdcbb35ebf9	32896fdcbb35ebf94a325ef313e25f098c01b834b07db4604e2df2e07d5583c7	罗狄亚斯佣兵        	accepted	Codex	full-20261006-main	2026-10-06	顯示層採用；不修改原版或存檔。
MAIN@IDA:4839:0D26	641f6d360c3d88d0	641f6d360c3d88d09b445279c586f18a086a4d9d81c51242f9aefb73049c9799	巴特奇斯兵          	accepted	Codex	full-20261006-main	2026-10-06	顯示層採用；不修改原版或存檔。
MAIN@IDA:4839:0D54	445dbff485715d78	445dbff485715d789afb9c2223322252e6955837827579f14cca2792f6cef238	机械兵              	accepted	Codex	full-20261006-main	2026-10-06	顯示層採用；不修改原版或存檔。
MAIN@IDA:4839:0D82	edc2649390475c18	edc2649390475c186f5faeac3fe48e19151fa15896528631407f343f68b9adc0	装甲强化型机械兵    	accepted	Codex	full-20261006-main	2026-10-06	顯示層採用；不修改原版或存檔。
MAIN@IDA:4839:0DB0	4276c8638c76d083	4276c8638c76d083396c60525994988f60944f9963a56000ec61daa201d17159	火力强化型机械兵    	accepted	Codex	full-20261006-main	2026-10-06	顯示層採用；不修改原版或存檔。
MAIN@IDA:4839:0DDE	0b80a89d8ef98d99	0b80a89d8ef98d993f7e7bd701708018988ead4d01d55c0ff4e3e02ad847bb5b	重装机兵            	accepted	Codex	full-20261006-main	2026-10-06	顯示層採用；不修改原版或存檔。
MAIN@IDA:4839:0E3A	34ccdc9677610458	34ccdc9677610458e93b2b26b9a7f6ce6aaffd215f596a5d6a1b4de9a1f18d06	巴兰特佣兵          	accepted	Codex	full-20261006-main	2026-10-06	顯示層採用；不修改原版或存檔。
MAIN@IDA:4839:0E68	92dc86d9ef09397a	92dc86d9ef09397a6696f754743710a693044f2385869fc1aaaba052b85d181a	克兰诺狄斯佣兵      	accepted	Codex	full-20261006-main	2026-10-06	顯示層採用；不修改原版或存檔。
MAIN@IDA:4839:0E96	a7693bff715bd06c	a7693bff715bd06c898f5001b2384a1e640a731a4f09ed4d387d610eff50e7db	柏林克南佣兵        	accepted	Codex	full-20261006-main	2026-10-06	顯示層採用；不修改原版或存檔。
MAIN@IDA:4839:0EC4	d8033e16d2558caf	d8033e16d2558caf76ed6da084fb12e5b580e5d9094fa61c65481452a0260a00	魔法兵              	accepted	Codex	full-20261006-main	2026-10-06	顯示層採用；不修改原版或存檔。
MAIN@IDA:4839:0EF2	c1480cf4937a2a76	c1480cf4937a2a76725d9d5e15ddc4cb709d4af4054918b9b1afb77d0e830952	克雷休枪兵          	accepted	Codex	full-20261006-main	2026-10-06	顯示層採用；不修改原版或存檔。
MAIN@IDA:4839:0F20	002f74aebef626bd	002f74aebef626bd63dfe1e843654dc546c7c1a148eb9ed4379030190efbb9df	卡特兰斯兵          	accepted	Codex	full-20261006-main	2026-10-06	顯示層採用；不修改原版或存檔。
MAIN@IDA:4930:050C	ab0b3994c42edb52	ab0b3994c42edb521e1d69538f56ada504fa5acc2a4dfda76fcfea53c58dd727	　　　　　　　　　　	accepted	Codex	full-20261006-main	2026-10-06	顯示層採用；不修改原版或存檔。
MAIN@IDA:4930:0525	ab0b3994c42edb52	ab0b3994c42edb521e1d69538f56ada504fa5acc2a4dfda76fcfea53c58dd727	　　　　　　　　　　	accepted	Codex	full-20261006-main	2026-10-06	顯示層採用；不修改原版或存檔。
MAIN@IDA:4930:053E	ab0b3994c42edb52	ab0b3994c42edb521e1d69538f56ada504fa5acc2a4dfda76fcfea53c58dd727	　　　　　　　　　　	accepted	Codex	full-20261006-main	2026-10-06	顯示層採用；不修改原版或存檔。
MAIN@IDA:4930:0557	ab0b3994c42edb52	ab0b3994c42edb521e1d69538f56ada504fa5acc2a4dfda76fcfea53c58dd727	　　　　　　　　　　	accepted	Codex	full-20261006-main	2026-10-06	顯示層採用；不修改原版或存檔。
MAIN@IDA:4930:0570	ab0b3994c42edb52	ab0b3994c42edb521e1d69538f56ada504fa5acc2a4dfda76fcfea53c58dd727	　　　　　　　　　　	accepted	Codex	full-20261006-main	2026-10-06	顯示層採用；不修改原版或存檔。
MAIN@IDA:4930:0589	ab0b3994c42edb52	ab0b3994c42edb521e1d69538f56ada504fa5acc2a4dfda76fcfea53c58dd727	　　　　　　　　　　	accepted	Codex	full-20261006-main	2026-10-06	顯示層採用；不修改原版或存檔。
MAIN@IDA:4930:05A2	ab0b3994c42edb52	ab0b3994c42edb521e1d69538f56ada504fa5acc2a4dfda76fcfea53c58dd727	　　　　　　　　　　	accepted	Codex	full-20261006-main	2026-10-06	顯示層採用；不修改原版或存檔。
MAIN@IDA:4930:05BB	ab0b3994c42edb52	ab0b3994c42edb521e1d69538f56ada504fa5acc2a4dfda76fcfea53c58dd727	　　　　　　　　　　	accepted	Codex	full-20261006-main	2026-10-06	顯示層採用；不修改原版或存檔。
MAIN@IDA:4930:05D4	ab0b3994c42edb52	ab0b3994c42edb521e1d69538f56ada504fa5acc2a4dfda76fcfea53c58dd727	　　　　　　　　　　	accepted	Codex	full-20261006-main	2026-10-06	顯示層採用；不修改原版或存檔。
MAIN@IDA:4930:05ED	ab0b3994c42edb52	ab0b3994c42edb521e1d69538f56ada504fa5acc2a4dfda76fcfea53c58dd727	　　　　　　　　　　	accepted	Codex	full-20261006-main	2026-10-06	顯示層採用；不修改原版或存檔。
MAIN@IDA:4930:0606	ab0b3994c42edb52	ab0b3994c42edb521e1d69538f56ada504fa5acc2a4dfda76fcfea53c58dd727	　　　　　　　　　　	accepted	Codex	full-20261006-main	2026-10-06	顯示層採用；不修改原版或存檔。
MAIN@IDA:4930:061F	ab0b3994c42edb52	ab0b3994c42edb521e1d69538f56ada504fa5acc2a4dfda76fcfea53c58dd727	　　　　　　　　　　	accepted	Codex	full-20261006-main	2026-10-06	顯示層採用；不修改原版或存檔。
MAIN@IDA:4930:0638	ab0b3994c42edb52	ab0b3994c42edb521e1d69538f56ada504fa5acc2a4dfda76fcfea53c58dd727	　　　　　　　　　　	accepted	Codex	full-20261006-main	2026-10-06	顯示層採用；不修改原版或存檔。
MAIN@IDA:4930:0651	ab0b3994c42edb52	ab0b3994c42edb521e1d69538f56ada504fa5acc2a4dfda76fcfea53c58dd727	　　　　　　　　　　	accepted	Codex	full-20261006-main	2026-10-06	顯示層採用；不修改原版或存檔。
MAIN@IDA:4930:066A	ab0b3994c42edb52	ab0b3994c42edb521e1d69538f56ada504fa5acc2a4dfda76fcfea53c58dd727	　　　　　　　　　　	accepted	Codex	full-20261006-main	2026-10-06	顯示層採用；不修改原版或存檔。
MAIN@IDA:4930:0683	ab0b3994c42edb52	ab0b3994c42edb521e1d69538f56ada504fa5acc2a4dfda76fcfea53c58dd727	　　　　　　　　　　	accepted	Codex	full-20261006-main	2026-10-06	顯示層採用；不修改原版或存檔。
MAIN@IDA:4930:069C	12617b5982453266	12617b5982453266f25458659c43f644aa315c4f480136b2e50d62a34381087e	奇怪的战车店　　　　	accepted	Codex	full-20261006-main	2026-10-06	顯示層採用；不修改原版或存檔。
MAIN@IDA:4930:1761	d154917c35290e41	d154917c35290e41e5873ade04940dee7575bdbb3fea90727057d0358dbd6f45	热能铁    　　　　  	accepted	Codex	full-20261006-main	2026-10-06	顯示層採用；不修改原版或存檔。
MAIN@IDA:4930:177A	40bc60f20d0f2673	40bc60f20d0f26734bc5b09eccc13c2244561b066c9899eb59f26710c62bb769	水晶      　　　　  	accepted	Codex	full-20261006-main	2026-10-06	顯示層採用；不修改原版或存檔。
MAIN@IDA:4930:1793	6abf89aeffb0f437	6abf89aeffb0f437830cbea30a5b0cbb2702b3e759b1a139aaa095646f12dafa	透镜    　　　　　　	accepted	Codex	full-20261006-main	2026-10-06	顯示層採用；不修改原版或存檔。
MAIN@IDA:4930:17AC	d17f2914de664960	d17f2914de6649601b9ced1ff985589cf6c48a6080e286833c7cf9ff81c14649	茶叶　      　　　  	accepted	Codex	full-20261006-main	2026-10-06	顯示層採用；不修改原版或存檔。
MAIN@IDA:4930:17C5	83f9471ce23591ee	83f9471ce23591eea10e7807484ef448d1495f8c6da566ad3f49f93718814ef0	发电机　　　　　　  	accepted	Codex	full-20261006-main	2026-10-06	顯示層採用；不修改原版或存檔。
MAIN@IDA:4930:17DE	41cecb78dc6c8a24	41cecb78dc6c8a244c7bf682f20a447099063505d7c56c69a1ce405855da64ee	罗针盘　　　　　　  	accepted	Codex	full-20261006-main	2026-10-06	顯示層採用；不修改原版或存檔。
MAIN@IDA:4930:17F7	3a56a822b80ca69c	3a56a822b80ca69c3112b3e57e89502e0f985fef8062faf8256c7f394e355a69	干渍品          　  	accepted	Codex	full-20261006-main	2026-10-06	顯示層採用；不修改原版或存檔。
MAIN@IDA:4930:1810	b6cb59a227a16a73	b6cb59a227a16a73ebd70af696f187914c3efd218c97c62d2c1a64b249a86e98	干肉　  　　　　　  	accepted	Codex	full-20261006-main	2026-10-06	顯示層採用；不修改原版或存檔。
MAIN@IDA:4930:1829	533ec0f7305d7367	533ec0f7305d7367c3c94e79881a43a6cc35673f17c38e4bf4a708e0d2e2aeae	干贝 　    　　　　 	accepted	Codex	full-20261006-main	2026-10-06	顯示層採用；不修改原版或存檔。
MAIN@IDA:4930:1842	d59e708ad18a82ec	d59e708ad18a82ecedb49ea46afc3a2c8f009c881c261427f9e33f33ee11625b	葡萄酒          　  	accepted	Codex	full-20261006-main	2026-10-06	顯示層採用；不修改原版或存檔。
MAIN@IDA:58A5:0015	b5d80a8e78d1c1d1	b5d80a8e78d1c1d15cde2e389b2b26334f00c5aaa339866e75f2c46955fd2b86	秘密的金库	accepted	Codex	full-20261006-main	2026-10-06	顯示層採用；不修改原版或存檔。
MAIN@IDA:58A5:0020	f5240a31df91fdb7	f5240a31df91fdb720104abed53b20e39f36babfd0721283715b85c7065e1e1d	版本的编号	accepted	Codex	full-20261006-main	2026-10-06	顯示層採用；不修改原版或存檔。
MAIN@IDA:58A5:002B	61114474c4fbc50c	61114474c4fbc50c7160112318c99e3cbcc4e284636e2944dc8295481e94e232	攻击部队一览	accepted	Codex	full-20261006-main	2026-10-06	顯示層採用；不修改原版或存檔。
MAIN@IDA:58A5:0038	ad99c5ae9df3e8ae	ad99c5ae9df3e8ae454abe2971fbaddcf4f42a773459e73205d70a13621cf8d5	防卫部队一览	accepted	Codex	full-20261006-main	2026-10-06	顯示層採用；不修改原版或存檔。
MAIN@IDA:58A5:0045	abaa28973f06b436	abaa28973f06b436539b1a1afc68ef4299a476522055b9cbc0315752a4d53fb8	本游戏程式是\nJan 22 1996 00:13:21\n制作完成的。	accepted	Codex	full-20261006-main	2026-10-06	顯示層採用；不修改原版或存檔。
MAIN@IDA:592C:0002	7ad73e9d09b8f34f	7ad73e9d09b8f34f22464193b0dae3625f59f6113b32e59caf9697cc3f02d376	打算偿还。	accepted	Codex	full-20261006-main	2026-10-06	顯示層採用；不修改原版或存檔。
MAIN@IDA:592C:000D	dab30b85a213d5e4	dab30b85a213d5e4a9984c9a17f595324ee6312c29ea1e299aacbc2a882f4525	不打算偿还！	accepted	Codex	full-20261006-main	2026-10-06	顯示層採用；不修改原版或存檔。
MAIN@IDA:592C:001A	ead8f45bd6f56a50	ead8f45bd6f56a50394c73bfe747a65e0a89743ea7af84503c1ce1ec4dc38394	没有能力偿还	accepted	Codex	full-20261006-main	2026-10-06	顯示層採用；不修改原版或存檔。
MAIN@IDA:592C:0099	573586c42ca5480c	573586c42ca5480c74d82dcb5329bd05e2029103147266f3209dcbb725e816bf	赔罪	accepted	Codex	full-20261006-main	2026-10-06	顯示層採用；不修改原版或存檔。
MAIN@IDA:592C:009E	b01fefdacb0a2e44	b01fefdacb0a2e443718e6f0b8f2fe872b1a6e0500d8a470aa03a913345cec15	战斗	accepted	Codex	full-20261006-main	2026-10-06	顯示層採用；不修改原版或存檔。
MAIN@IDA:592C:00A3	6b895b67bfe85636	6b895b67bfe85636b4d6548cb100d98ddfa5bd56297da4ec71f3b8e13e5a0977	蕾琪‧法儿诗	accepted	Codex	full-20261006-main	2026-10-06	顯示層採用；不修改原版或存檔。
MAIN@IDA:5937:0333	c5b973b7e5269f54	c5b973b7e5269f540b829170172f10a59802b6afa2505a1291a722c898418d68	这个酒壶	accepted	Codex	full-20261006-main	2026-10-06	顯示層採用；不修改原版或存檔。
MAIN@IDA:5937:033C	75380dc7d1b8e625	75380dc7d1b8e625ae6c9ae315deb65597da94661ffa5a5838410905838c9abc	这封信	accepted	Codex	full-20261006-main	2026-10-06	顯示層採用；不修改原版或存檔。
MAIN@IDA:5937:0343	4123a572e4fac439	4123a572e4fac439f63c91135274eb8471e9172a252f77e8f4027765c676dada	这本书	accepted	Codex	full-20261006-main	2026-10-06	顯示層採用；不修改原版或存檔。
MAIN@IDA:5937:034A	2844de767ba1a71c	2844de767ba1a71c768895da6f7266e61d718ef4d44e99a9c20c7f2c89979d86	这些书籍	accepted	Codex	full-20261006-main	2026-10-06	顯示層採用；不修改原版或存檔。
MAIN@IDA:5937:0353	aab852c2f98a2dea	aab852c2f98a2dea9991127933c75adf2040c5de4cc706c3500da5b6028cd79f	这个机器	accepted	Codex	full-20261006-main	2026-10-06	顯示層採用；不修改原版或存檔。
MAIN@IDA:5937:035C	a42a9508ca7b248f	a42a9508ca7b248f1741cab7da38cfdc5f5d909a9a2a00223742d4650d138dae	这枝枪	accepted	Codex	full-20261006-main	2026-10-06	顯示層採用；不修改原版或存檔。
MAIN@IDA:5937:0363	e504c4a7dd8a784f	e504c4a7dd8a784f89c224b15c19a5849ff677f706f52ee254328601aa11a72f	这枝手枪	accepted	Codex	full-20261006-main	2026-10-06	顯示層採用；不修改原版或存檔。
MAIN@IDA:5937:036C	ddd42f6d1e9abcda	ddd42f6d1e9abcda0c3893d61c7d3f57ec97ce4ead55eed70f33bff1cf7ab3e9	酒壶	accepted	Codex	full-20261006-main	2026-10-06	顯示層採用；不修改原版或存檔。
MAIN@IDA:5937:0377	e0c917ad2efc926d	e0c917ad2efc926d895b5404b324841cdacbd5a4ff9841d90fcd74d8796c40f5	书籍	accepted	Codex	full-20261006-main	2026-10-06	顯示層採用；不修改原版或存檔。
MAIN@IDA:5937:037C	fb427c0b19d2f34b	fb427c0b19d2f34b2333c892419a6e270c0018e2d2f23d4af38c0e67d07c8ecb	机器	accepted	Codex	full-20261006-main	2026-10-06	顯示層採用；不修改原版或存檔。
MAIN@IDA:5937:0384	3fa866b446091690	3fa866b446091690b2fe06c597e5cd314941975a7149be0c7fc036421f3b01ee	手枪	accepted	Codex	full-20261006-main	2026-10-06	顯示層採用；不修改原版或存檔。
MAIN@IDA:5937:0389	07fffe7efe436f2e	07fffe7efe436f2e023ef0be9e4cb80f354db3eba5f3ae3fe1b9acad97dc3f70	酒壶的运送  	accepted	Codex	full-20261006-main	2026-10-06	顯示層採用；不修改原版或存檔。
MAIN@IDA:5937:0396	5bda8c43e41383d6	5bda8c43e41383d6b833678f20eb701d75c2f4d9719c9bb0598596f1d67d1f45	信的运送    	accepted	Codex	full-20261006-main	2026-10-06	顯示層採用；不修改原版或存檔。
MAIN@IDA:5937:03A3	d207c4e648257f33	d207c4e648257f334dd347a965a7a970ba4847e38ef42d1c8efd8e8ff387af4a	书的运送    	accepted	Codex	full-20261006-main	2026-10-06	顯示層採用；不修改原版或存檔。
MAIN@IDA:5937:03B0	efdf15898d091296	efdf15898d091296659204e5e7c4eed9f8758cc7d06a4add09f015bc4d3334a8	书籍的运送  	accepted	Codex	full-20261006-main	2026-10-06	顯示層採用；不修改原版或存檔。
MAIN@IDA:5937:03BD	e05b6984cf62e334	e05b6984cf62e3343c17aa4afbb27d1a1bb755422d0c0add2db50fc603ec1b19	机器的运送  	accepted	Codex	full-20261006-main	2026-10-06	顯示層採用；不修改原版或存檔。
MAIN@IDA:5937:03CA	c0e443a875b8cd57	c0e443a875b8cd574bedc0f2c0bd726a89706a399852a45c85d527af4d1dea1b	枪的护送    	accepted	Codex	full-20261006-main	2026-10-06	顯示層採用；不修改原版或存檔。
MAIN@IDA:5937:03D7	a3d2323399baa120	a3d2323399baa120f457d4b168415e399c9469c18c595d8737a712d81bf582dd	手枪的运送  	accepted	Codex	full-20261006-main	2026-10-06	顯示層採用；不修改原版或存檔。
MAIN@IDA:5937:03E4	7e8102ea4fa7288c	7e8102ea4fa7288c30d93e30be748a3c402b2d45661ff11f0764e7abc610ec8b	行商人      	accepted	Codex	full-20261006-main	2026-10-06	顯示層採用；不修改原版或存檔。
MAIN@IDA:5937:03F1	26744f143b697031	26744f143b697031a7b12e2ec9689881101ee099c027c6814d714cff890bfcff	酒场的主人  	accepted	Codex	full-20261006-main	2026-10-06	顯示層採用；不修改原版或存檔。
MAIN@IDA:5937:03FE	041d11fc6d0741f2	041d11fc6d0741f2dfd5fbbb96c896ab5e5998803238cb51c9c85ac34fd2a3a8	宝石商人    	accepted	Codex	full-20261006-main	2026-10-06	顯示層採用；不修改原版或存檔。
MAIN@IDA:5937:040B	8f0af9133ce02049	8f0af9133ce0204935a9c6d31269cccf9776b41f874bf241506757b6f2453bf4	机械工人    	accepted	Codex	full-20261006-main	2026-10-06	顯示層採用；不修改原版或存檔。
MAIN@IDA:5937:0418	25cbe4abafdd7388	25cbe4abafdd7388d7b0742fc3ce46dc65ddda20bc508b6774d7931d0b2465e3	大臣        	accepted	Codex	full-20261006-main	2026-10-06	顯示層採用；不修改原版或存檔。
MAIN@IDA:5937:0425	6c7f2a10cfae1066	6c7f2a10cfae1066b0fe78d0a57e7eb2bc8a4a69e717f47ec66810895ec391ec	锻冶工人    	accepted	Codex	full-20261006-main	2026-10-06	顯示層採用；不修改原版或存檔。
MAIN@IDA:5937:0432	8b2a9f3b2ba71a7d	8b2a9f3b2ba71a7d1c189a38c2bc5eb7dacc46a12183d32172839f92ef542f1f	武器商人    	accepted	Codex	full-20261006-main	2026-10-06	顯示層採用；不修改原版或存檔。
MAIN@IDA:5937:043F	61f153c73f960fc8	61f153c73f960fc8ba9537587737d6f7c6d7d672ec29df080cedc377254dc0d9	仲介人      	accepted	Codex	full-20261006-main	2026-10-06	顯示層採用；不修改原版或存檔。
MAIN@IDA:5937:044C	8f0af9133ce02049	8f0af9133ce0204935a9c6d31269cccf9776b41f874bf241506757b6f2453bf4	机械工人    	accepted	Codex	full-20261006-main	2026-10-06	顯示層採用；不修改原版或存檔。
MAIN@IDA:5937:0459	aa7ba6c7d5bcf837	aa7ba6c7d5bcf837c88df5135213bd20a8e9647b6bf986e90de204129e9470ba	新闻处      	accepted	Codex	full-20261006-main	2026-10-06	顯示層採用；不修改原版或存檔。
MAIN@IDA:5937:0466	7e8102ea4fa7288c	7e8102ea4fa7288c30d93e30be748a3c402b2d45661ff11f0764e7abc610ec8b	行商人      	accepted	Codex	full-20261006-main	2026-10-06	顯示層採用；不修改原版或存檔。
MAIN@IDA:5937:0473	3e87810a841342b7	3e87810a841342b7b4eec96c4f6750514c703f264c3f6621db42477a1c4c2c0c	司祭        	accepted	Codex	full-20261006-main	2026-10-06	顯示層採用；不修改原版或存檔。
MAIN@IDA:5937:0480	6d4388b036d4b42f	6d4388b036d4b42f0ff7b15e38b13fb0040aa40314c94d033b00b78cf794a854	经济学者    	accepted	Codex	full-20261006-main	2026-10-06	顯示層採用；不修改原版或存檔。
MAIN@IDA:5937:048D	751ae78153885f1e	751ae78153885f1e2affd63f3d51adff96f11f782baed3b8dbfcf7fd170ada84	科学者      	accepted	Codex	full-20261006-main	2026-10-06	顯示層採用；不修改原版或存檔。
MAIN@IDA:5937:049A	8b2a9f3b2ba71a7d	8b2a9f3b2ba71a7d1c189a38c2bc5eb7dacc46a12183d32172839f92ef542f1f	武器商人    	accepted	Codex	full-20261006-main	2026-10-06	顯示層採用；不修改原版或存檔。
MAIN@IDA:5937:04A7	8b2a9f3b2ba71a7d	8b2a9f3b2ba71a7d1c189a38c2bc5eb7dacc46a12183d32172839f92ef542f1f	武器商人    	accepted	Codex	full-20261006-main	2026-10-06	顯示層採用；不修改原版或存檔。
MAIN@IDA:5937:04B4	9b494a6cec7b4c78	9b494a6cec7b4c78fc5b6857c52e533b57cfb7a33d2af3bd988e4923c389ee7c	武器屋      	accepted	Codex	full-20261006-main	2026-10-06	顯示層採用；不修改原版或存檔。
MAIN@IDA:5937:04C1	3e87810a841342b7	3e87810a841342b7b4eec96c4f6750514c703f264c3f6621db42477a1c4c2c0c	司祭        	accepted	Codex	full-20261006-main	2026-10-06	顯示層採用；不修改原版或存檔。
MAIN@IDA:5937:04CE	6c7f2a10cfae1066	6c7f2a10cfae1066b0fe78d0a57e7eb2bc8a4a69e717f47ec66810895ec391ec	锻冶工人    	accepted	Codex	full-20261006-main	2026-10-06	顯示層採用；不修改原版或存檔。
MAIN@IDA:5937:04DB	ba6f1cc1e8bd5685	ba6f1cc1e8bd5685e75cbadf0d408ea0f0eabdcd7113105bc44a0750a963cb84	牧师        	accepted	Codex	full-20261006-main	2026-10-06	顯示層採用；不修改原版或存檔。
MAIN@IDA:5937:04E8	e0388b6d003f42ff	e0388b6d003f42ff3bc6ee682b160090488bf584f75c95dfb94fd6461b65629d	防具屋      	accepted	Codex	full-20261006-main	2026-10-06	顯示層採用；不修改原版或存檔。
MAIN@IDA:5937:04F5	36108cc17a5eb2fe	36108cc17a5eb2fec9b54dc5328748dd586843def8dcdf5914cd4c54d57f3646	主教        	accepted	Codex	full-20261006-main	2026-10-06	顯示層採用；不修改原版或存檔。
MAIN@IDA:5937:0502	0674bcf8f2d20f8c	0674bcf8f2d20f8cbbd74dad4318814a93dc404cefa9b40a0d5b6dcf2a76032b	宝石工人    	accepted	Codex	full-20261006-main	2026-10-06	顯示層採用；不修改原版或存檔。
MAIN@IDA:5937:050F	3e87810a841342b7	3e87810a841342b7b4eec96c4f6750514c703f264c3f6621db42477a1c4c2c0c	司祭        	accepted	Codex	full-20261006-main	2026-10-06	顯示層採用；不修改原版或存檔。
MAIN@IDA:5937:051C	99bffbd939e2b86e	99bffbd939e2b86ef8b0996ebdd4ebc4b83f3f7b60013faeab3a5f25a4df7ed5	怪女人      	accepted	Codex	full-20261006-main	2026-10-06	顯示層採用；不修改原版或存檔。
MAIN@IDA:5937:0529	ba9667696bbb3458	ba9667696bbb3458c2a2511a88d4e88b967bac0a432d3becc97bed31a3003e7e	舞娘        	accepted	Codex	full-20261006-main	2026-10-06	顯示層採用；不修改原版或存檔。
MAIN@IDA:5937:0536	9fe10d8b6c1f52e9	9fe10d8b6c1f52e91ad1b940e87256b48db7c43650736e356fcb32a299064269	谜之女      	accepted	Codex	full-20261006-main	2026-10-06	顯示層採用；不修改原版或存檔。
MAIN@IDA:5937:0543	7abb083d44028eb8	7abb083d44028eb8cf6a3a8004e4ddfcfcedc0b67ff8bbbe4ef22ead93afbde3	宝石商      	accepted	Codex	full-20261006-main	2026-10-06	顯示層採用；不修改原版或存檔。
MAIN@IDA:5937:0550	99bffbd939e2b86e	99bffbd939e2b86ef8b0996ebdd4ebc4b83f3f7b60013faeab3a5f25a4df7ed5	怪女人      	accepted	Codex	full-20261006-main	2026-10-06	顯示層採用；不修改原版或存檔。
MAIN@IDA:5937:055D	ba9667696bbb3458	ba9667696bbb3458c2a2511a88d4e88b967bac0a432d3becc97bed31a3003e7e	舞娘        	accepted	Codex	full-20261006-main	2026-10-06	顯示層採用；不修改原版或存檔。
MAIN@IDA:5937:056A	9fe10d8b6c1f52e9	9fe10d8b6c1f52e91ad1b940e87256b48db7c43650736e356fcb32a299064269	谜之女      	accepted	Codex	full-20261006-main	2026-10-06	顯示層採用；不修改原版或存檔。
MAIN@IDA:5937:0577	7abb083d44028eb8	7abb083d44028eb8cf6a3a8004e4ddfcfcedc0b67ff8bbbe4ef22ead93afbde3	宝石商      	accepted	Codex	full-20261006-main	2026-10-06	顯示層採用；不修改原版或存檔。
MAIN@IDA:5937:0584	4a17c9b62928ef7e	4a17c9b62928ef7e38ecc7596afe32228bad139fa11f6bd92cc673dab23e5a76	酒场的女人  	accepted	Codex	full-20261006-main	2026-10-06	顯示層採用；不修改原版或存檔。
MAIN@IDA:5937:0591	4a17c9b62928ef7e	4a17c9b62928ef7e38ecc7596afe32228bad139fa11f6bd92cc673dab23e5a76	酒场的女人  	accepted	Codex	full-20261006-main	2026-10-06	顯示層採用；不修改原版或存檔。
MAIN@IDA:5937:059E	1dd5b548f812a70b	1dd5b548f812a70b49cfb81b5166d4c6b682fa3afe4c4c5621f2848a841a0cd2	护士        	accepted	Codex	full-20261006-main	2026-10-06	顯示層採用；不修改原版或存檔。
MAIN@IDA:5937:05AB	1dd5b548f812a70b	1dd5b548f812a70b49cfb81b5166d4c6b682fa3afe4c4c5621f2848a841a0cd2	护士        	accepted	Codex	full-20261006-main	2026-10-06	顯示層採用；不修改原版或存檔。
MAIN@IDA:5937:05B8	f10521129ffa4fa2	f10521129ffa4fa2d37e0f2be08e0aae10cffe6969edcf8904b6b339afe83598	武器屋店员  	accepted	Codex	full-20261006-main	2026-10-06	顯示層採用；不修改原版或存檔。
MAIN@IDA:5937:05C5	f10521129ffa4fa2	f10521129ffa4fa2d37e0f2be08e0aae10cffe6969edcf8904b6b339afe83598	武器屋店员  	accepted	Codex	full-20261006-main	2026-10-06	顯示層採用；不修改原版或存檔。
MAIN@IDA:5937:05D2	3d3c754a9ee186cb	3d3c754a9ee186cb5a018aed418bd0ae488deecbc0f701a27acffd95b6906f98	道具屋店员  	accepted	Codex	full-20261006-main	2026-10-06	顯示層採用；不修改原版或存檔。
MAIN@IDA:5937:05DF	3d3c754a9ee186cb	3d3c754a9ee186cb5a018aed418bd0ae488deecbc0f701a27acffd95b6906f98	道具屋店员  	accepted	Codex	full-20261006-main	2026-10-06	顯示層採用；不修改原版或存檔。
MAIN@IDA:5937:05EC	597bf356d0f83c9d	597bf356d0f83c9d63d09abe1dc0f847e52ea56bd7013e51a1c90c05ef9d4a34	占卜师      	accepted	Codex	full-20261006-main	2026-10-06	顯示層採用；不修改原版或存檔。
MAIN@IDA:5937:05F9	4a17c9b62928ef7e	4a17c9b62928ef7e38ecc7596afe32228bad139fa11f6bd92cc673dab23e5a76	酒场的女人  	accepted	Codex	full-20261006-main	2026-10-06	顯示層採用；不修改原版或存檔。
MAIN@IDA:5937:0606	1dd5b548f812a70b	1dd5b548f812a70b49cfb81b5166d4c6b682fa3afe4c4c5621f2848a841a0cd2	护士        	accepted	Codex	full-20261006-main	2026-10-06	顯示層採用；不修改原版或存檔。
MAIN@IDA:5937:0613	1dd5b548f812a70b	1dd5b548f812a70b49cfb81b5166d4c6b682fa3afe4c4c5621f2848a841a0cd2	护士        	accepted	Codex	full-20261006-main	2026-10-06	顯示層採用；不修改原版或存檔。
MAIN@IDA:5937:0620	f10521129ffa4fa2	f10521129ffa4fa2d37e0f2be08e0aae10cffe6969edcf8904b6b339afe83598	武器屋店员  	accepted	Codex	full-20261006-main	2026-10-06	顯示層採用；不修改原版或存檔。
MAIN@IDA:5937:062D	f10521129ffa4fa2	f10521129ffa4fa2d37e0f2be08e0aae10cffe6969edcf8904b6b339afe83598	武器屋店员  	accepted	Codex	full-20261006-main	2026-10-06	顯示層採用；不修改原版或存檔。
MAIN@IDA:5937:063A	3d3c754a9ee186cb	3d3c754a9ee186cb5a018aed418bd0ae488deecbc0f701a27acffd95b6906f98	道具屋店员  	accepted	Codex	full-20261006-main	2026-10-06	顯示層採用；不修改原版或存檔。
MAIN@IDA:5937:0647	3d3c754a9ee186cb	3d3c754a9ee186cb5a018aed418bd0ae488deecbc0f701a27acffd95b6906f98	道具屋店员  	accepted	Codex	full-20261006-main	2026-10-06	顯示層採用；不修改原版或存檔。
MAIN@IDA:5937:0654	e7d51a800a86503b	e7d51a800a86503b2de328dd982d40e60c4d06ec223005112553997cb72ac86a	 接受 	accepted	Codex	full-20261006-main	2026-10-06	顯示層採用；不修改原版或存檔。
MAIN@IDA:5937:065B	6bf41e8e4fb80348	6bf41e8e4fb803489d717de3a7c11460fed7aa0becc07f0e049fad4e394f6b81	 拒绝 	accepted	Codex	full-20261006-main	2026-10-06	顯示層採用；不修改原版或存檔。
MAIN@IDA:5937:0662	e7d51a800a86503b	e7d51a800a86503b2de328dd982d40e60c4d06ec223005112553997cb72ac86a	 接受 	accepted	Codex	full-20261006-main	2026-10-06	顯示層採用；不修改原版或存檔。
MAIN@IDA:5937:0669	6bf41e8e4fb80348	6bf41e8e4fb803489d717de3a7c11460fed7aa0becc07f0e049fad4e394f6b81	 拒绝 	accepted	Codex	full-20261006-main	2026-10-06	顯示層採用；不修改原版或存檔。
MAIN@IDA:5937:0670	e7d51a800a86503b	e7d51a800a86503b2de328dd982d40e60c4d06ec223005112553997cb72ac86a	 接受 	accepted	Codex	full-20261006-main	2026-10-06	顯示層採用；不修改原版或存檔。
MAIN@IDA:5937:0677	6bf41e8e4fb80348	6bf41e8e4fb803489d717de3a7c11460fed7aa0becc07f0e049fad4e394f6b81	 拒绝 	accepted	Codex	full-20261006-main	2026-10-06	顯示層採用；不修改原版或存檔。
MAIN@IDA:5937:067E	e7d51a800a86503b	e7d51a800a86503b2de328dd982d40e60c4d06ec223005112553997cb72ac86a	 接受 	accepted	Codex	full-20261006-main	2026-10-06	顯示層採用；不修改原版或存檔。
MAIN@IDA:5937:0685	6bf41e8e4fb80348	6bf41e8e4fb803489d717de3a7c11460fed7aa0becc07f0e049fad4e394f6b81	 拒绝 	accepted	Codex	full-20261006-main	2026-10-06	顯示層採用；不修改原版或存檔。
MAIN@IDA:5937:068C	e7d51a800a86503b	e7d51a800a86503b2de328dd982d40e60c4d06ec223005112553997cb72ac86a	 接受 	accepted	Codex	full-20261006-main	2026-10-06	顯示層採用；不修改原版或存檔。
MAIN@IDA:5937:0693	6bf41e8e4fb80348	6bf41e8e4fb803489d717de3a7c11460fed7aa0becc07f0e049fad4e394f6b81	 拒绝 	accepted	Codex	full-20261006-main	2026-10-06	顯示層採用；不修改原版或存檔。
MAIN@IDA:5937:069A	e7d51a800a86503b	e7d51a800a86503b2de328dd982d40e60c4d06ec223005112553997cb72ac86a	 接受 	accepted	Codex	full-20261006-main	2026-10-06	顯示層採用；不修改原版或存檔。
MAIN@IDA:5937:06A1	6bf41e8e4fb80348	6bf41e8e4fb803489d717de3a7c11460fed7aa0becc07f0e049fad4e394f6b81	 拒绝 	accepted	Codex	full-20261006-main	2026-10-06	顯示層採用；不修改原版或存檔。
MAIN@IDA:5937:06A8	e7d51a800a86503b	e7d51a800a86503b2de328dd982d40e60c4d06ec223005112553997cb72ac86a	 接受 	accepted	Codex	full-20261006-main	2026-10-06	顯示層採用；不修改原版或存檔。
MAIN@IDA:5937:06AF	6bf41e8e4fb80348	6bf41e8e4fb803489d717de3a7c11460fed7aa0becc07f0e049fad4e394f6b81	 拒绝 	accepted	Codex	full-20261006-main	2026-10-06	顯示層採用；不修改原版或存檔。
MAIN@IDA:5937:06FD	0f2017ce96623064	0f2017ce96623064d710977cf389598e73164cde1be0d74537f2728628fc3a86	   没有任何工作委托       	accepted	Codex	full-20261006-main	2026-10-06	顯示層採用；不修改原版或存檔。
MAIN@IDA:5937:0718	b88d06a7e4562d32	b88d06a7e4562d32868e9219c8a59e10c4f4766831f5303c06b45637cb692e1a	   有工作的委托           	accepted	Codex	full-20261006-main	2026-10-06	顯示層採用；不修改原版或存檔。
MAIN@IDA:5937:0754	9f3db207a54a9532	9f3db207a54a95320b7cdee933957e90f313d6b79c77f6144422008ad4faa375	教会	accepted	Codex	full-20261006-main	2026-10-06	顯示層採用；不修改原版或存檔。
MAIN@IDA:5937:0759	eba088b75e107f69	eba088b75e107f69e896c036213ea0605e7ddfb1cf637b1e4f00730f3b43c0bb	捐献50Ｇ	accepted	Codex	full-20261006-main	2026-10-06	顯示層採用；不修改原版或存檔。
MAIN@IDA:5937:0762	a7178fa77ea9de9f	a7178fa77ea9de9f975d982a7d70cbb26ec3785e02519ba7f1082d7b80ed524c	不捐	accepted	Codex	full-20261006-main	2026-10-06	顯示層採用；不修改原版或存檔。
MAIN@IDA:5937:0767	85afb19876758eb9	85afb19876758eb9277a0a0e31bfd8d4d049aa7acb40414c3d689cbb8e91eb52	酒店	accepted	Codex	full-20261006-main	2026-10-06	顯示層採用；不修改原版或存檔。
MAIN@IDA:5937:076C	fa327a7c292d11fc	fa327a7c292d11fcff180e727d781189d17309d66d282920f830791797a224d8	流浪汉	accepted	Codex	full-20261006-main	2026-10-06	顯示層採用；不修改原版或存檔。
MAIN@IDA:59AE:0004	709ea035ac12aea7	709ea035ac12aea705bccdc774a3335745b331949935faa68dd9f77dd5ac2ee4	普得加斯盗族团      	accepted	Codex	full-20261006-main	2026-10-06	顯示層採用；不修改原版或存檔。
MAIN@IDA:59AE:0055	cfe27f310a33f9d5	cfe27f310a33f9d55dbfdfaca4cf6bddce08ac9892f2f82a4f8ea281218e9dd6	克沙盗族团          	accepted	Codex	full-20261006-main	2026-10-06	顯示層採用；不修改原版或存檔。
MAIN@IDA:59AE:00A6	f6637b6fe7308153	f6637b6fe73081536ad51d57a05708d8a7cf3ef65a7235f60b533c62006f5b15	洛摩斯暗杀教团      	accepted	Codex	full-20261006-main	2026-10-06	顯示層採用；不修改原版或存檔。
MAIN@IDA:59AE:00F7	3ab44d07011d4e5b	3ab44d07011d4e5b72d50f6cc61fb0b6525141ff81d18a02dad03b2e0c7b28b5	卡萨鲁士一族        	accepted	Codex	full-20261006-main	2026-10-06	顯示層採用；不修改原版或存檔。
MAIN@IDA:59AE:0148	5672fb9c2c04c761	5672fb9c2c04c7615acc62d87d180978797cac88ef6ffb25df93f9925197549b	夫肯武装势力        	accepted	Codex	full-20261006-main	2026-10-06	顯示層採用；不修改原版或存檔。
MAIN@IDA:59AE:0199	d85d3f47c1c92b97	d85d3f47c1c92b971bbefe288a98ab9a045cf2af0796d07d67a82110cfc7d9dc	伦塔鲁诺复活派      	accepted	Codex	full-20261006-main	2026-10-06	顯示層採用；不修改原版或存檔。
MAIN@IDA:59AE:01EA	95bcf87f601af9bb	95bcf87f601af9bb36ffe324c422bb70148297b7930d88b284ab845ebe0a902f	正统雷奈狄斯派      	accepted	Codex	full-20261006-main	2026-10-06	顯示層採用；不修改原版或存檔。
MAIN@IDA:59AE:023B	95c30af8f6f8de4c	95c30af8f6f8de4c17b99f088d14fa112c5bd7f37561f1167eb7d15a8cc1ba80	肯提斯一族          	accepted	Codex	full-20261006-main	2026-10-06	顯示層採用；不修改原版或存檔。
MAIN@IDA:59AE:028C	8ad8564730467471	8ad856473046747147699c6385fdc57aba6f070e063344d66a530755d4568ccd	雷斯寇特骑士团      	accepted	Codex	full-20261006-main	2026-10-06	顯示層採用；不修改原版或存檔。
MAIN@IDA:59AE:02DD	3caeaa50f30fcb8c	3caeaa50f30fcb8ce4675ae90db7779383766e4f550cae6e6c02ad4cb5b7e2e4	哈洛鲁特亲卫队      	accepted	Codex	full-20261006-main	2026-10-06	顯示層採用；不修改原版或存檔。
MAIN@IDA:59AE:032E	658645bc47ba16ba	658645bc47ba16ba1c4373891e21633e3fc34da92b61491d560d8874052aff0c	萨奇古一族          	accepted	Codex	full-20261006-main	2026-10-06	顯示層採用；不修改原版或存檔。
MAIN@IDA:59AE:037F	093c585e82b0f1ca	093c585e82b0f1ca7379fa65420b947d40c981e7b7d1b189aa99750c8655ab19	赫兰德解放军        	accepted	Codex	full-20261006-main	2026-10-06	顯示層採用；不修改原版或存檔。
MAIN@IDA:59AE:03D0	26f6a53e00cfdaae	26f6a53e00cfdaaea31a45d3b33faa1ef976a18565d560222128e390aaf6e892	米斯狄克财团        	accepted	Codex	full-20261006-main	2026-10-06	顯示層採用；不修改原版或存檔。
MAIN@IDA:59AE:0421	ec9bb4dde18be14e	ec9bb4dde18be14eb0b7ae2809881c999afa2e141175d81c998d8ecc4e5636dc	巴得奇斯私设军      	accepted	Codex	full-20261006-main	2026-10-06	顯示層採用；不修改原版或存檔。
MAIN@IDA:59AE:0472	9cda43f52d1fd36b	9cda43f52d1fd36bd960fff566e14ea97815eca1c36d30011de81536af535b65	兰德克商团          	accepted	Codex	full-20261006-main	2026-10-06	顯示層採用；不修改原版或存檔。
MAIN@IDA:59AE:04C3	ee663b82618e5adc	ee663b82618e5adc4d448e840e7577654385e617c03ca00c99bc8ca72522482e	帝法拉党            	accepted	Codex	full-20261006-main	2026-10-06	顯示層採用；不修改原版或存檔。
MAIN@IDA:59AE:0D57	7b95ac9d21b6e937	7b95ac9d21b6e93766d7a9af0b30a7dcaf0179712e1b18a69d09063acdcc4f00	 城主 	accepted	Codex	full-20261006-main	2026-10-06	顯示層採用；不修改原版或存檔。
MAIN@IDA:59AE:0D5E	1c7ef2d2ea03b1ea	1c7ef2d2ea03b1ea5e4625a424b3050393791215a7f98c0beddfe5378abfc853	 司令 	accepted	Codex	full-20261006-main	2026-10-06	顯示層採用；不修改原版或存檔。
MAIN@IDA:59AE:0D65	a3529c1af3e8d011	a3529c1af3e8d011a0a6d8d44d0be0d69f5d7f3bd9bf46a2a29c12630e653b78	 市长 	accepted	Codex	full-20261006-main	2026-10-06	顯示層採用；不修改原版或存檔。
MAIN@IDA:59AE:0D6C	80e0017763d43763	80e0017763d437636d5e007ac86d93dfef406a914b5a79dfbd41830840150b35	 夺回 	accepted	Codex	full-20261006-main	2026-10-06	顯示層採用；不修改原版或存檔。
MAIN@IDA:59AE:0D73	b75f1892e4a1dd58	b75f1892e4a1dd581b0acdfcebc8ffb2811691414782f5611c52302fb8ae01be	 占领 	accepted	Codex	full-20261006-main	2026-10-06	顯示層採用；不修改原版或存檔。
MAIN@IDA:59AE:0D7A	8ec98141f721c4b9	8ec98141f721c4b9e33d1ce5256961cabdf92887865ca9a346215fa857c130ae	 增强 	accepted	Codex	full-20261006-main	2026-10-06	顯示層採用；不修改原版或存檔。
MAIN@IDA:59AE:0D81	93d9247396301d1a	93d9247396301d1a52807d774e4c4a1c9a471e5959cccaf53740591ae52e656f	佣兵仲介人	accepted	Codex	full-20261006-main	2026-10-06	顯示層採用；不修改原版或存檔。
MAIN@IDA:59AE:0D8C	e7d51a800a86503b	e7d51a800a86503b2de328dd982d40e60c4d06ec223005112553997cb72ac86a	 接受 	accepted	Codex	full-20261006-main	2026-10-06	顯示層採用；不修改原版或存檔。
MAIN@IDA:59AE:0D93	6bf41e8e4fb80348	6bf41e8e4fb803489d717de3a7c11460fed7aa0becc07f0e049fad4e394f6b81	 拒绝 	accepted	Codex	full-20261006-main	2026-10-06	顯示層採用；不修改原版或存檔。
MAIN@IDA:59AE:0D9A	e7d51a800a86503b	e7d51a800a86503b2de328dd982d40e60c4d06ec223005112553997cb72ac86a	 接受 	accepted	Codex	full-20261006-main	2026-10-06	顯示層採用；不修改原版或存檔。
MAIN@IDA:59AE:0DA1	6bf41e8e4fb80348	6bf41e8e4fb803489d717de3a7c11460fed7aa0becc07f0e049fad4e394f6b81	 拒绝 	accepted	Codex	full-20261006-main	2026-10-06	顯示層採用；不修改原版或存檔。
MAIN@IDA:59AE:0DA8	e7d51a800a86503b	e7d51a800a86503b2de328dd982d40e60c4d06ec223005112553997cb72ac86a	 接受 	accepted	Codex	full-20261006-main	2026-10-06	顯示層採用；不修改原版或存檔。
MAIN@IDA:59AE:0DAF	6bf41e8e4fb80348	6bf41e8e4fb803489d717de3a7c11460fed7aa0becc07f0e049fad4e394f6b81	 拒绝 	accepted	Codex	full-20261006-main	2026-10-06	顯示層採用；不修改原版或存檔。
MAIN@IDA:59AE:0DB6	e7d51a800a86503b	e7d51a800a86503b2de328dd982d40e60c4d06ec223005112553997cb72ac86a	 接受 	accepted	Codex	full-20261006-main	2026-10-06	顯示層採用；不修改原版或存檔。
MAIN@IDA:59AE:0DBD	6bf41e8e4fb80348	6bf41e8e4fb803489d717de3a7c11460fed7aa0becc07f0e049fad4e394f6b81	 拒绝 	accepted	Codex	full-20261006-main	2026-10-06	顯示層採用；不修改原版或存檔。
MAIN@IDA:59AE:0DC4	3412591afc142b9b	3412591afc142b9b4b40d9a2f0198765c98130528b2aee7d30de9f8cb725080d	佣兵的仲介人	accepted	Codex	full-20261006-main	2026-10-06	顯示層採用；不修改原版或存檔。
MAIN@IDA:59AE:0DD1	3412591afc142b9b	3412591afc142b9b4b40d9a2f0198765c98130528b2aee7d30de9f8cb725080d	佣兵的仲介人	accepted	Codex	full-20261006-main	2026-10-06	顯示層採用；不修改原版或存檔。
MAIN@IDA:59AE:0DDE	3412591afc142b9b	3412591afc142b9b4b40d9a2f0198765c98130528b2aee7d30de9f8cb725080d	佣兵的仲介人	accepted	Codex	full-20261006-main	2026-10-06	顯示層採用；不修改原版或存檔。
MAIN@IDA:59AE:0DEB	3412591afc142b9b	3412591afc142b9b4b40d9a2f0198765c98130528b2aee7d30de9f8cb725080d	佣兵的仲介人	accepted	Codex	full-20261006-main	2026-10-06	顯示層採用；不修改原版或存檔。
MAIN@IDA:59AE:0DF8	c30ef39c069810e1	c30ef39c069810e1bd4e2fd6fdc25439f42445304d9d023c769fc5c3c1a6d8f7	作战内容                    依赖者                    报酬 	accepted	Codex	full-20261006-main	2026-10-06	顯示層採用；不修改原版或存檔。
MAIN@IDA:59AE:0E34	710e902e71616a99	710e902e71616a995c7f0d7e4d90e6499155cf7d0f616332df8e331c8a4c8691	  没有军事作战任务委托      	accepted	Codex	full-20261006-main	2026-10-06	顯示層採用；不修改原版或存檔。
MAIN@IDA:59AE:0E51	4d9353c2a99f06be	4d9353c2a99f06bed0301b14ece46de5264bcc4b275ca455606f7a1a83d35ace	  有军事作战任务委托        	accepted	Codex	full-20261006-main	2026-10-06	顯示層採用；不修改原版或存檔。
MAIN@IDA:59AE:0E9C	80200a6c33d97ceb	80200a6c33d97cebd5bc0a84274af0d264fc9edaa074b5dbb4ce03963ec73f10	增强	accepted	Codex	full-20261006-main	2026-10-06	顯示層採用；不修改原版或存檔。
MAIN@IDA:5A98:002F	63ebc2daf339c54a	63ebc2daf339c54a358fffaba9657e1957c4191c223585c99e7edcd523fd6a1f	德利卡组舞	accepted	Codex	full-20261006-main	2026-10-06	顯示層採用；不修改原版或存檔。
MAIN@IDA:5A98:003A	280bd849b0ebbf44	280bd849b0ebbf442b157e56768ec40bbd1cd36d386ed09f83332f6ea05fbf65	拉克修之舞	accepted	Codex	full-20261006-main	2026-10-06	顯示層採用；不修改原版或存檔。
MAIN@IDA:5A98:0045	581c96a3c4ef2ba2	581c96a3c4ef2ba2fda335725416c54ed61e34c5f4fff83c9a1fa7f5508ff59c	塞南之舞	accepted	Codex	full-20261006-main	2026-10-06	顯示層採用；不修改原版或存檔。
MAIN@IDA:5A98:004E	573643b3d63dff3e	573643b3d63dff3e915a89e39a579b14d8e4a75052ceb120c1d3e3371a8d027c	秘舞“美神谢蕾德”	accepted	Codex	full-20261006-main	2026-10-06	顯示層採用；不修改原版或存檔。
MAIN@IDA:5A98:0061	b1750bd622365b72	b1750bd622365b72f8ece6544ba42a8f628c16b3273768a01ddedb2d8a33002e	诱惑之舞	accepted	Codex	full-20261006-main	2026-10-06	顯示層採用；不修改原版或存檔。
MAIN@IDA:5A98:006A	3cc0ac94aecb8863	3cc0ac94aecb8863bd909bb05df0f73ade85fbe6d63d41f4a30d6051323d4022	主办人	accepted	Codex	full-20261006-main	2026-10-06	顯示層採用；不修改原版或存檔。
MAIN@IDA:5A98:0071	2d3b893b83fb4431	2d3b893b83fb4431a76e8bd2096812688728ac0513c4acfeadc425392adfdebc	公演	accepted	Codex	full-20261006-main	2026-10-06	顯示層採用；不修改原版或存檔。
MAIN@IDA:5A98:0076	36684862a0dc6bb7	36684862a0dc6bb763eaeb28d8cc4fbb80b20ba04ffd771a07c3e50d7d10b9b6	不公演	accepted	Codex	full-20261006-main	2026-10-06	顯示層採用；不修改原版或存檔。
MAIN@IDA:5A98:007D	3cc0ac94aecb8863	3cc0ac94aecb8863bd909bb05df0f73ade85fbe6d63d41f4a30d6051323d4022	主办人	accepted	Codex	full-20261006-main	2026-10-06	顯示層採用；不修改原版或存檔。
MAIN@IDA:5A98:0084	3cc0ac94aecb8863	3cc0ac94aecb8863bd909bb05df0f73ade85fbe6d63d41f4a30d6051323d4022	主办人	accepted	Codex	full-20261006-main	2026-10-06	顯示層採用；不修改原版或存檔。
MAIN@IDA:5A98:008B	3cc0ac94aecb8863	3cc0ac94aecb8863bd909bb05df0f73ade85fbe6d63d41f4a30d6051323d4022	主办人	accepted	Codex	full-20261006-main	2026-10-06	顯示層採用；不修改原版或存檔。
MAIN@IDA:5A98:0092	3cc0ac94aecb8863	3cc0ac94aecb8863bd909bb05df0f73ade85fbe6d63d41f4a30d6051323d4022	主办人	accepted	Codex	full-20261006-main	2026-10-06	顯示層採用；不修改原版或存檔。
MAIN@IDA:5A98:0099	3cc0ac94aecb8863	3cc0ac94aecb8863bd909bb05df0f73ade85fbe6d63d41f4a30d6051323d4022	主办人	accepted	Codex	full-20261006-main	2026-10-06	顯示層採用；不修改原版或存檔。
MAIN@IDA:5A98:00A0	3cc0ac94aecb8863	3cc0ac94aecb8863bd909bb05df0f73ade85fbe6d63d41f4a30d6051323d4022	主办人	accepted	Codex	full-20261006-main	2026-10-06	顯示層採用；不修改原版或存檔。
MAIN@IDA:5A98:00A7	304c89f6a2a61220	304c89f6a2a61220586efa7198b31ac43742c2fc3ae1d14d10b3bfb68476ef6e	公演开始。	accepted	Codex	full-20261006-main	2026-10-06	顯示層採用；不修改原版或存檔。
MAIN@IDA:5A98:00B2	c7a8acdd625035cc	c7a8acdd625035ccb8139c44d7b3f06320abb6a13c9ea993a0d473fd757de25b	公演结束！	accepted	Codex	full-20261006-main	2026-10-06	顯示層採用；不修改原版或存檔。
MAIN@IDA:5AA3:0020	85afb19876758eb9	85afb19876758eb9277a0a0e31bfd8d4d049aa7acb40414c3d689cbb8e91eb52	酒店	accepted	Codex	full-20261006-main	2026-10-06	顯示層採用；不修改原版或存檔。
MAIN@IDA:5AA3:0025	85afb19876758eb9	85afb19876758eb9277a0a0e31bfd8d4d049aa7acb40414c3d689cbb8e91eb52	酒店	accepted	Codex	full-20261006-main	2026-10-06	顯示層採用；不修改原版或存檔。
MAIN@IDA:5AA3:002A	85afb19876758eb9	85afb19876758eb9277a0a0e31bfd8d4d049aa7acb40414c3d689cbb8e91eb52	酒店	accepted	Codex	full-20261006-main	2026-10-06	顯示層採用；不修改原版或存檔。
MAIN@IDA:5AA3:002F	85afb19876758eb9	85afb19876758eb9277a0a0e31bfd8d4d049aa7acb40414c3d689cbb8e91eb52	酒店	accepted	Codex	full-20261006-main	2026-10-06	顯示層採用；不修改原版或存檔。
MAIN@IDA:5AA3:0034	85afb19876758eb9	85afb19876758eb9277a0a0e31bfd8d4d049aa7acb40414c3d689cbb8e91eb52	酒店	accepted	Codex	full-20261006-main	2026-10-06	顯示層採用；不修改原版或存檔。
MAIN@IDA:5AA3:0039	85afb19876758eb9	85afb19876758eb9277a0a0e31bfd8d4d049aa7acb40414c3d689cbb8e91eb52	酒店	accepted	Codex	full-20261006-main	2026-10-06	顯示層採用；不修改原版或存檔。
MAIN@IDA:5AA3:003E	85afb19876758eb9	85afb19876758eb9277a0a0e31bfd8d4d049aa7acb40414c3d689cbb8e91eb52	酒店	accepted	Codex	full-20261006-main	2026-10-06	顯示層採用；不修改原版或存檔。
MAIN@IDA:5AA3:0043	85afb19876758eb9	85afb19876758eb9277a0a0e31bfd8d4d049aa7acb40414c3d689cbb8e91eb52	酒店	accepted	Codex	full-20261006-main	2026-10-06	顯示層採用；不修改原版或存檔。
MAIN@IDA:5AA3:0048	74b1a7b6dcdac7b2	74b1a7b6dcdac7b2f715fb0f25bc48ab1dcbdae092832ec4a6f37bb4c4b35f84	醉客	accepted	Codex	full-20261006-main	2026-10-06	顯示層採用；不修改原版或存檔。
MAIN@IDA:5AA3:004D	5cce110c25df83c3	5cce110c25df83c397d3913143e4c7e6526b862ee47aa54fa8b38c4d6aca0fe0	旅行商人	accepted	Codex	full-20261006-main	2026-10-06	顯示層採用；不修改原版或存檔。
MAIN@IDA:5AA3:0056	d67ce131b3b09f46	d67ce131b3b09f46f2f7188c1336028c6c03638ecb6194b00f31e2a4d8137573	佣兵	accepted	Codex	full-20261006-main	2026-10-06	顯示層採用；不修改原版或存檔。
MAIN@IDA:5AA3:0065	80bdb2168de484c2	80bdb2168de484c2356a61f84c1482b62dafd5bda2c581e855d445682617073e	%s的占领!	accepted	Codex	full-20261006-main	2026-10-06	顯示層採用；不修改原版或存檔。
MAIN@IDA:5AA3:006F	fc51eafd4f362826	fc51eafd4f3628267c574821271a2fc064682e690cfbebec43217219e56b1b43	%s的增强	accepted	Codex	full-20261006-main	2026-10-06	顯示層採用；不修改原版或存檔。
MAIN@IDA:5AA3:0078	a5cd3657d5ad2d31	a5cd3657d5ad2d319a6ad48a4c87b42d43c83316e69fc61b641bb8f2d5ee5873	军事作战	accepted	Codex	full-20261006-main	2026-10-06	顯示層採用；不修改原版或存檔。
MAIN@IDA:5AA3:0081	9aa7ee3c6e4bb170	9aa7ee3c6e4bb1703ed97b1a6e68b15d25937d1b49a18c8c4dc2a70474e17451	%s运送至%s	accepted	Codex	full-20261006-main	2026-10-06	顯示層採用；不修改原版或存檔。
MAIN@IDA:5AA3:008C	31f350c745cad4b3	31f350c745cad4b3a6fce21b4df68b1f1084cb06ae71aefa9bf6c2f813e4c12e	运送	accepted	Codex	full-20261006-main	2026-10-06	顯示層採用；不修改原版或存檔。
MAIN@IDA:5AA3:0091	e643ae722299ded6	e643ae722299ded69733a3caa6b504894d542cb49cac60f91f223e811800b555	到手的物品	accepted	Codex	full-20261006-main	2026-10-06	顯示層採用；不修改原版或存檔。
MAIN@IDA:5AA3:009C	eeef302433edc2e9	eeef302433edc2e973a8bdd51856e028119cff0c0c90488993d9776ba2a7f59e	洗濯物          	accepted	Codex	full-20261006-main	2026-10-06	顯示層採用；不修改原版或存檔。
MAIN@IDA:5AA3:00AD	c745ae161f19e636	c745ae161f19e6369e5c40872aec1e6c0aa99bd0d87e77b3b3f6e2f1db4cff97	古文书          	accepted	Codex	full-20261006-main	2026-10-06	顯示層採用；不修改原版或存檔。
MAIN@IDA:5AA3:00BE	f666680a774e3e28	f666680a774e3e28812c1c186e63e3e24ac9b6455d366c3b4119d7ebf772c079	宝藏地图        	accepted	Codex	full-20261006-main	2026-10-06	顯示層採用；不修改原版或存檔。
MAIN@IDA:5AA3:00CF	ec9ecf1dffa0e30d	ec9ecf1dffa0e30de71c32c563ae45d96292ac944b57df1b0b82cf04041b65ad	木彫人偶        	accepted	Codex	full-20261006-main	2026-10-06	顯示層採用；不修改原版或存檔。
MAIN@IDA:5AA3:00E0	475b641e8e957ee3	475b641e8e957ee3ab7fd0e67525becad85e85f91f468149ca0f27d5201d5632	优胜奖杯        	accepted	Codex	full-20261006-main	2026-10-06	顯示層採用；不修改原版或存檔。
MAIN@IDA:5AA3:00F1	0f0ba23ff919a213	0f0ba23ff919a2135ee3c4cf78ed4d460990d53ec65f3d864187c07f59120b41	修理物品        	accepted	Codex	full-20261006-main	2026-10-06	顯示層採用；不修改原版或存檔。
MAIN@IDA:5AA3:0102	89cc1ef84a6b2e74	89cc1ef84a6b2e74b99f9aa22121776b365e939a69901778f1678eedd182d45f	洗剂            	accepted	Codex	full-20261006-main	2026-10-06	顯示層採用；不修改原版或存檔。
MAIN@IDA:5AA3:0113	95386925c3805df4	95386925c3805df4ba730712d8b67a5c1763050b39eb7ec423073e68ab2245a4	疑问之盒        	accepted	Codex	full-20261006-main	2026-10-06	顯示層採用；不修改原版或存檔。
MAIN@IDA:5AA3:0124	24961ffc61212b82	24961ffc61212b82da1f4e5eefd805e1b5607d1e7e2d7dc2eb0df4c576c51a72	谜之箱          	accepted	Codex	full-20261006-main	2026-10-06	顯示層採用；不修改原版或存檔。
MAIN@IDA:5AA3:0135	bb956447bc8e03a7	bb956447bc8e03a74a79ad29826b1127c06313ab6fcea9176fed5c48532e3cef	第１个物品      	accepted	Codex	full-20261006-main	2026-10-06	顯示層採用；不修改原版或存檔。
MAIN@IDA:5AA3:0146	192255032e211b5c	192255032e211b5cba20fa6a779c7ddc23304cd603c4327a699bdbdb20d16a21	第２个物品      	accepted	Codex	full-20261006-main	2026-10-06	顯示層採用；不修改原版或存檔。
MAIN@IDA:5AA3:0157	cba0808197ce9741	cba0808197ce9741081b20bdf38ea0d3f55c7d957540fd138c7c84b61d782386	第３个物品      	accepted	Codex	full-20261006-main	2026-10-06	顯示層採用；不修改原版或存檔。
MAIN@IDA:5AA3:0168	f6583aaec46cc792	f6583aaec46cc792810e128e97667fe668830da502345ec28f4c7b6256e165d8	第４个物品      	accepted	Codex	full-20261006-main	2026-10-06	顯示層採用；不修改原版或存檔。
MAIN@IDA:5AA3:0179	bd338aa1283c2875	bd338aa1283c287506642a262819d3c2f32bba921f077285f2591c4d55905a34	古老之键        	accepted	Codex	full-20261006-main	2026-10-06	顯示層採用；不修改原版或存檔。
MAIN@IDA:5AA3:018A	58d77925cfe3ce18	58d77925cfe3ce1865408d509e9da0463fe079c6b5a351170f8900aad1ff8a8f	在酒场‥	accepted	Codex	full-20261006-main	2026-10-06	顯示層採用；不修改原版或存檔。
MAIN@IDA:5AA3:0193	3a5df279505a3960	3a5df279505a39600e3d730b3821bb4a8d4a7524952026c955b3b0ee6722e77a	打听传闻	accepted	Codex	full-20261006-main	2026-10-06	顯示層採用；不修改原版或存檔。
MAIN@IDA:5AA3:019C	78b2766d5fef1a3c	78b2766d5fef1a3cd7c6ae128e416a13ecc61f3ed6be3cd55e8f499a3082bcad	军事任务列表 	accepted	Codex	full-20261006-main	2026-10-06	顯示層採用；不修改原版或存檔。
MAIN@IDA:5AA3:01AA	976d7d324037da23	976d7d324037da232b66e475d559e6c5d34ddf4bf7ad732adc0ee7a6812d9484	民事任务列表 	accepted	Codex	full-20261006-main	2026-10-06	顯示層採用；不修改原版或存檔。
MAIN@IDA:5AA3:01B8	95774c3849cc7cf6	95774c3849cc7cf67a5c7620337616c22e493611bc6107aa8a12b6d5f3396a1a	薪水计算一下	accepted	Codex	full-20261006-main	2026-10-06	顯示層採用；不修改原版或存檔。
MAIN@IDA:5AA3:01C5	e643ae722299ded6	e643ae722299ded69733a3caa6b504894d542cb49cac60f91f223e811800b555	到手的物品	accepted	Codex	full-20261006-main	2026-10-06	顯示層採用；不修改原版或存檔。
MAIN@IDA:5AA3:01D0	1eb7e316a9b63e73	1eb7e316a9b63e73de757a8884ba1411fd63b84227c7abd63de58660ac238056	打听公演情报 	accepted	Codex	full-20261006-main	2026-10-06	顯示層採用；不修改原版或存檔。
MAIN@IDA:5AA3:01DE	9bd3b16790369d31	9bd3b16790369d31c16c7bff0f852de7609c7d3aca65d274ce72bd693734824e	病院	accepted	Codex	full-20261006-main	2026-10-06	顯示層採用；不修改原版或存檔。
MAIN@IDA:5AA3:01E3	3c189095d886c42d	3c189095d886c42d577658c9ca4eead2a943a4480127eb251ef48d6dcd90457a	 治疗 	accepted	Codex	full-20261006-main	2026-10-06	顯示層採用；不修改原版或存檔。
MAIN@IDA:5AA3:01EA	636d58d101acde8a	636d58d101acde8a6e9034435e27d533ff192942488bc057bdbf8157a22a998f	 不治疗 	accepted	Codex	full-20261006-main	2026-10-06	顯示層採用；不修改原版或存檔。
MAIN@IDA:5AC2:0004	fd1e39d05a6b79c3	fd1e39d05a6b79c35cf33b393c5e6ec8f61de2b34f8d57ba2291b40ce00effdb	巴南利斯参谋	accepted	Codex	full-20261006-main	2026-10-06	顯示層採用；不修改原版或存檔。
MAIN@IDA:5AC2:0011	fd1e39d05a6b79c3	fd1e39d05a6b79c35cf33b393c5e6ec8f61de2b34f8d57ba2291b40ce00effdb	巴南利斯参谋	accepted	Codex	full-20261006-main	2026-10-06	顯示層採用；不修改原版或存檔。
MAIN@IDA:5AC2:001E	fd315c4faae7a560	fd315c4faae7a5607cf1067095157fdd073501e5d36518303ee64c0a9a49937e	雷兹尼亚克女王	accepted	Codex	full-20261006-main	2026-10-06	顯示層採用；不修改原版或存檔。
MAIN@IDA:5AC2:002D	fd1e39d05a6b79c3	fd1e39d05a6b79c35cf33b393c5e6ec8f61de2b34f8d57ba2291b40ce00effdb	巴南利斯参谋	accepted	Codex	full-20261006-main	2026-10-06	顯示層採用；不修改原版或存檔。
MAIN@IDA:5AC2:003A	fd315c4faae7a560	fd315c4faae7a5607cf1067095157fdd073501e5d36518303ee64c0a9a49937e	雷兹尼亚克女王	accepted	Codex	full-20261006-main	2026-10-06	顯示層採用；不修改原版或存檔。
MAIN@IDA:5AC2:0049	fd315c4faae7a560	fd315c4faae7a5607cf1067095157fdd073501e5d36518303ee64c0a9a49937e	雷兹尼亚克女王	accepted	Codex	full-20261006-main	2026-10-06	顯示層採用；不修改原版或存檔。
MAIN@IDA:5AC2:0058	fd315c4faae7a560	fd315c4faae7a5607cf1067095157fdd073501e5d36518303ee64c0a9a49937e	雷兹尼亚克女王	accepted	Codex	full-20261006-main	2026-10-06	顯示層採用；不修改原版或存檔。
MAIN@IDA:5AC2:0067	fd1e39d05a6b79c3	fd1e39d05a6b79c35cf33b393c5e6ec8f61de2b34f8d57ba2291b40ce00effdb	巴南利斯参谋	accepted	Codex	full-20261006-main	2026-10-06	顯示層採用；不修改原版或存檔。
MAIN@IDA:5AC2:0074	fd315c4faae7a560	fd315c4faae7a5607cf1067095157fdd073501e5d36518303ee64c0a9a49937e	雷兹尼亚克女王	accepted	Codex	full-20261006-main	2026-10-06	顯示層採用；不修改原版或存檔。
MAIN@IDA:5AC2:0083	fd1e39d05a6b79c3	fd1e39d05a6b79c35cf33b393c5e6ec8f61de2b34f8d57ba2291b40ce00effdb	巴南利斯参谋	accepted	Codex	full-20261006-main	2026-10-06	顯示層採用；不修改原版或存檔。
MAIN@IDA:5AC2:0090	f4c200b6012c18be	f4c200b6012c18be78d617f4c23e23def074f5bc97a376991ca8397df04389c7	布拉奇亚王	accepted	Codex	full-20261006-main	2026-10-06	顯示層採用；不修改原版或存檔。
MAIN@IDA:5AC2:009B	fd1e39d05a6b79c3	fd1e39d05a6b79c35cf33b393c5e6ec8f61de2b34f8d57ba2291b40ce00effdb	巴南利斯参谋	accepted	Codex	full-20261006-main	2026-10-06	顯示層採用；不修改原版或存檔。
MAIN@IDA:5AC2:00A8	f4c200b6012c18be	f4c200b6012c18be78d617f4c23e23def074f5bc97a376991ca8397df04389c7	布拉奇亚王	accepted	Codex	full-20261006-main	2026-10-06	顯示層採用；不修改原版或存檔。
MAIN@IDA:5AC2:00B3	f4c200b6012c18be	f4c200b6012c18be78d617f4c23e23def074f5bc97a376991ca8397df04389c7	布拉奇亚王	accepted	Codex	full-20261006-main	2026-10-06	顯示層採用；不修改原版或存檔。
MAIN@IDA:5AC2:00BE	fd1e39d05a6b79c3	fd1e39d05a6b79c35cf33b393c5e6ec8f61de2b34f8d57ba2291b40ce00effdb	巴南利斯参谋	accepted	Codex	full-20261006-main	2026-10-06	顯示層採用；不修改原版或存檔。
MAIN@IDA:5AC2:00CB	fd1e39d05a6b79c3	fd1e39d05a6b79c35cf33b393c5e6ec8f61de2b34f8d57ba2291b40ce00effdb	巴南利斯参谋	accepted	Codex	full-20261006-main	2026-10-06	顯示層採用；不修改原版或存檔。
MAIN@IDA:5ACF:0008	ef1847656f4036e9	ef1847656f4036e90e6970a058069f440000577a938598f505fe4f039cbecf6a	雷奇法鲁催缴部队    	accepted	Codex	full-20261006-main	2026-10-06	顯示層採用；不修改原版或存檔。
MAIN@IDA:5ACF:0059	ef1847656f4036e9	ef1847656f4036e90e6970a058069f440000577a938598f505fe4f039cbecf6a	雷奇法鲁催缴部队    	accepted	Codex	full-20261006-main	2026-10-06	顯示層採用；不修改原版或存檔。
MAIN@IDA:5ACF:00AA	ef1847656f4036e9	ef1847656f4036e90e6970a058069f440000577a938598f505fe4f039cbecf6a	雷奇法鲁催缴部队    	accepted	Codex	full-20261006-main	2026-10-06	顯示層採用；不修改原版或存檔。
MAIN@IDA:5ACF:00FB	ef1847656f4036e9	ef1847656f4036e90e6970a058069f440000577a938598f505fe4f039cbecf6a	雷奇法鲁催缴部队    	accepted	Codex	full-20261006-main	2026-10-06	顯示層採用；不修改原版或存檔。
MAIN@IDA:5ACF:014C	ef1847656f4036e9	ef1847656f4036e90e6970a058069f440000577a938598f505fe4f039cbecf6a	雷奇法鲁催缴部队    	accepted	Codex	full-20261006-main	2026-10-06	顯示層採用；不修改原版或存檔。
MAIN@IDA:5ACF:019D	ef1847656f4036e9	ef1847656f4036e90e6970a058069f440000577a938598f505fe4f039cbecf6a	雷奇法鲁催缴部队    	accepted	Codex	full-20261006-main	2026-10-06	顯示層採用；不修改原版或存檔。
MAIN@IDA:5ACF:01EE	ef1847656f4036e9	ef1847656f4036e90e6970a058069f440000577a938598f505fe4f039cbecf6a	雷奇法鲁催缴部队    	accepted	Codex	full-20261006-main	2026-10-06	顯示層採用；不修改原版或存檔。
MAIN@IDA:5ACF:023F	ef1847656f4036e9	ef1847656f4036e90e6970a058069f440000577a938598f505fe4f039cbecf6a	雷奇法鲁催缴部队    	accepted	Codex	full-20261006-main	2026-10-06	顯示層採用；不修改原版或存檔。
MAIN@IDA:5ACF:0290	61f7d34f9ea19e32	61f7d34f9ea19e329a1ca8fc4318eb30fcb3cfc3453c333e01781bd489e6a158	埋伏的家伙          	accepted	Codex	full-20261006-main	2026-10-06	顯示層採用；不修改原版或存檔。
MAIN@IDA:5ACF:02E1	61f7d34f9ea19e32	61f7d34f9ea19e329a1ca8fc4318eb30fcb3cfc3453c333e01781bd489e6a158	埋伏的家伙          	accepted	Codex	full-20261006-main	2026-10-06	顯示層採用；不修改原版或存檔。
MAIN@IDA:5ACF:0332	0ac06407f4517f35	0ac06407f4517f353b8f739c2d8ac2ea49dfe4436563490d89cb8dc962ec1b48	洞窟的族群          	accepted	Codex	full-20261006-main	2026-10-06	顯示層採用；不修改原版或存檔。
MAIN@IDA:5ACF:0383	e2c62ad449710ae9	e2c62ad449710ae99de4ef711be971bcc42d5b1051baa73e773107b89a59d3a3	亚休华特近卫兵      	accepted	Codex	full-20261006-main	2026-10-06	顯示層採用；不修改原版或存檔。
MAIN@IDA:5ACF:03D4	8fd34db2972e7498	8fd34db2972e7498a16a67cabaa317c024baa89cc5e033c61643ea2cfe617457	摩雷洛斯佣兵团      	accepted	Codex	full-20261006-main	2026-10-06	顯示層採用；不修改原版或存檔。
MAIN@IDA:5ACF:0425	a3fb60c9946881f0	a3fb60c9946881f04dcbc6e225cf873e9ed50c2799df2f967c4725ffcd7ad13c	德特卡瓦佣兵团      	accepted	Codex	full-20261006-main	2026-10-06	顯示層採用；不修改原版或存檔。
MAIN@IDA:5ACF:0476	370a33244c4668fd	370a33244c4668fd42d9e917eda089cc00a28f58958fdddbf316c951eaabafc1	巴洛克达骑士团      	accepted	Codex	full-20261006-main	2026-10-06	顯示層採用；不修改原版或存檔。
MAIN@IDA:5ACF:04C7	a998db2ff1cdeed0	a998db2ff1cdeed060d34e0e6702e5c4d88e1d17a251c1421b72a82dc1a03408	普德坎枪团          	accepted	Codex	full-20261006-main	2026-10-06	顯示層採用；不修改原版或存檔。
MAIN@IDA:5ACF:0518	19486e096f7a1f6d	19486e096f7a1f6d1da06a7fd832369de3135c8c301ff4a95f9b177bbf024568	哈伦鲁特装甲兵团    	accepted	Codex	full-20261006-main	2026-10-06	顯示層採用；不修改原版或存檔。
MAIN@IDA:5ACF:05BA	cab1ad3482bfc97a	cab1ad3482bfc97a7aeff2213d39ac962aa9a45d631b424ce8551531397fe61e	美狄兰枪团          	accepted	Codex	full-20261006-main	2026-10-06	顯示層採用；不修改原版或存檔。
MAIN@IDA:5ACF:060B	42c109a3836db050	42c109a3836db050e3e0736c494736183e552f95d486efd356254a9f5b1a15b6	哈巴南掷弹兵        	accepted	Codex	full-20261006-main	2026-10-06	顯示層採用；不修改原版或存檔。
MAIN@IDA:5ACF:065C	40c900ff259bc22a	40c900ff259bc22aad8be7bd0b51bcc55ec76961dbb629949dfcc0a941c67d50	布拉奇亚亲卫队      	accepted	Codex	full-20261006-main	2026-10-06	顯示層採用；不修改原版或存檔。
MAIN@IDA:5ACF:06AD	8679f0728e717e8b	8679f0728e717e8bd0a90187a49a8aed75923e24ddf262a5af468441af69824f	领主的侍卫          	accepted	Codex	full-20261006-main	2026-10-06	顯示層採用；不修改原版或存檔。
MAIN@IDA:5ACF:0700	5f1a0b215995a4d8	5f1a0b215995a4d87349b38277a910aa9b29feb83fbac0f1259d32a524aec19c	 输送任务  有赏金                                                     	accepted	Codex	full-20261006-main	2026-10-06	顯示層採用；不修改原版或存檔。
MAIN@IDA:5ACF:0747	05999b576742413c	05999b576742413c219f112f4d4d43e95ae3f7c3e64b75f51503182683e28a45	招亲    来者有赏                                                      	accepted	Codex	full-20261006-main	2026-10-06	顯示層採用；不修改原版或存檔。
MAIN@IDA:5ACF:078E	dd9b361f94ce3ee1	dd9b361f94ce3ee1ed1512d20d45c6db3eca921d45a7cebb520bba002b1c786d	征求运送者  大量的洗剂                                                	accepted	Codex	full-20261006-main	2026-10-06	顯示層採用；不修改原版或存檔。
MAIN@IDA:5ACF:07DC	da896abc3c17d7c5	da896abc3c17d7c5710c0e0c744545eba70b41fb3deb8cdb88a661770beb9142	有名的舞娘	accepted	Codex	full-20261006-main	2026-10-06	顯示層採用；不修改原版或存檔。
MAIN@IDA:5ACF:07E7	da896abc3c17d7c5	da896abc3c17d7c5710c0e0c744545eba70b41fb3deb8cdb88a661770beb9142	有名的舞娘	accepted	Codex	full-20261006-main	2026-10-06	顯示層採用；不修改原版或存檔。
MAIN@IDA:5ACF:07F2	da896abc3c17d7c5	da896abc3c17d7c5710c0e0c744545eba70b41fb3deb8cdb88a661770beb9142	有名的舞娘	accepted	Codex	full-20261006-main	2026-10-06	顯示層採用；不修改原版或存檔。
MAIN@IDA:5ACF:07FD	e7d51a800a86503b	e7d51a800a86503b2de328dd982d40e60c4d06ec223005112553997cb72ac86a	 接受 	accepted	Codex	full-20261006-main	2026-10-06	顯示層採用；不修改原版或存檔。
MAIN@IDA:5ACF:0804	6bf41e8e4fb80348	6bf41e8e4fb803489d717de3a7c11460fed7aa0becc07f0e049fad4e394f6b81	 拒绝 	accepted	Codex	full-20261006-main	2026-10-06	顯示層採用；不修改原版或存檔。
MAIN@IDA:5ACF:080B	da896abc3c17d7c5	da896abc3c17d7c5710c0e0c744545eba70b41fb3deb8cdb88a661770beb9142	有名的舞娘	accepted	Codex	full-20261006-main	2026-10-06	顯示層採用；不修改原版或存檔。
MAIN@IDA:5ACF:0816	d73efae40ea36d39	d73efae40ea36d39cf6b3cf2f3d5209d23b7e22dcef67430d0711a4c9dc09460	恶棍	accepted	Codex	full-20261006-main	2026-10-06	顯示層採用；不修改原版或存檔。
MAIN@IDA:5ACF:081B	da896abc3c17d7c5	da896abc3c17d7c5710c0e0c744545eba70b41fb3deb8cdb88a661770beb9142	有名的舞娘	accepted	Codex	full-20261006-main	2026-10-06	顯示層採用；不修改原版或存檔。
MAIN@IDA:5ACF:0826	da896abc3c17d7c5	da896abc3c17d7c5710c0e0c744545eba70b41fb3deb8cdb88a661770beb9142	有名的舞娘	accepted	Codex	full-20261006-main	2026-10-06	顯示層採用；不修改原版或存檔。
MAIN@IDA:5ACF:0831	d73efae40ea36d39	d73efae40ea36d39cf6b3cf2f3d5209d23b7e22dcef67430d0711a4c9dc09460	恶棍	accepted	Codex	full-20261006-main	2026-10-06	顯示層採用；不修改原版或存檔。
MAIN@IDA:5ACF:0836	c9a9639924ae566a	c9a9639924ae566ad8c6b03bc83f8316750fcccff1c620d5feaa502ea7962c51	雇主	accepted	Codex	full-20261006-main	2026-10-06	顯示層採用；不修改原版或存檔。
MAIN@IDA:5ACF:083B	e7d51a800a86503b	e7d51a800a86503b2de328dd982d40e60c4d06ec223005112553997cb72ac86a	 接受 	accepted	Codex	full-20261006-main	2026-10-06	顯示層採用；不修改原版或存檔。
MAIN@IDA:5ACF:0842	6bf41e8e4fb80348	6bf41e8e4fb803489d717de3a7c11460fed7aa0becc07f0e049fad4e394f6b81	 拒绝 	accepted	Codex	full-20261006-main	2026-10-06	顯示層採用；不修改原版或存檔。
MAIN@IDA:5ACF:0849	c9a9639924ae566a	c9a9639924ae566ad8c6b03bc83f8316750fcccff1c620d5feaa502ea7962c51	雇主	accepted	Codex	full-20261006-main	2026-10-06	顯示層採用；不修改原版或存檔。
MAIN@IDA:5ACF:084E	ff7bca78f3c3c9dc	ff7bca78f3c3c9dc261bd5288a627757a42736123eaa73e332c085527d8f99e3	奇恩‧米堤利帝	accepted	Codex	full-20261006-main	2026-10-06	顯示層採用；不修改原版或存檔。
MAIN@IDA:5ACF:085D	ff7bca78f3c3c9dc	ff7bca78f3c3c9dc261bd5288a627757a42736123eaa73e332c085527d8f99e3	奇恩‧米堤利帝	accepted	Codex	full-20261006-main	2026-10-06	顯示層採用；不修改原版或存檔。
MAIN@IDA:5ACF:086C	b68ca550a1ecd3d0	b68ca550a1ecd3d0138ed231f603312f1b0e40e1b61563e08961bcaa52fdd6a8	埋伏的男子	accepted	Codex	full-20261006-main	2026-10-06	顯示層採用；不修改原版或存檔。
MAIN@IDA:5ACF:0877	bd04628a912625f3	bd04628a912625f33d32b3d6a58afcefc59e7f7b53fed91231b2c008ee59fed7	会见学者	accepted	Codex	full-20261006-main	2026-10-06	顯示層採用；不修改原版或存檔。
MAIN@IDA:5ACF:0880	78692ea0482931b2	78692ea0482931b25102e09e78600abf4b33fb9f7eba9f1c0ab7cf551c2b72e7	学者	accepted	Codex	full-20261006-main	2026-10-06	顯示層採用；不修改原版或存檔。
MAIN@IDA:5ACF:0885	78692ea0482931b2	78692ea0482931b25102e09e78600abf4b33fb9f7eba9f1c0ab7cf551c2b72e7	学者	accepted	Codex	full-20261006-main	2026-10-06	顯示層採用；不修改原版或存檔。
MAIN@IDA:5ACF:088A	78692ea0482931b2	78692ea0482931b25102e09e78600abf4b33fb9f7eba9f1c0ab7cf551c2b72e7	学者	accepted	Codex	full-20261006-main	2026-10-06	顯示層採用；不修改原版或存檔。
MAIN@IDA:5ACF:088F	7fe7c56b572c1983	7fe7c56b572c198395c3c89ae0bf6b638874963015d871a9609f27a392bad9d5	同意	accepted	Codex	full-20261006-main	2026-10-06	顯示層採用；不修改原版或存檔。
MAIN@IDA:5ACF:0894	d7dccc5990011acb	d7dccc5990011acb133c4b6f87f093a59555a3618a1b5fcf445540c74a9f7782	拒绝	accepted	Codex	full-20261006-main	2026-10-06	顯示層採用；不修改原版或存檔。
MAIN@IDA:5ACF:0899	78692ea0482931b2	78692ea0482931b25102e09e78600abf4b33fb9f7eba9f1c0ab7cf551c2b72e7	学者	accepted	Codex	full-20261006-main	2026-10-06	顯示層採用；不修改原版或存檔。
MAIN@IDA:5ACF:089E	78692ea0482931b2	78692ea0482931b25102e09e78600abf4b33fb9f7eba9f1c0ab7cf551c2b72e7	学者	accepted	Codex	full-20261006-main	2026-10-06	顯示層採用；不修改原版或存檔。
MAIN@IDA:5ACF:08A3	7fe7c56b572c1983	7fe7c56b572c198395c3c89ae0bf6b638874963015d871a9609f27a392bad9d5	同意	accepted	Codex	full-20261006-main	2026-10-06	顯示層採用；不修改原版或存檔。
MAIN@IDA:5ACF:08A8	d7dccc5990011acb	d7dccc5990011acb133c4b6f87f093a59555a3618a1b5fcf445540c74a9f7782	拒绝	accepted	Codex	full-20261006-main	2026-10-06	顯示層採用；不修改原版或存檔。
MAIN@IDA:5ACF:08AD	78692ea0482931b2	78692ea0482931b25102e09e78600abf4b33fb9f7eba9f1c0ab7cf551c2b72e7	学者	accepted	Codex	full-20261006-main	2026-10-06	顯示層採用；不修改原版或存檔。
MAIN@IDA:5ACF:08B2	78692ea0482931b2	78692ea0482931b25102e09e78600abf4b33fb9f7eba9f1c0ab7cf551c2b72e7	学者	accepted	Codex	full-20261006-main	2026-10-06	顯示層採用；不修改原版或存檔。
MAIN@IDA:5ACF:08B7	78692ea0482931b2	78692ea0482931b25102e09e78600abf4b33fb9f7eba9f1c0ab7cf551c2b72e7	学者	accepted	Codex	full-20261006-main	2026-10-06	顯示層採用；不修改原版或存檔。
MAIN@IDA:5ACF:08BC	78692ea0482931b2	78692ea0482931b25102e09e78600abf4b33fb9f7eba9f1c0ab7cf551c2b72e7	学者	accepted	Codex	full-20261006-main	2026-10-06	顯示層採用；不修改原版或存檔。
MAIN@IDA:5ACF:08C1	78692ea0482931b2	78692ea0482931b25102e09e78600abf4b33fb9f7eba9f1c0ab7cf551c2b72e7	学者	accepted	Codex	full-20261006-main	2026-10-06	顯示層採用；不修改原版或存檔。
MAIN@IDA:5ACF:08C6	78692ea0482931b2	78692ea0482931b25102e09e78600abf4b33fb9f7eba9f1c0ab7cf551c2b72e7	学者	accepted	Codex	full-20261006-main	2026-10-06	顯示層採用；不修改原版或存檔。
MAIN@IDA:5ACF:08CB	ba425073e002e600	ba425073e002e600a799b5a2a0fd86b3663e68f8a6bd9fee661634c8bb59ee9e	洞窟深处	accepted	Codex	full-20261006-main	2026-10-06	顯示層採用；不修改原版或存檔。
MAIN@IDA:5ACF:08D4	8b73a284b9ef0d87	8b73a284b9ef0d87a5ac5956a60f8c8a8519a557f28f27fd22d9d6d51c852a9b	女子	accepted	Codex	full-20261006-main	2026-10-06	顯示層採用；不修改原版或存檔。
MAIN@IDA:5ACF:08D9	8b73a284b9ef0d87	8b73a284b9ef0d87a5ac5956a60f8c8a8519a557f28f27fd22d9d6d51c852a9b	女子	accepted	Codex	full-20261006-main	2026-10-06	顯示層採用；不修改原版或存檔。
MAIN@IDA:5ACF:08DE	89a8cd3df4d79022	89a8cd3df4d79022068c81322f5bc1eb671409c531595a9e7300774d7895a3f5	会见北部将军	accepted	Codex	full-20261006-main	2026-10-06	顯示層採用；不修改原版或存檔。
MAIN@IDA:5ACF:08EB	0416438517b43b2a	0416438517b43b2aaebfb505f5cefd3ae0bac333311ad3dd274025ce89d941b5	北部将军	accepted	Codex	full-20261006-main	2026-10-06	顯示層採用；不修改原版或存檔。
MAIN@IDA:5ACF:08F4	0416438517b43b2a	0416438517b43b2aaebfb505f5cefd3ae0bac333311ad3dd274025ce89d941b5	北部将军	accepted	Codex	full-20261006-main	2026-10-06	顯示層採用；不修改原版或存檔。
MAIN@IDA:5ACF:08FD	0416438517b43b2a	0416438517b43b2aaebfb505f5cefd3ae0bac333311ad3dd274025ce89d941b5	北部将军	accepted	Codex	full-20261006-main	2026-10-06	顯示層採用；不修改原版或存檔。
MAIN@IDA:5ACF:0906	74b1a7b6dcdac7b2	74b1a7b6dcdac7b2f715fb0f25bc48ab1dcbdae092832ec4a6f37bb4c4b35f84	醉客	accepted	Codex	full-20261006-main	2026-10-06	顯示層採用；不修改原版或存檔。
MAIN@IDA:5ACF:090B	df3a77eb963ff91d	df3a77eb963ff91d253cf9dfbcee0c762be09aa457c6b66c8d8467b97c3b484b	知道	accepted	Codex	full-20261006-main	2026-10-06	顯示層採用；不修改原版或存檔。
MAIN@IDA:5ACF:0910	6d63cb11d8984529	6d63cb11d89845291726cac419dd9326043b93066c43752c5066d489ac2a8f25	不知道	accepted	Codex	full-20261006-main	2026-10-06	顯示層採用；不修改原版或存檔。
MAIN@IDA:5ACF:0917	7fe7c56b572c1983	7fe7c56b572c198395c3c89ae0bf6b638874963015d871a9609f27a392bad9d5	同意	accepted	Codex	full-20261006-main	2026-10-06	顯示層採用；不修改原版或存檔。
MAIN@IDA:5ACF:091C	d7dccc5990011acb	d7dccc5990011acb133c4b6f87f093a59555a3618a1b5fcf445540c74a9f7782	拒绝	accepted	Codex	full-20261006-main	2026-10-06	顯示層採用；不修改原版或存檔。
MAIN@IDA:5ACF:0921	74b1a7b6dcdac7b2	74b1a7b6dcdac7b2f715fb0f25bc48ab1dcbdae092832ec4a6f37bb4c4b35f84	醉客	accepted	Codex	full-20261006-main	2026-10-06	顯示層採用；不修改原版或存檔。
MAIN@IDA:5ACF:0926	7fe7c56b572c1983	7fe7c56b572c198395c3c89ae0bf6b638874963015d871a9609f27a392bad9d5	同意	accepted	Codex	full-20261006-main	2026-10-06	顯示層採用；不修改原版或存檔。
MAIN@IDA:5ACF:092B	d7dccc5990011acb	d7dccc5990011acb133c4b6f87f093a59555a3618a1b5fcf445540c74a9f7782	拒绝	accepted	Codex	full-20261006-main	2026-10-06	顯示層採用；不修改原版或存檔。
MAIN@IDA:5ACF:0930	e7d51a800a86503b	e7d51a800a86503b2de328dd982d40e60c4d06ec223005112553997cb72ac86a	 接受 	accepted	Codex	full-20261006-main	2026-10-06	顯示層採用；不修改原版或存檔。
MAIN@IDA:5ACF:0937	e7d51a800a86503b	e7d51a800a86503b2de328dd982d40e60c4d06ec223005112553997cb72ac86a	 接受 	accepted	Codex	full-20261006-main	2026-10-06	顯示層採用；不修改原版或存檔。
MAIN@IDA:5ACF:093E	c8918a7231b4e1fe	c8918a7231b4e1fea433b0217c6f1085680c0bc5a6b138f8eb08e83d97155296	酒店的父亲	accepted	Codex	full-20261006-main	2026-10-06	顯示層採用；不修改原版或存檔。
MAIN@IDA:5ACF:0949	d8f5b3244bc2fc75	d8f5b3244bc2fc756d1d734a1f4e7336068bb1b822d4161126635c7cd668300a	打听	accepted	Codex	full-20261006-main	2026-10-06	顯示層採用；不修改原版或存檔。
MAIN@IDA:5ACF:094E	7d924e56addea052	7d924e56addea052a199e194128d6e5476229c52059cdaffe81e0679734b6651	不打听	accepted	Codex	full-20261006-main	2026-10-06	顯示層採用；不修改原版或存檔。
MAIN@IDA:5ACF:0955	774a695e8bcb05e6	774a695e8bcb05e6916a525ffe350279e34ee09e6431ce2f8379e2ed60b0c6fe	 当然要赌 	accepted	Codex	full-20261006-main	2026-10-06	顯示層採用；不修改原版或存檔。
MAIN@IDA:5ACF:0960	b3666c3ae3690e98	b3666c3ae3690e985ab0a1b0635be681e21b03a04c37d5d177cdd350389e026e	 放弃 	accepted	Codex	full-20261006-main	2026-10-06	顯示層採用；不修改原版或存檔。
MAIN@IDA:5ACF:0967	6458ed391437ac9b	6458ed391437ac9bb4064f271eb765c042f1e1f5a225f64edebd85f1ff6405ad	下个部队	accepted	Codex	full-20261006-main	2026-10-06	顯示層採用；不修改原版或存檔。
MAIN@IDA:5ACF:0970	2bd97790e0cad6f6	2bd97790e0cad6f662d81e238697e9a3a10fc93d9b1df898b5dbd0fa17e3b4d3	赌 1000Ｇ	accepted	Codex	full-20261006-main	2026-10-06	顯示層採用；不修改原版或存檔。
MAIN@IDA:5ACF:097A	e5f49a2ef142b440	e5f49a2ef142b4407d18d2a6f7b6c6ecdd7ffbd00af9b04af1b08cb401caeaec	赌 2000Ｇ	accepted	Codex	full-20261006-main	2026-10-06	顯示層採用；不修改原版或存檔。
MAIN@IDA:5ACF:0984	c0ad3350ab4831ef	c0ad3350ab4831efd8949f3273fc9b9614c0a5b46b018ceedbceb5b75b3851b8	赌 5000Ｇ	accepted	Codex	full-20261006-main	2026-10-06	顯示層採用；不修改原版或存檔。
MAIN@IDA:5ACF:098E	9813ccd469a7b5ce	9813ccd469a7b5ce964fc8763d3ee92d3f0b5f25a54bd9156e088cfcfc98e655	赌10000Ｇ	accepted	Codex	full-20261006-main	2026-10-06	顯示層採用；不修改原版或存檔。
MAIN@IDA:5ACF:0998	ebad9fcebe2f4cec	ebad9fcebe2f4cec5c68e848554a96d90d6f53ebcb6dad5daf813b3c61c7e363	 不赌 	accepted	Codex	full-20261006-main	2026-10-06	顯示層採用；不修改原版或存檔。
MAIN@IDA:5ACF:099F	c8918a7231b4e1fe	c8918a7231b4e1fea433b0217c6f1085680c0bc5a6b138f8eb08e83d97155296	酒店的父亲	accepted	Codex	full-20261006-main	2026-10-06	顯示層採用；不修改原版或存檔。
MAIN@IDA:5ACF:09AA	c8918a7231b4e1fe	c8918a7231b4e1fea433b0217c6f1085680c0bc5a6b138f8eb08e83d97155296	酒店的父亲	accepted	Codex	full-20261006-main	2026-10-06	顯示層採用；不修改原版或存檔。
MAIN@IDA:5ACF:09B5	c8918a7231b4e1fe	c8918a7231b4e1fea433b0217c6f1085680c0bc5a6b138f8eb08e83d97155296	酒店的父亲	accepted	Codex	full-20261006-main	2026-10-06	顯示層採用；不修改原版或存檔。
MAIN@IDA:5ACF:09C0	c8918a7231b4e1fe	c8918a7231b4e1fea433b0217c6f1085680c0bc5a6b138f8eb08e83d97155296	酒店的父亲	accepted	Codex	full-20261006-main	2026-10-06	顯示層採用；不修改原版或存檔。
MAIN@IDA:5ACF:09CB	99f0040400d97b64	99f0040400d97b64744c02b6be8960a2df1390e9e3adfa1a894092033680efd4	 要赌 	accepted	Codex	full-20261006-main	2026-10-06	顯示層採用；不修改原版或存檔。
MAIN@IDA:5ACF:09D2	ebad9fcebe2f4cec	ebad9fcebe2f4cec5c68e848554a96d90d6f53ebcb6dad5daf813b3c61c7e363	 不赌 	accepted	Codex	full-20261006-main	2026-10-06	顯示層採用；不修改原版或存檔。
MAIN@IDA:5ACF:09D9	9c5e7a68c5ec87ae	9c5e7a68c5ec87ae773afe0fba985bc98cad41357b90dac1f3306f8620c52e43	酒场的父亲	accepted	Codex	full-20261006-main	2026-10-06	顯示層採用；不修改原版或存檔。
MAIN@IDA:5ACF:09E4	5b84bc85a32e5c7e	5b84bc85a32e5c7e3ebd99ae6783b5efcf46c14d1f8e2e9b70cdf933411e7e39	 前往城镇 	accepted	Codex	full-20261006-main	2026-10-06	顯示層採用；不修改原版或存檔。
MAIN@IDA:5ACF:09EF	9ccd8fa0fa393207	9ccd8fa0fa393207dcbec2d2921b4f338caba782059ead40063c24e5136b49eb	申请	accepted	Codex	full-20261006-main	2026-10-06	顯示層採用；不修改原版或存檔。
MAIN@IDA:5ACF:09F4	16a5a970d5f8d4a6	16a5a970d5f8d4a6495676316c5a31213b37893ad1c3fdf3cb1e41c1d960a2d4	 申请 	accepted	Codex	full-20261006-main	2026-10-06	顯示層採用；不修改原版或存檔。
MAIN@IDA:5ACF:09FB	2c0a86c0bdc227ed	2c0a86c0bdc227edc78e85da2edfd7e7d0e227cad3fd0087443fd94a9db75b69	 中止 	accepted	Codex	full-20261006-main	2026-10-06	顯示層採用；不修改原版或存檔。
MAIN@IDA:5ACF:0A02	16a5a970d5f8d4a6	16a5a970d5f8d4a6495676316c5a31213b37893ad1c3fdf3cb1e41c1d960a2d4	 申请 	accepted	Codex	full-20261006-main	2026-10-06	顯示層採用；不修改原版或存檔。
MAIN@IDA:5ACF:0A09	e7d51a800a86503b	e7d51a800a86503b2de328dd982d40e60c4d06ec223005112553997cb72ac86a	 接受 	accepted	Codex	full-20261006-main	2026-10-06	顯示層採用；不修改原版或存檔。
MAIN@IDA:5ACF:0A10	9ccd8fa0fa393207	9ccd8fa0fa393207dcbec2d2921b4f338caba782059ead40063c24e5136b49eb	申请	accepted	Codex	full-20261006-main	2026-10-06	顯示層採用；不修改原版或存檔。
MAIN@IDA:5ACF:0A17	18c0c8944166d07c	18c0c8944166d07c5b4839fd9044af1917e968660d0e3b0ecd98c8a4621b7bef	判定	accepted	Codex	full-20261006-main	2026-10-06	顯示層採用；不修改原版或存檔。
MAIN@IDA:5ACF:0A1C	18c0c8944166d07c	18c0c8944166d07c5b4839fd9044af1917e968660d0e3b0ecd98c8a4621b7bef	判定	accepted	Codex	full-20261006-main	2026-10-06	顯示層採用；不修改原版或存檔。
MAIN@IDA:5ACF:0A21	18c0c8944166d07c	18c0c8944166d07c5b4839fd9044af1917e968660d0e3b0ecd98c8a4621b7bef	判定	accepted	Codex	full-20261006-main	2026-10-06	顯示層採用；不修改原版或存檔。
MAIN@IDA:5ACF:0A26	18c0c8944166d07c	18c0c8944166d07c5b4839fd9044af1917e968660d0e3b0ecd98c8a4621b7bef	判定	accepted	Codex	full-20261006-main	2026-10-06	顯示層採用；不修改原版或存檔。
MAIN@IDA:5ACF:0A2B	18c0c8944166d07c	18c0c8944166d07c5b4839fd9044af1917e968660d0e3b0ecd98c8a4621b7bef	判定	accepted	Codex	full-20261006-main	2026-10-06	顯示層採用；不修改原版或存檔。
MAIN@IDA:5ACF:0A30	18c0c8944166d07c	18c0c8944166d07c5b4839fd9044af1917e968660d0e3b0ecd98c8a4621b7bef	判定	accepted	Codex	full-20261006-main	2026-10-06	顯示層採用；不修改原版或存檔。
MAIN@IDA:5ACF:0A35	18c0c8944166d07c	18c0c8944166d07c5b4839fd9044af1917e968660d0e3b0ecd98c8a4621b7bef	判定	accepted	Codex	full-20261006-main	2026-10-06	顯示層採用；不修改原版或存檔。
MAIN@IDA:5ACF:0A3A	18c0c8944166d07c	18c0c8944166d07c5b4839fd9044af1917e968660d0e3b0ecd98c8a4621b7bef	判定	accepted	Codex	full-20261006-main	2026-10-06	顯示層採用；不修改原版或存檔。
MAIN@IDA:5ACF:0A3F	18c0c8944166d07c	18c0c8944166d07c5b4839fd9044af1917e968660d0e3b0ecd98c8a4621b7bef	判定	accepted	Codex	full-20261006-main	2026-10-06	顯示層採用；不修改原版或存檔。
MAIN@IDA:5ACF:0A44	18c0c8944166d07c	18c0c8944166d07c5b4839fd9044af1917e968660d0e3b0ecd98c8a4621b7bef	判定	accepted	Codex	full-20261006-main	2026-10-06	顯示層採用；不修改原版或存檔。
MAIN@IDA:5ACF:0A49	18c0c8944166d07c	18c0c8944166d07c5b4839fd9044af1917e968660d0e3b0ecd98c8a4621b7bef	判定	accepted	Codex	full-20261006-main	2026-10-06	顯示層採用；不修改原版或存檔。
MAIN@IDA:5ACF:0A4E	74b1a7b6dcdac7b2	74b1a7b6dcdac7b2f715fb0f25bc48ab1dcbdae092832ec4a6f37bb4c4b35f84	醉客	accepted	Codex	full-20261006-main	2026-10-06	顯示層採用；不修改原版或存檔。
MAIN@IDA:5ACF:0A53	e831dc331ea2d92d	e831dc331ea2d92d10fb4febd7d8df1c32e1f6751bffc3f2a9c7b6feed095cb5	传说的战车屋	accepted	Codex	full-20261006-main	2026-10-06	顯示層採用；不修改原版或存檔。
MAIN@IDA:5ACF:0A60	3e52988452552e63	3e52988452552e633ecbbb2ec9c74540f92ace05ce554943ad516c4c8d755538	奇怪的战车屋	accepted	Codex	full-20261006-main	2026-10-06	顯示層採用；不修改原版或存檔。
MAIN@IDA:5ACF:0A6D	3e52988452552e63	3e52988452552e633ecbbb2ec9c74540f92ace05ce554943ad516c4c8d755538	奇怪的战车屋	accepted	Codex	full-20261006-main	2026-10-06	顯示層採用；不修改原版或存檔。
MAIN@IDA:5ACF:0A7A	3e52988452552e63	3e52988452552e633ecbbb2ec9c74540f92ace05ce554943ad516c4c8d755538	奇怪的战车屋	accepted	Codex	full-20261006-main	2026-10-06	顯示層採用；不修改原版或存檔。
MAIN@IDA:5ACF:0A87	3e52988452552e63	3e52988452552e633ecbbb2ec9c74540f92ace05ce554943ad516c4c8d755538	奇怪的战车屋	accepted	Codex	full-20261006-main	2026-10-06	顯示層採用；不修改原版或存檔。
MAIN@IDA:5ACF:0A94	3e52988452552e63	3e52988452552e633ecbbb2ec9c74540f92ace05ce554943ad516c4c8d755538	奇怪的战车屋	accepted	Codex	full-20261006-main	2026-10-06	顯示層採用；不修改原版或存檔。
MAIN@IDA:5ACF:0AA1	3e52988452552e63	3e52988452552e633ecbbb2ec9c74540f92ace05ce554943ad516c4c8d755538	奇怪的战车屋	accepted	Codex	full-20261006-main	2026-10-06	顯示層採用；不修改原版或存檔。
MAIN@IDA:5ACF:0AAE	3e52988452552e63	3e52988452552e633ecbbb2ec9c74540f92ace05ce554943ad516c4c8d755538	奇怪的战车屋	accepted	Codex	full-20261006-main	2026-10-06	顯示層採用；不修改原版或存檔。
MAIN@IDA:5ACF:0ABB	3e52988452552e63	3e52988452552e633ecbbb2ec9c74540f92ace05ce554943ad516c4c8d755538	奇怪的战车屋	accepted	Codex	full-20261006-main	2026-10-06	顯示層採用；不修改原版或存檔。
MAIN@IDA:5ACF:0AC8	3e52988452552e63	3e52988452552e633ecbbb2ec9c74540f92ace05ce554943ad516c4c8d755538	奇怪的战车屋	accepted	Codex	full-20261006-main	2026-10-06	顯示層採用；不修改原版或存檔。
MAIN@IDA:5ACF:0AD5	74b1a7b6dcdac7b2	74b1a7b6dcdac7b2f715fb0f25bc48ab1dcbdae092832ec4a6f37bb4c4b35f84	醉客	accepted	Codex	full-20261006-main	2026-10-06	顯示層採用；不修改原版或存檔。
MAIN@IDA:5ACF:0ADA	74b1a7b6dcdac7b2	74b1a7b6dcdac7b2f715fb0f25bc48ab1dcbdae092832ec4a6f37bb4c4b35f84	醉客	accepted	Codex	full-20261006-main	2026-10-06	顯示層採用；不修改原版或存檔。
MAIN@IDA:5ACF:0ADF	d499e6f4efb36dfb	d499e6f4efb36dfb90a3b830ba036c6751eb23cd147ba65cfc54bc59e0f24eee	会见科学家	accepted	Codex	full-20261006-main	2026-10-06	顯示層採用；不修改原版或存檔。
MAIN@IDA:5ACF:0AEA	2a290a8ca9901424	2a290a8ca9901424c24b9a311d97fe12d7e70ef84ada6a49cb0ba4bdeeaaf602	科学家	accepted	Codex	full-20261006-main	2026-10-06	顯示層採用；不修改原版或存檔。
MAIN@IDA:5ACF:0AF1	2a290a8ca9901424	2a290a8ca9901424c24b9a311d97fe12d7e70ef84ada6a49cb0ba4bdeeaaf602	科学家	accepted	Codex	full-20261006-main	2026-10-06	顯示層採用；不修改原版或存檔。
MAIN@IDA:5ACF:0AF8	2a290a8ca9901424	2a290a8ca9901424c24b9a311d97fe12d7e70ef84ada6a49cb0ba4bdeeaaf602	科学家	accepted	Codex	full-20261006-main	2026-10-06	顯示層採用；不修改原版或存檔。
MAIN@IDA:5ACF:0AFF	6278c5cc6197c0dc	6278c5cc6197c0dc987f0a01d2a9fc736334adb9df63f203f0f526e5ebd34fe2	 打听 	accepted	Codex	full-20261006-main	2026-10-06	顯示層採用；不修改原版或存檔。
MAIN@IDA:5ACF:0B06	b3666c3ae3690e98	b3666c3ae3690e985ab0a1b0635be681e21b03a04c37d5d177cdd350389e026e	 放弃 	accepted	Codex	full-20261006-main	2026-10-06	顯示層採用；不修改原版或存檔。
MAIN@IDA:5ACF:0B0D	2a290a8ca9901424	2a290a8ca9901424c24b9a311d97fe12d7e70ef84ada6a49cb0ba4bdeeaaf602	科学家	accepted	Codex	full-20261006-main	2026-10-06	顯示層採用；不修改原版或存檔。
MAIN@IDA:5ACF:0B14	2a290a8ca9901424	2a290a8ca9901424c24b9a311d97fe12d7e70ef84ada6a49cb0ba4bdeeaaf602	科学家	accepted	Codex	full-20261006-main	2026-10-06	顯示層採用；不修改原版或存檔。
MAIN@IDA:5ACF:0B1B	6278c5cc6197c0dc	6278c5cc6197c0dc987f0a01d2a9fc736334adb9df63f203f0f526e5ebd34fe2	 打听 	accepted	Codex	full-20261006-main	2026-10-06	顯示層採用；不修改原版或存檔。
MAIN@IDA:5ACF:0B22	b3666c3ae3690e98	b3666c3ae3690e985ab0a1b0635be681e21b03a04c37d5d177cdd350389e026e	 放弃 	accepted	Codex	full-20261006-main	2026-10-06	顯示層採用；不修改原版或存檔。
MAIN@IDA:5ACF:0B29	2a290a8ca9901424	2a290a8ca9901424c24b9a311d97fe12d7e70ef84ada6a49cb0ba4bdeeaaf602	科学家	accepted	Codex	full-20261006-main	2026-10-06	顯示層採用；不修改原版或存檔。
MAIN@IDA:5ACF:0B30	69bfd1c5ed541493	69bfd1c5ed541493acf1d87037fd790f2f3263c574d13388057d4469416054db	执事	accepted	Codex	full-20261006-main	2026-10-06	顯示層採用；不修改原版或存檔。
MAIN@IDA:5ACF:0B35	8a1ef0dbebbb5878	8a1ef0dbebbb58782de2f118e62050e876b5fafe5ff266302099e8b40f99cac6	会见领主	accepted	Codex	full-20261006-main	2026-10-06	顯示層採用；不修改原版或存檔。
MAIN@IDA:5ACF:0B3E	69bfd1c5ed541493	69bfd1c5ed541493acf1d87037fd790f2f3263c574d13388057d4469416054db	执事	accepted	Codex	full-20261006-main	2026-10-06	顯示層採用；不修改原版或存檔。
MAIN@IDA:5ACF:0B43	afb441876719c216	afb441876719c21658e4b67536f50aaf94474e42e5d02884602e29cd29aaa7e0	亚休华特城主	accepted	Codex	full-20261006-main	2026-10-06	顯示層採用；不修改原版或存檔。
MAIN@IDA:5ACF:0B50	69bfd1c5ed541493	69bfd1c5ed541493acf1d87037fd790f2f3263c574d13388057d4469416054db	执事	accepted	Codex	full-20261006-main	2026-10-06	顯示層採用；不修改原版或存檔。
MAIN@IDA:5ACF:0B55	afb441876719c216	afb441876719c21658e4b67536f50aaf94474e42e5d02884602e29cd29aaa7e0	亚休华特城主	accepted	Codex	full-20261006-main	2026-10-06	顯示層採用；不修改原版或存檔。
MAIN@IDA:5ACF:0B62	69bfd1c5ed541493	69bfd1c5ed541493acf1d87037fd790f2f3263c574d13388057d4469416054db	执事	accepted	Codex	full-20261006-main	2026-10-06	顯示層採用；不修改原版或存檔。
MAIN@IDA:5ACF:0B67	afb441876719c216	afb441876719c21658e4b67536f50aaf94474e42e5d02884602e29cd29aaa7e0	亚休华特城主	accepted	Codex	full-20261006-main	2026-10-06	顯示層採用；不修改原版或存檔。
MAIN@IDA:5ACF:0B74	69bfd1c5ed541493	69bfd1c5ed541493acf1d87037fd790f2f3263c574d13388057d4469416054db	执事	accepted	Codex	full-20261006-main	2026-10-06	顯示層採用；不修改原版或存檔。
MAIN@IDA:5ACF:0B79	afb441876719c216	afb441876719c21658e4b67536f50aaf94474e42e5d02884602e29cd29aaa7e0	亚休华特城主	accepted	Codex	full-20261006-main	2026-10-06	顯示層採用；不修改原版或存檔。
MAIN@IDA:5ACF:0B86	69bfd1c5ed541493	69bfd1c5ed541493acf1d87037fd790f2f3263c574d13388057d4469416054db	执事	accepted	Codex	full-20261006-main	2026-10-06	顯示層採用；不修改原版或存檔。
MAIN@IDA:5ACF:0B8B	69bfd1c5ed541493	69bfd1c5ed541493acf1d87037fd790f2f3263c574d13388057d4469416054db	执事	accepted	Codex	full-20261006-main	2026-10-06	顯示層採用；不修改原版或存檔。
MAIN@IDA:5ACF:0B90	afb441876719c216	afb441876719c21658e4b67536f50aaf94474e42e5d02884602e29cd29aaa7e0	亚休华特城主	accepted	Codex	full-20261006-main	2026-10-06	顯示層採用；不修改原版或存檔。
MAIN@IDA:5ACF:0B9D	e7d51a800a86503b	e7d51a800a86503b2de328dd982d40e60c4d06ec223005112553997cb72ac86a	 接受 	accepted	Codex	full-20261006-main	2026-10-06	顯示層採用；不修改原版或存檔。
MAIN@IDA:5ACF:0BA4	6bf41e8e4fb80348	6bf41e8e4fb803489d717de3a7c11460fed7aa0becc07f0e049fad4e394f6b81	 拒绝 	accepted	Codex	full-20261006-main	2026-10-06	顯示層採用；不修改原版或存檔。
MAIN@IDA:5ACF:0BAB	afb441876719c216	afb441876719c21658e4b67536f50aaf94474e42e5d02884602e29cd29aaa7e0	亚休华特城主	accepted	Codex	full-20261006-main	2026-10-06	顯示層採用；不修改原版或存檔。
MAIN@IDA:5ACF:0BB8	afb441876719c216	afb441876719c21658e4b67536f50aaf94474e42e5d02884602e29cd29aaa7e0	亚休华特城主	accepted	Codex	full-20261006-main	2026-10-06	顯示層採用；不修改原版或存檔。
MAIN@IDA:5ACF:0BC5	c883620e87f9a05d	c883620e87f9a05d58561d1ab79067d36abf3d409aec2eb134c46fb43c894244	老头子	accepted	Codex	full-20261006-main	2026-10-06	顯示層採用；不修改原版或存檔。
MAIN@IDA:5ACF:0BCC	8a1ef0dbebbb5878	8a1ef0dbebbb58782de2f118e62050e876b5fafe5ff266302099e8b40f99cac6	会见领主	accepted	Codex	full-20261006-main	2026-10-06	顯示層採用；不修改原版或存檔。
MAIN@IDA:5ACF:0BD5	7dd889f23e500970	7dd889f23e500970920d37bae7d4e1a8992c5ee619567822c5bd0322cf618a65	阿雷姆王	accepted	Codex	full-20261006-main	2026-10-06	顯示層採用；不修改原版或存檔。
MAIN@IDA:5ACF:0BDE	7dd889f23e500970	7dd889f23e500970920d37bae7d4e1a8992c5ee619567822c5bd0322cf618a65	阿雷姆王	accepted	Codex	full-20261006-main	2026-10-06	顯示層採用；不修改原版或存檔。
MAIN@IDA:5ACF:0BE7	7dd889f23e500970	7dd889f23e500970920d37bae7d4e1a8992c5ee619567822c5bd0322cf618a65	阿雷姆王	accepted	Codex	full-20261006-main	2026-10-06	顯示層採用；不修改原版或存檔。
MAIN@IDA:5ACF:0BF0	7dd889f23e500970	7dd889f23e500970920d37bae7d4e1a8992c5ee619567822c5bd0322cf618a65	阿雷姆王	accepted	Codex	full-20261006-main	2026-10-06	顯示層採用；不修改原版或存檔。
MAIN@IDA:5ACF:0BF9	e7d51a800a86503b	e7d51a800a86503b2de328dd982d40e60c4d06ec223005112553997cb72ac86a	 接受 	accepted	Codex	full-20261006-main	2026-10-06	顯示層採用；不修改原版或存檔。
MAIN@IDA:5ACF:0C00	6bf41e8e4fb80348	6bf41e8e4fb803489d717de3a7c11460fed7aa0becc07f0e049fad4e394f6b81	 拒绝 	accepted	Codex	full-20261006-main	2026-10-06	顯示層採用；不修改原版或存檔。
MAIN@IDA:5ACF:0C07	7dd889f23e500970	7dd889f23e500970920d37bae7d4e1a8992c5ee619567822c5bd0322cf618a65	阿雷姆王	accepted	Codex	full-20261006-main	2026-10-06	顯示層採用；不修改原版或存檔。
MAIN@IDA:5ACF:0C10	8aa2745d0aa91d66	8aa2745d0aa91d66249f3b8a4f42dbb0081ef1339b1df61b611c543d76661409	会见老头子	accepted	Codex	full-20261006-main	2026-10-06	顯示層採用；不修改原版或存檔。
MAIN@IDA:5ACF:0C1B	492ef0099bdc1249	492ef0099bdc12498c9bf74d84d4fddb5a63c45cc2f7284d93fb4f967f3e8bb0	洞窟老头	accepted	Codex	full-20261006-main	2026-10-06	顯示層採用；不修改原版或存檔。
MAIN@IDA:5ACF:0C24	e7d51a800a86503b	e7d51a800a86503b2de328dd982d40e60c4d06ec223005112553997cb72ac86a	 接受 	accepted	Codex	full-20261006-main	2026-10-06	顯示層採用；不修改原版或存檔。
MAIN@IDA:5ACF:0C2B	6bf41e8e4fb80348	6bf41e8e4fb803489d717de3a7c11460fed7aa0becc07f0e049fad4e394f6b81	 拒绝 	accepted	Codex	full-20261006-main	2026-10-06	顯示層採用；不修改原版或存檔。
MAIN@IDA:5ACF:0C32	5a75c7280796b805	5a75c7280796b8057db1b05b414369251cdf768af3b48bb9752045ccdac4986c	洞窟老头子	accepted	Codex	full-20261006-main	2026-10-06	顯示層採用；不修改原版或存檔。
MAIN@IDA:5ACF:0C3D	5a75c7280796b805	5a75c7280796b8057db1b05b414369251cdf768af3b48bb9752045ccdac4986c	洞窟老头子	accepted	Codex	full-20261006-main	2026-10-06	顯示層採用；不修改原版或存檔。
MAIN@IDA:5ACF:0C48	56c4b175342d0899	56c4b175342d0899e292cfa2fc9516112db2645ce9f74849c675321032abeb31	前往老朋友处	accepted	Codex	full-20261006-main	2026-10-06	顯示層採用；不修改原版或存檔。
MAIN@IDA:5ACF:0C55	490fab313ef5d3b3	490fab313ef5d3b3c257e3d202d52598d014fa5ce5ed1b2150dea3c563924e69	老头子的朋友	accepted	Codex	full-20261006-main	2026-10-06	顯示層採用；不修改原版或存檔。
MAIN@IDA:5ACF:0C62	490fab313ef5d3b3	490fab313ef5d3b3c257e3d202d52598d014fa5ce5ed1b2150dea3c563924e69	老头子的朋友	accepted	Codex	full-20261006-main	2026-10-06	顯示層採用；不修改原版或存檔。
MAIN@IDA:5ACF:0C6F	490fab313ef5d3b3	490fab313ef5d3b3c257e3d202d52598d014fa5ce5ed1b2150dea3c563924e69	老头子的朋友	accepted	Codex	full-20261006-main	2026-10-06	顯示層採用；不修改原版或存檔。
MAIN@IDA:5ACF:0C7C	490fab313ef5d3b3	490fab313ef5d3b3c257e3d202d52598d014fa5ce5ed1b2150dea3c563924e69	老头子的朋友	accepted	Codex	full-20261006-main	2026-10-06	顯示層採用；不修改原版或存檔。
MAIN@IDA:5ACF:0C89	b41857939e9c0a8a	b41857939e9c0a8a4bf15abbe84989cd7d10a2a6a9b2457ed535bc969ad4d17b	商人	accepted	Codex	full-20261006-main	2026-10-06	顯示層採用；不修改原版或存檔。
MAIN@IDA:5ACF:0C8E	d67ce131b3b09f46	d67ce131b3b09f46f2f7188c1336028c6c03638ecb6194b00f31e2a4d8137573	佣兵	accepted	Codex	full-20261006-main	2026-10-06	顯示層採用；不修改原版或存檔。
MAIN@IDA:5ACF:0C93	d67ce131b3b09f46	d67ce131b3b09f46f2f7188c1336028c6c03638ecb6194b00f31e2a4d8137573	佣兵	accepted	Codex	full-20261006-main	2026-10-06	顯示層採用；不修改原版或存檔。
MAIN@IDA:5ACF:0C98	b41857939e9c0a8a	b41857939e9c0a8a4bf15abbe84989cd7d10a2a6a9b2457ed535bc969ad4d17b	商人	accepted	Codex	full-20261006-main	2026-10-06	顯示層採用；不修改原版或存檔。
MAIN@IDA:5ACF:0C9D	c4b9b61f3cb1ab92	c4b9b61f3cb1ab926170920235eb6f88584218e2bdc3dda66ed00bab930bfcf5	依赖主	accepted	Codex	full-20261006-main	2026-10-06	顯示層採用；不修改原版或存檔。
MAIN@IDA:5ACF:0CA4	e7d51a800a86503b	e7d51a800a86503b2de328dd982d40e60c4d06ec223005112553997cb72ac86a	 接受 	accepted	Codex	full-20261006-main	2026-10-06	顯示層採用；不修改原版或存檔。
MAIN@IDA:5ACF:0CAB	6bf41e8e4fb80348	6bf41e8e4fb803489d717de3a7c11460fed7aa0becc07f0e049fad4e394f6b81	 拒绝 	accepted	Codex	full-20261006-main	2026-10-06	顯示層採用；不修改原版或存檔。
MAIN@IDA:5ACF:0CB2	b1c98a3f479e93d8	b1c98a3f479e93d841a54ab1bbdb4b156551c823ccbff529fa6cac567a3f5867	前往洗濯屋	accepted	Codex	full-20261006-main	2026-10-06	顯示層採用；不修改原版或存檔。
MAIN@IDA:5ACF:0CBD	882eaa642858eab3	882eaa642858eab381e59e5e5c4a7056dc209af8da25ad6ab53a158644f91f0e	奇怪男子	accepted	Codex	full-20261006-main	2026-10-06	顯示層採用；不修改原版或存檔。
MAIN@IDA:5ACF:0CC6	41b450c9033b10a0	41b450c9033b10a0740f9e65dbd100305bd4d1473df65f35f8fead92c760f2b8	交换	accepted	Codex	full-20261006-main	2026-10-06	顯示層採用；不修改原版或存檔。
MAIN@IDA:5ACF:0CCB	9e36280c2b44a990	9e36280c2b44a9905726c4ccb671083a3a802af0cddc2f46d510e1ad07e6ad06	不交换	accepted	Codex	full-20261006-main	2026-10-06	顯示層採用；不修改原版或存檔。
MAIN@IDA:5ACF:0CD2	efac5f6553b70a25	efac5f6553b70a25ecfcee5b6d30d7485a28cbfef9e18fef7f91877f8ac9a8eb	会见城主	accepted	Codex	full-20261006-main	2026-10-06	顯示層採用；不修改原版或存檔。
MAIN@IDA:5ACF:0CDB	d31534e8a5f342d6	d31534e8a5f342d6f5ecdff23646d19351134dd4cf15c1a15a399fca94d236e8	狄斯特德鲁城主	accepted	Codex	full-20261006-main	2026-10-06	顯示層採用；不修改原版或存檔。
MAIN@IDA:5ACF:0CEA	f571e13079023daf	f571e13079023dafc481c4c9b1787f56591e0268c9f816a9b30ecfca064eb9a4	不给	accepted	Codex	full-20261006-main	2026-10-06	顯示層採用；不修改原版或存檔。
MAIN@IDA:5ACF:0CF2	d31534e8a5f342d6	d31534e8a5f342d6f5ecdff23646d19351134dd4cf15c1a15a399fca94d236e8	狄斯特德鲁城主	accepted	Codex	full-20261006-main	2026-10-06	顯示層採用；不修改原版或存檔。
MAIN@IDA:5ACF:0D01	d31534e8a5f342d6	d31534e8a5f342d6f5ecdff23646d19351134dd4cf15c1a15a399fca94d236e8	狄斯特德鲁城主	accepted	Codex	full-20261006-main	2026-10-06	顯示層採用；不修改原版或存檔。
MAIN@IDA:5ACF:0D10	bd04628a912625f3	bd04628a912625f33d32b3d6a58afcefc59e7f7b53fed91231b2c008ee59fed7	会见学者	accepted	Codex	full-20261006-main	2026-10-06	顯示層採用；不修改原版或存檔。
MAIN@IDA:5ACF:0D19	78692ea0482931b2	78692ea0482931b25102e09e78600abf4b33fb9f7eba9f1c0ab7cf551c2b72e7	学者	accepted	Codex	full-20261006-main	2026-10-06	顯示層採用；不修改原版或存檔。
MAIN@IDA:5ACF:0D1E	78692ea0482931b2	78692ea0482931b25102e09e78600abf4b33fb9f7eba9f1c0ab7cf551c2b72e7	学者	accepted	Codex	full-20261006-main	2026-10-06	顯示層採用；不修改原版或存檔。
MAIN@IDA:5ACF:0D23	485327953760afbd	485327953760afbd8bf3557b00eda5f10fb9ec9398e4b56b419f3161950c19e0	 请说明 	accepted	Codex	full-20261006-main	2026-10-06	顯示層採用；不修改原版或存檔。
MAIN@IDA:5ACF:0D2C	0e3464a687ce4069	0e3464a687ce40690cd2442425a1d547aae1fbac3fc5df1d0fa6e9307c9692b3	 不用说明 	accepted	Codex	full-20261006-main	2026-10-06	顯示層採用；不修改原版或存檔。
MAIN@IDA:5ACF:0D37	78692ea0482931b2	78692ea0482931b25102e09e78600abf4b33fb9f7eba9f1c0ab7cf551c2b72e7	学者	accepted	Codex	full-20261006-main	2026-10-06	顯示層採用；不修改原版或存檔。
MAIN@IDA:5ACF:0D3C	4227f76861ca810a	4227f76861ca810aba2e935cd67608b727bf445d997d268ef6d60e4b93d9cf7d	会见东部贤者	accepted	Codex	full-20261006-main	2026-10-06	顯示層採用；不修改原版或存檔。
MAIN@IDA:5ACF:0D49	e6e828810f92bd2d	e6e828810f92bd2d8d8bb628bacffca8fd1fa2e0df4bed577d8bc2baa2936237	东部贤者	accepted	Codex	full-20261006-main	2026-10-06	顯示層採用；不修改原版或存檔。
MAIN@IDA:5ACF:0D52	f56b7c142daa0070	f56b7c142daa0070678d2b984e6aa55bd194636e1b7d1fb0371d1aa8c26c4938	会见西部废城之王	accepted	Codex	full-20261006-main	2026-10-06	顯示層採用；不修改原版或存檔。
MAIN@IDA:5ACF:0D63	f7d6b61400edf80f	f7d6b61400edf80f449eed182519042601509a67f49633d894945d46aad688c3	西部废城之王	accepted	Codex	full-20261006-main	2026-10-06	顯示層採用；不修改原版或存檔。
MAIN@IDA:5ACF:0D70	9abc21a51bd96ab3	9abc21a51bd96ab3456b105c7b3e5334cbec0bc7767a243a81f2e684a66b2e31	会见米堤利帝	accepted	Codex	full-20261006-main	2026-10-06	顯示層採用；不修改原版或存檔。
MAIN@IDA:5ACF:0D7D	ff7bca78f3c3c9dc	ff7bca78f3c3c9dc261bd5288a627757a42736123eaa73e332c085527d8f99e3	奇恩‧米堤利帝	accepted	Codex	full-20261006-main	2026-10-06	顯示層採用；不修改原版或存檔。
MAIN@IDA:5ACF:0D8C	ff7bca78f3c3c9dc	ff7bca78f3c3c9dc261bd5288a627757a42736123eaa73e332c085527d8f99e3	奇恩‧米堤利帝	accepted	Codex	full-20261006-main	2026-10-06	顯示層採用；不修改原版或存檔。
MAIN@IDA:5ACF:0D9B	ff7bca78f3c3c9dc	ff7bca78f3c3c9dc261bd5288a627757a42736123eaa73e332c085527d8f99e3	奇恩‧米堤利帝	accepted	Codex	full-20261006-main	2026-10-06	顯示層採用；不修改原版或存檔。
MAIN@IDA:5ACF:0DAA	087ae4c05f07a84d	087ae4c05f07a84d1603a50b9acbb98a4eb1a7e54a2ef16208721b8715261c2d	会见南部教主	accepted	Codex	full-20261006-main	2026-10-06	顯示層採用；不修改原版或存檔。
MAIN@IDA:5ACF:0DB7	8f606da45227ced5	8f606da45227ced59dd1c111b22d79c969da991eebc54a730e5a9b7b04975247	南部教主	accepted	Codex	full-20261006-main	2026-10-06	顯示層採用；不修改原版或存檔。
MAIN@IDA:5ACF:0DC0	82effa19e5852f0b	82effa19e5852f0b4dbd761ca3ce93ad704f44ea3999a1a9738c18d5e4ac9bc9	进入洞窟	accepted	Codex	full-20261006-main	2026-10-06	顯示層採用；不修改原版或存檔。
MAIN@IDA:5BAB:000A	65a52e0cc58b21db	65a52e0cc58b21db4253c77b870b9b3fce477c9054c9890ebf9089a489e5437b	寻找美少女	accepted	Codex	full-20261006-main	2026-10-06	顯示層採用；不修改原版或存檔。
MAIN@IDA:5BAB:0015	8b896551d6883b83	8b896551d6883b835ca38e9eac422eb8c3266ffde65727d7f2ed7bfc0b9b5fc1	会见菲儿美亚公主	accepted	Codex	full-20261006-main	2026-10-06	顯示層採用；不修改原版或存檔。
MAIN@IDA:5BAB:0026	7452ab09f89c3a08	7452ab09f89c3a08ee6bd27298f59e2376f07b27652b630a02f7d20893e9d48b	会见巴南利斯参谋	accepted	Codex	full-20261006-main	2026-10-06	顯示層採用；不修改原版或存檔。
MAIN@IDA:5BAB:0037	7452ab09f89c3a08	7452ab09f89c3a08ee6bd27298f59e2376f07b27652b630a02f7d20893e9d48b	会见巴南利斯参谋	accepted	Codex	full-20261006-main	2026-10-06	顯示層採用；不修改原版或存檔。
MAIN@IDA:5BAB:0048	7452ab09f89c3a08	7452ab09f89c3a08ee6bd27298f59e2376f07b27652b630a02f7d20893e9d48b	会见巴南利斯参谋	accepted	Codex	full-20261006-main	2026-10-06	顯示層採用；不修改原版或存檔。
MAIN@IDA:5BAB:0059	7452ab09f89c3a08	7452ab09f89c3a08ee6bd27298f59e2376f07b27652b630a02f7d20893e9d48b	会见巴南利斯参谋	accepted	Codex	full-20261006-main	2026-10-06	顯示層採用；不修改原版或存檔。
MAIN@IDA:5BAB:006A	7452ab09f89c3a08	7452ab09f89c3a08ee6bd27298f59e2376f07b27652b630a02f7d20893e9d48b	会见巴南利斯参谋	accepted	Codex	full-20261006-main	2026-10-06	顯示層採用；不修改原版或存檔。
MAIN@IDA:5BAB:007B	7452ab09f89c3a08	7452ab09f89c3a08ee6bd27298f59e2376f07b27652b630a02f7d20893e9d48b	会见巴南利斯参谋	accepted	Codex	full-20261006-main	2026-10-06	顯示層採用；不修改原版或存檔。
MAIN@IDA:5BAB:008C	7452ab09f89c3a08	7452ab09f89c3a08ee6bd27298f59e2376f07b27652b630a02f7d20893e9d48b	会见巴南利斯参谋	accepted	Codex	full-20261006-main	2026-10-06	顯示層採用；不修改原版或存檔。
MAIN@IDA:5BAB:009D	7452ab09f89c3a08	7452ab09f89c3a08ee6bd27298f59e2376f07b27652b630a02f7d20893e9d48b	会见巴南利斯参谋	accepted	Codex	full-20261006-main	2026-10-06	顯示層採用；不修改原版或存檔。
MAIN@IDA:5BAB:00AE	7452ab09f89c3a08	7452ab09f89c3a08ee6bd27298f59e2376f07b27652b630a02f7d20893e9d48b	会见巴南利斯参谋	accepted	Codex	full-20261006-main	2026-10-06	顯示層採用；不修改原版或存檔。
MAIN@IDA:5BAB:00BF	ef7691f16366c179	ef7691f16366c179402057497e69cc171fa02e4f5ae650bdeda65181afc4f34d	谜之美少女	accepted	Codex	full-20261006-main	2026-10-06	顯示層採用；不修改原版或存檔。
MAIN@IDA:5BAB:00CA	ef7691f16366c179	ef7691f16366c179402057497e69cc171fa02e4f5ae650bdeda65181afc4f34d	谜之美少女	accepted	Codex	full-20261006-main	2026-10-06	顯示層採用；不修改原版或存檔。
MAIN@IDA:5BAB:00D5	5f43386e9f90b9d9	5f43386e9f90b9d9b3f576549e5bfbedd24e7fa22263fd94147fb59b476ab756	菲儿美亚公主	accepted	Codex	full-20261006-main	2026-10-06	顯示層採用；不修改原版或存檔。
MAIN@IDA:5BAB:00E2	5f43386e9f90b9d9	5f43386e9f90b9d9b3f576549e5bfbedd24e7fa22263fd94147fb59b476ab756	菲儿美亚公主	accepted	Codex	full-20261006-main	2026-10-06	顯示層採用；不修改原版或存檔。
MAIN@IDA:5BAB:00EF	fd1e39d05a6b79c3	fd1e39d05a6b79c35cf33b393c5e6ec8f61de2b34f8d57ba2291b40ce00effdb	巴南利斯参谋	accepted	Codex	full-20261006-main	2026-10-06	顯示層採用；不修改原版或存檔。
MAIN@IDA:5BAB:00FC	5f43386e9f90b9d9	5f43386e9f90b9d9b3f576549e5bfbedd24e7fa22263fd94147fb59b476ab756	菲儿美亚公主	accepted	Codex	full-20261006-main	2026-10-06	顯示層採用；不修改原版或存檔。
MAIN@IDA:5BAB:0109	5f43386e9f90b9d9	5f43386e9f90b9d9b3f576549e5bfbedd24e7fa22263fd94147fb59b476ab756	菲儿美亚公主	accepted	Codex	full-20261006-main	2026-10-06	顯示層採用；不修改原版或存檔。
MAIN@IDA:5BAB:0116	fd1e39d05a6b79c3	fd1e39d05a6b79c35cf33b393c5e6ec8f61de2b34f8d57ba2291b40ce00effdb	巴南利斯参谋	accepted	Codex	full-20261006-main	2026-10-06	顯示層採用；不修改原版或存檔。
MAIN@IDA:5BAB:0123	fd1e39d05a6b79c3	fd1e39d05a6b79c35cf33b393c5e6ec8f61de2b34f8d57ba2291b40ce00effdb	巴南利斯参谋	accepted	Codex	full-20261006-main	2026-10-06	顯示層採用；不修改原版或存檔。
MAIN@IDA:5BAB:0130	fd1e39d05a6b79c3	fd1e39d05a6b79c35cf33b393c5e6ec8f61de2b34f8d57ba2291b40ce00effdb	巴南利斯参谋	accepted	Codex	full-20261006-main	2026-10-06	顯示層採用；不修改原版或存檔。
MAIN@IDA:5BAB:013D	fd1e39d05a6b79c3	fd1e39d05a6b79c35cf33b393c5e6ec8f61de2b34f8d57ba2291b40ce00effdb	巴南利斯参谋	accepted	Codex	full-20261006-main	2026-10-06	顯示層採用；不修改原版或存檔。
MAIN@IDA:5BAB:014A	e7d51a800a86503b	e7d51a800a86503b2de328dd982d40e60c4d06ec223005112553997cb72ac86a	 接受 	accepted	Codex	full-20261006-main	2026-10-06	顯示層採用；不修改原版或存檔。
MAIN@IDA:5BAB:0151	6bf41e8e4fb80348	6bf41e8e4fb803489d717de3a7c11460fed7aa0becc07f0e049fad4e394f6b81	 拒绝 	accepted	Codex	full-20261006-main	2026-10-06	顯示層採用；不修改原版或存檔。
MAIN@IDA:5BAB:0158	fd1e39d05a6b79c3	fd1e39d05a6b79c35cf33b393c5e6ec8f61de2b34f8d57ba2291b40ce00effdb	巴南利斯参谋	accepted	Codex	full-20261006-main	2026-10-06	顯示層採用；不修改原版或存檔。
MAIN@IDA:5BAB:0165	fd1e39d05a6b79c3	fd1e39d05a6b79c35cf33b393c5e6ec8f61de2b34f8d57ba2291b40ce00effdb	巴南利斯参谋	accepted	Codex	full-20261006-main	2026-10-06	顯示層採用；不修改原版或存檔。
MAIN@IDA:5BAB:0172	fd1e39d05a6b79c3	fd1e39d05a6b79c35cf33b393c5e6ec8f61de2b34f8d57ba2291b40ce00effdb	巴南利斯参谋	accepted	Codex	full-20261006-main	2026-10-06	顯示層採用；不修改原版或存檔。
MAIN@IDA:5BAB:017F	fd1e39d05a6b79c3	fd1e39d05a6b79c35cf33b393c5e6ec8f61de2b34f8d57ba2291b40ce00effdb	巴南利斯参谋	accepted	Codex	full-20261006-main	2026-10-06	顯示層採用；不修改原版或存檔。
MAIN@IDA:5BAB:018C	fd1e39d05a6b79c3	fd1e39d05a6b79c35cf33b393c5e6ec8f61de2b34f8d57ba2291b40ce00effdb	巴南利斯参谋	accepted	Codex	full-20261006-main	2026-10-06	顯示層採用；不修改原版或存檔。
MAIN@IDA:5BAB:0199	fd1e39d05a6b79c3	fd1e39d05a6b79c35cf33b393c5e6ec8f61de2b34f8d57ba2291b40ce00effdb	巴南利斯参谋	accepted	Codex	full-20261006-main	2026-10-06	顯示層採用；不修改原版或存檔。
MAIN@IDA:5BAB:01A6	fd1e39d05a6b79c3	fd1e39d05a6b79c35cf33b393c5e6ec8f61de2b34f8d57ba2291b40ce00effdb	巴南利斯参谋	accepted	Codex	full-20261006-main	2026-10-06	顯示層採用；不修改原版或存檔。
MAIN@IDA:5BAB:01B3	fd1e39d05a6b79c3	fd1e39d05a6b79c35cf33b393c5e6ec8f61de2b34f8d57ba2291b40ce00effdb	巴南利斯参谋	accepted	Codex	full-20261006-main	2026-10-06	顯示層採用；不修改原版或存檔。
MAIN@IDA:5BAB:01C0	fd1e39d05a6b79c3	fd1e39d05a6b79c35cf33b393c5e6ec8f61de2b34f8d57ba2291b40ce00effdb	巴南利斯参谋	accepted	Codex	full-20261006-main	2026-10-06	顯示層採用；不修改原版或存檔。
MAIN@IDA:5BAB:01CD	fd1e39d05a6b79c3	fd1e39d05a6b79c35cf33b393c5e6ec8f61de2b34f8d57ba2291b40ce00effdb	巴南利斯参谋	accepted	Codex	full-20261006-main	2026-10-06	顯示層採用；不修改原版或存檔。
MAIN@IDA:5BAB:01DA	fd1e39d05a6b79c3	fd1e39d05a6b79c35cf33b393c5e6ec8f61de2b34f8d57ba2291b40ce00effdb	巴南利斯参谋	accepted	Codex	full-20261006-main	2026-10-06	顯示層採用；不修改原版或存檔。
MAIN@IDA:5BAB:01E7	fd1e39d05a6b79c3	fd1e39d05a6b79c35cf33b393c5e6ec8f61de2b34f8d57ba2291b40ce00effdb	巴南利斯参谋	accepted	Codex	full-20261006-main	2026-10-06	顯示層採用；不修改原版或存檔。
MAIN@IDA:5BAB:01F4	7452ab09f89c3a08	7452ab09f89c3a08ee6bd27298f59e2376f07b27652b630a02f7d20893e9d48b	会见巴南利斯参谋	accepted	Codex	full-20261006-main	2026-10-06	顯示層採用；不修改原版或存檔。
MAIN@IDA:5BAB:0205	fd1e39d05a6b79c3	fd1e39d05a6b79c35cf33b393c5e6ec8f61de2b34f8d57ba2291b40ce00effdb	巴南利斯参谋	accepted	Codex	full-20261006-main	2026-10-06	顯示層採用；不修改原版或存檔。
MAIN@IDA:5BAB:0212	e7d51a800a86503b	e7d51a800a86503b2de328dd982d40e60c4d06ec223005112553997cb72ac86a	 接受 	accepted	Codex	full-20261006-main	2026-10-06	顯示層採用；不修改原版或存檔。
MAIN@IDA:5BAB:0219	6bf41e8e4fb80348	6bf41e8e4fb803489d717de3a7c11460fed7aa0becc07f0e049fad4e394f6b81	 拒绝 	accepted	Codex	full-20261006-main	2026-10-06	顯示層採用；不修改原版或存檔。
MAIN@IDA:5BAB:0220	fd1e39d05a6b79c3	fd1e39d05a6b79c35cf33b393c5e6ec8f61de2b34f8d57ba2291b40ce00effdb	巴南利斯参谋	accepted	Codex	full-20261006-main	2026-10-06	顯示層採用；不修改原版或存檔。
MAIN@IDA:5BAB:022D	7452ab09f89c3a08	7452ab09f89c3a08ee6bd27298f59e2376f07b27652b630a02f7d20893e9d48b	会见巴南利斯参谋	accepted	Codex	full-20261006-main	2026-10-06	顯示層採用；不修改原版或存檔。
MAIN@IDA:5BAB:023E	fd1e39d05a6b79c3	fd1e39d05a6b79c35cf33b393c5e6ec8f61de2b34f8d57ba2291b40ce00effdb	巴南利斯参谋	accepted	Codex	full-20261006-main	2026-10-06	顯示層採用；不修改原版或存檔。
MAIN@IDA:5BAB:024B	e7d51a800a86503b	e7d51a800a86503b2de328dd982d40e60c4d06ec223005112553997cb72ac86a	 接受 	accepted	Codex	full-20261006-main	2026-10-06	顯示層採用；不修改原版或存檔。
MAIN@IDA:5BAB:0252	6bf41e8e4fb80348	6bf41e8e4fb803489d717de3a7c11460fed7aa0becc07f0e049fad4e394f6b81	 拒绝 	accepted	Codex	full-20261006-main	2026-10-06	顯示層採用；不修改原版或存檔。
MAIN@IDA:5BAB:0259	fd1e39d05a6b79c3	fd1e39d05a6b79c35cf33b393c5e6ec8f61de2b34f8d57ba2291b40ce00effdb	巴南利斯参谋	accepted	Codex	full-20261006-main	2026-10-06	顯示層採用；不修改原版或存檔。
MAIN@IDA:5BAB:0266	7452ab09f89c3a08	7452ab09f89c3a08ee6bd27298f59e2376f07b27652b630a02f7d20893e9d48b	会见巴南利斯参谋	accepted	Codex	full-20261006-main	2026-10-06	顯示層採用；不修改原版或存檔。
MAIN@IDA:5BAB:0277	fd1e39d05a6b79c3	fd1e39d05a6b79c35cf33b393c5e6ec8f61de2b34f8d57ba2291b40ce00effdb	巴南利斯参谋	accepted	Codex	full-20261006-main	2026-10-06	顯示層採用；不修改原版或存檔。
MAIN@IDA:5BAB:0284	fd1e39d05a6b79c3	fd1e39d05a6b79c35cf33b393c5e6ec8f61de2b34f8d57ba2291b40ce00effdb	巴南利斯参谋	accepted	Codex	full-20261006-main	2026-10-06	顯示層採用；不修改原版或存檔。
MAIN@IDA:5BAB:0291	fd1e39d05a6b79c3	fd1e39d05a6b79c35cf33b393c5e6ec8f61de2b34f8d57ba2291b40ce00effdb	巴南利斯参谋	accepted	Codex	full-20261006-main	2026-10-06	顯示層採用；不修改原版或存檔。
MAIN@IDA:5BAB:029E	e7d51a800a86503b	e7d51a800a86503b2de328dd982d40e60c4d06ec223005112553997cb72ac86a	 接受 	accepted	Codex	full-20261006-main	2026-10-06	顯示層採用；不修改原版或存檔。
MAIN@IDA:5BAB:02A5	6bf41e8e4fb80348	6bf41e8e4fb803489d717de3a7c11460fed7aa0becc07f0e049fad4e394f6b81	 拒绝 	accepted	Codex	full-20261006-main	2026-10-06	顯示層採用；不修改原版或存檔。
MAIN@IDA:5BAB:02AC	fd1e39d05a6b79c3	fd1e39d05a6b79c35cf33b393c5e6ec8f61de2b34f8d57ba2291b40ce00effdb	巴南利斯参谋	accepted	Codex	full-20261006-main	2026-10-06	顯示層採用；不修改原版或存檔。
MAIN@IDA:5BAB:02B9	fd1e39d05a6b79c3	fd1e39d05a6b79c35cf33b393c5e6ec8f61de2b34f8d57ba2291b40ce00effdb	巴南利斯参谋	accepted	Codex	full-20261006-main	2026-10-06	顯示層採用；不修改原版或存檔。
MAIN@IDA:5BAB:02C6	7452ab09f89c3a08	7452ab09f89c3a08ee6bd27298f59e2376f07b27652b630a02f7d20893e9d48b	会见巴南利斯参谋	accepted	Codex	full-20261006-main	2026-10-06	顯示層採用；不修改原版或存檔。
MAIN@IDA:5BAB:02D7	7e6b3977309d8d84	7e6b3977309d8d8421272587cdca0c606674166b33b41e8f817af54eaa5aecc3	谒见女王	accepted	Codex	full-20261006-main	2026-10-06	顯示層採用；不修改原版或存檔。
MAIN@IDA:5BAB:02E0	fd1e39d05a6b79c3	fd1e39d05a6b79c35cf33b393c5e6ec8f61de2b34f8d57ba2291b40ce00effdb	巴南利斯参谋	accepted	Codex	full-20261006-main	2026-10-06	顯示層採用；不修改原版或存檔。
MAIN@IDA:5BAB:02ED	fd315c4faae7a560	fd315c4faae7a5607cf1067095157fdd073501e5d36518303ee64c0a9a49937e	雷兹尼亚克女王	accepted	Codex	full-20261006-main	2026-10-06	顯示層採用；不修改原版或存檔。
MAIN@IDA:5BAB:02FC	fd1e39d05a6b79c3	fd1e39d05a6b79c35cf33b393c5e6ec8f61de2b34f8d57ba2291b40ce00effdb	巴南利斯参谋	accepted	Codex	full-20261006-main	2026-10-06	顯示層採用；不修改原版或存檔。
MAIN@IDA:5BAB:0309	fd315c4faae7a560	fd315c4faae7a5607cf1067095157fdd073501e5d36518303ee64c0a9a49937e	雷兹尼亚克女王	accepted	Codex	full-20261006-main	2026-10-06	顯示層採用；不修改原版或存檔。
MAIN@IDA:5BAB:0318	fd315c4faae7a560	fd315c4faae7a5607cf1067095157fdd073501e5d36518303ee64c0a9a49937e	雷兹尼亚克女王	accepted	Codex	full-20261006-main	2026-10-06	顯示層採用；不修改原版或存檔。
MAIN@IDA:5BAB:0327	76344e1a7a8ed69c	76344e1a7a8ed69c0dd86354943b9eabd1c8f8955d733db35107ebf724e190c9	蕾依‧雷兹尼亚克	accepted	Codex	full-20261006-main	2026-10-06	顯示層採用；不修改原版或存檔。
MAIN@IDA:5BAB:0338	ba425073e002e600	ba425073e002e600a799b5a2a0fd86b3663e68f8a6bd9fee661634c8bb59ee9e	洞窟深处	accepted	Codex	full-20261006-main	2026-10-06	顯示層採用；不修改原版或存檔。
MAIN@IDA:5BAB:0341	8037edf713d5a30d	8037edf713d5a30d63f012d679f298970dfda406d2821825e1bb3bb3047ffbcb	返回入口	accepted	Codex	full-20261006-main	2026-10-06	顯示層採用；不修改原版或存檔。
MAIN@IDA:5BAB:034A	cd24fbb91c43e428	cd24fbb91c43e4285ee6372b1cf4123aedae0aff02f3d393f1b853d40d7c24a8	会见少女	accepted	Codex	full-20261006-main	2026-10-06	顯示層採用；不修改原版或存檔。
MAIN@IDA:5BAB:0353	ef7691f16366c179	ef7691f16366c179402057497e69cc171fa02e4f5ae650bdeda65181afc4f34d	谜之美少女	accepted	Codex	full-20261006-main	2026-10-06	顯示層採用；不修改原版或存檔。
MAIN@IDA:5BAB:035E	ef7691f16366c179	ef7691f16366c179402057497e69cc171fa02e4f5ae650bdeda65181afc4f34d	谜之美少女	accepted	Codex	full-20261006-main	2026-10-06	顯示層採用；不修改原版或存檔。
MAIN@IDA:5BAB:0369	ef7691f16366c179	ef7691f16366c179402057497e69cc171fa02e4f5ae650bdeda65181afc4f34d	谜之美少女	accepted	Codex	full-20261006-main	2026-10-06	顯示層採用；不修改原版或存檔。
MAIN@IDA:5BAB:0374	96455b39a34d5999	96455b39a34d5999136cc51cd43ceaf5d7abb0d03890d38d01e9dbbd8c300ae2	 搭乘小船 	accepted	Codex	full-20261006-main	2026-10-06	顯示層採用；不修改原版或存檔。
MAIN@IDA:5BAB:037F	cccd0f07a3ba8241	cccd0f07a3ba82414559ce22375a11520f67f5ed21995574102e101b2f86788f	 帕利尔渡场 	accepted	Codex	full-20261006-main	2026-10-06	顯示層採用；不修改原版或存檔。
MAIN@IDA:5BAB:038C	b11d12c99468ac13	b11d12c99468ac1352333700c22dbec070a0c9d495c614572d1bde50dc505553	 搭乘 	accepted	Codex	full-20261006-main	2026-10-06	顯示層採用；不修改原版或存檔。
MAIN@IDA:5BAB:0393	2c0a86c0bdc227ed	2c0a86c0bdc227edc78e85da2edfd7e7d0e227cad3fd0087443fd94a9db75b69	 中止 	accepted	Codex	full-20261006-main	2026-10-06	顯示層採用；不修改原版或存檔。
MAIN@IDA:5BAB:039A	96455b39a34d5999	96455b39a34d5999136cc51cd43ceaf5d7abb0d03890d38d01e9dbbd8c300ae2	 搭乘小船 	accepted	Codex	full-20261006-main	2026-10-06	顯示層採用；不修改原版或存檔。
MAIN@IDA:5BAB:03A5	4d23d9bde91f617d	4d23d9bde91f617de67b2513e32acbd92bda5565227b10ee0e0d75d0548748d7	 罗达古特渡场 	accepted	Codex	full-20261006-main	2026-10-06	顯示層採用；不修改原版或存檔。
MAIN@IDA:5BAB:03B4	b11d12c99468ac13	b11d12c99468ac1352333700c22dbec070a0c9d495c614572d1bde50dc505553	 搭乘 	accepted	Codex	full-20261006-main	2026-10-06	顯示層採用；不修改原版或存檔。
MAIN@IDA:5BAB:03BB	2c0a86c0bdc227ed	2c0a86c0bdc227edc78e85da2edfd7e7d0e227cad3fd0087443fd94a9db75b69	 中止 	accepted	Codex	full-20261006-main	2026-10-06	顯示層採用；不修改原版或存檔。
MAIN@IDA:5BAB:03C2	7452ab09f89c3a08	7452ab09f89c3a08ee6bd27298f59e2376f07b27652b630a02f7d20893e9d48b	会见巴南利斯参谋	accepted	Codex	full-20261006-main	2026-10-06	顯示層採用；不修改原版或存檔。
MAIN@IDA:5BAB:03D3	fd1e39d05a6b79c3	fd1e39d05a6b79c35cf33b393c5e6ec8f61de2b34f8d57ba2291b40ce00effdb	巴南利斯参谋	accepted	Codex	full-20261006-main	2026-10-06	顯示層採用；不修改原版或存檔。
MAIN@IDA:5BAB:03E0	7452ab09f89c3a08	7452ab09f89c3a08ee6bd27298f59e2376f07b27652b630a02f7d20893e9d48b	会见巴南利斯参谋	accepted	Codex	full-20261006-main	2026-10-06	顯示層採用；不修改原版或存檔。
MAIN@IDA:5BAB:03F1	fd1e39d05a6b79c3	fd1e39d05a6b79c35cf33b393c5e6ec8f61de2b34f8d57ba2291b40ce00effdb	巴南利斯参谋	accepted	Codex	full-20261006-main	2026-10-06	顯示層採用；不修改原版或存檔。
MAIN@IDA:5BAB:03FE	7452ab09f89c3a08	7452ab09f89c3a08ee6bd27298f59e2376f07b27652b630a02f7d20893e9d48b	会见巴南利斯参谋	accepted	Codex	full-20261006-main	2026-10-06	顯示層採用；不修改原版或存檔。
MAIN@IDA:5BAB:040F	f421400c58aec7be	f421400c58aec7be87ab903bb435d38849fa28de506d289e8ab7a7ef1f8b1894	寻找公主‧蕾依	accepted	Codex	full-20261006-main	2026-10-06	顯示層採用；不修改原版或存檔。
MAIN@IDA:5BAB:041E	fd1e39d05a6b79c3	fd1e39d05a6b79c35cf33b393c5e6ec8f61de2b34f8d57ba2291b40ce00effdb	巴南利斯参谋	accepted	Codex	full-20261006-main	2026-10-06	顯示層採用；不修改原版或存檔。
MAIN@IDA:5BAB:042B	f4c200b6012c18be	f4c200b6012c18be78d617f4c23e23def074f5bc97a376991ca8397df04389c7	布拉奇亚王	accepted	Codex	full-20261006-main	2026-10-06	顯示層採用；不修改原版或存檔。
MAIN@IDA:5BAB:0436	76344e1a7a8ed69c	76344e1a7a8ed69c0dd86354943b9eabd1c8f8955d733db35107ebf724e190c9	蕾依‧雷兹尼亚克	accepted	Codex	full-20261006-main	2026-10-06	顯示層採用；不修改原版或存檔。
MAIN@IDA:5BAB:0447	f4c200b6012c18be	f4c200b6012c18be78d617f4c23e23def074f5bc97a376991ca8397df04389c7	布拉奇亚王	accepted	Codex	full-20261006-main	2026-10-06	顯示層採用；不修改原版或存檔。
MAIN@IDA:5BAB:0452	f4c200b6012c18be	f4c200b6012c18be78d617f4c23e23def074f5bc97a376991ca8397df04389c7	布拉奇亚王	accepted	Codex	full-20261006-main	2026-10-06	顯示層採用；不修改原版或存檔。
MAIN@IDA:5BAB:045D	76344e1a7a8ed69c	76344e1a7a8ed69c0dd86354943b9eabd1c8f8955d733db35107ebf724e190c9	蕾依‧雷兹尼亚克	accepted	Codex	full-20261006-main	2026-10-06	顯示層採用；不修改原版或存檔。
MAIN@IDA:5BAB:046E	fd1e39d05a6b79c3	fd1e39d05a6b79c35cf33b393c5e6ec8f61de2b34f8d57ba2291b40ce00effdb	巴南利斯参谋	accepted	Codex	full-20261006-main	2026-10-06	顯示層採用；不修改原版或存檔。
MAIN@IDA:5BAB:047B	f4c200b6012c18be	f4c200b6012c18be78d617f4c23e23def074f5bc97a376991ca8397df04389c7	布拉奇亚王	accepted	Codex	full-20261006-main	2026-10-06	顯示層採用；不修改原版或存檔。
MAIN@IDA:5BF4:0F91	476cb62a23db2c60	476cb62a23db2c606ac5222cfac4a83c97dda81e874131b60fdf3b0076387d09	请选择士兵	accepted	Codex	full-20261006-main	2026-10-06	顯示層採用；不修改原版或存檔。
MAIN@IDA:5BF4:0F9C	476cb62a23db2c60	476cb62a23db2c606ac5222cfac4a83c97dda81e874131b60fdf3b0076387d09	请选择士兵	accepted	Codex	full-20261006-main	2026-10-06	顯示層採用；不修改原版或存檔。
MAIN@IDA:5BF4:0FA7	476cb62a23db2c60	476cb62a23db2c606ac5222cfac4a83c97dda81e874131b60fdf3b0076387d09	请选择士兵	accepted	Codex	full-20261006-main	2026-10-06	顯示層採用；不修改原版或存檔。
MAIN@IDA:5BF4:0FB2	755a63481b1fd141	755a63481b1fd1414d24039a48ccc1833d49f540c4b9ba35dbe95e8248e30b67	战斗命令	accepted	Codex	full-20261006-main	2026-10-06	顯示層採用；不修改原版或存檔。
MAIN@IDA:5BF4:0FBB	a3a599c55a0873f2	a3a599c55a0873f2606127fdcc74c54907aa5f42eb20d09f12b5f1cbb096cb12	全体退却	accepted	Codex	full-20261006-main	2026-10-06	顯示層採用；不修改原版或存檔。
MAIN@IDA:5BF4:0FC4	86a6168ae7b1bd29	86a6168ae7b1bd29049252452b2702b420485e19764fb9e0cc0f8c9113be4e8e	个别退却	accepted	Codex	full-20261006-main	2026-10-06	顯示層採用；不修改原版或存檔。
MAIN@IDA:5BF4:0FCD	23ee79802f7c9648	23ee79802f7c9648f3c1ebc65b42ceb03b0d51d79b729af04ad87dc80d5c9bea	战斗继续	accepted	Codex	full-20261006-main	2026-10-06	顯示層採用；不修改原版或存檔。
MAIN@IDA:5BF4:0FD6	755a63481b1fd141	755a63481b1fd1414d24039a48ccc1833d49f540c4b9ba35dbe95e8248e30b67	战斗命令	accepted	Codex	full-20261006-main	2026-10-06	顯示層採用；不修改原版或存檔。
MAIN@IDA:5BF4:0FDF	71b4aa94b8f9c46f	71b4aa94b8f9c46f0cbf913889b8afa9cff8f26bfd123696f319b06b4e7d04dd	看  能  力	accepted	Codex	full-20261006-main	2026-10-06	顯示層採用；不修改原版或存檔。
MAIN@IDA:5BF4:0FEA	7f59d3288b6dd3a0	7f59d3288b6dd3a0c64b76f98993902d5f0afc6d51c21cdd874de17721a2ab09	退　　　却	accepted	Codex	full-20261006-main	2026-10-06	顯示層採用；不修改原版或存檔。
MAIN@IDA:5BF4:0FF5	429a5936a8d58d9b	429a5936a8d58d9b1a15bfcd4fe2459f0316538f4b942827bb8ecd03a50b9ae8	位置的交换	accepted	Codex	full-20261006-main	2026-10-06	顯示層採用；不修改原版或存檔。
MAIN@IDA:5BF4:1000	37bdce435bf7298d	37bdce435bf7298d56372fd2dd00624d6fb611b1a4f9d1d11838035bee10ec8b	道具的使用	accepted	Codex	full-20261006-main	2026-10-06	顯示層採用；不修改原版或存檔。
MAIN@IDA:5D02:0006	e3c5449896b3d4a0	e3c5449896b3d4a04ecf0cabbeae911573abee367ec553cff0e5502fa1eb0829	请指定国家	accepted	Codex	full-20261006-main	2026-10-06	顯示層採用；不修改原版或存檔。
MAIN@IDA:5D02:0011	e7066843ad97de7d	e7066843ad97de7d5005972f2bd01cda1a37525bcb934522f89aa0cc68f23ddc	请指定欲移动之国家	accepted	Codex	full-20261006-main	2026-10-06	顯示層採用；不修改原版或存檔。
MAIN@IDA:5D2F:00AD	0ee17a3f852f374f	0ee17a3f852f374fb4746e948c0cee614750466fe29334539bd3e005f7e6d96f	部队列表	accepted	Codex	full-20261006-main	2026-10-06	顯示層採用；不修改原版或存檔。
MAIN@IDA:5D2F:00B9	697135ca691d244b	697135ca691d244b4ebf27003816bcd8f1fdef252146b0fb6ad6dd0f14ef6d71	报　告	accepted	Codex	full-20261006-main	2026-10-06	顯示層採用；不修改原版或存檔。
MAIN@IDA:5D2F:00C0	339be0ade57ff7c2	339be0ade57ff7c2ed7cd6a6a56321aa5765260e5cef9fea56ccb97e14a3d920	退却目标	accepted	Codex	full-20261006-main	2026-10-06	顯示層採用；不修改原版或存檔。
MAIN@IDA:5D2F:00C9	9a0b14b035867d3a	9a0b14b035867d3ae386763bd32b9c2733fad1b630853b87eca935f4e592218e	 移动 	accepted	Codex	full-20261006-main	2026-10-06	顯示層採用；不修改原版或存檔。
MAIN@IDA:5D2F:00D0	96dfabbd66300de6	96dfabbd66300de6477ca211a733cff4e95e8b330a6b89017dfc081818d38903	 停留 	accepted	Codex	full-20261006-main	2026-10-06	顯示層採用；不修改原版或存檔。
MAIN@IDA:5D2F:00D7	72971595f82c0088	72971595f82c0088db2aa105c8b41309ddb640bcdf1e8949d6874622b5a439da	 报告 	accepted	Codex	full-20261006-main	2026-10-06	顯示層採用；不修改原版或存檔。
MAIN@IDA:5D2F:00DE	de06c18e9fa4f658	de06c18e9fa4f658bccad0cf522fa9431ac10400fc1ae3850dc7bc66aca97d8d	 阵形 	accepted	Codex	full-20261006-main	2026-10-06	顯示層採用；不修改原版或存檔。
MAIN@IDA:5D2F:00E5	53dfe83e85f8f513	53dfe83e85f8f5130bb54c41ce43d35db2daad6f740c61fbdeaf882ac0220783	 侦察 	accepted	Codex	full-20261006-main	2026-10-06	顯示層採用；不修改原版或存檔。
MAIN@IDA:5D2F:00EC	95cb46a299d946bd	95cb46a299d946bdb7bc5441e09ad1275a0b9457478712b0d3ca362b80452bea	 爆击 	accepted	Codex	full-20261006-main	2026-10-06	顯示層採用；不修改原版或存檔。
MAIN@IDA:5D2F:00F3	53dfe83e85f8f513	53dfe83e85f8f5130bb54c41ce43d35db2daad6f740c61fbdeaf882ac0220783	 侦察 	accepted	Codex	full-20261006-main	2026-10-06	顯示層採用；不修改原版或存檔。
MAIN@IDA:5D2F:00FA	c44cbd609ed1d2eb	c44cbd609ed1d2eb28b3a3e749705fb7e361a67a0e54f3b0736d96935ae2072d	脱　　出	accepted	Codex	full-20261006-main	2026-10-06	顯示層採用；不修改原版或存檔。
MAIN@IDA:5D2F:0103	984b6c9dbaaf3f77	984b6c9dbaaf3f770aadef480c8c25249a54944db0ea11f7379e9f02b0dd68ec	报　　告	accepted	Codex	full-20261006-main	2026-10-06	顯示層採用；不修改原版或存檔。
MAIN@IDA:5D2F:010C	80f20b0115bb6e4f	80f20b0115bb6e4f371447446645cc7b01f0b1d0f3137e725820b4fa79f91079	情报收集	accepted	Codex	full-20261006-main	2026-10-06	顯示層採用；不修改原版或存檔。
MAIN@IDA:5D2F:0115	01bdef3310837574	01bdef33108375743cdfe4f90697a7dc2bca346dc10a722ac2987c93964d51f2	部队间编成	accepted	Codex	full-20261006-main	2026-10-06	顯示層採用；不修改原版或存檔。
MAIN@IDA:5D2F:0120	a073a8a0ba1aff95	a073a8a0ba1aff956f25ce7fb61b78348a0e8b31a620688a7f6367e770966b41	兵器的编成	accepted	Codex	full-20261006-main	2026-10-06	顯示層採用；不修改原版或存檔。
MAIN@IDA:5D2F:012B	be7faa7700f66252	be7faa7700f6625281e28da0441fe09f48e2ae25817efd101dac04dabe290e26	前往交易所	accepted	Codex	full-20261006-main	2026-10-06	顯示層採用；不修改原版或存檔。
MAIN@IDA:5D2F:0136	fa731a5ec8c7005a	fa731a5ec8c7005a6d6ec2d8bd63c9084ac552fc9198922018ce1a6926d29231	建筑的中止 	accepted	Codex	full-20261006-main	2026-10-06	顯示層採用；不修改原版或存檔。
MAIN@IDA:5D2F:0142	d78b26cf0c7952e6	d78b26cf0c7952e606c701b24ed786f164b7901ba8a9ae8d6890ce3a9e9dedee	建　　　筑 	accepted	Codex	full-20261006-main	2026-10-06	顯示層採用；不修改原版或存檔。
MAIN@IDA:5D2F:0151	9a0b14b035867d3a	9a0b14b035867d3ae386763bd32b9c2733fad1b630853b87eca935f4e592218e	 移动 	accepted	Codex	full-20261006-main	2026-10-06	顯示層採用；不修改原版或存檔。
MAIN@IDA:5D2F:0158	72971595f82c0088	72971595f82c0088db2aa105c8b41309ddb640bcdf1e8949d6874622b5a439da	 报告 	accepted	Codex	full-20261006-main	2026-10-06	顯示層採用；不修改原版或存檔。
MAIN@IDA:5D2F:015F	de06c18e9fa4f658	de06c18e9fa4f658bccad0cf522fa9431ac10400fc1ae3850dc7bc66aca97d8d	 阵形 	accepted	Codex	full-20261006-main	2026-10-06	顯示層採用；不修改原版或存檔。
MAIN@IDA:5D2F:0166	fec7e2a8cc4456dc	fec7e2a8cc4456dcfa9dd3886c922c4c202d8aca9707b646b14f4e5f0706964c	 待机 	accepted	Codex	full-20261006-main	2026-10-06	顯示層採用；不修改原版或存檔。
MAIN@IDA:5D2F:016D	f1db19774d6aad3d	f1db19774d6aad3d312957f144d4a2188209c85a99d708478b994e171ae573b0	 休息 	accepted	Codex	full-20261006-main	2026-10-06	顯示層採用；不修改原版或存檔。
MAIN@IDA:5D2F:0174	7111a7690c4231c2	7111a7690c4231c2315ceb9095eeb75a2bf181e6498653776a5d242c7387764e	 据点 	accepted	Codex	full-20261006-main	2026-10-06	顯示層採用；不修改原版或存檔。
MAIN@IDA:5D2F:017C	4acd74dbb9b77293	4acd74dbb9b772938ee1e2030dbdcfa36843fa008798f8c7b5215e48265a7829	据　点	accepted	Codex	full-20261006-main	2026-10-06	顯示層採用；不修改原版或存檔。
MAIN@IDA:5D2F:0183	b75f1892e4a1dd58	b75f1892e4a1dd581b0acdfcebc8ffb2811691414782f5611c52302fb8ae01be	 占领 	accepted	Codex	full-20261006-main	2026-10-06	顯示層採用；不修改原版或存檔。
MAIN@IDA:5D2F:018B	59585b7658967bfc	59585b7658967bfc38fa85c764631f1412a0dda9287cc1ae0402c8678c39d668	白兵战	accepted	Codex	full-20261006-main	2026-10-06	顯示層採用；不修改原版或存檔。
MAIN@IDA:5D2F:0192	11705113733e97fd	11705113733e97fda8aece52eec952c4763145f5ee0871f0c4a41238f7e1fb51	大　炮	accepted	Codex	full-20261006-main	2026-10-06	顯示層採用；不修改原版或存檔。
MAIN@IDA:5D2F:0199	ea3c8dda9ecd028e	ea3c8dda9ecd028ed5d520a62b2f86eb85f2386892a20ff7696faee9ca26a13c	车辆炮	accepted	Codex	full-20261006-main	2026-10-06	顯示層採用；不修改原版或存檔。
MAIN@IDA:5D2F:01A0	11705113733e97fd	11705113733e97fda8aece52eec952c4763145f5ee0871f0c4a41238f7e1fb51	大　炮	accepted	Codex	full-20261006-main	2026-10-06	顯示層採用；不修改原版或存檔。
MAIN@IDA:5D2F:01A7	ea3c8dda9ecd028e	ea3c8dda9ecd028ed5d520a62b2f86eb85f2386892a20ff7696faee9ca26a13c	车辆炮	accepted	Codex	full-20261006-main	2026-10-06	顯示層採用；不修改原版或存檔。
MAIN@IDA:5D2F:01AE	697135ca691d244b	697135ca691d244b4ebf27003816bcd8f1fdef252146b0fb6ad6dd0f14ef6d71	报　告	accepted	Codex	full-20261006-main	2026-10-06	顯示層採用；不修改原版或存檔。
MAIN@IDA:5D2F:01B5	8e479afbc9a17925	8e479afbc9a179256ae8e980a124b9d7b9a0623a305b490aded69aa82f4ed1f9	退　却	accepted	Codex	full-20261006-main	2026-10-06	顯示層採用；不修改原版或存檔。
MAIN@IDA:5D2F:01BC	60b6712437f5a39f	60b6712437f5a39f1549506a3d2d6d3a044491ba529b52c0b39e7e0c7c1efcb8	 移　动 	accepted	Codex	full-20261006-main	2026-10-06	顯示層採用；不修改原版或存檔。
MAIN@IDA:5D2F:01C5	d66ad80cbdb511e7	d66ad80cbdb511e763a14c17f8e10de2fe20e01061984647348ac8a033a8cf60	 报　告 	accepted	Codex	full-20261006-main	2026-10-06	顯示層採用；不修改原版或存檔。
MAIN@IDA:5D2F:01CE	dfc00e5b900897a6	dfc00e5b900897a6b8c26bf90b49664278424bfc3064ce1edc98b73bdf91826d	 阵  形 	accepted	Codex	full-20261006-main	2026-10-06	顯示層採用；不修改原版或存檔。
MAIN@IDA:5D2F:01D7	a26fb385b8a40e65	a26fb385b8a40e653b18f991f6a6d16f1d550481a4f75a539df3807253530864	 待　机 	accepted	Codex	full-20261006-main	2026-10-06	顯示層採用；不修改原版或存檔。
MAIN@IDA:5D2F:01E0	8770240ae8e1e56f	8770240ae8e1e56ff37030cce82b2bca89b1ebc226aa29b320afaf987f5fa198	 休　息 	accepted	Codex	full-20261006-main	2026-10-06	顯示層採用；不修改原版或存檔。
MAIN@IDA:5D2F:01E9	2ca8c4201ee2d21e	2ca8c4201ee2d21e06935047a22b17029d6782bdcf3e96c2b35af12a0d701346	 攻变更 	accepted	Codex	full-20261006-main	2026-10-06	顯示層採用；不修改原版或存檔。
MAIN@IDA:5D2F:01F2	697135ca691d244b	697135ca691d244b4ebf27003816bcd8f1fdef252146b0fb6ad6dd0f14ef6d71	报　告	accepted	Codex	full-20261006-main	2026-10-06	顯示層採用；不修改原版或存檔。
MAIN@IDA:5D2F:01F9	25b82526a49fe160	25b82526a49fe16016c7dcfb155684360de9185181f8c49a754a7ddaa9481648	移动方法	accepted	Codex	full-20261006-main	2026-10-06	顯示層採用；不修改原版或存檔。
MAIN@IDA:5D2F:0202	a2c10a0f5cc62e78	a2c10a0f5cc62e78736b391cc27aefb8b07ec6f7c5af7b10c3f56b2860f0f6e5	指定移动方法	accepted	Codex	full-20261006-main	2026-10-06	顯示層採用；不修改原版或存檔。
MAIN@IDA:5D2F:020F	9789865964a16f5d	9789865964a16f5d190b74698ef5ad6855bd73997dbeec0a61f86c6243853753	徒步移动	accepted	Codex	full-20261006-main	2026-10-06	顯示層採用；不修改原版或存檔。
MAIN@IDA:5D2F:0218	3dea20784891f114	3dea20784891f114251d245fce3eef8bb3112fe9af2b673582d14a28073cc163	车辆移动	accepted	Codex	full-20261006-main	2026-10-06	顯示層採用；不修改原版或存檔。
MAIN@IDA:5D2F:0221	8d35a6612ddbb9c2	8d35a6612ddbb9c26bdf2551585472863f6ea5ad5bc1024f8c754f5d2f8ab037	飞行移动	accepted	Codex	full-20261006-main	2026-10-06	顯示層採用；不修改原版或存檔。
MAIN@IDA:5D2F:022D	1c948564b861328b	1c948564b861328b7b66236e4c9e9774089f9f7bf5c800fde3bd84645852a798	看据点情报　　　	accepted	Codex	full-20261006-main	2026-10-06	顯示層採用；不修改原版或存檔。
MAIN@IDA:5D2F:023E	01bdef3310837574	01bdef33108375743cdfe4f90697a7dc2bca346dc10a722ac2987c93964d51f2	部队间编成	accepted	Codex	full-20261006-main	2026-10-06	顯示層採用；不修改原版或存檔。
MAIN@IDA:5D2F:0249	a073a8a0ba1aff95	a073a8a0ba1aff956f25ce7fb61b78348a0e8b31a620688a7f6367e770966b41	兵器的编成	accepted	Codex	full-20261006-main	2026-10-06	顯示層採用；不修改原版或存檔。
MAIN@IDA:5D2F:0254	db9029210c45a301	db9029210c45a301a263a8afd0a24fb9e719c162d29bf6e465afe2b7a60f1776	 －－－ 	accepted	Codex	full-20261006-main	2026-10-06	顯示層採用；不修改原版或存檔。
MAIN@IDA:5D2F:025D	3c83ffc4fa86ad35	3c83ffc4fa86ad3558a9d683f3e328bf58079845090feeabdc7fd37d4a389029	 商　卖 	accepted	Codex	full-20261006-main	2026-10-06	顯示層採用；不修改原版或存檔。
MAIN@IDA:5D2F:0266	dd36892b9c0a0151	dd36892b9c0a01516fb99cf9f1d5e1d61c11a83557a15efd082696c0f6138898	 公　演 	accepted	Codex	full-20261006-main	2026-10-06	顯示層採用；不修改原版或存檔。
MAIN@IDA:5D2F:026F	327885162c2565bc	327885162c2565bc55a354767a44d4b3fdbe54ff8c2527c43251ac2927a2e164	 建　筑 	accepted	Codex	full-20261006-main	2026-10-06	顯示層採用；不修改原版或存檔。
MAIN@IDA:5D2F:0278	0f68c97c11cf88dc	0f68c97c11cf88dc31b3717cca17032e2d42f7e1849c96d46be871084f505795	 潜　入 	accepted	Codex	full-20261006-main	2026-10-06	顯示層採用；不修改原版或存檔。
MAIN@IDA:5D2F:0281	db9029210c45a301	db9029210c45a301a263a8afd0a24fb9e719c162d29bf6e465afe2b7a60f1776	 －－－ 	accepted	Codex	full-20261006-main	2026-10-06	顯示層採用；不修改原版或存檔。
MAIN@IDA:5D2F:02A1	c9ed42e220466d44	c9ed42e220466d4455df33514a4416c658fcab4c4f5a5eb9c0e2efac136ebfd9	 退　却 	accepted	Codex	full-20261006-main	2026-10-06	顯示層採用；不修改原版或存檔。
MAIN@IDA:5D2F:02AA	f9403d205f7933e1	f9403d205f7933e1a5e1747ddd6c1f220e6471dbf544242db3d15e2ccc13dc4c	 中  止 	accepted	Codex	full-20261006-main	2026-10-06	顯示層採用；不修改原版或存檔。
MAIN@IDA:5D2F:02B3	88513eea80918cff	88513eea80918cff52b2e9d53436b748376a99b2e8f231d1b31f6cf29ee9db3d	全 体 退 却 	accepted	Codex	full-20261006-main	2026-10-06	顯示層採用；不修改原版或存檔。
MAIN@IDA:5D2F:02C0	6ee1bd883786493f	6ee1bd883786493f19eb9c36cf6cc28598d730a2a21b03751e2e1ab400496f85	中　　　 止 	accepted	Codex	full-20261006-main	2026-10-06	顯示層採用；不修改原版或存檔。
MAIN@IDA:5D2F:02CD	44a36596f4c1a762	44a36596f4c1a7626e190918a1b85dccf08d2bcfc8310b1c916a80e9fcf486bd	移  动	accepted	Codex	full-20261006-main	2026-10-06	顯示層採用；不修改原版或存檔。
MAIN@IDA:5D2F:02D4	60b6712437f5a39f	60b6712437f5a39f1549506a3d2d6d3a044491ba529b52c0b39e7e0c7c1efcb8	 移　动 	accepted	Codex	full-20261006-main	2026-10-06	顯示層採用；不修改原版或存檔。
MAIN@IDA:5D2F:02DD	aa479020b720bfb5	aa479020b720bfb5c99460a46b349bf090f2947844ed120725c7296b919e97ff	 中　止 	accepted	Codex	full-20261006-main	2026-10-06	顯示層採用；不修改原版或存檔。
MAIN@IDA:5D2F:02E6	436d00350a73f95f	436d00350a73f95fa1bdb0f8f1ded2f3e73f13695632ca8123e7d586685bc1b7	他国移动	accepted	Codex	full-20261006-main	2026-10-06	顯示層採用；不修改原版或存檔。
MAIN@IDA:5D2F:02EF	e694a9dbeeaf0221	e694a9dbeeaf022176f3487aaa9285a3d87b543a9b322db05d9471e45d3e9554	地图切替	accepted	Codex	full-20261006-main	2026-10-06	顯示層採用；不修改原版或存檔。
MAIN@IDA:5D2F:0304	353faec1f7096c91	353faec1f7096c91d76bba8a5f7ac2732ff4e3536d22e9fb1a621198154e6cd2	 移  动 	accepted	Codex	full-20261006-main	2026-10-06	顯示層採用；不修改原版或存檔。
MAIN@IDA:5D2F:030D	f9403d205f7933e1	f9403d205f7933e1a5e1747ddd6c1f220e6471dbf544242db3d15e2ccc13dc4c	 中  止 	accepted	Codex	full-20261006-main	2026-10-06	顯示層採用；不修改原版或存檔。
MAIN@IDA:5D2F:0316	745913940bc8ac6f	745913940bc8ac6f218f370e6cfd51663153b0260bef2f7e373028d5885c2e48	 切  换 	accepted	Codex	full-20261006-main	2026-10-06	顯示層採用；不修改原版或存檔。
MAIN@IDA:5D2F:031F	f9403d205f7933e1	f9403d205f7933e1a5e1747ddd6c1f220e6471dbf544242db3d15e2ccc13dc4c	 中  止 	accepted	Codex	full-20261006-main	2026-10-06	顯示層採用；不修改原版或存檔。
MAIN@IDA:5D61:0008	f346f8aba9bceeff	f346f8aba9bceeffce4a0ac6e26ececf759f41afd4ae728f47497e1268d95df9	档案取出	accepted	Codex	full-20261006-main	2026-10-06	顯示層採用；不修改原版或存檔。
MAIN@IDA:5D61:0011	24e19461afc238a2	24e19461afc238a285d8bd82c2eb5af7511a94d52ef23c33c231c7a7aa700e4f	 读取游戏档案 	accepted	Codex	full-20261006-main	2026-10-06	顯示層採用；不修改原版或存檔。
MAIN@IDA:5D61:0020	3434131f743ec174	3434131f743ec17439ba7a0424035c049d8d50324fa5018b2dc120eee177ad08	片头选单	accepted	Codex	full-20261006-main	2026-10-06	顯示層採用；不修改原版或存檔。
MAIN@IDA:5D61:0029	24e19461afc238a2	24e19461afc238a285d8bd82c2eb5af7511a94d52ef23c33c231c7a7aa700e4f	 读取游戏档案 	accepted	Codex	full-20261006-main	2026-10-06	顯示層採用；不修改原版或存檔。
MAIN@IDA:5D61:0038	21b290d22ede4c7f	21b290d22ede4c7f6b44a58b2aeacedbe2c6553db502ce05a4cfde8f2a747026	 游戏结束 	accepted	Codex	full-20261006-main	2026-10-06	顯示層採用；不修改原版或存檔。
MAIN@IDA:5D61:0043	7dc4deb6fa1d713b	7dc4deb6fa1d713b741ed7222393091248abec02e792de0cfe7f131c5e28002e	结    束	accepted	Codex	full-20261006-main	2026-10-06	顯示層採用；不修改原版或存檔。
MAIN@IDA:5D61:004C	ebb489aedeaf34c5	ebb489aedeaf34c56648ea09fe0f3e4d38917c273906f5097b8faca28e705ada	游戏环境的设定	accepted	Codex	full-20261006-main	2026-10-06	顯示層採用；不修改原版或存檔。
MAIN@IDA:5D61:005B	3c9fb31749d0d70b	3c9fb31749d0d70b1f965a0548361693c4f6ba933bd285a51968bcd4016aac33	时间进行　　：超高速  	accepted	Codex	full-20261006-main	2026-10-06	顯示層採用；不修改原版或存檔。
MAIN@IDA:5D61:0072	6bff41e235341908	6bff41e235341908884cc698323c48b29c0a2acda3bb09a298865f05d5b437cf	时间进行　　：高  速　	accepted	Codex	full-20261006-main	2026-10-06	顯示層採用；不修改原版或存檔。
MAIN@IDA:5D61:0089	55af65960bdd9dbb	55af65960bdd9dbba8f41f412f9f9468f606cebc8c9826f47443b817e01661e8	时间进行  　：普  通　	accepted	Codex	full-20261006-main	2026-10-06	顯示層採用；不修改原版或存檔。
MAIN@IDA:5D61:00A0	c03bf32956fc4a62	c03bf32956fc4a6231ebcf5648932e1addedce0650a139c4c4fc7443d9a8f8a7	时间进行　　：慢  速　	accepted	Codex	full-20261006-main	2026-10-06	顯示層採用；不修改原版或存檔。
MAIN@IDA:5D61:00B7	baab73f986a5fd2e	baab73f986a5fd2e0b6f808821a19bbe5a57175379103d9a4021e6e61bbf9bb1	他国的战斗  　：切  换      	accepted	Codex	full-20261006-main	2026-10-06	顯示層採用；不修改原版或存檔。
MAIN@IDA:5D61:00D4	d417d6e00afab5ae	d417d6e00afab5ae61d5f956008da676e6d814f03d4e29efa2cbbfe2ac9a4894	他国的战斗  　：不  切  换　	accepted	Codex	full-20261006-main	2026-10-06	顯示層採用；不修改原版或存檔。
MAIN@IDA:5D61:00F1	81fcb1dfc0f88c44	81fcb1dfc0f88c44db6db3957a7dbfeee823d8a23f12d53291feba9c66d0baa7	移动目标指定后　：返回	accepted	Codex	full-20261006-main	2026-10-06	顯示層採用；不修改原版或存檔。
MAIN@IDA:5D61:0108	93a59d0c7b869287	93a59d0c7b86928799ab4b00124b12d9dcfc8b84108bf213157306e72224b855	移动目标指定后　：不返回	accepted	Codex	full-20261006-main	2026-10-06	顯示層採用；不修改原版或存檔。
MAIN@IDA:5D61:0121	f66191859865602d	f66191859865602d214abc98bf25b8495063ea96d5aaf2245f3425178e1f62bb	荧幕模式　　　：彩　色　	accepted	Codex	full-20261006-main	2026-10-06	顯示層採用；不修改原版或存檔。
MAIN@IDA:5D61:013A	5b9c56c81002ec48	5b9c56c81002ec48dc945dd3de56d066a1387f75ff017d8d729d9cfbf909b300	荧幕模式　　　：黑白液晶	accepted	Codex	full-20261006-main	2026-10-06	顯示層採用；不修改原版或存檔。
MAIN@IDA:5D61:0153	fec3349f843d11eb	fec3349f843d11ebfa7423d4dc3cf825cf86249ba6bf7850b6953df01e269a39	战争发生的国家地图切换　	accepted	Codex	full-20261006-main	2026-10-06	顯示層採用；不修改原版或存檔。
MAIN@IDA:5D61:016C	24c927e210cdf137	24c927e210cdf137a3f7a5240c3d0265bdb9c26d3b53e79d1d146d3161e201d2	战争发生的国家地图不切换	accepted	Codex	full-20261006-main	2026-10-06	顯示層採用；不修改原版或存檔。
MAIN@IDA:5D61:0185	e09dd2b98c160bda	e09dd2b98c160bdabc6d1d10ab214cae0ea91f01c9249a6118cc926574ea4121	移动目标指定后处理	accepted	Codex	full-20261006-main	2026-10-06	顯示層採用；不修改原版或存檔。
MAIN@IDA:5D61:0198	c7a52444347d667e	c7a52444347d667e6a64808f46a3b206b68ca56afc9ba3fec48a7c7e6a8b219a	移动目标指定后、返回原国家  	accepted	Codex	full-20261006-main	2026-10-06	顯示層採用；不修改原版或存檔。
MAIN@IDA:5D61:01B5	7d1177e6e045a19c	7d1177e6e045a19c40daefd19a24a1e76f03764ef4d6b77542f550e0f40babb0	移动目标指定后、不返回原国家	accepted	Codex	full-20261006-main	2026-10-06	顯示層採用；不修改原版或存檔。
MAIN@IDA:5D61:01D2	91fae1a9b958bf86	91fae1a9b958bf864cca62c6fec9b71c3cf40c685a03b5cc2f904c28e69883c7	荧幕模式设定	accepted	Codex	full-20261006-main	2026-10-06	顯示層採用；不修改原版或存檔。
MAIN@IDA:5D61:01DF	e389378e99e618ba	e389378e99e618ba665d65014f8045d4458ee4b6466f90e42c2d664db4c9492b	 彩色荧幕 	accepted	Codex	full-20261006-main	2026-10-06	顯示層採用；不修改原版或存檔。
MAIN@IDA:5D61:01EA	f16e6d3a2734aff6	f16e6d3a2734aff64d327449c5c7de1aca466cad33119b0752fa7a685b010548	部队名　　　　　　　 行动国　　　 停留据点　　　　　　 状态 移 行动 	accepted	Codex	full-20261006-main	2026-10-06	顯示層採用；不修改原版或存檔。
MAIN@IDA:5D61:022F	5de5393f54dce54f	5de5393f54dce54f9cf792b93da5560241446466238e05508d94051a40c5626d	侦察	accepted	Codex	full-20261006-main	2026-10-06	顯示層採用；不修改原版或存檔。
MAIN@IDA:5D61:0234	9c1416405ea863f3	9c1416405ea863f3ec16203f5413ef86c340354c909ff90134d0c00245d98b1c	休息	accepted	Codex	full-20261006-main	2026-10-06	顯示層採用；不修改原版或存檔。
MAIN@IDA:5D61:0239	cc3c770d595d28bc	cc3c770d595d28bc60a2acec843f6cde1b61ee7454ccb8fcf3a3e439472d721d	待机	accepted	Codex	full-20261006-main	2026-10-06	顯示層採用；不修改原版或存檔。
MAIN@IDA:5D61:023E	5de5393f54dce54f	5de5393f54dce54f9cf792b93da5560241446466238e05508d94051a40c5626d	侦察	accepted	Codex	full-20261006-main	2026-10-06	顯示層採用；不修改原版或存檔。
MAIN@IDA:5D61:0243	6b2429e33653c052	6b2429e33653c052e5b579a411ccb8112281aa8f2d20a50495454a29ab6a6094	\\x1b=\\x2a\\x29请放入检查片！\\r	accepted	Codex	full-20261006-main	2026-10-06	顯示層採用；不修改原版或存檔。
MAIN@IDA:5D61:0261	6b2429e33653c052	6b2429e33653c052e5b579a411ccb8112281aa8f2d20a50495454a29ab6a6094	\\x1b=\\x2a\\x29请放入检查片！\\r	accepted	Codex	full-20261006-main	2026-10-06	顯示層採用；不修改原版或存檔。
MAIN@IDA:5D61:027F	6b2429e33653c052	6b2429e33653c052e5b579a411ccb8112281aa8f2d20a50495454a29ab6a6094	\\x1b=\\x2a\\x29请放入检查片！\\r	accepted	Codex	full-20261006-main	2026-10-06	顯示層採用；不修改原版或存檔。
MAIN@IDA:5D61:029D	6b2429e33653c052	6b2429e33653c052e5b579a411ccb8112281aa8f2d20a50495454a29ab6a6094	\\x1b=\\x2a\\x29请放入检查片！\\r	accepted	Codex	full-20261006-main	2026-10-06	顯示層採用；不修改原版或存檔。
MAIN@IDA:5D61:033A	6deb2eb2c7ee955f	6deb2eb2c7ee955f51492d28df6d94e97e258ffc8eadf3861f6e07518df9f598	请放入检查片！	accepted	Codex	full-20261006-main	2026-10-06	顯示層採用；不修改原版或存檔。
MAIN@IDA:5D61:049D	a866913b58012615	a866913b58012615fae928d759e7001bb728656b740a1d63438d0e8ecb835e75	系  统	accepted	Codex	full-20261006-main	2026-10-06	顯示層採用；不修改原版或存檔。
MAIN@IDA:5D61:04A4	22324d3927ca6cec	22324d3927ca6cec72d3267ab50dade645514ee0ee2b9b03a1b470d5db0e3ffd	档案存入	accepted	Codex	full-20261006-main	2026-10-06	顯示層採用；不修改原版或存檔。
MAIN@IDA:5D61:04AD	744e051a21d7fa50	744e051a21d7fa508ebc2a2c867d06dcba737fa6933d2bb768a057d85eb8c218	游戏暂停	accepted	Codex	full-20261006-main	2026-10-06	顯示層採用；不修改原版或存檔。
MAIN@IDA:5D61:04B6	7ed225636a21cc97	7ed225636a21cc974dbbc3fcf4c462dd3f97f78f476ccda8e9260fcd4dfeadd2	系统设定	accepted	Codex	full-20261006-main	2026-10-06	顯示層採用；不修改原版或存檔。
MAIN@IDA:5D61:04BF	d9e61084ec296800	d9e61084ec2968009de00f3ccbc307992a234b2840f638a40af2d9959e48b6bf	终    了	accepted	Codex	full-20261006-main	2026-10-06	顯示層採用；不修改原版或存檔。
MAIN@IDA:5D61:04EF	9c91e0d479c95cc2	9c91e0d479c95cc20135472dadba48f1498e85660dcdf3acd4119d52b20064e8	游戏档案	accepted	Codex	full-20261006-main	2026-10-06	顯示層採用；不修改原版或存檔。
MAIN@IDA:5D61:04F8	213062e89e9e0809	213062e89e9e08099fddfdde85f8875d13ed0a5728bf0b56b7e85109717806a7	 游戏档案存入 	accepted	Codex	full-20261006-main	2026-10-06	顯示層採用；不修改原版或存檔。
MAIN@IDA:5D61:0507	02c8a7dbdd06c4e2	02c8a7dbdd06c4e2ab56c0e19de039f4d404ec5c75b8d75b26710d1356d83901	             取消                	accepted	Codex	full-20261006-main	2026-10-06	顯示層採用；不修改原版或存檔。
MAIN@IDA:5D61:056B	9c91e0d479c95cc2	9c91e0d479c95cc20135472dadba48f1498e85660dcdf3acd4119d52b20064e8	游戏档案	accepted	Codex	full-20261006-main	2026-10-06	顯示層採用；不修改原版或存檔。
MAIN@IDA:5D61:0574	02c8a7dbdd06c4e2	02c8a7dbdd06c4e2ab56c0e19de039f4d404ec5c75b8d75b26710d1356d83901	             取消                	accepted	Codex	full-20261006-main	2026-10-06	顯示層採用；不修改原版或存檔。
MAIN@IDA:5D61:05A7	2dd2fa216704b572	2dd2fa216704b572e10a87415da2efddfb3f6737b72a7bc15787cbcd50317e64	 新游戏开始   	accepted	Codex	full-20261006-main	2026-10-06	顯示層採用；不修改原版或存檔。
MAIN@IDA:5D61:05B6	1271183cc4832de2	1271183cc4832de24bc9e2d9ee7f1b90c91d9850d02627ff368639323cab67a5	暂停一下！	accepted	Codex	full-20261006-main	2026-10-06	顯示層採用；不修改原版或存檔。
MAIN@IDA:5D61:05C1	d56494cbc50dba13	d56494cbc50dba135ec201bf076499a6d304e84010dd3c94b24c3df1dc5c7be7	游戏终了	accepted	Codex	full-20261006-main	2026-10-06	顯示層採用；不修改原版或存檔。
MAIN@IDA:5D61:05CA	ea37bd8bfd182ec3	ea37bd8bfd182ec39637502ab55bbcff802b4575eda1966ad0bc5787ee68dfde	再玩一下	accepted	Codex	full-20261006-main	2026-10-06	顯示層採用；不修改原版或存檔。
MAIN@IDA:5D61:05D3	01a015578968d07f	01a015578968d07fd649d3bc9f5f2c251a2bc74b136ed8ee2bf91437278e90c2	环境设定	accepted	Codex	full-20261006-main	2026-10-06	顯示層採用；不修改原版或存檔。
MAIN@IDA:5D61:05DC	792ac5d50ae496a1	792ac5d50ae496a1cdd73359bc62d68ab0f40e4935f031a988314062fcab3b33	战斗速度　：高  速	accepted	Codex	full-20261006-main	2026-10-06	顯示層採用；不修改原版或存檔。
MAIN@IDA:5D61:05EF	80d162b88468e8aa	80d162b88468e8aab9d5cb6e69a58bdd367ebdfb70b767274657c4a8d4f7db9d	战斗速度　：普  通	accepted	Codex	full-20261006-main	2026-10-06	顯示層採用；不修改原版或存檔。
MAIN@IDA:5D61:0602	390d9f3f7f8d95f2	390d9f3f7f8d95f2974ac8f0b40b3297032cee5e8b086d0b238be57f99caaf63	战斗速度　：慢  速	accepted	Codex	full-20261006-main	2026-10-06	顯示層採用；不修改原版或存檔。
MAIN@IDA:5D61:0615	8327e9a1c177e9c8	8327e9a1c177e9c812dddf184f67e7fd526a1c92c32562a8938fee3e91acf6e5	 Ｃ  Ｇ     　：显  示  　	accepted	Codex	full-20261006-main	2026-10-06	顯示層採用；不修改原版或存檔。
MAIN@IDA:5D61:0630	bfc4b9d9f81b4053	bfc4b9d9f81b405321b087cce79e8152b9025df2b5c94f3fced44decb184a23b	 Ｃ  Ｇ     　：不  显  示	accepted	Codex	full-20261006-main	2026-10-06	顯示層採用；不修改原版或存檔。
MAIN@IDA:5D61:064B	3bac1463d3b4d827	3bac1463d3b4d827d369733214d9ebf52281ddba11d0ebad1cc57d38ef70bbb7	显示的速度　　：高　速	accepted	Codex	full-20261006-main	2026-10-06	顯示層採用；不修改原版或存檔。
MAIN@IDA:5D61:0662	28066417a3910eb1	28066417a3910eb1d2ab2183ecc467f9c4174388e0de1ba6d74ac1b9feb66f09	显示的速度　　：普　通	accepted	Codex	full-20261006-main	2026-10-06	顯示層採用；不修改原版或存檔。
MAIN@IDA:5D61:0679	d55cfc2ee7b7ee42	d55cfc2ee7b7ee42cd8010110a5fa49e6497579c42257615197cce36b8a76422	显示的速度　　：慢　速	accepted	Codex	full-20261006-main	2026-10-06	顯示層採用；不修改原版或存檔。
MAIN@IDA:5D61:0690	92f1d89a0e467ec7	92f1d89a0e467ec7b7058f89616753c568e183b9a2d3cacc9c12972ea02b59e0	讯息显示　：	accepted	Codex	full-20261006-main	2026-10-06	顯示層採用；不修改原版或存檔。
MAIN@IDA:5D61:069D	8610bd02b6cffea2	8610bd02b6cffea2ed7489bd07395d60d9b464c574ccefe077a90d0c723439b5	时  间	accepted	Codex	full-20261006-main	2026-10-06	顯示層採用；不修改原版或存檔。
MAIN@IDA:5D61:06A4	683e45a6647d218b	683e45a6647d218b7a38fd0009b2944010255f1e5aa98c13612ae0c49978ec0e	高　速	accepted	Codex	full-20261006-main	2026-10-06	顯示層採用；不修改原版或存檔。
MAIN@IDA:5D61:06AB	8f8168c2ff677899	8f8168c2ff6778993de1ec4fe20166660f49beb97cce1328f309c62f5f4eec76	普　通	accepted	Codex	full-20261006-main	2026-10-06	顯示層採用；不修改原版或存檔。
MAIN@IDA:5D61:06B2	acc25d371a903398	acc25d371a90339810e5e413c34587a8637b0185358c18ccf634336a3abc9357	慢　速	accepted	Codex	full-20261006-main	2026-10-06	顯示層採用；不修改原版或存檔。
MAIN@IDA:5D61:06B9	8a712627960fc726	8a712627960fc7264af1f697a0591bf7f7dd9778ccd247e26e87ebe239ba34c2	战  斗	accepted	Codex	full-20261006-main	2026-10-06	顯示層採用；不修改原版或存檔。
MAIN@IDA:5D61:06C0	683e45a6647d218b	683e45a6647d218b7a38fd0009b2944010255f1e5aa98c13612ae0c49978ec0e	高　速	accepted	Codex	full-20261006-main	2026-10-06	顯示層採用；不修改原版或存檔。
MAIN@IDA:5D61:06C7	8f8168c2ff677899	8f8168c2ff6778993de1ec4fe20166660f49beb97cce1328f309c62f5f4eec76	普　通	accepted	Codex	full-20261006-main	2026-10-06	顯示層採用；不修改原版或存檔。
MAIN@IDA:5D61:06CE	acc25d371a903398	acc25d371a90339810e5e413c34587a8637b0185358c18ccf634336a3abc9357	慢　速	accepted	Codex	full-20261006-main	2026-10-06	顯示層採用；不修改原版或存檔。
MAIN@IDA:5D61:06D5	1452d4e70cc35847	1452d4e70cc3584756ca660d7c85d15997ad57c774d7b009376cba88d42f2d07	他国的战斗	accepted	Codex	full-20261006-main	2026-10-06	顯示層採用；不修改原版或存檔。
MAIN@IDA:5D61:06E0	9e366506394d1c95	9e366506394d1c95d499a771eaf0c3b1155909367d0f3c32acc3a44a096de60d	图形的表示	accepted	Codex	full-20261006-main	2026-10-06	顯示層採用；不修改原版或存檔。
MAIN@IDA:5D61:06EB	c1898dddb0633ead	c1898dddb0633ead3901e18f7b75869d435dcf02266ad415d93014f02e476353	Ｃ　Ｇ　显　示　	accepted	Codex	full-20261006-main	2026-10-06	顯示層採用；不修改原版或存檔。
MAIN@IDA:5D61:06FC	e2aa78ffe9915307	e2aa78ffe99153071f4f88617c1cca60b0b46be765d1bfe19b2a9f1f1f9e9dd4	Ｃ　Ｇ　不显示　	accepted	Codex	full-20261006-main	2026-10-06	顯示層採用；不修改原版或存檔。
MAIN@IDA:5D61:070D	856741474a80df94	856741474a80df944ded63c06b832ee90a7648446ffb45376540bf25542b6526	表示速度	accepted	Codex	full-20261006-main	2026-10-06	顯示層採用；不修改原版或存檔。
MAIN@IDA:5D61:0716	025a3dacd33d5dd5	025a3dacd33d5dd52a1e98568352575f07eb35aa2222a1dd4ebfcabfdcc735d2	 高　速 	accepted	Codex	full-20261006-main	2026-10-06	顯示層採用；不修改原版或存檔。
MAIN@IDA:5D61:071F	9aeb7969d676a516	9aeb7969d676a5169b3c6aac58096d0175dc06fb11815ed0a3924d35ad7428a3	 普　通 	accepted	Codex	full-20261006-main	2026-10-06	顯示層採用；不修改原版或存檔。
MAIN@IDA:5D61:0728	a597c1e477bb9667	a597c1e477bb96678d4b32630acdb5e25de1c1493b079a469c0a13e13c7ca4f3	 慢　速 	accepted	Codex	full-20261006-main	2026-10-06	顯示層採用；不修改原版或存檔。
MAIN@IDA:5D61:0731	177a07ab0e844f9b	177a07ab0e844f9b993102eec97394ca0e4fa57e7aa74c26843ffa397a8a1083	讯息显示	accepted	Codex	full-20261006-main	2026-10-06	顯示層採用；不修改原版或存檔。
MAIN@IDA:5D61:073A	2de1cdc22e0c975a	2de1cdc22e0c975ae81dc378ac7e9b3c293ba4dc492925b0c9e53577a78e9ac6	讯息显示    　	accepted	Codex	full-20261006-main	2026-10-06	顯示層採用；不修改原版或存檔。
MAIN@IDA:5D61:0749	3e797cff3ede6cdb	3e797cff3ede6cdbd8915c9bbb06dc0ffb0dda44111f5a4d1a4898d2e479d227	讯息不显示    	accepted	Codex	full-20261006-main	2026-10-06	顯示層採用；不修改原版或存檔。
MAIN@IDA:5D61:0758	2a939a1fb1f464fe	2a939a1fb1f464fefdf8ca397ea80d5e49be50cc2baae3a10ed9edbf894167dc	 黑白液晶 	accepted	Codex	full-20261006-main	2026-10-06	顯示層採用；不修改原版或存檔。
MAIN@IDA:5D61:0763	f7b37626b0b3f69f	f7b37626b0b3f69fc02dc2bbd830ee87efa00b4f5c6020601001a40c963a6f9d	移动	accepted	Codex	full-20261006-main	2026-10-06	顯示層採用；不修改原版或存檔。
MAIN@IDA:5D61:0768	155dad200001ac76	155dad200001ac7678e6afc6e2bad118cbc1f9362faef1b56a1f4c3b4bdf25c7	退却	accepted	Codex	full-20261006-main	2026-10-06	顯示層採用；不修改原版或存檔。
MAIN@IDA:5D61:076D	2d3b893b83fb4431	2d3b893b83fb4431a76e8bd2096812688728ac0513c4acfeadc425392adfdebc	公演	accepted	Codex	full-20261006-main	2026-10-06	顯示層採用；不修改原版或存檔。
MAIN@IDA:5D61:0772	c5480d2813fafb24	c5480d2813fafb247635019fe64c7f8849ce4d4e8bc8fe887895f9d0c27d5d0f	建筑	accepted	Codex	full-20261006-main	2026-10-06	顯示層採用；不修改原版或存檔。
MAIN@IDA:5D61:0777	c4cca912f533dbc7	c4cca912f533dbc7ea9c8ec2f0e2b4f2a0d2f1fe57972e2d31838cd4ef7a9c53	停留	accepted	Codex	full-20261006-main	2026-10-06	顯示層採用；不修改原版或存檔。
MAIN@IDA:5D61:077C	b01fefdacb0a2e44	b01fefdacb0a2e443718e6f0b8f2fe872b1a6e0500d8a470aa03a913345cec15	战斗	accepted	Codex	full-20261006-main	2026-10-06	顯示層採用；不修改原版或存檔。
MAIN@IDA:5D61:078A	22e44f72988b1e11	22e44f72988b1e11ca40e9c412c246269556473c95e308feaf47e2394cf97df8	警戒	accepted	Codex	full-20261006-main	2026-10-06	顯示層採用；不修改原版或存檔。
MAIN@IDA:5D61:078F	fcef86e603636bc4	fcef86e603636bc4b1772df1f8f194cc2a88d90fefa635ebd7d2f446d6c9c00c	通常	accepted	Codex	full-20261006-main	2026-10-06	顯示層採用；不修改原版或存檔。
MAIN@IDA:5D61:0794	ad5e0ff5e9f72636	ad5e0ff5e9f7263624a0cef46fdde4c2c66d0c9ab2c618cbe656ea5217c4ecc7	索敌	accepted	Codex	full-20261006-main	2026-10-06	顯示層採用；不修改原版或存檔。
MAIN@IDA:5DDD:000A	d9f21415c894a7de	d9f21415c894a7deec40405824e0be5fd9897898cb391770534eea3d2295db81	阵形的变更　　%s	accepted	Codex	full-20261006-main	2026-10-06	顯示層採用；不修改原版或存檔。
MAIN@IDA:5DDD:001B	447578fc5f5d8475	447578fc5f5d847548b6fdf520eab23ae631927da89a63a17442e31b08d1d5c9	转　交	accepted	Codex	full-20261006-main	2026-10-06	顯示層採用；不修改原版或存檔。
MAIN@IDA:5DDD:0022	84b88ce5b2d91da7	84b88ce5b2d91da7e90f92e6e0ce4c157a483a3efc742cce6f7b689f1fd4aed7	 鱼鳞阵             	accepted	Codex	full-20261006-main	2026-10-06	顯示層採用；不修改原版或存檔。
MAIN@IDA:5DDD:00A4	9d3ee9d5c601e8fc	9d3ee9d5c601e8fc04c3e9530814023415d2f2926a694ce84e761de11636eeb1	 十字阵         　　	accepted	Codex	full-20261006-main	2026-10-06	顯示層採用；不修改原版或存檔。
MAIN@IDA:5DDD:00E5	d421a10d5cc1e605	d421a10d5cc1e6058ed495d05176c9e23517825a41db44e91e5da927d735802b	 锋矢阵          　 	accepted	Codex	full-20261006-main	2026-10-06	顯示層採用；不修改原版或存檔。
MAIN@IDA:5DDD:022A	90f0236b72764580	90f0236b72764580c9bed34bae12ea87f4d2012de0a9c16ccae1960903e01667	 Ｄ形阵           　	accepted	Codex	full-20261006-main	2026-10-06	顯示層採用；不修改原版或存檔。
MAIN@IDA:5DDD:026B	ec3bbc110a18f742	ec3bbc110a18f742a50a5de98002e0cfbd9c1ba790cc8fcc1581502ef37d18e1	 一骑阵           　	accepted	Codex	full-20261006-main	2026-10-06	顯示層採用；不修改原版或存檔。
MAIN@IDA:5DDD:02ED	cbf8dd5598da812d	cbf8dd5598da812d9df8e500dae4f223f389739b5330ef3da13b7bedf30009ca	 前列阵             	accepted	Codex	full-20261006-main	2026-10-06	顯示層採用；不修改原版或存檔。
MAIN@IDA:5DDD:032E	31e6a7e4cc0d6c26	31e6a7e4cc0d6c26d8e11489520a89d2da9d67d33fa76ac1bce6301bf48b6f2f	 强卫阵             	accepted	Codex	full-20261006-main	2026-10-06	顯示層採用；不修改原版或存檔。
MAIN@IDA:5DDD:043F	f6a1a9bbd9b41f6f	f6a1a9bbd9b41f6fa17465de8aca9bd390b9402ea7ae0e4cba70531ea61b3add	持物	accepted	Codex	full-20261006-main	2026-10-06	顯示層採用；不修改原版或存檔。
MAIN@IDA:5DDD:04C6	fa89c95d0c7984c7	fa89c95d0c7984c737d51b9c55228394fa472cec677fb5f34cedb3ebbd5e16e2	使　用	accepted	Codex	full-20261006-main	2026-10-06	顯示層採用；不修改原版或存檔。
MAIN@IDA:5DDD:04E7	28edd0da211a8740	28edd0da211a87408fa9647af31f3cc5c7c014ddd8f7a5b28ddeb75c312d13dc	武器	accepted	Codex	full-20261006-main	2026-10-06	顯示層採用；不修改原版或存檔。
MAIN@IDA:5DDD:04F5	7606192822e15f5f	7606192822e15f5f911825f3c1fcd5b90bd2ad9624d9b443deedc04f108ca1b4	士兵	accepted	Codex	full-20261006-main	2026-10-06	顯示層採用；不修改原版或存檔。
MAIN@IDA:5E2C:0027	0d17cfaa0dd97269	0d17cfaa0dd9726956c3a8d9942a8f399789d3fdce14ff65f966be2fdba25406	移动兵器	accepted	Codex	full-20261006-main	2026-10-06	顯示層採用；不修改原版或存檔。
MAIN@IDA:5E2C:003D	ba8967e56f00ef94	ba8967e56f00ef945ec6f1d68d17513eaa7c7cc2a22bbd502e74c0b6a6be7200	请选择欲移动兵器	accepted	Codex	full-20261006-main	2026-10-06	顯示層採用；不修改原版或存檔。
MAIN@IDA:5E2C:005F	ba8967e56f00ef94	ba8967e56f00ef945ec6f1d68d17513eaa7c7cc2a22bbd502e74c0b6a6be7200	请选择欲移动兵器	accepted	Codex	full-20261006-main	2026-10-06	顯示層採用；不修改原版或存檔。
MAIN@IDA:5E2C:0093	ba8967e56f00ef94	ba8967e56f00ef945ec6f1d68d17513eaa7c7cc2a22bbd502e74c0b6a6be7200	请选择欲移动兵器	accepted	Codex	full-20261006-main	2026-10-06	顯示層採用；不修改原版或存檔。
MAIN@IDA:5E2C:00C7	ba8967e56f00ef94	ba8967e56f00ef945ec6f1d68d17513eaa7c7cc2a22bbd502e74c0b6a6be7200	请选择欲移动兵器	accepted	Codex	full-20261006-main	2026-10-06	顯示層採用；不修改原版或存檔。
MAIN@IDA:5E2C:00D8	b1bf92c77ce424d5	b1bf92c77ce424d57bafd48788e8d46c109755b48454945352454812b908a54d	请选择欲移动部队	accepted	Codex	full-20261006-main	2026-10-06	顯示層採用；不修改原版或存檔。
MAIN@IDA:5E2C:0163	d471ecf443fc0b73	d471ecf443fc0b73cd6c72d85fd486f288e6fa198abd9985345597ce4d859134	大炮	accepted	Codex	full-20261006-main	2026-10-06	顯示層採用；不修改原版或存檔。
MAIN@IDA:5E2C:016B	c3fb3b36e31ab6e5	c3fb3b36e31ab6e530df750d074a63f092be09166ba35469f719f6cbb1212947	车辆	accepted	Codex	full-20261006-main	2026-10-06	顯示層採用；不修改原版或存檔。
MAIN@IDA:5E2C:0173	718d12fe235f65bc	718d12fe235f65bc9f6eaad94ce97fd7af185c2bfa62ea40457807f742b4ff6c	航空	accepted	Codex	full-20261006-main	2026-10-06	顯示層採用；不修改原版或存檔。
MAIN@IDA:5E43:0008	b26000fc1d1a6def	b26000fc1d1a6defb9d2a2f17ac0df2b5c63e283a8ca3561935229e9e5fe1a5e	请选择移动之士兵	accepted	Codex	full-20261006-main	2026-10-06	顯示層採用；不修改原版或存檔。
MAIN@IDA:5E43:0019	b26000fc1d1a6def	b26000fc1d1a6defb9d2a2f17ac0df2b5c63e283a8ca3561935229e9e5fe1a5e	请选择移动之士兵	accepted	Codex	full-20261006-main	2026-10-06	顯示層採用；不修改原版或存檔。
MAIN@IDA:5E43:002A	b26000fc1d1a6def	b26000fc1d1a6defb9d2a2f17ac0df2b5c63e283a8ca3561935229e9e5fe1a5e	请选择移动之士兵	accepted	Codex	full-20261006-main	2026-10-06	顯示層採用；不修改原版或存檔。
MAIN@IDA:5E43:003B	22f67a08281450fa	22f67a08281450fa80152bca05e9352619e957ec55453cda4e094264aa94303a	请选择移动目的地	accepted	Codex	full-20261006-main	2026-10-06	顯示層採用；不修改原版或存檔。
MAIN@IDA:5E43:004C	af73a758775c478a	af73a758775c478a3c3d771f4d67a9279e2d779ae5424c0160fc13fc827a2f97	　　　还未选择　	accepted	Codex	full-20261006-main	2026-10-06	顯示層採用；不修改原版或存檔。
MAIN@IDA:5E43:005D	9947ac5204ff4120	9947ac5204ff41201530fd695f5aaf6dc5511612ef476f0f50d1b6691a963d7e	防具	accepted	Codex	full-20261006-main	2026-10-06	顯示層採用；不修改原版或存檔。
MAIN@IDA:5E43:0062	f6a1a9bbd9b41f6f	f6a1a9bbd9b41f6fa17465de8aca9bd390b9402ea7ae0e4cba70531ea61b3add	持物	accepted	Codex	full-20261006-main	2026-10-06	顯示層採用；不修改原版或存檔。
MAIN@IDA:5E43:0067	b5dad9baa58d7326	b5dad9baa58d73266be112e37da7efb14a0973a6207acaee2fc59e9c6ef6176f	舍  弃	accepted	Codex	full-20261006-main	2026-10-06	顯示層採用；不修改原版或存檔。
MAIN@IDA:5E43:006E	27116b6c308f0c7b	27116b6c308f0c7b2a9bf2aa503419deeaae51695566b7a956dc0bf2384887e1	请选择欲移动之武器	accepted	Codex	full-20261006-main	2026-10-06	顯示層採用；不修改原版或存檔。
MAIN@IDA:5E43:0081	dbb2287f680fc0bc	dbb2287f680fc0bc8398db97b881ebf37f658f0d15b9f44dd1ceec18edec96d4	请选择欲移动之防具	accepted	Codex	full-20261006-main	2026-10-06	顯示層採用；不修改原版或存檔。
MAIN@IDA:5E43:0094	9441283054fde3b5	9441283054fde3b5a0d6354f418d813adb5f85c0cc9888471c6179f524b8e383	请选择欲移动之装备	accepted	Codex	full-20261006-main	2026-10-06	顯示層採用；不修改原版或存檔。
MAIN@IDA:5E43:00A7	3b7e62b208ba8be1	3b7e62b208ba8be18b05f1a9a0611ad831bd54e4ce3f561f7a6e71b81ef3f906	请选择欲移动之兵士	accepted	Codex	full-20261006-main	2026-10-06	顯示層採用；不修改原版或存檔。
MAIN@IDA:5E43:01E9	28edd0da211a8740	28edd0da211a87408fa9647af31f3cc5c7c014ddd8f7a5b28ddeb75c312d13dc	武器	accepted	Codex	full-20261006-main	2026-10-06	顯示層採用；不修改原版或存檔。
MAIN@IDA:5E43:01F7	7606192822e15f5f	7606192822e15f5f911825f3c1fcd5b90bd2ad9624d9b443deedc04f108ca1b4	士兵	accepted	Codex	full-20261006-main	2026-10-06	顯示層採用；不修改原版或存檔。
MAIN@IDA:5E62:000C	447578fc5f5d8475	447578fc5f5d847548b6fdf520eab23ae631927da89a63a17442e31b08d1d5c9	转　交	accepted	Codex	full-20261006-main	2026-10-06	顯示層採用；不修改原版或存檔。
MAIN@IDA:5E62:0013	b5dad9baa58d7326	b5dad9baa58d73266be112e37da7efb14a0973a6207acaee2fc59e9c6ef6176f	舍  弃	accepted	Codex	full-20261006-main	2026-10-06	顯示層採用；不修改原版或存檔。
MAIN@IDA:5E62:0031	fa89c95d0c7984c7	fa89c95d0c7984c737d51b9c55228394fa472cec677fb5f34cedb3ebbd5e16e2	使　用	accepted	Codex	full-20261006-main	2026-10-06	顯示層採用；不修改原版或存檔。
MAIN@IDA:5E65:0B2D	32dccf442f199a09	32dccf442f199a0985ecbce548eaecc64ccf60a5dd4d051a7147ad46ee21f0af	移动 	accepted	Codex	full-20261006-main	2026-10-06	顯示層採用；不修改原版或存檔。
MAIN@IDA:5E65:0B33	f979546e8c7462b6	f979546e8c7462b6b554a998a6ef90ce38350137b321c6ff004575510fcce646	撤退 	accepted	Codex	full-20261006-main	2026-10-06	顯示層採用；不修改原版或存檔。
MAIN@IDA:5E65:0B39	901cb00adeaa6c85	901cb00adeaa6c851a46a3ef9ed0aaa30739159a6b16b444e05e7df88d5b534a	公演 	accepted	Codex	full-20261006-main	2026-10-06	顯示層採用；不修改原版或存檔。
MAIN@IDA:5E65:0B3F	bdb2d4f885d13b7d	bdb2d4f885d13b7ddae2f0ac4fb30eb4a41bdbe7e043c08141330e5fbfdb0761	建筑 	accepted	Codex	full-20261006-main	2026-10-06	顯示層採用；不修改原版或存檔。
MAIN@IDA:5E65:0B45	e3ed800f4699838c	e3ed800f4699838c708e2b7633d0ebe8e220c59a2b57e0d27f9cef421ec16604	侦察 	accepted	Codex	full-20261006-main	2026-10-06	顯示層採用；不修改原版或存檔。
MAIN@IDA:5E65:0B4B	d91df9faeee20d14	d91df9faeee20d14f67ca154895ae649f0ed8544a8383d6965e563cb2f9d8521	停留 	accepted	Codex	full-20261006-main	2026-10-06	顯示層採用；不修改原版或存檔。
MAIN@IDA:5E65:0B51	386e7e5d8ac9bf4e	386e7e5d8ac9bf4eed4086a2329308f45bee6dc43e2406ddaa3f98a1c1b31207	休息 	accepted	Codex	full-20261006-main	2026-10-06	顯示層採用；不修改原版或存檔。
MAIN@IDA:5E65:0B57	e1e43d8e7c84ae9c	e1e43d8e7c84ae9cae1c8237612938f7d55f3c13b1aa04943c452c2bb6beec26	待机 	accepted	Codex	full-20261006-main	2026-10-06	顯示層採用；不修改原版或存檔。
MAIN@IDA:5E65:0B5D	adcbca0fc01cab05	adcbca0fc01cab057e374655c829b0fb03d5422fe7eecf829013777283e9f52e	战斗 	accepted	Codex	full-20261006-main	2026-10-06	顯示層採用；不修改原版或存檔。
MAIN@IDA:5E65:0B63	e3ed800f4699838c	e3ed800f4699838c708e2b7633d0ebe8e220c59a2b57e0d27f9cef421ec16604	侦察 	accepted	Codex	full-20261006-main	2026-10-06	顯示層採用；不修改原版或存檔。
MAIN@IDA:5E65:0B69	2ef029ea2f398622	2ef029ea2f398622b375a99b1b2fa7ea33bfd3e077bd810b30f022aebe49c086	徒步 	accepted	Codex	full-20261006-main	2026-10-06	顯示層採用；不修改原版或存檔。
MAIN@IDA:5E65:0B6F	8d78df7d3436ddfe	8d78df7d3436ddfed85e22f988c3d40c255a043912d1e54494d3de2a6da4fb1c	车辆 	accepted	Codex	full-20261006-main	2026-10-06	顯示層採用；不修改原版或存檔。
MAIN@IDA:5E65:0B75	31eddaf9fbd56491	31eddaf9fbd564912aa07e1c1221caa427bb1d43d925cc037c75370a224c064f	飞行 	accepted	Codex	full-20261006-main	2026-10-06	顯示層採用；不修改原版或存檔。
MAIN@IDA:5E65:0B7B	a399ae3c9233aad3	a399ae3c9233aad3a6e3669c65bf27bd2417464bed755e384785a982f2591d3e	警戒 	accepted	Codex	full-20261006-main	2026-10-06	顯示層採用；不修改原版或存檔。
MAIN@IDA:5E65:0B81	337b5ba3431cd9a8	337b5ba3431cd9a8ac96de1a027a7652211701fe259efabc457de323f45147fd	通常 	accepted	Codex	full-20261006-main	2026-10-06	顯示層採用；不修改原版或存檔。
MAIN@IDA:5E65:0B87	a7c861d7c4672710	a7c861d7c4672710087c3a43172b7778e966f53415b9a67675872e7d9de3a8f7	索敌 	accepted	Codex	full-20261006-main	2026-10-06	顯示層採用；不修改原版或存檔。
MAIN@IDA:5E65:0B8D	35b93dfbe3d30526	35b93dfbe3d305265f2ef6e582e21963116f3352174dfe4344088f73d65911dc	行:%4s 移:%4s:%4s 给料:%ld	accepted	Codex	full-20261006-main	2026-10-06	顯示層採用；不修改原版或存檔。
MAIN@IDA:5E65:0BAF	c858b697a01c0140	c858b697a01c01405f225028b96a67f6fb17d0eb7e41e610e56bb29401a977d7	大　炮: %20s:攻%03d	accepted	Codex	full-20261006-main	2026-10-06	顯示層採用；不修改原版或存檔。
MAIN@IDA:5E65:0BC3	f15b59d6783fb6a6	f15b59d6783fb6a6024e7f56cae30c757974bd6eddceb1655313f9fdbf144ddf	大　炮: ;;;;;;;;;;;;;;;;;;; :攻 ;;	accepted	Codex	full-20261006-main	2026-10-06	顯示層採用；不修改原版或存檔。
MAIN@IDA:5E65:0BE6	a5b0b7e1c172c8b1	a5b0b7e1c172c8b155f74b775ab4a29a7c40177fb93c9a12d454023f6ad33ccf	车　辆: %20s:攻%03d 防%03d 耐%03d/%03d	accepted	Codex	full-20261006-main	2026-10-06	顯示層採用；不修改原版或存檔。
MAIN@IDA:5E65:0C0D	1fe710de8a1ad6ce	1fe710de8a1ad6ce68d9e39f8ff8291c80797a31b2aeecb9bb3faa6c54a0aa3a	车　辆: ;;;;;;;;;;;;;;;;;;; :攻 ;; 防 ;; 耐 ;;/ ;;	accepted	Codex	full-20261006-main	2026-10-06	顯示層採用；不修改原版或存檔。
MAIN@IDA:5E65:0C40	f33f81312fd01982	f33f81312fd01982ec7efeb6f3c7b5f0fd74a1462fbb6e125d482ac2b1aad08a	航空机: %20s:攻%03d 防%03d 耐%03d/%03d	accepted	Codex	full-20261006-main	2026-10-06	顯示層採用；不修改原版或存檔。
MAIN@IDA:5E65:0C67	3ed55cd1434bdd18	3ed55cd1434bdd18ae2fcb317e0da3afc683b91541e5614f642429c5c941ffae	航空机: ;;;;;;;;;;;;;;;;;;; :攻 ;; 防 ;; 耐 ;;/ ;;	accepted	Codex	full-20261006-main	2026-10-06	顯示層採用；不修改原版或存檔。
MAIN@IDA:5F36:0129	2e86a26841face2e	2e86a26841face2e698181610729607ad0588f111071e09d19c02bca7a1cbc4f	 想要什么 	accepted	Codex	full-20261006-main	2026-10-06	顯示層採用；不修改原版或存檔。
MAIN@IDA:5F36:0134	2a29b686da5584f7	2a29b686da5584f725b628eb7003deb5668b3ef542eb36af1f62d026207b8b40	 想雇用谁 	accepted	Codex	full-20261006-main	2026-10-06	顯示層採用；不修改原版或存檔。
MAIN@IDA:5F36:013F	cbb68d54f11dcfa3	cbb68d54f11dcfa38262d302e27357d87c5daf591c4ba0c1787623619825b4aa	　　　　　　装备贩卖  	accepted	Codex	full-20261006-main	2026-10-06	顯示層採用；不修改原版或存檔。
MAIN@IDA:5F36:0156	7237de32b6ff0c82	7237de32b6ff0c826adaa1fd8cd87797d50e05d9e0d8a6ab01fa8fab9c5dc916	　　　　　　佣兵解雇  	accepted	Codex	full-20261006-main	2026-10-06	顯示層採用；不修改原版或存檔。
MAIN@IDA:5F36:0178	cbb68d54f11dcfa3	cbb68d54f11dcfa38262d302e27357d87c5daf591c4ba0c1787623619825b4aa	　　　　　　装备贩卖  	accepted	Codex	full-20261006-main	2026-10-06	顯示層採用；不修改原版或存檔。
MAIN@IDA:5F36:018F	7237de32b6ff0c82	7237de32b6ff0c826adaa1fd8cd87797d50e05d9e0d8a6ab01fa8fab9c5dc916	　　　　　　佣兵解雇  	accepted	Codex	full-20261006-main	2026-10-06	顯示層採用；不修改原版或存檔。
MAIN@IDA:5F36:01A6	2e86a26841face2e	2e86a26841face2e698181610729607ad0588f111071e09d19c02bca7a1cbc4f	 想要什么 	accepted	Codex	full-20261006-main	2026-10-06	顯示層採用；不修改原版或存檔。
MAIN@IDA:5F36:01B1	2a29b686da5584f7	2a29b686da5584f725b628eb7003deb5668b3ef542eb36af1f62d026207b8b40	 想雇用谁 	accepted	Codex	full-20261006-main	2026-10-06	顯示層採用；不修改原版或存檔。
MAIN@IDA:5F36:01C7	cbb68d54f11dcfa3	cbb68d54f11dcfa38262d302e27357d87c5daf591c4ba0c1787623619825b4aa	　　　　　　装备贩卖  	accepted	Codex	full-20261006-main	2026-10-06	顯示層採用；不修改原版或存檔。
MAIN@IDA:5F36:01DE	7237de32b6ff0c82	7237de32b6ff0c826adaa1fd8cd87797d50e05d9e0d8a6ab01fa8fab9c5dc916	　　　　　　佣兵解雇  	accepted	Codex	full-20261006-main	2026-10-06	顯示層採用；不修改原版或存檔。
MAIN@IDA:5F36:01F5	1a0079ff2d9be025	1a0079ff2d9be025ee740d97350b8021fbea170f48d23d52db8a0a8fd61ff15f	　　　　　　装备贩卖 	accepted	Codex	full-20261006-main	2026-10-06	顯示層採用；不修改原版或存檔。
MAIN@IDA:5F36:020B	9b6a3466c7f21ee4	9b6a3466c7f21ee4025de0a95002652c01b8cd2acbeae49c6536fb20545b44b5	　　　　　　佣兵解雇 	accepted	Codex	full-20261006-main	2026-10-06	顯示層採用；不修改原版或存檔。
MAIN@IDA:5F36:0221	24461ba93bd4e888	24461ba93bd4e88805e542f76a603b18f19bd96dcd2edfeffa5e4b0929ba0086	金额不足！	accepted	Codex	full-20261006-main	2026-10-06	顯示層採用；不修改原版或存檔。
MAIN@IDA:5F36:022C	ca20ec33946bf969	ca20ec33946bf96961d843c2b21c278553b6afaeb97919388a85395cf65c1102	让谁持有？	accepted	Codex	full-20261006-main	2026-10-06	顯示層採用；不修改原版或存檔。
MAIN@IDA:5F36:0237	b1cb93f3ee408da7	b1cb93f3ee408da7d31f2e450e48a4a9aae89b367b6f8b90e4bfdcf6f91c00b0	请配属士兵	accepted	Codex	full-20261006-main	2026-10-06	顯示層採用；不修改原版或存檔。
MAIN@IDA:5F36:0242	24461ba93bd4e888	24461ba93bd4e88805e542f76a603b18f19bd96dcd2edfeffa5e4b0929ba0086	金额不足！	accepted	Codex	full-20261006-main	2026-10-06	顯示層採用；不修改原版或存檔。
MAIN@IDA:5F36:024D	ca20ec33946bf969	ca20ec33946bf96961d843c2b21c278553b6afaeb97919388a85395cf65c1102	让谁持有？	accepted	Codex	full-20261006-main	2026-10-06	顯示層採用；不修改原版或存檔。
MAIN@IDA:5F36:0258	b1cb93f3ee408da7	b1cb93f3ee408da7d31f2e450e48a4a9aae89b367b6f8b90e4bfdcf6f91c00b0	请配属士兵	accepted	Codex	full-20261006-main	2026-10-06	顯示層採用；不修改原版或存檔。
MAIN@IDA:5F36:026E	8f22350fa110055f	8f22350fa110055f697375cac5df2fc82e364e7cc62dd83b440eb3bcf312c6ac	 贩　　卖 	accepted	Codex	full-20261006-main	2026-10-06	顯示層採用；不修改原版或存檔。
MAIN@IDA:5F36:0279	d5d757f244d935a0	d5d757f244d935a0b9234d1c28a131f3cfff63db101e6b66b40566a2d553cb04	 中　　止 	accepted	Codex	full-20261006-main	2026-10-06	顯示層採用；不修改原版或存檔。
MAIN@IDA:5F36:0284	38ff1599a8d57c28	38ff1599a8d57c289b2955acb5743c1950669413ab8e69c6f3878aaae0bfd881	 解    雇 	accepted	Codex	full-20261006-main	2026-10-06	顯示層採用；不修改原版或存檔。
MAIN@IDA:5F36:028F	d5d757f244d935a0	d5d757f244d935a0b9234d1c28a131f3cfff63db101e6b66b40566a2d553cb04	 中　　止 	accepted	Codex	full-20261006-main	2026-10-06	顯示層採用；不修改原版或存檔。
MAIN@IDA:5F36:029A	5973aca310828f97	5973aca310828f97820a3007c58219a36f9a087149e3088a4c2cab3546295148	“%s”的话以%ldＧ收买	accepted	Codex	full-20261006-main	2026-10-06	顯示層採用；不修改原版或存檔。
MAIN@IDA:5F36:02B0	5973aca310828f97	5973aca310828f97820a3007c58219a36f9a087149e3088a4c2cab3546295148	“%s”的话以%ldＧ收买	accepted	Codex	full-20261006-main	2026-10-06	顯示層採用；不修改原版或存檔。
MAIN@IDA:5F36:02C6	5973aca310828f97	5973aca310828f97820a3007c58219a36f9a087149e3088a4c2cab3546295148	“%s”的话以%ldＧ收买	accepted	Codex	full-20261006-main	2026-10-06	顯示層採用；不修改原版或存檔。
MAIN@IDA:5F36:02DC	a9d8c580ed6a5a7f	a9d8c580ed6a5a7f4309e3475c2c65e82a9a8154ae58d407cb19d6e580841c8b	“%s”解雇的话以%ldＧ收买	accepted	Codex	full-20261006-main	2026-10-06	顯示層採用；不修改原版或存檔。
MAIN@IDA:5F36:02F6	97cbc7d0244037ab	97cbc7d0244037ab841cff869877899b9a5c6bdcb87f0dd6941105d68c0398d2	并未持有这项	accepted	Codex	full-20261006-main	2026-10-06	顯示層採用；不修改原版或存檔。
MAIN@IDA:5F36:0303	ee265cddb8e0aab1	ee265cddb8e0aab1ce74b487d8d3667aafdfcce9f29913f5b82a0fe4bea6f7c3	无法再持有了	accepted	Codex	full-20261006-main	2026-10-06	顯示層採用；不修改原版或存檔。
MAIN@IDA:5F36:0310	f36a5a053490ff73	f36a5a053490ff73c5328d4ba0e11ed96cea1653fa80c2c9fb6a7fafd19c8809	 解　　雇 	accepted	Codex	full-20261006-main	2026-10-06	顯示層採用；不修改原版或存檔。
MAIN@IDA:5F36:031B	d5d757f244d935a0	d5d757f244d935a0b9234d1c28a131f3cfff63db101e6b66b40566a2d553cb04	 中　　止 	accepted	Codex	full-20261006-main	2026-10-06	顯示層採用；不修改原版或存檔。
MAIN@IDA:5F36:0326	2535756ef9cdaba7	2535756ef9cdaba713213d06120ef4b41ac598702af631058c8b8f15e81eaa34	配属的“%s”解雇的话以%ldＧ收买	accepted	Codex	full-20261006-main	2026-10-06	顯示層採用；不修改原版或存檔。
MAIN@IDA:5F36:0346	b1cb93f3ee408da7	b1cb93f3ee408da7d31f2e450e48a4a9aae89b367b6f8b90e4bfdcf6f91c00b0	请配属士兵	accepted	Codex	full-20261006-main	2026-10-06	顯示層採用；不修改原版或存檔。
MAIN@IDA:5F36:0351	8f22350fa110055f	8f22350fa110055f697375cac5df2fc82e364e7cc62dd83b440eb3bcf312c6ac	 贩　　卖 	accepted	Codex	full-20261006-main	2026-10-06	顯示層採用；不修改原版或存檔。
MAIN@IDA:5F36:035C	d5d757f244d935a0	d5d757f244d935a0b9234d1c28a131f3cfff63db101e6b66b40566a2d553cb04	 中　　止 	accepted	Codex	full-20261006-main	2026-10-06	顯示層採用；不修改原版或存檔。
MAIN@IDA:5F36:0367	e473f03f15aed8a7	e473f03f15aed8a7bcc25064e1646ad15bb59271313ccf88dba3748b72d14594	所持有的“%s”以%ldＧ变卖！	accepted	Codex	full-20261006-main	2026-10-06	顯示層採用；不修改原版或存檔。
MAIN@IDA:5F36:0383	ca20ec33946bf969	ca20ec33946bf96961d843c2b21c278553b6afaeb97919388a85395cf65c1102	让谁持有？	accepted	Codex	full-20261006-main	2026-10-06	顯示層採用；不修改原版或存檔。
MAIN@IDA:5F36:038E	3fa866b446091690	3fa866b446091690b2fe06c597e5cd314941975a7149be0c7fc036421f3b01ee	手枪	accepted	Codex	full-20261006-main	2026-10-06	顯示層採用；不修改原版或存檔。
MAIN@IDA:5F36:0393	b64946b2477d6632	b64946b2477d66320baebabe50770ab4157be6a75883e4db0697170b23f649f1	步枪	accepted	Codex	full-20261006-main	2026-10-06	顯示層採用；不修改原版或存檔。
MAIN@IDA:5F36:0398	8de02d39b7a354b1	8de02d39b7a354b18adc540e160566bbc399a05c6bba6c56ffdfa7c8398ab91a	机枪	accepted	Codex	full-20261006-main	2026-10-06	顯示層採用；不修改原版或存檔。
MAIN@IDA:5F36:039D	47c2b4dcba2466ef	47c2b4dcba2466ef320ad9fe5567188dd790efd178b7de0deb1c2c26f3cc79f6	重机枪	accepted	Codex	full-20261006-main	2026-10-06	顯示層採用；不修改原版或存檔。
MAIN@IDA:5F36:03CE	273512f2acdda042	273512f2acdda04239a128469f65b7d87b6d2673a02fbd7678ca1fbfdcd83e73	轻铠	accepted	Codex	full-20261006-main	2026-10-06	顯示層採用；不修改原版或存檔。
MAIN@IDA:5F36:03D8	e7bb19cdd8b3b547	e7bb19cdd8b3b547967206e741db366ff25e8b770a712c17917e63f02647cfbe	重铠	accepted	Codex	full-20261006-main	2026-10-06	顯示層採用；不修改原版或存檔。
MAIN@IDA:5F36:03F6	3871a94043103f7e	3871a94043103f7e3cfbf998b53c605800ec9e2f3604bded69d986ad8a320e0c	回复	accepted	Codex	full-20261006-main	2026-10-06	顯示層採用；不修改原版或存檔。
MAIN@IDA:5F36:0400	959fd6c9ab91f43b	959fd6c9ab91f43b5703254b1f015c9b3f4c902514d31c0d491e125e2b723aa0	舞娘	accepted	Codex	full-20261006-main	2026-10-06	顯示層採用；不修改原版或存檔。
MAIN@IDA:5F36:0405	b41857939e9c0a8a	b41857939e9c0a8a4bf15abbe84989cd7d10a2a6a9b2457ed535bc969ad4d17b	商人	accepted	Codex	full-20261006-main	2026-10-06	顯示層採用；不修改原版或存檔。
MAIN@IDA:5F36:040A	419d96ae7ff0159d	419d96ae7ff0159db47655a0633b99cb28cd65e280d586573a47fdcc31e04133	工人	accepted	Codex	full-20261006-main	2026-10-06	顯示層採用；不修改原版或存檔。
MAIN@IDA:5F36:04E6	a650d2c40409fe6c	a650d2c40409fe6c9a73bb37b08356789519b6dfb3d1416aa8011890ec034d3e	是谁持有呢？	accepted	Codex	full-20261006-main	2026-10-06	顯示層採用；不修改原版或存檔。
MAIN@IDA:5F36:04F3	e8baa4e6f29ab03e	e8baa4e6f29ab03e144dc59d10078568954b767357fd9da94fcc07050d8dc937	请配属	accepted	Codex	full-20261006-main	2026-10-06	顯示層採用；不修改原版或存檔。
MAIN@IDA:5F36:04FA	9b290d84de73ec39	9b290d84de73ec39d7e4dcebc2a06fb6e743e4fc432c3fe0cb4e7cd2339bc8ae	无法让该士兵持有	accepted	Codex	full-20261006-main	2026-10-06	顯示層採用；不修改原版或存檔。
MAIN@IDA:5F36:050B	52be09b8ce660499	52be09b8ce660499e3758f213fa0971c74bfec22bbdb0fade0c96f54c761dec3	 不用转交 	accepted	Codex	full-20261006-main	2026-10-06	顯示層採用；不修改原版或存檔。
MAIN@IDA:5F36:0516	d724b7167ee32fe7	d724b7167ee32fe73e2df0703ada0b31a1f9e9892f9d7a7d68f3b416612f14ed	 转　　交 	accepted	Codex	full-20261006-main	2026-10-06	顯示層採用；不修改原版或存檔。
MAIN@IDA:5F36:0521	bba376dbbcc56f85	bba376dbbcc56f85f1de4ed460de4ffde4c6122105f194ccb5224bc966bf63dd	 不用配属 	accepted	Codex	full-20261006-main	2026-10-06	顯示層採用；不修改原版或存檔。
MAIN@IDA:5F36:052C	5c1bd2ba2c605c97	5c1bd2ba2c605c97239e647e0239b95f7499f67d84da2eb4cd5f63f76fb17e90	 配　　属 	accepted	Codex	full-20261006-main	2026-10-06	顯示層採用；不修改原版或存檔。
MAIN@IDA:5F36:0537	e1b54ddae505db21	e1b54ddae505db21828dde81134cd058c3b89c37e7b9bfb413692fc3c3c7a3f3	现在装备中“%s”舍弃重新配置吗？	accepted	Codex	full-20261006-main	2026-10-06	顯示層採用；不修改原版或存檔。
MAIN@IDA:5F36:0558	e1b54ddae505db21	e1b54ddae505db21828dde81134cd058c3b89c37e7b9bfb413692fc3c3c7a3f3	现在装备中“%s”舍弃重新配置吗？	accepted	Codex	full-20261006-main	2026-10-06	顯示層採用；不修改原版或存檔。
MAIN@IDA:5F36:0579	34697c301358c099	34697c301358c099854592848d309680bfe6a70749b5ded3d21ac303cbfe6aaf	现在所持的“%s”舍弃重新配置吗？	accepted	Codex	full-20261006-main	2026-10-06	顯示層採用；不修改原版或存檔。
MAIN@IDA:5F36:059A	cff909ff793de518	cff909ff793de518fc57730bc64a0d9869a9204a035148f7e436e5643d174a7b	现在配属的士兵解雇、“%s”重新配属吗？	accepted	Codex	full-20261006-main	2026-10-06	顯示層採用；不修改原版或存檔。
MAIN@IDA:5F36:05C1	8f22350fa110055f	8f22350fa110055f697375cac5df2fc82e364e7cc62dd83b440eb3bcf312c6ac	 贩　　卖 	accepted	Codex	full-20261006-main	2026-10-06	顯示層採用；不修改原版或存檔。
MAIN@IDA:5F36:05CC	d724b7167ee32fe7	d724b7167ee32fe73e2df0703ada0b31a1f9e9892f9d7a7d68f3b416612f14ed	 转　　交 	accepted	Codex	full-20261006-main	2026-10-06	顯示層採用；不修改原版或存檔。
MAIN@IDA:5F36:05D7	f08c1bcd7b6e09c3	f08c1bcd7b6e09c3c4199129e8e30a903b54f8b50cb1115e6ea2ffd090b899ed	谢谢！	accepted	Codex	full-20261006-main	2026-10-06	顯示層採用；不修改原版或存檔。
MAIN@IDA:5F36:05DE	cbf9f8c52da34e20	cbf9f8c52da34e20b76751f60cc8487025d8daecf5b03035516771340a94588b	想卖些什么？	accepted	Codex	full-20261006-main	2026-10-06	顯示層採用；不修改原版或存檔。
MAIN@IDA:5F36:05EB	39fd66d3d89a7745	39fd66d3d89a7745bd14c73856acc112da1382abd5274ca3a7ccdb6ae3ce9c56	要解雇谁？	accepted	Codex	full-20261006-main	2026-10-06	顯示層採用；不修改原版或存檔。
MAIN@IDA:5F95:0126	df74a6950a202259	df74a6950a20225992ebf39803decaf2054b31b2c7c4fb1c5f5e3600395a1943	总算有人来了！	accepted	Codex	full-20261006-main	2026-10-06	顯示層採用；不修改原版或存檔。
MAIN@IDA:5F95:0135	9ba0f28c6e9369de	9ba0f28c6e9369de526432fee2a391f840edc9fb15a3f3ec1baa85ec87020a06	　　　　　　　　出售装备	accepted	Codex	full-20261006-main	2026-10-06	顯示層採用；不修改原版或存檔。
MAIN@IDA:5F95:0150	abedbe5ad931016c	abedbe5ad931016c07c5f3608463609fb9bed49a3bf9e5d3e87dee72f80410c3	　　　　　　　解雇佣兵	accepted	Codex	full-20261006-main	2026-10-06	顯示層採用；不修改原版或存檔。
MAIN@IDA:5F95:016D	2ef18334a9d0a61b	2ef18334a9d0a61b82fd767f0c01baefefe532e95ffaefdef799c9670c0d56c5	‧‧‧‧‧‧。	accepted	Codex	full-20261006-main	2026-10-06	顯示層採用；不修改原版或存檔。
MAIN@IDA:5F95:017C	60a3cadb01154832	60a3cadb011548321b40a30a9d3e3a58eb6811979e5c1624f8fe1bb765020301	还有什么？	accepted	Codex	full-20261006-main	2026-10-06	顯示層採用；不修改原版或存檔。
MAIN@IDA:5F95:0187	b797277c9e0ca9cb	b797277c9e0ca9cb3935eef1f255a8ab408e6c2a290a5d06d626943c0af54282	现有%s以%d变卖 	accepted	Codex	full-20261006-main	2026-10-06	顯示層採用；不修改原版或存檔。
MAIN@IDA:5F95:0197	b797277c9e0ca9cb	b797277c9e0ca9cb3935eef1f255a8ab408e6c2a290a5d06d626943c0af54282	现有%s以%d变卖 	accepted	Codex	full-20261006-main	2026-10-06	顯示層採用；不修改原版或存檔。
MAIN@IDA:5F95:01A7	b797277c9e0ca9cb	b797277c9e0ca9cb3935eef1f255a8ab408e6c2a290a5d06d626943c0af54282	现有%s以%d变卖 	accepted	Codex	full-20261006-main	2026-10-06	顯示層採用；不修改原版或存檔。
MAIN@IDA:5F95:01B7	9a056e7228c63cfd	9a056e7228c63cfd4a8656d5c305ef231204313e16eaa1a9505f1ba679e546f7	金额不足	accepted	Codex	full-20261006-main	2026-10-06	顯示層採用；不修改原版或存檔。
MAIN@IDA:5F95:01C0	f08c1bcd7b6e09c3	f08c1bcd7b6e09c3c4199129e8e30a903b54f8b50cb1115e6ea2ffd090b899ed	谢谢！	accepted	Codex	full-20261006-main	2026-10-06	顯示層採用；不修改原版或存檔。
MAIN@IDA:5F95:01C7	60a3cadb01154832	60a3cadb011548321b40a30a9d3e3a58eb6811979e5c1624f8fe1bb765020301	还有什么？	accepted	Codex	full-20261006-main	2026-10-06	顯示層採用；不修改原版或存檔。
MAIN@IDA:5F95:01D2	20a5fef87db2cd1e	20a5fef87db2cd1e940255949987620dc1d44f64e21e1488489d0be7a2a418fd	%s是无法成交的‧‧‧‧‧。	accepted	Codex	full-20261006-main	2026-10-06	顯示層採用；不修改原版或存檔。
MAIN@IDA:5F95:01ED	60a3cadb01154832	60a3cadb011548321b40a30a9d3e3a58eb6811979e5c1624f8fe1bb765020301	还有什么？	accepted	Codex	full-20261006-main	2026-10-06	顯示層採用；不修改原版或存檔。
MAIN@IDA:5F95:01F8	3173d9fa4b3d6b59	3173d9fa4b3d6b59f33080a878205bfe0170bf9e99c8feb7a2c602e5abf28dc4	%s的话以%d收买	accepted	Codex	full-20261006-main	2026-10-06	顯示層採用；不修改原版或存檔。
MAIN@IDA:5F95:0207	3173d9fa4b3d6b59	3173d9fa4b3d6b59f33080a878205bfe0170bf9e99c8feb7a2c602e5abf28dc4	%s的话以%d收买	accepted	Codex	full-20261006-main	2026-10-06	顯示層採用；不修改原版或存檔。
MAIN@IDA:5F95:0216	3173d9fa4b3d6b59	3173d9fa4b3d6b59f33080a878205bfe0170bf9e99c8feb7a2c602e5abf28dc4	%s的话以%d收买	accepted	Codex	full-20261006-main	2026-10-06	顯示層採用；不修改原版或存檔。
MAIN@IDA:5F95:0225	f08c1bcd7b6e09c3	f08c1bcd7b6e09c3c4199129e8e30a903b54f8b50cb1115e6ea2ffd090b899ed	谢谢！	accepted	Codex	full-20261006-main	2026-10-06	顯示層採用；不修改原版或存檔。
MAIN@IDA:5F95:022C	60a3cadb01154832	60a3cadb011548321b40a30a9d3e3a58eb6811979e5c1624f8fe1bb765020301	还有什么？	accepted	Codex	full-20261006-main	2026-10-06	顯示層採用；不修改原版或存檔。
MAIN@IDA:5F95:023F	6816292409d0751b	6816292409d0751b12493fb70f2c6e71780d5efac3cd65ea67008537dc5762b5	%s所有的车辆 	accepted	Codex	full-20261006-main	2026-10-06	顯示層採用；不修改原版或存檔。
MAIN@IDA:5F95:024D	e45961dfbc888263	e45961dfbc888263782e137311706029a97b5503452b135c97295bdf20891e0b	%s所有的航空机 	accepted	Codex	full-20261006-main	2026-10-06	顯示層採用；不修改原版或存檔。
MAIN@IDA:5F95:025D	8b5f87ecba67332d	8b5f87ecba67332d536317876d2aca9beb4faafa16e1fd7160ee7365e3a9d1df	%s所有的大炮 	accepted	Codex	full-20261006-main	2026-10-06	顯示層採用；不修改原版或存檔。
MAIN@IDA:5F95:026B	9374245a95b13eeb	9374245a95b13eeba86e1889a7d470f087f2d4100ed6c422e5df354776df4c20	购　　买	accepted	Codex	full-20261006-main	2026-10-06	顯示層採用；不修改原版或存檔。
MAIN@IDA:5F95:0274	43e4e633ffe5cf27	43e4e633ffe5cf273d85e38a1529ee6736eab5b270544404e84e55bbe766a4fc	不　　买	accepted	Codex	full-20261006-main	2026-10-06	顯示層採用；不修改原版或存檔。
MAIN@IDA:5F95:027D	8655fa06f89de832	8655fa06f89de8326dbfc30d492c0c695074b1b52dce6d71a1b4745bfe71809a	 贩　卖 	accepted	Codex	full-20261006-main	2026-10-06	顯示層採用；不修改原版或存檔。
MAIN@IDA:5F95:0286	51c2097325861f7f	51c2097325861f7f3800b5f3b417e39d6f3063f365cceb5b432b968347763702	 不　卖 	accepted	Codex	full-20261006-main	2026-10-06	顯示層採用；不修改原版或存檔。
MAIN@IDA:5FBE:0000	694c4f5edda02214	694c4f5edda02214de7220fb208a9ba5a5862986294aaf838e9cededf435f583	商 品              　卖值　库存　买值　卖　所有　买	accepted	Codex	full-20261006-main	2026-10-06	顯示層採用；不修改原版或存檔。
MAIN@IDA:5FE5:0008	0b8747697945a57c	0b8747697945a57c7b772b7c2be342e8c96bbf52b2b433e77334a5208844d5f0	商卖	accepted	Codex	full-20261006-main	2026-10-06	顯示層採用；不修改原版或存檔。
MAIN@IDA:5FE5:000D	00cbb2537f8fc40f	00cbb2537f8fc40fe264dcdf4964979b11797ad76d6096709b4e4214301f6405	我方势力:	accepted	Codex	full-20261006-main	2026-10-06	顯示層採用；不修改原版或存檔。
MAIN@IDA:5FE5:0017	8c1ed73690c518f2	8c1ed73690c518f22512328cd35a890b7222850427d40c237bbe4a0f276e85c8	攻击目标:	accepted	Codex	full-20261006-main	2026-10-06	顯示層採用；不修改原版或存檔。
MAIN@IDA:5FE5:0021	10f8e145c5cd3196	10f8e145c5cd31964d63763afe6bca1cee2670c1e299c0e20b89fa390e6a7164	敌对势力:	accepted	Codex	full-20261006-main	2026-10-06	顯示層採用；不修改原版或存檔。
MAIN@IDA:5FE5:002B	0c7004aecb8bc057	0c7004aecb8bc057d4d83503da803229da9c57359e0814ee8a14b8e395b73aaa	 耐%03d/%03d 攻%03d 防%03d 飞:%s	accepted	Codex	full-20261006-main	2026-10-06	顯示層採用；不修改原版或存檔。
MAIN@IDA:5FE5:004C	809dac7b23382b0f	809dac7b23382b0f8645190aec3d4d451989443f709a3f64d83567f067c4739c	 耐;;;/;;; 攻;;; 防;;; 飞:;;	accepted	Codex	full-20261006-main	2026-10-06	顯示層採用；不修改原版或存檔。
MAIN@IDA:5FE5:01DD	2d3b893b83fb4431	2d3b893b83fb4431a76e8bd2096812688728ac0513c4acfeadc425392adfdebc	公演	accepted	Codex	full-20261006-main	2026-10-06	顯示層採用；不修改原版或存檔。
MAIN@IDA:5FE5:01E2	c5480d2813fafb24	c5480d2813fafb247635019fe64c7f8849ce4d4e8bc8fe887895f9d0c27d5d0f	建筑	accepted	Codex	full-20261006-main	2026-10-06	顯示層採用；不修改原版或存檔。
MAIN@IDA:5FE5:01E7	f0ac87dc6d0ddcb0	f0ac87dc6d0ddcb04a382f528100a437c093d31aeca95696ef900a12ef6ea3af	%s%s开始	accepted	Codex	full-20261006-main	2026-10-06	顯示層採用；不修改原版或存檔。
MAIN@IDA:5FE5:0295	41979c30e766fecc	41979c30e766fecc6d4d362fa458cffc21233c689b8c26a3c2fb450c99adeb54	%s的等级上升	accepted	Codex	full-20261006-main	2026-10-06	顯示層採用；不修改原版或存檔。
MAIN@IDA:5FE5:02A2	74055a7b4e2473e5	74055a7b4e2473e514ab26c65f585577561036d7dbd13820a6fa09f18f0212f3	%s的等级下降	accepted	Codex	full-20261006-main	2026-10-06	顯示層採用；不修改原版或存檔。
MAIN@IDA:5FE5:02B6	67cb9ab4cbee37aa	67cb9ab4cbee37aad182aad2f730e7f6097d2c6903741bab845ca66aea8914bc	中立势力:	accepted	Codex	full-20261006-main	2026-10-06	顯示層採用；不修改原版或存檔。
MAIN@IDA:5FE5:02C0	231133082c049c09	231133082c049c09fafb1e28b938840c38b8815dcfbb3e43b59c269e6168ba5c	－－－－:	accepted	Codex	full-20261006-main	2026-10-06	顯示層採用；不修改原版或存檔。
