id	src_sha256	text	status	acc_sha	by	batch	date	note
SHOPTAB#0.0	6c74d573fabf6cd8	卡古纳姆武器店	accepted	b8f0bfcad66ebd05	Codex	full-20261006	2026-10-06	ICU 72 簡體轉換候選；保留原意；未經使用者接受及母語者審閱；正式採用限制另驗
SHOPTAB#0.1	32ee507216ff9948	奇哲迪卡防具店	accepted	a28c328f01611699	Codex	full-20261006	2026-10-06	ICU 72 簡體轉換候選；保留原意；未經使用者接受及母語者審閱；正式採用限制另驗
SHOPTAB#0.2	accbf6963956b0e5	保卡鲁特契约所	accepted	402934f64e521d4e	Codex	full-20261006	2026-10-06	ICU 72 簡體轉換候選；保留原意；未經使用者接受及母語者審閱；正式採用限制另驗
SHOPTAB#0.3	e5d0cabe979658f1	艾拉阿契约所	accepted	f9f1ef8a0a262d35	Codex	full-20261006	2026-10-06	ICU 72 簡體轉換候選；保留原意；未經使用者接受及母語者審閱；正式採用限制另驗
SHOPTAB#0.4	fa469d36dcd90522	阿鲁嬷迪依斯药店	accepted	d87723c6383cbcc7	Codex	full-20261006	2026-10-06	ICU 72 簡體轉換候選；保留原意；未經使用者接受及母語者審閱；正式採用限制另驗
SHOPTAB#0.5	eb57d0df72982cf7	斯古特病院	accepted	85972be4b5c12b55	Codex	full-20261006	2026-10-06	ICU 72 簡體轉換候選；保留原意；未經使用者接受及母語者審閱；正式採用限制另驗
SHOPTAB#0.6	67a6223907c41b55	连卡阿鲁的酒场	accepted	89b474f862152d34	Codex	full-20261006	2026-10-06	ICU 72 簡體轉換候選；保留原意；未經使用者接受及母語者審閱；正式採用限制另驗
SHOPTAB#0.7	ea49ce66798a0ae3	奇卡积依鲁航空机	accepted	c0fbeadf9a44375e	Codex	full-20261006	2026-10-06	ICU 72 簡體轉換候選；保留原意；未經使用者接受及母語者審閱；正式採用限制另驗
SHOPTAB#1.0	ad030bc58dbd669f	商店０	accepted	4ae3cd3755885b06	Codex	full-20261006	2026-10-06	ICU 72 簡體轉換候選；保留原意；未經使用者接受及母語者審閱；正式採用限制另驗
SHOPTAB#1.1	de2f39ceef3f318c	商店１	accepted	22ac564b39ab3444	Codex	full-20261006	2026-10-06	ICU 72 簡體轉換候選；保留原意；未經使用者接受及母語者審閱；正式採用限制另驗
SHOPTAB#1.2	8559054e97b9c24b	商店２	accepted	53627a69e873c5d5	Codex	full-20261006	2026-10-06	ICU 72 簡體轉換候選；保留原意；未經使用者接受及母語者審閱；正式採用限制另驗
SHOPTAB#1.3	44fc7f12a916fd0a	商店３	accepted	821cc93a08486156	Codex	full-20261006	2026-10-06	ICU 72 簡體轉換候選；保留原意；未經使用者接受及母語者審閱；正式採用限制另驗
SHOPTAB#1.4	0b2d5cbbe7490515	商店４	accepted	2c7e6087c73a9280	Codex	full-20261006	2026-10-06	ICU 72 簡體轉換候選；保留原意；未經使用者接受及母語者審閱；正式採用限制另驗
SHOPTAB#1.5	47f6bc387e7bcb26	商店５	accepted	e5660bdf1776d61f	Codex	full-20261006	2026-10-06	ICU 72 簡體轉換候選；保留原意；未經使用者接受及母語者審閱；正式採用限制另驗
SHOPTAB#1.6	d3625a6681e4211b	商店６	accepted	1c5e3f1f9cf06b79	Codex	full-20261006	2026-10-06	ICU 72 簡體轉換候選；保留原意；未經使用者接受及母語者審閱；正式採用限制另驗
SHOPTAB#1.7	c339cafeadf6c231	商店７	accepted	07fa01ebd39f4510	Codex	full-20261006	2026-10-06	ICU 72 簡體轉換候選；保留原意；未經使用者接受及母語者審閱；正式採用限制另驗
SHOPTAB#2.0	ad030bc58dbd669f	商店０	accepted	4ae3cd3755885b06	Codex	full-20261006	2026-10-06	ICU 72 簡體轉換候選；保留原意；未經使用者接受及母語者審閱；正式採用限制另驗
SHOPTAB#2.1	de2f39ceef3f318c	商店１	accepted	22ac564b39ab3444	Codex	full-20261006	2026-10-06	ICU 72 簡體轉換候選；保留原意；未經使用者接受及母語者審閱；正式採用限制另驗
SHOPTAB#2.2	8559054e97b9c24b	商店２	accepted	53627a69e873c5d5	Codex	full-20261006	2026-10-06	ICU 72 簡體轉換候選；保留原意；未經使用者接受及母語者審閱；正式採用限制另驗
SHOPTAB#2.3	44fc7f12a916fd0a	商店３	accepted	821cc93a08486156	Codex	full-20261006	2026-10-06	ICU 72 簡體轉換候選；保留原意；未經使用者接受及母語者審閱；正式採用限制另驗
SHOPTAB#2.4	0b2d5cbbe7490515	商店４	accepted	2c7e6087c73a9280	Codex	full-20261006	2026-10-06	ICU 72 簡體轉換候選；保留原意；未經使用者接受及母語者審閱；正式採用限制另驗
SHOPTAB#2.5	47f6bc387e7bcb26	商店５	accepted	e5660bdf1776d61f	Codex	full-20261006	2026-10-06	ICU 72 簡體轉換候選；保留原意；未經使用者接受及母語者審閱；正式採用限制另驗
SHOPTAB#2.6	d3625a6681e4211b	商店６	accepted	1c5e3f1f9cf06b79	Codex	full-20261006	2026-10-06	ICU 72 簡體轉換候選；保留原意；未經使用者接受及母語者審閱；正式採用限制另驗
SHOPTAB#2.7	c339cafeadf6c231	商店７	accepted	07fa01ebd39f4510	Codex	full-20261006	2026-10-06	ICU 72 簡體轉換候選；保留原意；未經使用者接受及母語者審閱；正式採用限制另驗
SHOPTAB#3.0	48ad90d064376d3c	比斯迪武器店	accepted	3a2fd257f2fcbffc	Codex	full-20261006	2026-10-06	ICU 72 簡體轉換候選；保留原意；未經使用者接受及母語者審閱；正式採用限制另驗
SHOPTAB#3.1	becc924681088c4a	卡斯比盖防具店	accepted	0866f15cdfbca51a	Codex	full-20261006	2026-10-06	ICU 72 簡體轉換候選；保留原意；未經使用者接受及母語者審閱；正式採用限制另驗
SHOPTAB#3.2	f2b062ee1a61718c	萨姆迪盖契约所	accepted	9cb40c8b6420fbe9	Codex	full-20261006	2026-10-06	ICU 72 簡體轉換候選；保留原意；未經使用者接受及母語者審閱；正式採用限制另驗
SHOPTAB#3.3	d6521811039c7c40	狄欧特古契约所	accepted	ee6f5596c957713f	Codex	full-20261006	2026-10-06	ICU 72 簡體轉換候選；保留原意；未經使用者接受及母語者審閱；正式採用限制另驗
SHOPTAB#3.4	8bb1f7a7639d7a41	力友伊雷病院	accepted	a79a3ef7cad29a5e	Codex	full-20261006	2026-10-06	ICU 72 簡體轉換候選；保留原意；未經使用者接受及母語者審閱；正式採用限制另驗
SHOPTAB#3.5	0632a2d72502a4a6	巴特诺道具店	accepted	e6bd4e4a75031a20	Codex	full-20261006	2026-10-06	ICU 72 簡體轉換候選；保留原意；未經使用者接受及母語者審閱；正式採用限制另驗
SHOPTAB#3.6	ac34f23acb19c0d9	曹哈利的酒店	accepted	5aab8ccf51563216	Codex	full-20261006	2026-10-06	ICU 72 簡體轉換候選；保留原意；未經使用者接受及母語者審閱；正式採用限制另驗
SHOPTAB#3.7	c339cafeadf6c231	商店７	accepted	07fa01ebd39f4510	Codex	full-20261006	2026-10-06	ICU 72 簡體轉換候選；保留原意；未經使用者接受及母語者審閱；正式採用限制另驗
SHOPTAB#4.0	ad030bc58dbd669f	商店０	accepted	4ae3cd3755885b06	Codex	full-20261006	2026-10-06	ICU 72 簡體轉換候選；保留原意；未經使用者接受及母語者審閱；正式採用限制另驗
SHOPTAB#4.1	de2f39ceef3f318c	商店１	accepted	22ac564b39ab3444	Codex	full-20261006	2026-10-06	ICU 72 簡體轉換候選；保留原意；未經使用者接受及母語者審閱；正式採用限制另驗
SHOPTAB#4.2	8559054e97b9c24b	商店２	accepted	53627a69e873c5d5	Codex	full-20261006	2026-10-06	ICU 72 簡體轉換候選；保留原意；未經使用者接受及母語者審閱；正式採用限制另驗
SHOPTAB#4.3	44fc7f12a916fd0a	商店３	accepted	821cc93a08486156	Codex	full-20261006	2026-10-06	ICU 72 簡體轉換候選；保留原意；未經使用者接受及母語者審閱；正式採用限制另驗
SHOPTAB#4.4	0b2d5cbbe7490515	商店４	accepted	2c7e6087c73a9280	Codex	full-20261006	2026-10-06	ICU 72 簡體轉換候選；保留原意；未經使用者接受及母語者審閱；正式採用限制另驗
SHOPTAB#4.5	47f6bc387e7bcb26	商店５	accepted	e5660bdf1776d61f	Codex	full-20261006	2026-10-06	ICU 72 簡體轉換候選；保留原意；未經使用者接受及母語者審閱；正式採用限制另驗
SHOPTAB#4.6	d3625a6681e4211b	商店６	accepted	1c5e3f1f9cf06b79	Codex	full-20261006	2026-10-06	ICU 72 簡體轉換候選；保留原意；未經使用者接受及母語者審閱；正式採用限制另驗
SHOPTAB#4.7	c339cafeadf6c231	商店７	accepted	07fa01ebd39f4510	Codex	full-20261006	2026-10-06	ICU 72 簡體轉換候選；保留原意；未經使用者接受及母語者審閱；正式採用限制另驗
SHOPTAB#5.0	ad030bc58dbd669f	商店０	accepted	4ae3cd3755885b06	Codex	full-20261006	2026-10-06	ICU 72 簡體轉換候選；保留原意；未經使用者接受及母語者審閱；正式採用限制另驗
SHOPTAB#5.1	de2f39ceef3f318c	商店１	accepted	22ac564b39ab3444	Codex	full-20261006	2026-10-06	ICU 72 簡體轉換候選；保留原意；未經使用者接受及母語者審閱；正式採用限制另驗
SHOPTAB#5.2	8559054e97b9c24b	商店２	accepted	53627a69e873c5d5	Codex	full-20261006	2026-10-06	ICU 72 簡體轉換候選；保留原意；未經使用者接受及母語者審閱；正式採用限制另驗
SHOPTAB#5.3	44fc7f12a916fd0a	商店３	accepted	821cc93a08486156	Codex	full-20261006	2026-10-06	ICU 72 簡體轉換候選；保留原意；未經使用者接受及母語者審閱；正式採用限制另驗
SHOPTAB#5.4	0b2d5cbbe7490515	商店４	accepted	2c7e6087c73a9280	Codex	full-20261006	2026-10-06	ICU 72 簡體轉換候選；保留原意；未經使用者接受及母語者審閱；正式採用限制另驗
SHOPTAB#5.5	47f6bc387e7bcb26	商店５	accepted	e5660bdf1776d61f	Codex	full-20261006	2026-10-06	ICU 72 簡體轉換候選；保留原意；未經使用者接受及母語者審閱；正式採用限制另驗
SHOPTAB#5.6	d3625a6681e4211b	商店６	accepted	1c5e3f1f9cf06b79	Codex	full-20261006	2026-10-06	ICU 72 簡體轉換候選；保留原意；未經使用者接受及母語者審閱；正式採用限制另驗
SHOPTAB#5.7	c339cafeadf6c231	商店７	accepted	07fa01ebd39f4510	Codex	full-20261006	2026-10-06	ICU 72 簡體轉換候選；保留原意；未經使用者接受及母語者審閱；正式採用限制另驗
SHOPTAB#6.0	ad030bc58dbd669f	商店０	accepted	4ae3cd3755885b06	Codex	full-20261006	2026-10-06	ICU 72 簡體轉換候選；保留原意；未經使用者接受及母語者審閱；正式採用限制另驗
SHOPTAB#6.1	de2f39ceef3f318c	商店１	accepted	22ac564b39ab3444	Codex	full-20261006	2026-10-06	ICU 72 簡體轉換候選；保留原意；未經使用者接受及母語者審閱；正式採用限制另驗
SHOPTAB#6.2	8559054e97b9c24b	商店２	accepted	53627a69e873c5d5	Codex	full-20261006	2026-10-06	ICU 72 簡體轉換候選；保留原意；未經使用者接受及母語者審閱；正式採用限制另驗
SHOPTAB#6.3	44fc7f12a916fd0a	商店３	accepted	821cc93a08486156	Codex	full-20261006	2026-10-06	ICU 72 簡體轉換候選；保留原意；未經使用者接受及母語者審閱；正式採用限制另驗
SHOPTAB#6.4	0b2d5cbbe7490515	商店４	accepted	2c7e6087c73a9280	Codex	full-20261006	2026-10-06	ICU 72 簡體轉換候選；保留原意；未經使用者接受及母語者審閱；正式採用限制另驗
SHOPTAB#6.5	47f6bc387e7bcb26	商店５	accepted	e5660bdf1776d61f	Codex	full-20261006	2026-10-06	ICU 72 簡體轉換候選；保留原意；未經使用者接受及母語者審閱；正式採用限制另驗
SHOPTAB#6.6	d3625a6681e4211b	商店６	accepted	1c5e3f1f9cf06b79	Codex	full-20261006	2026-10-06	ICU 72 簡體轉換候選；保留原意；未經使用者接受及母語者審閱；正式採用限制另驗
SHOPTAB#6.7	c339cafeadf6c231	商店７	accepted	07fa01ebd39f4510	Codex	full-20261006	2026-10-06	ICU 72 簡體轉換候選；保留原意；未經使用者接受及母語者審閱；正式採用限制另驗
SHOPTAB#7.0	1f5d18bc01c768fa	谷伊歇姆武器店	accepted	3effe5d0ad1855d6	Codex	full-20261006	2026-10-06	ICU 72 簡體轉換候選；保留原意；未經使用者接受及母語者審閱；正式採用限制另驗
SHOPTAB#7.1	a20647ba75735877	盖比古防具店	accepted	3c51123bb4794482	Codex	full-20261006	2026-10-06	ICU 72 簡體轉換候選；保留原意；未經使用者接受及母語者審閱；正式採用限制另驗
SHOPTAB#7.2	e79aae2e2ec3ab80	宝亚坷利契约所	accepted	c4cf2d1abe39d60e	Codex	full-20261006	2026-10-06	ICU 72 簡體轉換候選；保留原意；未經使用者接受及母語者審閱；正式採用限制另驗
SHOPTAB#7.3	faf4d5a28a7d2b65	踏诺谷药店	accepted	c2982b5502efb3a2	Codex	full-20261006	2026-10-06	ICU 72 簡體轉換候選；保留原意；未經使用者接受及母語者審閱；正式採用限制另驗
SHOPTAB#7.4	de80965b0ff09ff2	孜希姆道具店	accepted	c37394d33656b4fa	Codex	full-20261006	2026-10-06	ICU 72 簡體轉換候選；保留原意；未經使用者接受及母語者審閱；正式採用限制另驗
SHOPTAB#7.5	1669819ec59183ef	阿奇摩道具店	accepted	fba6ee8364e0b8b6	Codex	full-20261006	2026-10-06	ICU 72 簡體轉換候選；保留原意；未經使用者接受及母語者審閱；正式採用限制另驗
SHOPTAB#7.6	da8d1c4cbc3184d1	奇伊可的酒店	accepted	ec385120b2342bee	Codex	full-20261006	2026-10-06	ICU 72 簡體轉換候選；保留原意；未經使用者接受及母語者審閱；正式採用限制另驗
SHOPTAB#7.7	dae1ab02a473fb2a	狄欧可战车屋	accepted	a3d654d72c27e557	Codex	full-20261006	2026-10-06	ICU 72 簡體轉換候選；保留原意；未經使用者接受及母語者審閱；正式採用限制另驗
SHOPTAB#8.0	ad030bc58dbd669f	商店０	accepted	4ae3cd3755885b06	Codex	full-20261006	2026-10-06	ICU 72 簡體轉換候選；保留原意；未經使用者接受及母語者審閱；正式採用限制另驗
SHOPTAB#8.1	de2f39ceef3f318c	商店１	accepted	22ac564b39ab3444	Codex	full-20261006	2026-10-06	ICU 72 簡體轉換候選；保留原意；未經使用者接受及母語者審閱；正式採用限制另驗
SHOPTAB#8.2	8559054e97b9c24b	商店２	accepted	53627a69e873c5d5	Codex	full-20261006	2026-10-06	ICU 72 簡體轉換候選；保留原意；未經使用者接受及母語者審閱；正式採用限制另驗
SHOPTAB#8.3	44fc7f12a916fd0a	商店３	accepted	821cc93a08486156	Codex	full-20261006	2026-10-06	ICU 72 簡體轉換候選；保留原意；未經使用者接受及母語者審閱；正式採用限制另驗
SHOPTAB#8.4	0b2d5cbbe7490515	商店４	accepted	2c7e6087c73a9280	Codex	full-20261006	2026-10-06	ICU 72 簡體轉換候選；保留原意；未經使用者接受及母語者審閱；正式採用限制另驗
SHOPTAB#8.5	47f6bc387e7bcb26	商店５	accepted	e5660bdf1776d61f	Codex	full-20261006	2026-10-06	ICU 72 簡體轉換候選；保留原意；未經使用者接受及母語者審閱；正式採用限制另驗
SHOPTAB#8.6	d3625a6681e4211b	商店６	accepted	1c5e3f1f9cf06b79	Codex	full-20261006	2026-10-06	ICU 72 簡體轉換候選；保留原意；未經使用者接受及母語者審閱；正式採用限制另驗
SHOPTAB#8.7	c339cafeadf6c231	商店７	accepted	07fa01ebd39f4510	Codex	full-20261006	2026-10-06	ICU 72 簡體轉換候選；保留原意；未經使用者接受及母語者審閱；正式採用限制另驗
SHOPTAB#9.0	48a2035d425f1d45	美奇伊亚武器店	accepted	be801ef45aa46b45	Codex	full-20261006	2026-10-06	ICU 72 簡體轉換候選；保留原意；未經使用者接受及母語者審閱；正式採用限制另驗
SHOPTAB#9.1	6c70f9dd2439131c	罗马欧斯武器店	accepted	aa8060d050124b91	Codex	full-20261006	2026-10-06	ICU 72 簡體轉換候選；保留原意；未經使用者接受及母語者審閱；正式採用限制另驗
SHOPTAB#9.2	6991a14c8bcbe53a	利玛诺艾防具店	accepted	bc144a079921836a	Codex	full-20261006	2026-10-06	ICU 72 簡體轉換候選；保留原意；未經使用者接受及母語者審閱；正式採用限制另驗
SHOPTAB#9.3	0a4df36c23772cde	奇亚艾斯契约所	accepted	5a3bc1ca2a510959	Codex	full-20261006	2026-10-06	ICU 72 簡體轉換候選；保留原意；未經使用者接受及母語者審閱；正式採用限制另驗
SHOPTAB#9.4	25c9cf52097271bc	雷雅利契约所	accepted	3a85d7c42263932d	Codex	full-20261006	2026-10-06	ICU 72 簡體轉換候選；保留原意；未經使用者接受及母語者審閱；正式採用限制另驗
SHOPTAB#9.5	e9759642e5cf9838	雷艾拉西药店	accepted	15783be25e65cb4e	Codex	full-20261006	2026-10-06	ICU 72 簡體轉換候選；保留原意；未經使用者接受及母語者審閱；正式採用限制另驗
SHOPTAB#9.6	19efccf9f31cc23a	萨予特阿的酒店	accepted	7cc082b114d81874	Codex	full-20261006	2026-10-06	ICU 72 簡體轉換候選；保留原意；未經使用者接受及母語者審閱；正式採用限制另驗
SHOPTAB#9.7	c2a7f493faf34c93	美鲁里亚大炮店	accepted	1ce7258f55c370ad	Codex	full-20261006	2026-10-06	ICU 72 簡體轉換候選；保留原意；未經使用者接受及母語者審閱；正式採用限制另驗
SHOPTAB#10.0	ad030bc58dbd669f	商店０	accepted	4ae3cd3755885b06	Codex	full-20261006	2026-10-06	ICU 72 簡體轉換候選；保留原意；未經使用者接受及母語者審閱；正式採用限制另驗
SHOPTAB#10.1	de2f39ceef3f318c	商店１	accepted	22ac564b39ab3444	Codex	full-20261006	2026-10-06	ICU 72 簡體轉換候選；保留原意；未經使用者接受及母語者審閱；正式採用限制另驗
SHOPTAB#10.2	8559054e97b9c24b	商店２	accepted	53627a69e873c5d5	Codex	full-20261006	2026-10-06	ICU 72 簡體轉換候選；保留原意；未經使用者接受及母語者審閱；正式採用限制另驗
SHOPTAB#10.3	44fc7f12a916fd0a	商店３	accepted	821cc93a08486156	Codex	full-20261006	2026-10-06	ICU 72 簡體轉換候選；保留原意；未經使用者接受及母語者審閱；正式採用限制另驗
SHOPTAB#10.4	0b2d5cbbe7490515	商店４	accepted	2c7e6087c73a9280	Codex	full-20261006	2026-10-06	ICU 72 簡體轉換候選；保留原意；未經使用者接受及母語者審閱；正式採用限制另驗
SHOPTAB#10.5	47f6bc387e7bcb26	商店５	accepted	e5660bdf1776d61f	Codex	full-20261006	2026-10-06	ICU 72 簡體轉換候選；保留原意；未經使用者接受及母語者審閱；正式採用限制另驗
SHOPTAB#10.6	d3625a6681e4211b	商店６	accepted	1c5e3f1f9cf06b79	Codex	full-20261006	2026-10-06	ICU 72 簡體轉換候選；保留原意；未經使用者接受及母語者審閱；正式採用限制另驗
SHOPTAB#10.7	c339cafeadf6c231	商店７	accepted	07fa01ebd39f4510	Codex	full-20261006	2026-10-06	ICU 72 簡體轉換候選；保留原意；未經使用者接受及母語者審閱；正式採用限制另驗
SHOPTAB#11.0	69b6a83102bf8365	拉比鲁武器店	accepted	764984dc0df446d6	Codex	full-20261006	2026-10-06	ICU 72 簡體轉換候選；保留原意；未經使用者接受及母語者審閱；正式採用限制另驗
SHOPTAB#11.1	d794b8d331f8acce	洛卡特防具店	accepted	ba992c7e843729aa	Codex	full-20261006	2026-10-06	ICU 72 簡體轉換候選；保留原意；未經使用者接受及母語者審閱；正式採用限制另驗
SHOPTAB#11.2	30d55e3fbdc3f5c8	奇萨艾契约所	accepted	a0064bef61a0fb46	Codex	full-20261006	2026-10-06	ICU 72 簡體轉換候選；保留原意；未經使用者接受及母語者審閱；正式採用限制另驗
SHOPTAB#11.3	5401e9783bc96672	西拉谷药局	accepted	6353aa9d830e6a0d	Codex	full-20261006	2026-10-06	ICU 72 簡體轉換候選；保留原意；未經使用者接受及母語者審閱；正式採用限制另驗
SHOPTAB#11.4	b4ffce3a1a593245	贝鲁埃药店	accepted	c905ed7be2dfdec1	Codex	full-20261006	2026-10-06	ICU 72 簡體轉換候選；保留原意；未經使用者接受及母語者審閱；正式採用限制另驗
SHOPTAB#11.5	92b640d011524aef	谷依索可的酒店	accepted	e8339bdcfdedf6b8	Codex	full-20261006	2026-10-06	ICU 72 簡體轉換候選；保留原意；未經使用者接受及母語者審閱；正式採用限制另驗
SHOPTAB#11.6	10eaa4d56bcc5c7c	贝鲁埃战车店	accepted	da6b20af0fd4575e	Codex	full-20261006	2026-10-06	ICU 72 簡體轉換候選；保留原意；未經使用者接受及母語者審閱；正式採用限制另驗
SHOPTAB#11.7	c339cafeadf6c231	商店７	accepted	07fa01ebd39f4510	Codex	full-20261006	2026-10-06	ICU 72 簡體轉換候選；保留原意；未經使用者接受及母語者審閱；正式採用限制另驗
SHOPTAB#12.0	ad030bc58dbd669f	商店０	accepted	4ae3cd3755885b06	Codex	full-20261006	2026-10-06	ICU 72 簡體轉換候選；保留原意；未經使用者接受及母語者審閱；正式採用限制另驗
SHOPTAB#12.1	de2f39ceef3f318c	商店１	accepted	22ac564b39ab3444	Codex	full-20261006	2026-10-06	ICU 72 簡體轉換候選；保留原意；未經使用者接受及母語者審閱；正式採用限制另驗
SHOPTAB#12.2	8559054e97b9c24b	商店２	accepted	53627a69e873c5d5	Codex	full-20261006	2026-10-06	ICU 72 簡體轉換候選；保留原意；未經使用者接受及母語者審閱；正式採用限制另驗
SHOPTAB#12.3	44fc7f12a916fd0a	商店３	accepted	821cc93a08486156	Codex	full-20261006	2026-10-06	ICU 72 簡體轉換候選；保留原意；未經使用者接受及母語者審閱；正式採用限制另驗
SHOPTAB#12.4	0b2d5cbbe7490515	商店４	accepted	2c7e6087c73a9280	Codex	full-20261006	2026-10-06	ICU 72 簡體轉換候選；保留原意；未經使用者接受及母語者審閱；正式採用限制另驗
SHOPTAB#12.5	47f6bc387e7bcb26	商店５	accepted	e5660bdf1776d61f	Codex	full-20261006	2026-10-06	ICU 72 簡體轉換候選；保留原意；未經使用者接受及母語者審閱；正式採用限制另驗
SHOPTAB#12.6	d3625a6681e4211b	商店６	accepted	1c5e3f1f9cf06b79	Codex	full-20261006	2026-10-06	ICU 72 簡體轉換候選；保留原意；未經使用者接受及母語者審閱；正式採用限制另驗
SHOPTAB#12.7	c339cafeadf6c231	商店７	accepted	07fa01ebd39f4510	Codex	full-20261006	2026-10-06	ICU 72 簡體轉換候選；保留原意；未經使用者接受及母語者審閱；正式採用限制另驗
SHOPTAB#13.0	7aa76359af65ce2f	米利依斯武器店	accepted	6cad4e6a5b9ffa48	Codex	full-20261006	2026-10-06	ICU 72 簡體轉換候選；保留原意；未經使用者接受及母語者審閱；正式採用限制另驗
SHOPTAB#13.1	f602ce2759840530	诺力摩防具店	accepted	dc40d6ff9a75f36b	Codex	full-20261006	2026-10-06	ICU 72 簡體轉換候選；保留原意；未經使用者接受及母語者審閱；正式採用限制另驗
SHOPTAB#13.2	176df8082cb7eef6	亚依盖依积契约所	accepted	14ac15a0ceec3664	Codex	full-20261006	2026-10-06	ICU 72 簡體轉換候選；保留原意；未經使用者接受及母語者審閱；正式採用限制另驗
SHOPTAB#13.3	69eb06f7ccf8b477	贝欧迪诺契约所	accepted	9e35db9862646e70	Codex	full-20261006	2026-10-06	ICU 72 簡體轉換候選；保留原意；未經使用者接受及母語者審閱；正式採用限制另驗
SHOPTAB#13.4	fe5f4be4ce8b6248	契雷诺特诺药局	accepted	5a6b0bb4e2a25a70	Codex	full-20261006	2026-10-06	ICU 72 簡體轉換候選；保留原意；未經使用者接受及母語者審閱；正式採用限制另驗
SHOPTAB#13.5	0be96dc6f86c4491	萨哈斯泥雅病院	accepted	d226f7a3b47e5933	Codex	full-20261006	2026-10-06	ICU 72 簡體轉換候選；保留原意；未經使用者接受及母語者審閱；正式採用限制另驗
SHOPTAB#13.6	fd5b20e62feb5cc5	诺米尼道具店	accepted	29da747ec4f683e3	Codex	full-20261006	2026-10-06	ICU 72 簡體轉換候選；保留原意；未經使用者接受及母語者審閱；正式採用限制另驗
SHOPTAB#13.7	0b111b09643ee5a9	雅盖积依摩的酒店	accepted	b6781ded2f2fff9b	Codex	full-20261006	2026-10-06	ICU 72 簡體轉換候選；保留原意；未經使用者接受及母語者審閱；正式採用限制另驗
SHOPTAB#14.0	ad030bc58dbd669f	商店０	accepted	4ae3cd3755885b06	Codex	full-20261006	2026-10-06	ICU 72 簡體轉換候選；保留原意；未經使用者接受及母語者審閱；正式採用限制另驗
SHOPTAB#14.1	de2f39ceef3f318c	商店１	accepted	22ac564b39ab3444	Codex	full-20261006	2026-10-06	ICU 72 簡體轉換候選；保留原意；未經使用者接受及母語者審閱；正式採用限制另驗
SHOPTAB#14.2	8559054e97b9c24b	商店２	accepted	53627a69e873c5d5	Codex	full-20261006	2026-10-06	ICU 72 簡體轉換候選；保留原意；未經使用者接受及母語者審閱；正式採用限制另驗
SHOPTAB#14.3	44fc7f12a916fd0a	商店３	accepted	821cc93a08486156	Codex	full-20261006	2026-10-06	ICU 72 簡體轉換候選；保留原意；未經使用者接受及母語者審閱；正式採用限制另驗
SHOPTAB#14.4	0b2d5cbbe7490515	商店４	accepted	2c7e6087c73a9280	Codex	full-20261006	2026-10-06	ICU 72 簡體轉換候選；保留原意；未經使用者接受及母語者審閱；正式採用限制另驗
SHOPTAB#14.5	47f6bc387e7bcb26	商店５	accepted	e5660bdf1776d61f	Codex	full-20261006	2026-10-06	ICU 72 簡體轉換候選；保留原意；未經使用者接受及母語者審閱；正式採用限制另驗
SHOPTAB#14.6	d3625a6681e4211b	商店６	accepted	1c5e3f1f9cf06b79	Codex	full-20261006	2026-10-06	ICU 72 簡體轉換候選；保留原意；未經使用者接受及母語者審閱；正式採用限制另驗
SHOPTAB#14.7	c339cafeadf6c231	商店７	accepted	07fa01ebd39f4510	Codex	full-20261006	2026-10-06	ICU 72 簡體轉換候選；保留原意；未經使用者接受及母語者審閱；正式採用限制另驗
SHOPTAB#15.0	9c3bd698f7254724	特拉伊基武器店	accepted	c7dd7cfea9a8e0f1	Codex	full-20261006	2026-10-06	ICU 72 簡體轉換候選；保留原意；未經使用者接受及母語者審閱；正式採用限制另驗
SHOPTAB#15.1	275d94f47d6f54ed	斯巴伊西依防具店	accepted	11051b0bd40fda75	Codex	full-20261006	2026-10-06	ICU 72 簡體轉換候選；保留原意；未經使用者接受及母語者審閱；正式採用限制另驗
SHOPTAB#15.2	b3655fe02734b58c	密斯特医米泥契约所	accepted	6430ac3d35b61624	Codex	full-20261006	2026-10-06	ICU 72 簡體轉換候選；保留原意；未經使用者接受及母語者審閱；正式採用限制另驗
SHOPTAB#15.3	9f3517bddd6e23d2	希又特尼谷药局	accepted	d65446247d785713	Codex	full-20261006	2026-10-06	ICU 72 簡體轉換候選；保留原意；未經使用者接受及母語者審閱；正式採用限制另驗
SHOPTAB#15.4	6be0c3b8c21e2273	鲁依密鲁道具店	accepted	f05784a9bd497552	Codex	full-20261006	2026-10-06	ICU 72 簡體轉換候選；保留原意；未經使用者接受及母語者審閱；正式採用限制另驗
SHOPTAB#15.5	c97d54741386a8eb	坷基伊普的酒场	accepted	ae231e55211e9420	Codex	full-20261006	2026-10-06	ICU 72 簡體轉換候選；保留原意；未經使用者接受及母語者審閱；正式採用限制另驗
SHOPTAB#15.6	7b42e445802a079a	鲁依秘鲁航空机	accepted	30a66e9c234cae83	Codex	full-20261006	2026-10-06	ICU 72 簡體轉換候選；保留原意；未經使用者接受及母語者審閱；正式採用限制另驗
SHOPTAB#15.7	c339cafeadf6c231	商店７	accepted	07fa01ebd39f4510	Codex	full-20261006	2026-10-06	ICU 72 簡體轉換候選；保留原意；未經使用者接受及母語者審閱；正式採用限制另驗
SHOPTAB#16.0	ad030bc58dbd669f	商店０	accepted	4ae3cd3755885b06	Codex	full-20261006	2026-10-06	ICU 72 簡體轉換候選；保留原意；未經使用者接受及母語者審閱；正式採用限制另驗
SHOPTAB#16.1	de2f39ceef3f318c	商店１	accepted	22ac564b39ab3444	Codex	full-20261006	2026-10-06	ICU 72 簡體轉換候選；保留原意；未經使用者接受及母語者審閱；正式採用限制另驗
SHOPTAB#16.2	8559054e97b9c24b	商店２	accepted	53627a69e873c5d5	Codex	full-20261006	2026-10-06	ICU 72 簡體轉換候選；保留原意；未經使用者接受及母語者審閱；正式採用限制另驗
SHOPTAB#16.3	44fc7f12a916fd0a	商店３	accepted	821cc93a08486156	Codex	full-20261006	2026-10-06	ICU 72 簡體轉換候選；保留原意；未經使用者接受及母語者審閱；正式採用限制另驗
SHOPTAB#16.4	0b2d5cbbe7490515	商店４	accepted	2c7e6087c73a9280	Codex	full-20261006	2026-10-06	ICU 72 簡體轉換候選；保留原意；未經使用者接受及母語者審閱；正式採用限制另驗
SHOPTAB#16.5	47f6bc387e7bcb26	商店５	accepted	e5660bdf1776d61f	Codex	full-20261006	2026-10-06	ICU 72 簡體轉換候選；保留原意；未經使用者接受及母語者審閱；正式採用限制另驗
SHOPTAB#16.6	d3625a6681e4211b	商店６	accepted	1c5e3f1f9cf06b79	Codex	full-20261006	2026-10-06	ICU 72 簡體轉換候選；保留原意；未經使用者接受及母語者審閱；正式採用限制另驗
SHOPTAB#16.7	c339cafeadf6c231	商店７	accepted	07fa01ebd39f4510	Codex	full-20261006	2026-10-06	ICU 72 簡體轉換候選；保留原意；未經使用者接受及母語者審閱；正式採用限制另驗
SHOPTAB#17.0	ad030bc58dbd669f	商店０	accepted	4ae3cd3755885b06	Codex	full-20261006	2026-10-06	ICU 72 簡體轉換候選；保留原意；未經使用者接受及母語者審閱；正式採用限制另驗
SHOPTAB#17.1	de2f39ceef3f318c	商店１	accepted	22ac564b39ab3444	Codex	full-20261006	2026-10-06	ICU 72 簡體轉換候選；保留原意；未經使用者接受及母語者審閱；正式採用限制另驗
SHOPTAB#17.2	8559054e97b9c24b	商店２	accepted	53627a69e873c5d5	Codex	full-20261006	2026-10-06	ICU 72 簡體轉換候選；保留原意；未經使用者接受及母語者審閱；正式採用限制另驗
SHOPTAB#17.3	44fc7f12a916fd0a	商店３	accepted	821cc93a08486156	Codex	full-20261006	2026-10-06	ICU 72 簡體轉換候選；保留原意；未經使用者接受及母語者審閱；正式採用限制另驗
SHOPTAB#17.4	0b2d5cbbe7490515	商店４	accepted	2c7e6087c73a9280	Codex	full-20261006	2026-10-06	ICU 72 簡體轉換候選；保留原意；未經使用者接受及母語者審閱；正式採用限制另驗
SHOPTAB#17.5	47f6bc387e7bcb26	商店５	accepted	e5660bdf1776d61f	Codex	full-20261006	2026-10-06	ICU 72 簡體轉換候選；保留原意；未經使用者接受及母語者審閱；正式採用限制另驗
SHOPTAB#17.6	d3625a6681e4211b	商店６	accepted	1c5e3f1f9cf06b79	Codex	full-20261006	2026-10-06	ICU 72 簡體轉換候選；保留原意；未經使用者接受及母語者審閱；正式採用限制另驗
SHOPTAB#17.7	c339cafeadf6c231	商店７	accepted	07fa01ebd39f4510	Codex	full-20261006	2026-10-06	ICU 72 簡體轉換候選；保留原意；未經使用者接受及母語者審閱；正式採用限制另驗
SHOPTAB#18.0	ad030bc58dbd669f	商店０	accepted	4ae3cd3755885b06	Codex	full-20261006	2026-10-06	ICU 72 簡體轉換候選；保留原意；未經使用者接受及母語者審閱；正式採用限制另驗
SHOPTAB#18.1	de2f39ceef3f318c	商店１	accepted	22ac564b39ab3444	Codex	full-20261006	2026-10-06	ICU 72 簡體轉換候選；保留原意；未經使用者接受及母語者審閱；正式採用限制另驗
SHOPTAB#18.2	8559054e97b9c24b	商店２	accepted	53627a69e873c5d5	Codex	full-20261006	2026-10-06	ICU 72 簡體轉換候選；保留原意；未經使用者接受及母語者審閱；正式採用限制另驗
SHOPTAB#18.3	44fc7f12a916fd0a	商店３	accepted	821cc93a08486156	Codex	full-20261006	2026-10-06	ICU 72 簡體轉換候選；保留原意；未經使用者接受及母語者審閱；正式採用限制另驗
SHOPTAB#18.4	0b2d5cbbe7490515	商店４	accepted	2c7e6087c73a9280	Codex	full-20261006	2026-10-06	ICU 72 簡體轉換候選；保留原意；未經使用者接受及母語者審閱；正式採用限制另驗
SHOPTAB#18.5	47f6bc387e7bcb26	商店５	accepted	e5660bdf1776d61f	Codex	full-20261006	2026-10-06	ICU 72 簡體轉換候選；保留原意；未經使用者接受及母語者審閱；正式採用限制另驗
SHOPTAB#18.6	d3625a6681e4211b	商店６	accepted	1c5e3f1f9cf06b79	Codex	full-20261006	2026-10-06	ICU 72 簡體轉換候選；保留原意；未經使用者接受及母語者審閱；正式採用限制另驗
SHOPTAB#18.7	c339cafeadf6c231	商店７	accepted	07fa01ebd39f4510	Codex	full-20261006	2026-10-06	ICU 72 簡體轉換候選；保留原意；未經使用者接受及母語者審閱；正式採用限制另驗
SHOPTAB#19.0	ad030bc58dbd669f	商店０	accepted	4ae3cd3755885b06	Codex	full-20261006	2026-10-06	ICU 72 簡體轉換候選；保留原意；未經使用者接受及母語者審閱；正式採用限制另驗
SHOPTAB#19.1	de2f39ceef3f318c	商店１	accepted	22ac564b39ab3444	Codex	full-20261006	2026-10-06	ICU 72 簡體轉換候選；保留原意；未經使用者接受及母語者審閱；正式採用限制另驗
SHOPTAB#19.2	8559054e97b9c24b	商店２	accepted	53627a69e873c5d5	Codex	full-20261006	2026-10-06	ICU 72 簡體轉換候選；保留原意；未經使用者接受及母語者審閱；正式採用限制另驗
SHOPTAB#19.3	44fc7f12a916fd0a	商店３	accepted	821cc93a08486156	Codex	full-20261006	2026-10-06	ICU 72 簡體轉換候選；保留原意；未經使用者接受及母語者審閱；正式採用限制另驗
SHOPTAB#19.4	0b2d5cbbe7490515	商店４	accepted	2c7e6087c73a9280	Codex	full-20261006	2026-10-06	ICU 72 簡體轉換候選；保留原意；未經使用者接受及母語者審閱；正式採用限制另驗
SHOPTAB#19.5	47f6bc387e7bcb26	商店５	accepted	e5660bdf1776d61f	Codex	full-20261006	2026-10-06	ICU 72 簡體轉換候選；保留原意；未經使用者接受及母語者審閱；正式採用限制另驗
SHOPTAB#19.6	d3625a6681e4211b	商店６	accepted	1c5e3f1f9cf06b79	Codex	full-20261006	2026-10-06	ICU 72 簡體轉換候選；保留原意；未經使用者接受及母語者審閱；正式採用限制另驗
SHOPTAB#19.7	c339cafeadf6c231	商店７	accepted	07fa01ebd39f4510	Codex	full-20261006	2026-10-06	ICU 72 簡體轉換候選；保留原意；未經使用者接受及母語者審閱；正式採用限制另驗
SHOPTAB#20.0	ad030bc58dbd669f	商店０	accepted	4ae3cd3755885b06	Codex	full-20261006	2026-10-06	ICU 72 簡體轉換候選；保留原意；未經使用者接受及母語者審閱；正式採用限制另驗
SHOPTAB#20.1	de2f39ceef3f318c	商店１	accepted	22ac564b39ab3444	Codex	full-20261006	2026-10-06	ICU 72 簡體轉換候選；保留原意；未經使用者接受及母語者審閱；正式採用限制另驗
SHOPTAB#20.2	8559054e97b9c24b	商店２	accepted	53627a69e873c5d5	Codex	full-20261006	2026-10-06	ICU 72 簡體轉換候選；保留原意；未經使用者接受及母語者審閱；正式採用限制另驗
SHOPTAB#20.3	44fc7f12a916fd0a	商店３	accepted	821cc93a08486156	Codex	full-20261006	2026-10-06	ICU 72 簡體轉換候選；保留原意；未經使用者接受及母語者審閱；正式採用限制另驗
SHOPTAB#20.4	0b2d5cbbe7490515	商店４	accepted	2c7e6087c73a9280	Codex	full-20261006	2026-10-06	ICU 72 簡體轉換候選；保留原意；未經使用者接受及母語者審閱；正式採用限制另驗
SHOPTAB#20.5	47f6bc387e7bcb26	商店５	accepted	e5660bdf1776d61f	Codex	full-20261006	2026-10-06	ICU 72 簡體轉換候選；保留原意；未經使用者接受及母語者審閱；正式採用限制另驗
SHOPTAB#20.6	d3625a6681e4211b	商店６	accepted	1c5e3f1f9cf06b79	Codex	full-20261006	2026-10-06	ICU 72 簡體轉換候選；保留原意；未經使用者接受及母語者審閱；正式採用限制另驗
SHOPTAB#20.7	c339cafeadf6c231	商店７	accepted	07fa01ebd39f4510	Codex	full-20261006	2026-10-06	ICU 72 簡體轉換候選；保留原意；未經使用者接受及母語者審閱；正式採用限制另驗
SHOPTAB#21.0	ad030bc58dbd669f	商店０	accepted	4ae3cd3755885b06	Codex	full-20261006	2026-10-06	ICU 72 簡體轉換候選；保留原意；未經使用者接受及母語者審閱；正式採用限制另驗
SHOPTAB#21.1	de2f39ceef3f318c	商店１	accepted	22ac564b39ab3444	Codex	full-20261006	2026-10-06	ICU 72 簡體轉換候選；保留原意；未經使用者接受及母語者審閱；正式採用限制另驗
SHOPTAB#21.2	8559054e97b9c24b	商店２	accepted	53627a69e873c5d5	Codex	full-20261006	2026-10-06	ICU 72 簡體轉換候選；保留原意；未經使用者接受及母語者審閱；正式採用限制另驗
SHOPTAB#21.3	44fc7f12a916fd0a	商店３	accepted	821cc93a08486156	Codex	full-20261006	2026-10-06	ICU 72 簡體轉換候選；保留原意；未經使用者接受及母語者審閱；正式採用限制另驗
SHOPTAB#21.4	0b2d5cbbe7490515	商店４	accepted	2c7e6087c73a9280	Codex	full-20261006	2026-10-06	ICU 72 簡體轉換候選；保留原意；未經使用者接受及母語者審閱；正式採用限制另驗
SHOPTAB#21.5	47f6bc387e7bcb26	商店５	accepted	e5660bdf1776d61f	Codex	full-20261006	2026-10-06	ICU 72 簡體轉換候選；保留原意；未經使用者接受及母語者審閱；正式採用限制另驗
SHOPTAB#21.6	d3625a6681e4211b	商店６	accepted	1c5e3f1f9cf06b79	Codex	full-20261006	2026-10-06	ICU 72 簡體轉換候選；保留原意；未經使用者接受及母語者審閱；正式採用限制另驗
SHOPTAB#21.7	c339cafeadf6c231	商店７	accepted	07fa01ebd39f4510	Codex	full-20261006	2026-10-06	ICU 72 簡體轉換候選；保留原意；未經使用者接受及母語者審閱；正式採用限制另驗
SHOPTAB#22.0	ad030bc58dbd669f	商店０	accepted	4ae3cd3755885b06	Codex	full-20261006	2026-10-06	ICU 72 簡體轉換候選；保留原意；未經使用者接受及母語者審閱；正式採用限制另驗
SHOPTAB#22.1	de2f39ceef3f318c	商店１	accepted	22ac564b39ab3444	Codex	full-20261006	2026-10-06	ICU 72 簡體轉換候選；保留原意；未經使用者接受及母語者審閱；正式採用限制另驗
SHOPTAB#22.2	8559054e97b9c24b	商店２	accepted	53627a69e873c5d5	Codex	full-20261006	2026-10-06	ICU 72 簡體轉換候選；保留原意；未經使用者接受及母語者審閱；正式採用限制另驗
SHOPTAB#22.3	44fc7f12a916fd0a	商店３	accepted	821cc93a08486156	Codex	full-20261006	2026-10-06	ICU 72 簡體轉換候選；保留原意；未經使用者接受及母語者審閱；正式採用限制另驗
SHOPTAB#22.4	0b2d5cbbe7490515	商店４	accepted	2c7e6087c73a9280	Codex	full-20261006	2026-10-06	ICU 72 簡體轉換候選；保留原意；未經使用者接受及母語者審閱；正式採用限制另驗
SHOPTAB#22.5	47f6bc387e7bcb26	商店５	accepted	e5660bdf1776d61f	Codex	full-20261006	2026-10-06	ICU 72 簡體轉換候選；保留原意；未經使用者接受及母語者審閱；正式採用限制另驗
SHOPTAB#22.6	d3625a6681e4211b	商店６	accepted	1c5e3f1f9cf06b79	Codex	full-20261006	2026-10-06	ICU 72 簡體轉換候選；保留原意；未經使用者接受及母語者審閱；正式採用限制另驗
SHOPTAB#22.7	c339cafeadf6c231	商店７	accepted	07fa01ebd39f4510	Codex	full-20261006	2026-10-06	ICU 72 簡體轉換候選；保留原意；未經使用者接受及母語者審閱；正式採用限制另驗
SHOPTAB#23.0	3640225021f1c429	兹恩密奇比的武器店	accepted	87cee37da61b85e5	Codex	full-20261006	2026-10-06	ICU 72 簡體轉換候選；保留原意；未經使用者接受及母語者審閱；正式採用限制另驗
SHOPTAB#23.1	53d63632d93eba01	艾基契马的防具屋	accepted	d0161a3840b5b768	Codex	full-20261006	2026-10-06	ICU 72 簡體轉換候選；保留原意；未經使用者接受及母語者審閱；正式採用限制另驗
SHOPTAB#23.2	2c92e2181a048058	古可哇诺的契约所	accepted	a78e1f25459c6cb0	Codex	full-20261006	2026-10-06	ICU 72 簡體轉換候選；保留原意；未經使用者接受及母語者審閱；正式採用限制另驗
SHOPTAB#23.3	d7eef92dedb3e067	保米艾菲的药局	accepted	e7f36012f31e62db	Codex	full-20261006	2026-10-06	ICU 72 簡體轉換候選；保留原意；未經使用者接受及母語者審閱；正式採用限制另驗
SHOPTAB#23.4	022691b054f64d12	依尼欧恩的道具店	accepted	6f73735050dbd8c1	Codex	full-20261006	2026-10-06	ICU 72 簡體轉換候選；保留原意；未經使用者接受及母語者審閱；正式採用限制另驗
SHOPTAB#23.5	da37dbfed27a8604	鲁艾斯的酒店	accepted	0f1dc32bbd3252f8	Codex	full-20261006	2026-10-06	ICU 72 簡體轉換候選；保留原意；未經使用者接受及母語者審閱；正式採用限制另驗
SHOPTAB#23.6	d3625a6681e4211b	商店６	accepted	1c5e3f1f9cf06b79	Codex	full-20261006	2026-10-06	ICU 72 簡體轉換候選；保留原意；未經使用者接受及母語者審閱；正式採用限制另驗
SHOPTAB#23.7	c339cafeadf6c231	商店７	accepted	07fa01ebd39f4510	Codex	full-20261006	2026-10-06	ICU 72 簡體轉換候選；保留原意；未經使用者接受及母語者審閱；正式採用限制另驗
SHOPTAB#24.0	ad030bc58dbd669f	商店０	accepted	4ae3cd3755885b06	Codex	full-20261006	2026-10-06	ICU 72 簡體轉換候選；保留原意；未經使用者接受及母語者審閱；正式採用限制另驗
SHOPTAB#24.1	de2f39ceef3f318c	商店１	accepted	22ac564b39ab3444	Codex	full-20261006	2026-10-06	ICU 72 簡體轉換候選；保留原意；未經使用者接受及母語者審閱；正式採用限制另驗
SHOPTAB#24.2	8559054e97b9c24b	商店２	accepted	53627a69e873c5d5	Codex	full-20261006	2026-10-06	ICU 72 簡體轉換候選；保留原意；未經使用者接受及母語者審閱；正式採用限制另驗
SHOPTAB#24.3	44fc7f12a916fd0a	商店３	accepted	821cc93a08486156	Codex	full-20261006	2026-10-06	ICU 72 簡體轉換候選；保留原意；未經使用者接受及母語者審閱；正式採用限制另驗
SHOPTAB#24.4	0b2d5cbbe7490515	商店４	accepted	2c7e6087c73a9280	Codex	full-20261006	2026-10-06	ICU 72 簡體轉換候選；保留原意；未經使用者接受及母語者審閱；正式採用限制另驗
SHOPTAB#24.5	47f6bc387e7bcb26	商店５	accepted	e5660bdf1776d61f	Codex	full-20261006	2026-10-06	ICU 72 簡體轉換候選；保留原意；未經使用者接受及母語者審閱；正式採用限制另驗
SHOPTAB#24.6	d3625a6681e4211b	商店６	accepted	1c5e3f1f9cf06b79	Codex	full-20261006	2026-10-06	ICU 72 簡體轉換候選；保留原意；未經使用者接受及母語者審閱；正式採用限制另驗
SHOPTAB#24.7	c339cafeadf6c231	商店７	accepted	07fa01ebd39f4510	Codex	full-20261006	2026-10-06	ICU 72 簡體轉換候選；保留原意；未經使用者接受及母語者審閱；正式採用限制另驗
SHOPTAB#25.0	f2e2cfa4b2e69376	贝依拉的武器店	accepted	2ad89a21bf358c0d	Codex	full-20261006	2026-10-06	ICU 72 簡體轉換候選；保留原意；未經使用者接受及母語者審閱；正式採用限制另驗
SHOPTAB#25.1	c5877ed418778201	德普希鲁诺的防具店	accepted	9e1cf3ff3c0919bf	Codex	full-20261006	2026-10-06	ICU 72 簡體轉換候選；保留原意；未經使用者接受及母語者審閱；正式採用限制另驗
SHOPTAB#25.2	716abbdf46035b4e	狄谷诺米斯契约所	accepted	ae424b6b50fa83fc	Codex	full-20261006	2026-10-06	ICU 72 簡體轉換候選；保留原意；未經使用者接受及母語者審閱；正式採用限制另驗
SHOPTAB#25.3	10556b2aa16859e7	哇拉诺斯的契约所	accepted	410c22b29870740e	Codex	full-20261006	2026-10-06	ICU 72 簡體轉換候選；保留原意；未經使用者接受及母語者審閱；正式採用限制另驗
SHOPTAB#25.4	675883e5398c5d15	奇兹器的药局	accepted	ff442d6a62d55c50	Codex	full-20261006	2026-10-06	ICU 72 簡體轉換候選；保留原意；未經使用者接受及母語者審閱；正式採用限制另驗
SHOPTAB#25.5	b36385c67b2c09fb	特鲁逆斯病院	accepted	dae189cb7b0e2b62	Codex	full-20261006	2026-10-06	ICU 72 簡體轉換候選；保留原意；未經使用者接受及母語者審閱；正式採用限制另驗
SHOPTAB#25.6	e48e618b5b54e7c5	阿鲁姆的道具店	accepted	f71df9399de476b9	Codex	full-20261006	2026-10-06	ICU 72 簡體轉換候選；保留原意；未經使用者接受及母語者審閱；正式採用限制另驗
SHOPTAB#25.7	e0c62f341ba15416	可诺恩的酒店	accepted	1fc6db18102eab8d	Codex	full-20261006	2026-10-06	ICU 72 簡體轉換候選；保留原意；未經使用者接受及母語者審閱；正式採用限制另驗
SHOPTAB#26.0	3f1c0c84af0b0a95	米贝利的武器店	accepted	4de8eb486d61e26b	Codex	full-20261006	2026-10-06	ICU 72 簡體轉換候選；保留原意；未經使用者接受及母語者審閱；正式採用限制另驗
SHOPTAB#26.1	25cb514b9e80360b	雷特逆鲁的防具店	accepted	2dffdcbd4dce5fa1	Codex	full-20261006	2026-10-06	ICU 72 簡體轉換候選；保留原意；未經使用者接受及母語者審閱；正式採用限制另驗
SHOPTAB#26.2	4eda364976ab92e5	西菲系玛的契约所	accepted	1c4e2e049fb0e349	Codex	full-20261006	2026-10-06	ICU 72 簡體轉換候選；保留原意；未經使用者接受及母語者審閱；正式採用限制另驗
SHOPTAB#26.3	a47c4cca13f529ba	艾诺依特的契约所	accepted	b0aecf57f21e464e	Codex	full-20261006	2026-10-06	ICU 72 簡體轉換候選；保留原意；未經使用者接受及母語者審閱；正式採用限制另驗
SHOPTAB#26.4	f06bf64b65b1ccb3	摩谷鲁斯的契约所	accepted	0ce9fb120256e879	Codex	full-20261006	2026-10-06	ICU 72 簡體轉換候選；保留原意；未經使用者接受及母語者審閱；正式採用限制另驗
SHOPTAB#26.5	7c22f7c664491b7b	谷依特鲁的药局	accepted	71724c43f35835d2	Codex	full-20261006	2026-10-06	ICU 72 簡體轉換候選；保留原意；未經使用者接受及母語者審閱；正式採用限制另驗
SHOPTAB#26.6	b6d55662f29060e9	狄比艾飞的道具店	accepted	7addb52a64144575	Codex	full-20261006	2026-10-06	ICU 72 簡體轉換候選；保留原意；未經使用者接受及母語者審閱；正式採用限制另驗
SHOPTAB#26.7	09227aa300b56a90	贝利米艾的酒店	accepted	eb79b803ccf4ca96	Codex	full-20261006	2026-10-06	ICU 72 簡體轉換候選；保留原意；未經使用者接受及母語者審閱；正式採用限制另驗
SHOPTAB#27.0	ad030bc58dbd669f	商店０	accepted	4ae3cd3755885b06	Codex	full-20261006	2026-10-06	ICU 72 簡體轉換候選；保留原意；未經使用者接受及母語者審閱；正式採用限制另驗
SHOPTAB#27.1	de2f39ceef3f318c	商店１	accepted	22ac564b39ab3444	Codex	full-20261006	2026-10-06	ICU 72 簡體轉換候選；保留原意；未經使用者接受及母語者審閱；正式採用限制另驗
SHOPTAB#27.2	8559054e97b9c24b	商店２	accepted	53627a69e873c5d5	Codex	full-20261006	2026-10-06	ICU 72 簡體轉換候選；保留原意；未經使用者接受及母語者審閱；正式採用限制另驗
SHOPTAB#27.3	44fc7f12a916fd0a	商店３	accepted	821cc93a08486156	Codex	full-20261006	2026-10-06	ICU 72 簡體轉換候選；保留原意；未經使用者接受及母語者審閱；正式採用限制另驗
SHOPTAB#27.4	0b2d5cbbe7490515	商店４	accepted	2c7e6087c73a9280	Codex	full-20261006	2026-10-06	ICU 72 簡體轉換候選；保留原意；未經使用者接受及母語者審閱；正式採用限制另驗
SHOPTAB#27.5	47f6bc387e7bcb26	商店５	accepted	e5660bdf1776d61f	Codex	full-20261006	2026-10-06	ICU 72 簡體轉換候選；保留原意；未經使用者接受及母語者審閱；正式採用限制另驗
SHOPTAB#27.6	d3625a6681e4211b	商店６	accepted	1c5e3f1f9cf06b79	Codex	full-20261006	2026-10-06	ICU 72 簡體轉換候選；保留原意；未經使用者接受及母語者審閱；正式採用限制另驗
SHOPTAB#27.7	c339cafeadf6c231	商店７	accepted	07fa01ebd39f4510	Codex	full-20261006	2026-10-06	ICU 72 簡體轉換候選；保留原意；未經使用者接受及母語者審閱；正式採用限制另驗
SHOPTAB#28.0	ad030bc58dbd669f	商店０	accepted	4ae3cd3755885b06	Codex	full-20261006	2026-10-06	ICU 72 簡體轉換候選；保留原意；未經使用者接受及母語者審閱；正式採用限制另驗
SHOPTAB#28.1	de2f39ceef3f318c	商店１	accepted	22ac564b39ab3444	Codex	full-20261006	2026-10-06	ICU 72 簡體轉換候選；保留原意；未經使用者接受及母語者審閱；正式採用限制另驗
SHOPTAB#28.2	8559054e97b9c24b	商店２	accepted	53627a69e873c5d5	Codex	full-20261006	2026-10-06	ICU 72 簡體轉換候選；保留原意；未經使用者接受及母語者審閱；正式採用限制另驗
SHOPTAB#28.3	44fc7f12a916fd0a	商店３	accepted	821cc93a08486156	Codex	full-20261006	2026-10-06	ICU 72 簡體轉換候選；保留原意；未經使用者接受及母語者審閱；正式採用限制另驗
SHOPTAB#28.4	0b2d5cbbe7490515	商店４	accepted	2c7e6087c73a9280	Codex	full-20261006	2026-10-06	ICU 72 簡體轉換候選；保留原意；未經使用者接受及母語者審閱；正式採用限制另驗
SHOPTAB#28.5	47f6bc387e7bcb26	商店５	accepted	e5660bdf1776d61f	Codex	full-20261006	2026-10-06	ICU 72 簡體轉換候選；保留原意；未經使用者接受及母語者審閱；正式採用限制另驗
SHOPTAB#28.6	d3625a6681e4211b	商店６	accepted	1c5e3f1f9cf06b79	Codex	full-20261006	2026-10-06	ICU 72 簡體轉換候選；保留原意；未經使用者接受及母語者審閱；正式採用限制另驗
SHOPTAB#28.7	c339cafeadf6c231	商店７	accepted	07fa01ebd39f4510	Codex	full-20261006	2026-10-06	ICU 72 簡體轉換候選；保留原意；未經使用者接受及母語者審閱；正式採用限制另驗
SHOPTAB#29.0	ea21766916e9be7b	肯鲁特沙武器店	accepted	f0ef0e095d914be6	Codex	full-20261006	2026-10-06	ICU 72 簡體轉換候選；保留原意；未經使用者接受及母語者審閱；正式採用限制另驗
SHOPTAB#29.1	587bfcbeb9345a84	艾狄尼亚防具店	accepted	a309ccfe1887e74a	Codex	full-20261006	2026-10-06	ICU 72 簡體轉換候選；保留原意；未經使用者接受及母語者審閱；正式採用限制另驗
SHOPTAB#29.2	7ca0d7f0746ed580	拉沙沙恩特的契约所	accepted	a82320b10e0ff3a9	Codex	full-20261006	2026-10-06	ICU 72 簡體轉換候選；保留原意；未經使用者接受及母語者審閱；正式採用限制另驗
SHOPTAB#29.3	88e91d8d5f30003d	塔塔诺的药局	accepted	7a95b1cfbc8ff235	Codex	full-20261006	2026-10-06	ICU 72 簡體轉換候選；保留原意；未經使用者接受及母語者審閱；正式採用限制另驗
SHOPTAB#29.4	c5df14d004d815a9	奇肯西伊雅的病院	accepted	5d63ac123d2871c2	Codex	full-20261006	2026-10-06	ICU 72 簡體轉換候選；保留原意；未經使用者接受及母語者審閱；正式採用限制另驗
SHOPTAB#29.5	838516da952e6aa1	狄则伊谷道具店	accepted	7f8a383fef1459d1	Codex	full-20261006	2026-10-06	ICU 72 簡體轉換候選；保留原意；未經使用者接受及母語者審閱；正式採用限制另驗
SHOPTAB#29.6	b960ac1594a8c9a7	雷利摩伊的酒场	accepted	3417d14eb51aaa87	Codex	full-20261006	2026-10-06	ICU 72 簡體轉換候選；保留原意；未經使用者接受及母語者審閱；正式採用限制另驗
SHOPTAB#29.7	42fefbf9327e1f46	力恩予鲁航空机	accepted	22bf25d9f2b6f39f	Codex	full-20261006	2026-10-06	ICU 72 簡體轉換候選；保留原意；未經使用者接受及母語者審閱；正式採用限制另驗
SHOPTAB#30.0	5611cfdb3720941d	艾雷依企的武器店	accepted	b3ef523901b31ac8	Codex	full-20261006	2026-10-06	ICU 72 簡體轉換候選；保留原意；未經使用者接受及母語者審閱；正式採用限制另驗
SHOPTAB#30.1	b493018f92218a7f	特伊力体的防具店	accepted	3bf575fc7f8c5ea0	Codex	full-20261006	2026-10-06	ICU 72 簡體轉換候選；保留原意；未經使用者接受及母語者審閱；正式採用限制另驗
SHOPTAB#30.2	b482db2a097beea1	尼鲁特欧的契约所	accepted	b1175927dc3bf8a3	Codex	full-20261006	2026-10-06	ICU 72 簡體轉換候選；保留原意；未經使用者接受及母語者審閱；正式採用限制另驗
SHOPTAB#30.3	31bf648e8e752d15	卓迪恩基欧药局	accepted	657012a388cd13fc	Codex	full-20261006	2026-10-06	ICU 72 簡體轉換候選；保留原意；未經使用者接受及母語者審閱；正式採用限制另驗
SHOPTAB#30.4	068cf5acfc693dfe	沙奇鲁的道具店	accepted	3a4f15d496ea0dae	Codex	full-20261006	2026-10-06	ICU 72 簡體轉換候選；保留原意；未經使用者接受及母語者審閱；正式採用限制另驗
SHOPTAB#30.5	3413b4f27b2f69be	萨拉巴西的酒店	accepted	da9b2ceb645c8c8d	Codex	full-20261006	2026-10-06	ICU 72 簡體轉換候選；保留原意；未經使用者接受及母語者審閱；正式採用限制另驗
SHOPTAB#30.6	81da966da146673e	卓狄恩基欧大炮店	accepted	732768595340af66	Codex	full-20261006	2026-10-06	ICU 72 簡體轉換候選；保留原意；未經使用者接受及母語者審閱；正式採用限制另驗
SHOPTAB#30.7	d3f9d1b374924ff6	萨契鲁战车店	accepted	68e9ccfd584be397	Codex	full-20261006	2026-10-06	ICU 72 簡體轉換候選；保留原意；未經使用者接受及母語者審閱；正式採用限制另驗
SHOPTAB#31.0	5308f23bda33740e	米特卡恩的武器店	accepted	c36743236cd48b34	Codex	full-20261006	2026-10-06	ICU 72 簡體轉換候選；保留原意；未經使用者接受及母語者審閱；正式採用限制另驗
SHOPTAB#31.1	bd41840b7ec94415	艾菲亚阿的防具店	accepted	77015961939fceae	Codex	full-20261006	2026-10-06	ICU 72 簡體轉換候選；保留原意；未經使用者接受及母語者審閱；正式採用限制另驗
SHOPTAB#31.2	00299783ec61fe5c	西古依恩的契约所	accepted	f3de0a598e100e48	Codex	full-20261006	2026-10-06	ICU 72 簡體轉換候選；保留原意；未經使用者接受及母語者審閱；正式採用限制另驗
SHOPTAB#31.3	62fb83d56be2decd	米欧依奇的契约所	accepted	97a7724295afbfbe	Codex	full-20261006	2026-10-06	ICU 72 簡體轉換候選；保留原意；未經使用者接受及母語者審閱；正式採用限制另驗
SHOPTAB#31.4	d58522933c2be320	玛特诺的药局	accepted	dacc9dffc55ebdc3	Codex	full-20261006	2026-10-06	ICU 72 簡體轉換候選；保留原意；未經使用者接受及母語者審閱；正式採用限制另驗
SHOPTAB#31.5	b12bbab556de7d93	飞依迪鲁的病院	accepted	d30418c5adfea068	Codex	full-20261006	2026-10-06	ICU 72 簡體轉換候選；保留原意；未經使用者接受及母語者審閱；正式採用限制另驗
SHOPTAB#31.6	dd195a9fdcb707d6	狄萨阿依的道具店	accepted	65d3385e21d546f1	Codex	full-20261006	2026-10-06	ICU 72 簡體轉換候選；保留原意；未經使用者接受及母語者審閱；正式採用限制另驗
SHOPTAB#31.7	b2c3a8b4b3e791df	古依欧伊恩酒店	accepted	cf8900d8a98e5318	Codex	full-20261006	2026-10-06	ICU 72 簡體轉換候選；保留原意；未經使用者接受及母語者審閱；正式採用限制另驗
SHOPTAB#32.0	92a67e2018bc916c	逆狄依拉武器店	accepted	ec0df382eba78389	Codex	full-20261006	2026-10-06	ICU 72 簡體轉換候選；保留原意；未經使用者接受及母語者審閱；正式採用限制另驗
SHOPTAB#32.1	d33f2f0713858814	西利巴哇防具店	accepted	ce73e31646a93861	Codex	full-20261006	2026-10-06	ICU 72 簡體轉換候選；保留原意；未經使用者接受及母語者審閱；正式採用限制另驗
SHOPTAB#32.2	30e547424ae361ec	米欧特奇特的契约所	accepted	a4f0bf29b6071af7	Codex	full-20261006	2026-10-06	ICU 72 簡體轉換候選；保留原意；未經使用者接受及母語者審閱；正式採用限制另驗
SHOPTAB#32.3	c4ee0e119cb3f0da	拉黑依特的契约所	accepted	6a7be2b0ca26fb85	Codex	full-20261006	2026-10-06	ICU 72 簡體轉換候選；保留原意；未經使用者接受及母語者審閱；正式採用限制另驗
SHOPTAB#32.4	160ccb53caba0c65	艾西密依尼的药局	accepted	61a2ded64dc4a3d7	Codex	full-20261006	2026-10-06	ICU 72 簡體轉換候選；保留原意；未經使用者接受及母語者審閱；正式採用限制另驗
SHOPTAB#32.5	352d149f6a298a9f	哇恩特的酒店	accepted	dc3821c7b4d2572c	Codex	full-20261006	2026-10-06	ICU 72 簡體轉換候選；保留原意；未經使用者接受及母語者審閱；正式採用限制另驗
SHOPTAB#32.6	d3625a6681e4211b	商店６	accepted	1c5e3f1f9cf06b79	Codex	full-20261006	2026-10-06	ICU 72 簡體轉換候選；保留原意；未經使用者接受及母語者審閱；正式採用限制另驗
SHOPTAB#32.7	c339cafeadf6c231	商店７	accepted	07fa01ebd39f4510	Codex	full-20261006	2026-10-06	ICU 72 簡體轉換候選；保留原意；未經使用者接受及母語者審閱；正式採用限制另驗
SHOPTAB#33.0	ad030bc58dbd669f	商店０	accepted	4ae3cd3755885b06	Codex	full-20261006	2026-10-06	ICU 72 簡體轉換候選；保留原意；未經使用者接受及母語者審閱；正式採用限制另驗
SHOPTAB#33.1	de2f39ceef3f318c	商店１	accepted	22ac564b39ab3444	Codex	full-20261006	2026-10-06	ICU 72 簡體轉換候選；保留原意；未經使用者接受及母語者審閱；正式採用限制另驗
SHOPTAB#33.2	8559054e97b9c24b	商店２	accepted	53627a69e873c5d5	Codex	full-20261006	2026-10-06	ICU 72 簡體轉換候選；保留原意；未經使用者接受及母語者審閱；正式採用限制另驗
SHOPTAB#33.3	44fc7f12a916fd0a	商店３	accepted	821cc93a08486156	Codex	full-20261006	2026-10-06	ICU 72 簡體轉換候選；保留原意；未經使用者接受及母語者審閱；正式採用限制另驗
SHOPTAB#33.4	0b2d5cbbe7490515	商店４	accepted	2c7e6087c73a9280	Codex	full-20261006	2026-10-06	ICU 72 簡體轉換候選；保留原意；未經使用者接受及母語者審閱；正式採用限制另驗
SHOPTAB#33.5	47f6bc387e7bcb26	商店５	accepted	e5660bdf1776d61f	Codex	full-20261006	2026-10-06	ICU 72 簡體轉換候選；保留原意；未經使用者接受及母語者審閱；正式採用限制另驗
SHOPTAB#33.6	d3625a6681e4211b	商店６	accepted	1c5e3f1f9cf06b79	Codex	full-20261006	2026-10-06	ICU 72 簡體轉換候選；保留原意；未經使用者接受及母語者審閱；正式採用限制另驗
SHOPTAB#33.7	c339cafeadf6c231	商店７	accepted	07fa01ebd39f4510	Codex	full-20261006	2026-10-06	ICU 72 簡體轉換候選；保留原意；未經使用者接受及母語者審閱；正式採用限制另驗
SHOPTAB#34.0	ad030bc58dbd669f	商店０	accepted	4ae3cd3755885b06	Codex	full-20261006	2026-10-06	ICU 72 簡體轉換候選；保留原意；未經使用者接受及母語者審閱；正式採用限制另驗
SHOPTAB#34.1	de2f39ceef3f318c	商店１	accepted	22ac564b39ab3444	Codex	full-20261006	2026-10-06	ICU 72 簡體轉換候選；保留原意；未經使用者接受及母語者審閱；正式採用限制另驗
SHOPTAB#34.2	8559054e97b9c24b	商店２	accepted	53627a69e873c5d5	Codex	full-20261006	2026-10-06	ICU 72 簡體轉換候選；保留原意；未經使用者接受及母語者審閱；正式採用限制另驗
SHOPTAB#34.3	44fc7f12a916fd0a	商店３	accepted	821cc93a08486156	Codex	full-20261006	2026-10-06	ICU 72 簡體轉換候選；保留原意；未經使用者接受及母語者審閱；正式採用限制另驗
SHOPTAB#34.4	0b2d5cbbe7490515	商店４	accepted	2c7e6087c73a9280	Codex	full-20261006	2026-10-06	ICU 72 簡體轉換候選；保留原意；未經使用者接受及母語者審閱；正式採用限制另驗
SHOPTAB#34.5	47f6bc387e7bcb26	商店５	accepted	e5660bdf1776d61f	Codex	full-20261006	2026-10-06	ICU 72 簡體轉換候選；保留原意；未經使用者接受及母語者審閱；正式採用限制另驗
SHOPTAB#34.6	d3625a6681e4211b	商店６	accepted	1c5e3f1f9cf06b79	Codex	full-20261006	2026-10-06	ICU 72 簡體轉換候選；保留原意；未經使用者接受及母語者審閱；正式採用限制另驗
SHOPTAB#34.7	c339cafeadf6c231	商店７	accepted	07fa01ebd39f4510	Codex	full-20261006	2026-10-06	ICU 72 簡體轉換候選；保留原意；未經使用者接受及母語者審閱；正式採用限制另驗
SHOPTAB#35.0	426ee34761b2b7b8	利沙尼艾的武器店	accepted	85b2687e88324bac	Codex	full-20261006	2026-10-06	ICU 72 簡體轉換候選；保留原意；未經使用者接受及母語者審閱；正式採用限制另驗
SHOPTAB#35.1	7a1ad73d7e39203d	鲁依密亚的防具店	accepted	b4b7560dac09b512	Codex	full-20261006	2026-10-06	ICU 72 簡體轉換候選；保留原意；未經使用者接受及母語者審閱；正式採用限制另驗
SHOPTAB#35.2	f141688bd4629cee	荷拉尼迪恩契约所	accepted	9f99b803df4eed5b	Codex	full-20261006	2026-10-06	ICU 72 簡體轉換候選；保留原意；未經使用者接受及母語者審閱；正式採用限制另驗
SHOPTAB#35.3	0a0c7f1b7c98ae74	禾可伊谷的药局	accepted	f059a3279f89a33a	Codex	full-20261006	2026-10-06	ICU 72 簡體轉換候選；保留原意；未經使用者接受及母語者審閱；正式採用限制另驗
SHOPTAB#35.4	5ba8a6b7e16053aa	狄特伊伊的病院	accepted	8af38c6fe1114187	Codex	full-20261006	2026-10-06	ICU 72 簡體轉換候選；保留原意；未經使用者接受及母語者審閱；正式採用限制另驗
SHOPTAB#35.5	49d08bfc2988c487	贝里可亚的道具店	accepted	e5b16996b3188d53	Codex	full-20261006	2026-10-06	ICU 72 簡體轉換候選；保留原意；未經使用者接受及母語者審閱；正式採用限制另驗
SHOPTAB#35.6	f69329ce04e085dd	巴哇萨恩特酒店	accepted	849a201f78702404	Codex	full-20261006	2026-10-06	ICU 72 簡體轉換候選；保留原意；未經使用者接受及母語者審閱；正式採用限制另驗
SHOPTAB#35.7	a90e28fcf4106984	背鲁西贝航空机	accepted	ee7eccac5892f771	Codex	full-20261006	2026-10-06	ICU 72 簡體轉換候選；保留原意；未經使用者接受及母語者審閱；正式採用限制另驗
SHOPTAB#36.0	dfb6bc7119805495	希诺伊妮武器店	accepted	a526e9c17866d794	Codex	full-20261006	2026-10-06	ICU 72 簡體轉換候選；保留原意；未經使用者接受及母語者審閱；正式採用限制另驗
SHOPTAB#36.1	7840d74f20d9206e	萨欧奇拉斯防具	accepted	8247664afa1a4e23	Codex	full-20261006	2026-10-06	ICU 72 簡體轉換候選；保留原意；未經使用者接受及母語者審閱；正式採用限制另驗
SHOPTAB#36.2	461b9e0bb4550681	特鲁伊狄契约所	accepted	39551d17cf6b194c	Codex	full-20261006	2026-10-06	ICU 72 簡體轉換候選；保留原意；未經使用者接受及母語者審閱；正式採用限制另驗
SHOPTAB#36.3	dfbf7cbb1e732529	利迪卡特药局	accepted	40c0eb66967497bb	Codex	full-20261006	2026-10-06	ICU 72 簡體轉換候選；保留原意；未經使用者接受及母語者審閱；正式採用限制另驗
SHOPTAB#36.4	d983337cd5c060c1	亚大卡欧斯药局	accepted	89e649ef2809aaed	Codex	full-20261006	2026-10-06	ICU 72 簡體轉換候選；保留原意；未經使用者接受及母語者審閱；正式採用限制另驗
SHOPTAB#36.5	ebc0097d0f6a4004	西特艾亚药局	accepted	c9c9fe44db49685b	Codex	full-20261006	2026-10-06	ICU 72 簡體轉換候選；保留原意；未經使用者接受及母語者審閱；正式採用限制另驗
SHOPTAB#36.6	a47d1a40a4362ba4	卡拉萨诺道具	accepted	86239ee7ff846256	Codex	full-20261006	2026-10-06	ICU 72 簡體轉換候選；保留原意；未經使用者接受及母語者審閱；正式採用限制另驗
SHOPTAB#36.7	255ad1e377e64af5	盖伊可斯的酒店	accepted	600859bc95ac3640	Codex	full-20261006	2026-10-06	ICU 72 簡體轉換候選；保留原意；未經使用者接受及母語者審閱；正式採用限制另驗
SHOPTAB#37.0	7039c8f375cba332	亚萨西哇斯的武器店	accepted	7e596126d4ad0015	Codex	full-20261006	2026-10-06	ICU 72 簡體轉換候選；保留原意；未經使用者接受及母語者審閱；正式採用限制另驗
SHOPTAB#37.1	de94bb34c79e9e3f	鲁伊逆艾防具店	accepted	90d9f1f8526b43e2	Codex	full-20261006	2026-10-06	ICU 72 簡體轉換候選；保留原意；未經使用者接受及母語者審閱；正式採用限制另驗
SHOPTAB#37.2	314a74bc08e617b5	塔拉盖契约所	accepted	1d8f516eb03c4bf3	Codex	full-20261006	2026-10-06	ICU 72 簡體轉換候選；保留原意；未經使用者接受及母語者審閱；正式採用限制另驗
SHOPTAB#37.3	535e74ab9bf47f8b	开拉斯契约所	accepted	253dd6aab3b17f10	Codex	full-20261006	2026-10-06	ICU 72 簡體轉換候選；保留原意；未經使用者接受及母語者審閱；正式採用限制另驗
SHOPTAB#37.4	3e0165104755690b	大基特伊诺药局	accepted	f8c8cab2b76bf182	Codex	full-20261006	2026-10-06	ICU 72 簡體轉換候選；保留原意；未經使用者接受及母語者審閱；正式採用限制另驗
SHOPTAB#37.5	4ad8780168ff547d	欧伊伊迪道具店	accepted	6bf8644b01619002	Codex	full-20261006	2026-10-06	ICU 72 簡體轉換候選；保留原意；未經使用者接受及母語者審閱；正式採用限制另驗
SHOPTAB#37.6	c7f277a2564a4422	利开亚巴恩的酒店	accepted	3323d3a99a55f22d	Codex	full-20261006	2026-10-06	ICU 72 簡體轉換候選；保留原意；未經使用者接受及母語者審閱；正式採用限制另驗
SHOPTAB#37.7	7a0a32274ae6ab7d	亚哈恩哲战车店	accepted	c7a0ab27a24e0784	Codex	full-20261006	2026-10-06	ICU 72 簡體轉換候選；保留原意；未經使用者接受及母語者審閱；正式採用限制另驗
SHOPTAB#38.0	f760a464f1d72d10	利鲁塔欧的武器店	accepted	2357baaa8008644d	Codex	full-20261006	2026-10-06	ICU 72 簡體轉換候選；保留原意；未經使用者接受及母語者審閱；正式採用限制另驗
SHOPTAB#38.1	b503013e9cd187b9	诺古黑姆的防具店	accepted	3c921c94ca5e2f8a	Codex	full-20261006	2026-10-06	ICU 72 簡體轉換候選；保留原意；未經使用者接受及母語者審閱；正式採用限制另驗
SHOPTAB#38.2	d8007f836d8c739e	普雷亚皆亚的契约所	accepted	5315bf3b374be825	Codex	full-20261006	2026-10-06	ICU 72 簡體轉換候選；保留原意；未經使用者接受及母語者審閱；正式採用限制另驗
SHOPTAB#38.3	0b4d9f7bea5b8400	伦予特亚契约所	accepted	58e861e9ee8b7329	Codex	full-20261006	2026-10-06	ICU 72 簡體轉換候選；保留原意；未經使用者接受及母語者審閱；正式採用限制另驗
SHOPTAB#38.4	c65dc31383a690ea	西西拉巴塔的道具店	accepted	cee14d93307a06cd	Codex	full-20261006	2026-10-06	ICU 72 簡體轉換候選；保留原意；未經使用者接受及母語者審閱；正式採用限制另驗
SHOPTAB#38.5	3bb637ddcda2c2ad	盖鲁亚恩的道具店	accepted	691cab360770a1be	Codex	full-20261006	2026-10-06	ICU 72 簡體轉換候選；保留原意；未經使用者接受及母語者審閱；正式採用限制另驗
SHOPTAB#38.6	ee539c2dced77941	拉鲁高的酒店	accepted	791cb9069a84cce1	Codex	full-20261006	2026-10-06	ICU 72 簡體轉換候選；保留原意；未經使用者接受及母語者審閱；正式採用限制另驗
SHOPTAB#38.7	386f7c506613baf3	雷卡诺大炮店	accepted	4a67fc39d303ad36	Codex	full-20261006	2026-10-06	ICU 72 簡體轉換候選；保留原意；未經使用者接受及母語者審閱；正式採用限制另驗
SHOPTAB#39.0	79842c386cfd8716	戈卡伊诺武器店	accepted	13d33495a4c23030	Codex	full-20261006	2026-10-06	ICU 72 簡體轉換候選；保留原意；未經使用者接受及母語者審閱；正式採用限制另驗
SHOPTAB#39.1	aab17fa0aae2adb3	谷姆伊斯的防具店	accepted	62dd79b5859c3d48	Codex	full-20261006	2026-10-06	ICU 72 簡體轉換候選；保留原意；未經使用者接受及母語者審閱；正式採用限制另驗
SHOPTAB#39.2	1c4a69a68cb825bc	西恩基予的契约所	accepted	22bd1a825a608a7a	Codex	full-20261006	2026-10-06	ICU 72 簡體轉換候選；保留原意；未經使用者接受及母語者審閱；正式採用限制另驗
SHOPTAB#39.3	d613c49e74484477	沙拉拉药局	accepted	c882e543382353c7	Codex	full-20261006	2026-10-06	ICU 72 簡體轉換候選；保留原意；未經使用者接受及母語者審閱；正式採用限制另驗
SHOPTAB#39.4	ef4364fa0c45a72f	特诺恩特斯的道具店	accepted	8f91695d2796bbda	Codex	full-20261006	2026-10-06	ICU 72 簡體轉換候選；保留原意；未經使用者接受及母語者審閱；正式採用限制另驗
SHOPTAB#39.5	f3339b385cd26e83	诺予拉伊恩的酒店	accepted	5b1c7922b4360cff	Codex	full-20261006	2026-10-06	ICU 72 簡體轉換候選；保留原意；未經使用者接受及母語者審閱；正式採用限制另驗
SHOPTAB#39.6	d3625a6681e4211b	商店６	accepted	1c5e3f1f9cf06b79	Codex	full-20261006	2026-10-06	ICU 72 簡體轉換候選；保留原意；未經使用者接受及母語者審閱；正式採用限制另驗
SHOPTAB#39.7	c339cafeadf6c231	商店７	accepted	07fa01ebd39f4510	Codex	full-20261006	2026-10-06	ICU 72 簡體轉換候選；保留原意；未經使用者接受及母語者審閱；正式採用限制另驗
SHOPTAB#40.0	987ca8fbd4cde565	凯西菲契约所	accepted	88fe67e71409dc63	Codex	full-20261006	2026-10-06	ICU 72 簡體轉換候選；保留原意；未經使用者接受及母語者審閱；正式採用限制另驗
SHOPTAB#40.1	d7f880734a5cc327	艾比基恩契约所	accepted	76c685dbf3565261	Codex	full-20261006	2026-10-06	ICU 72 簡體轉換候選；保留原意；未經使用者接受及母語者審閱；正式採用限制另驗
SHOPTAB#40.2	2a6c44b9f708baee	凯诺凯诺契约所	accepted	139b52e2780ca5f5	Codex	full-20261006	2026-10-06	ICU 72 簡體轉換候選；保留原意；未經使用者接受及母語者審閱；正式採用限制另驗
SHOPTAB#40.3	7dc0411a3556b6c7	艾米雷玛契约所	accepted	54f8318445bc2b22	Codex	full-20261006	2026-10-06	ICU 72 簡體轉換候選；保留原意；未經使用者接受及母語者審閱；正式採用限制另驗
SHOPTAB#40.4	599af1f44652ad76	巴伊又恩契约所	accepted	8cd990c7bd67b3e4	Codex	full-20261006	2026-10-06	ICU 72 簡體轉換候選；保留原意；未經使用者接受及母語者審閱；正式採用限制另驗
SHOPTAB#40.5	57bb048e5872d4d1	柏米诺利的酒店	accepted	ef4cb0034e1914e2	Codex	full-20261006	2026-10-06	ICU 72 簡體轉換候選；保留原意；未經使用者接受及母語者審閱；正式採用限制另驗
SHOPTAB#40.6	7b7705304eb6322f	大特恩航空机	accepted	c033fed40c1b6cf3	Codex	full-20261006	2026-10-06	ICU 72 簡體轉換候選；保留原意；未經使用者接受及母語者審閱；正式採用限制另驗
SHOPTAB#40.7	a10445c4a5a2bd60	利奇亚航空机	accepted	44a95b81ff1a4e8f	Codex	full-20261006	2026-10-06	ICU 72 簡體轉換候選；保留原意；未經使用者接受及母語者審閱；正式採用限制另驗
SHOPTAB#41.0	7031379e484122a5	诺基艾欧恩武器店	accepted	9753e7909095be9f	Codex	full-20261006	2026-10-06	ICU 72 簡體轉換候選；保留原意；未經使用者接受及母語者審閱；正式採用限制另驗
SHOPTAB#41.1	b1dde27ed6fb5cd8	基匿米摩武器店	accepted	4efff27af57c08ad	Codex	full-20261006	2026-10-06	ICU 72 簡體轉換候選；保留原意；未經使用者接受及母語者審閱；正式採用限制另驗
SHOPTAB#41.2	24c2eac7d6d60dbb	亦鲁美武器店	accepted	51ed74717232d299	Codex	full-20261006	2026-10-06	ICU 72 簡體轉換候選；保留原意；未經使用者接受及母語者審閱；正式採用限制另驗
SHOPTAB#41.3	616c8c2f6010e5a4	基鲁姆防具店	accepted	019be85744f4867f	Codex	full-20261006	2026-10-06	ICU 72 簡體轉換候選；保留原意；未經使用者接受及母語者審閱；正式採用限制另驗
SHOPTAB#41.4	c9453d5e1749d867	诺姆比菲亚斯防具店	accepted	3d2dbc17fbfbb05d	Codex	full-20261006	2026-10-06	ICU 72 簡體轉換候選；保留原意；未經使用者接受及母語者審閱；正式採用限制另驗
SHOPTAB#41.5	a03af8ad14dd8e38	利诺伦比防具店	accepted	f857b977cebe3296	Codex	full-20261006	2026-10-06	ICU 72 簡體轉換候選；保留原意；未經使用者接受及母語者審閱；正式採用限制另驗
SHOPTAB#41.6	955fdab919c1d5f4	拉比昧契约所	accepted	6bc9e291884a79d7	Codex	full-20261006	2026-10-06	ICU 72 簡體轉換候選；保留原意；未經使用者接受及母語者審閱；正式採用限制另驗
SHOPTAB#41.7	a3eca0550d70ce92	卡伊西鲁的酒店	accepted	26b0c31eb0a73f0e	Codex	full-20261006	2026-10-06	ICU 72 簡體轉換候選；保留原意；未經使用者接受及母語者審閱；正式採用限制另驗
SHOPTAB#42.0	8f3deda118000840	巴帝基武器店	accepted	698350e9770427a6	Codex	full-20261006	2026-10-06	ICU 72 簡體轉換候選；保留原意；未經使用者接受及母語者審閱；正式採用限制另驗
SHOPTAB#42.1	bdcd39affbb24ba5	美狄基恩防具店	accepted	38ded3fa06a2bfdd	Codex	full-20261006	2026-10-06	ICU 72 簡體轉換候選；保留原意；未經使用者接受及母語者審閱；正式採用限制另驗
SHOPTAB#42.2	2c17db8fd59c3ac0	伦伊欧米亚契约所	accepted	b8bb52e7c46a511b	Codex	full-20261006	2026-10-06	ICU 72 簡體轉換候選；保留原意；未經使用者接受及母語者審閱；正式採用限制另驗
SHOPTAB#42.3	79701139fa5f84e9	哈顿伊药局	accepted	c0adcbd61d39d453	Codex	full-20261006	2026-10-06	ICU 72 簡體轉換候選；保留原意；未經使用者接受及母語者審閱；正式採用限制另驗
SHOPTAB#42.4	de987b5dbd88d909	德谷尼诺卡病院	accepted	df7f9bf8ba4e45d8	Codex	full-20261006	2026-10-06	ICU 72 簡體轉換候選；保留原意；未經使用者接受及母語者審閱；正式採用限制另驗
SHOPTAB#42.5	e3f1ba2906d13e0c	亚伊艾拉道具店	accepted	dcd421d6af7a6a20	Codex	full-20261006	2026-10-06	ICU 72 簡體轉換候選；保留原意；未經使用者接受及母語者審閱；正式採用限制另驗
SHOPTAB#42.6	682ab5b6389ea5d4	巴乃艾姆得酒店	accepted	0ea8359d4fa01343	Codex	full-20261006	2026-10-06	ICU 72 簡體轉換候選；保留原意；未經使用者接受及母語者審閱；正式採用限制另驗
SHOPTAB#42.7	1fef44fedb6c8cb9	卡欧可力大炮店	accepted	14a68b26d9ee5d4f	Codex	full-20261006	2026-10-06	ICU 72 簡體轉換候選；保留原意；未經使用者接受及母語者審閱；正式採用限制另驗
SHOPTAB#43.0	a12fc874ab0e0aa4	杰基亚谷武器店	accepted	9c9b6cc2eb544fed	Codex	full-20261006	2026-10-06	ICU 72 簡體轉換候選；保留原意；未經使用者接受及母語者審閱；正式採用限制另驗
SHOPTAB#43.1	29de841560a64fb6	雷诺亚防具店	accepted	c586a08b0f8fdda3	Codex	full-20261006	2026-10-06	ICU 72 簡體轉換候選；保留原意；未經使用者接受及母語者審閱；正式採用限制另驗
SHOPTAB#43.2	fe17d8ae445d7382	诺伊特恩契约所	accepted	3ff56b916570ece4	Codex	full-20261006	2026-10-06	ICU 72 簡體轉換候選；保留原意；未經使用者接受及母語者審閱；正式採用限制另驗
SHOPTAB#43.3	74d68efac718b01e	利贝斯药局	accepted	9693d26f765bf13a	Codex	full-20261006	2026-10-06	ICU 72 簡體轉換候選；保留原意；未經使用者接受及母語者審閱；正式採用限制另驗
SHOPTAB#43.4	5cbf866a0a992fc0	鲁飞特鲁道具店	accepted	2108f6d0aea7fe0a	Codex	full-20261006	2026-10-06	ICU 72 簡體轉換候選；保留原意；未經使用者接受及母語者審閱；正式採用限制另驗
SHOPTAB#43.5	51bc8f7e1832dee7	塔哈鲁尼的酒店	accepted	fd37b0d2752d99d7	Codex	full-20261006	2026-10-06	ICU 72 簡體轉換候選；保留原意；未經使用者接受及母語者審閱；正式採用限制另驗
SHOPTAB#43.6	ed85d19561c210f5	狄萨利伊鲁航空机	accepted	243ed176d475d563	Codex	full-20261006	2026-10-06	ICU 72 簡體轉換候選；保留原意；未經使用者接受及母語者審閱；正式採用限制另驗
SHOPTAB#43.7	e48ff08172132e89	米萨迪大炮店	accepted	1f963d2c9c9fb705	Codex	full-20261006	2026-10-06	ICU 72 簡體轉換候選；保留原意；未經使用者接受及母語者審閱；正式採用限制另驗
SHOPTAB#44.0	3bcaac83e8291e7d	莎雷鲁武器店	accepted	0bd6484d9d13c42b	Codex	full-20261006	2026-10-06	ICU 72 簡體轉換候選；保留原意；未經使用者接受及母語者審閱；正式採用限制另驗
SHOPTAB#44.1	25fc2666d33f876f	普杰伊鲁武器店	accepted	67f0cc6285f362de	Codex	full-20261006	2026-10-06	ICU 72 簡體轉換候選；保留原意；未經使用者接受及母語者審閱；正式採用限制另驗
SHOPTAB#44.2	26e31416f75914e9	雷米可亚防具店	accepted	71f579a025f95b57	Codex	full-20261006	2026-10-06	ICU 72 簡體轉換候選；保留原意；未經使用者接受及母語者審閱；正式採用限制另驗
SHOPTAB#44.3	8481e8c2cf6bba45	西予塔恩斯防具店	accepted	f65e042c08ef2060	Codex	full-20261006	2026-10-06	ICU 72 簡體轉換候選；保留原意；未經使用者接受及母語者審閱；正式採用限制另驗
SHOPTAB#44.4	a7101530cfdeeb6e	诺特尼利契约所	accepted	16c33dd9040ba85c	Codex	full-20261006	2026-10-06	ICU 72 簡體轉換候選；保留原意；未經使用者接受及母語者審閱；正式採用限制另驗
SHOPTAB#44.5	afea3b22c4cdf505	伊利雷奇契约所	accepted	29d8115695ee4851	Codex	full-20261006	2026-10-06	ICU 72 簡體轉換候選；保留原意；未經使用者接受及母語者審閱；正式採用限制另驗
SHOPTAB#44.6	68db4e8555dfd2b1	法雷诺恩病院	accepted	b26140d43a51a4e1	Codex	full-20261006	2026-10-06	ICU 72 簡體轉換候選；保留原意；未經使用者接受及母語者審閱；正式採用限制另驗
SHOPTAB#44.7	dcc89cc89dc23909	滋尼伊大的酒店	accepted	57e50a79b6941202	Codex	full-20261006	2026-10-06	ICU 72 簡體轉換候選；保留原意；未經使用者接受及母語者審閱；正式採用限制另驗
SHOPTAB#45.0	d780df32642a1e2c	柏拉兹肯斯武器店	accepted	4b978c56455f5d10	Codex	full-20261006	2026-10-06	ICU 72 簡體轉換候選；保留原意；未經使用者接受及母語者審閱；正式採用限制另驗
SHOPTAB#45.1	b81df3a78ac6a982	拉塔特伊特防具店	accepted	fa2a473faa874078	Codex	full-20261006	2026-10-06	ICU 72 簡體轉換候選；保留原意；未經使用者接受及母語者審閱；正式採用限制另驗
SHOPTAB#45.2	884277ff674523c4	拉西折斯契约所	accepted	cc52390550c7020e	Codex	full-20261006	2026-10-06	ICU 72 簡體轉換候選；保留原意；未經使用者接受及母語者審閱；正式採用限制另驗
SHOPTAB#45.3	c9f7bc36a11bd0be	棋利雷斯药局	accepted	d79bacee0bf5af46	Codex	full-20261006	2026-10-06	ICU 72 簡體轉換候選；保留原意；未經使用者接受及母語者審閱；正式採用限制另驗
SHOPTAB#45.4	38d5451b99bcd289	拉利奇雅病院	accepted	0835180f37baaeb1	Codex	full-20261006	2026-10-06	ICU 72 簡體轉換候選；保留原意；未經使用者接受及母語者審閱；正式採用限制另驗
SHOPTAB#45.5	e57e39016bdfa3cb	索鲁艾那道具店	accepted	d19f49a95f73c93f	Codex	full-20261006	2026-10-06	ICU 72 簡體轉換候選；保留原意；未經使用者接受及母語者審閱；正式採用限制另驗
SHOPTAB#45.6	afa36b2b4d4d7f52	特固斯纳姆的酒店	accepted	b329a014999b7344	Codex	full-20261006	2026-10-06	ICU 72 簡體轉換候選；保留原意；未經使用者接受及母語者審閱；正式採用限制另驗
SHOPTAB#45.7	75066be87e16078f	亚伊柏大炮店	accepted	31ac0f71e1f71428	Codex	full-20261006	2026-10-06	ICU 72 簡體轉換候選；保留原意；未經使用者接受及母語者審閱；正式採用限制另驗
SHOPTAB#46.0	1bce67001009c748	西艾契伊斯武器店	accepted	02c25cbeef7ad284	Codex	full-20261006	2026-10-06	ICU 72 簡體轉換候選；保留原意；未經使用者接受及母語者審閱；正式採用限制另驗
SHOPTAB#46.1	42a7e0fbdd1be70f	塔坦底斯武器店	accepted	927ea44e32824895	Codex	full-20261006	2026-10-06	ICU 72 簡體轉換候選；保留原意；未經使用者接受及母語者審閱；正式採用限制另驗
SHOPTAB#46.2	97ab3b54901845c2	鲁依则恩防具店	accepted	a79df8cc6e343e07	Codex	full-20261006	2026-10-06	ICU 72 簡體轉換候選；保留原意；未經使用者接受及母語者審閱；正式採用限制另驗
SHOPTAB#46.3	c144266333720376	荷基索恩防具店	accepted	16421dbc1db36dca	Codex	full-20261006	2026-10-06	ICU 72 簡體轉換候選；保留原意；未經使用者接受及母語者審閱；正式採用限制另驗
SHOPTAB#46.4	43d387df86532a07	萨羽特恩契约所	accepted	ecee23c876d8254e	Codex	full-20261006	2026-10-06	ICU 72 簡體轉換候選；保留原意；未經使用者接受及母語者審閱；正式採用限制另驗
SHOPTAB#46.5	938f6e3f74b3299e	佑利恩药局	accepted	d57e05ecf571d2ad	Codex	full-20261006	2026-10-06	ICU 72 簡體轉換候選；保留原意；未經使用者接受及母語者審閱；正式採用限制另驗
SHOPTAB#46.6	26823e13ebde5602	雷伊狄亚病院	accepted	7fa2a0db01ac7ab5	Codex	full-20261006	2026-10-06	ICU 72 簡體轉換候選；保留原意；未經使用者接受及母語者審閱；正式採用限制另驗
SHOPTAB#46.7	0083a2e4bba5e776	沙比兹鲁的酒店	accepted	80e13a503e900a93	Codex	full-20261006	2026-10-06	ICU 72 簡體轉換候選；保留原意；未經使用者接受及母語者審閱；正式採用限制另驗
SHOPTAB#47.0	ad030bc58dbd669f	商店０	accepted	4ae3cd3755885b06	Codex	full-20261006	2026-10-06	ICU 72 簡體轉換候選；保留原意；未經使用者接受及母語者審閱；正式採用限制另驗
SHOPTAB#47.1	de2f39ceef3f318c	商店１	accepted	22ac564b39ab3444	Codex	full-20261006	2026-10-06	ICU 72 簡體轉換候選；保留原意；未經使用者接受及母語者審閱；正式採用限制另驗
SHOPTAB#47.2	8559054e97b9c24b	商店２	accepted	53627a69e873c5d5	Codex	full-20261006	2026-10-06	ICU 72 簡體轉換候選；保留原意；未經使用者接受及母語者審閱；正式採用限制另驗
SHOPTAB#47.3	44fc7f12a916fd0a	商店３	accepted	821cc93a08486156	Codex	full-20261006	2026-10-06	ICU 72 簡體轉換候選；保留原意；未經使用者接受及母語者審閱；正式採用限制另驗
SHOPTAB#47.4	0b2d5cbbe7490515	商店４	accepted	2c7e6087c73a9280	Codex	full-20261006	2026-10-06	ICU 72 簡體轉換候選；保留原意；未經使用者接受及母語者審閱；正式採用限制另驗
SHOPTAB#47.5	47f6bc387e7bcb26	商店５	accepted	e5660bdf1776d61f	Codex	full-20261006	2026-10-06	ICU 72 簡體轉換候選；保留原意；未經使用者接受及母語者審閱；正式採用限制另驗
SHOPTAB#47.6	d3625a6681e4211b	商店６	accepted	1c5e3f1f9cf06b79	Codex	full-20261006	2026-10-06	ICU 72 簡體轉換候選；保留原意；未經使用者接受及母語者審閱；正式採用限制另驗
SHOPTAB#47.7	c339cafeadf6c231	商店７	accepted	07fa01ebd39f4510	Codex	full-20261006	2026-10-06	ICU 72 簡體轉換候選；保留原意；未經使用者接受及母語者審閱；正式採用限制另驗
SHOPTAB#48.0	ad030bc58dbd669f	商店０	accepted	4ae3cd3755885b06	Codex	full-20261006	2026-10-06	ICU 72 簡體轉換候選；保留原意；未經使用者接受及母語者審閱；正式採用限制另驗
SHOPTAB#48.1	de2f39ceef3f318c	商店１	accepted	22ac564b39ab3444	Codex	full-20261006	2026-10-06	ICU 72 簡體轉換候選；保留原意；未經使用者接受及母語者審閱；正式採用限制另驗
SHOPTAB#48.2	8559054e97b9c24b	商店２	accepted	53627a69e873c5d5	Codex	full-20261006	2026-10-06	ICU 72 簡體轉換候選；保留原意；未經使用者接受及母語者審閱；正式採用限制另驗
SHOPTAB#48.3	44fc7f12a916fd0a	商店３	accepted	821cc93a08486156	Codex	full-20261006	2026-10-06	ICU 72 簡體轉換候選；保留原意；未經使用者接受及母語者審閱；正式採用限制另驗
SHOPTAB#48.4	0b2d5cbbe7490515	商店４	accepted	2c7e6087c73a9280	Codex	full-20261006	2026-10-06	ICU 72 簡體轉換候選；保留原意；未經使用者接受及母語者審閱；正式採用限制另驗
SHOPTAB#48.5	47f6bc387e7bcb26	商店５	accepted	e5660bdf1776d61f	Codex	full-20261006	2026-10-06	ICU 72 簡體轉換候選；保留原意；未經使用者接受及母語者審閱；正式採用限制另驗
SHOPTAB#48.6	d3625a6681e4211b	商店６	accepted	1c5e3f1f9cf06b79	Codex	full-20261006	2026-10-06	ICU 72 簡體轉換候選；保留原意；未經使用者接受及母語者審閱；正式採用限制另驗
SHOPTAB#48.7	c339cafeadf6c231	商店７	accepted	07fa01ebd39f4510	Codex	full-20261006	2026-10-06	ICU 72 簡體轉換候選；保留原意；未經使用者接受及母語者審閱；正式採用限制另驗
SHOPTAB#49.0	322c4d209c1bc43e	巴沙尼斯武器店	accepted	610b11b7a6311d46	Codex	full-20261006	2026-10-06	ICU 72 簡體轉換候選；保留原意；未經使用者接受及母語者審閱；正式採用限制另驗
SHOPTAB#49.1	c5358326a403081d	拉古诺斯防具店	accepted	9a75553be229653f	Codex	full-20261006	2026-10-06	ICU 72 簡體轉換候選；保留原意；未經使用者接受及母語者審閱；正式採用限制另驗
SHOPTAB#49.2	6bb2ac9286063aa2	哈塔拉恩契约所	accepted	660e34345a78fa2e	Codex	full-20261006	2026-10-06	ICU 72 簡體轉換候選；保留原意；未經使用者接受及母語者審閱；正式採用限制另驗
SHOPTAB#49.3	0831a0d449beba43	特诺斯狄契约所	accepted	c8f5dcdfe44ef6d7	Codex	full-20261006	2026-10-06	ICU 72 簡體轉換候選；保留原意；未經使用者接受及母語者審閱；正式採用限制另驗
SHOPTAB#49.4	10e2501025ffb8ff	扎玛基鲁药局	accepted	b48cf1398ce1affb	Codex	full-20261006	2026-10-06	ICU 72 簡體轉換候選；保留原意；未經使用者接受及母語者審閱；正式採用限制另驗
SHOPTAB#49.5	e978efe946303de1	沙古尼亚病院	accepted	c12815cf951446f4	Codex	full-20261006	2026-10-06	ICU 72 簡體轉換候選；保留原意；未經使用者接受及母語者審閱；正式採用限制另驗
SHOPTAB#49.6	292468d63fa9a91e	荷伊特道具店	accepted	d57054fd33a03918	Codex	full-20261006	2026-10-06	ICU 72 簡體轉換候選；保留原意；未經使用者接受及母語者審閱；正式採用限制另驗
SHOPTAB#49.7	decf118ce5d2c58a	拉伊奈斯的酒店	accepted	d3e5296fde0d66c2	Codex	full-20261006	2026-10-06	ICU 72 簡體轉換候選；保留原意；未經使用者接受及母語者審閱；正式採用限制另驗
SHOPTAB#50.0	62e471a781946ffc	狄依姆的武器店	accepted	59cec760af55d312	Codex	full-20261006	2026-10-06	ICU 72 簡體轉換候選；保留原意；未經使用者接受及母語者審閱；正式採用限制另驗
SHOPTAB#50.1	feac86c6d5b4d3e0	美塔萨妃防具店	accepted	53b217220f6b3404	Codex	full-20261006	2026-10-06	ICU 72 簡體轉換候選；保留原意；未經使用者接受及母語者審閱；正式採用限制另驗
SHOPTAB#50.2	db2e69f12ba91c50	拉卡斯契约所	accepted	c4e04d24dec04ae5	Codex	full-20261006	2026-10-06	ICU 72 簡體轉換候選；保留原意；未經使用者接受及母語者審閱；正式採用限制另驗
SHOPTAB#50.3	8c79d0f112004225	塔美鲁索亚药局	accepted	414a32b402f17731	Codex	full-20261006	2026-10-06	ICU 72 簡體轉換候選；保留原意；未經使用者接受及母語者審閱；正式採用限制另驗
SHOPTAB#50.4	b57da9b2b760745a	亚伊诺恩道具店	accepted	7367b7f136e9cfed	Codex	full-20261006	2026-10-06	ICU 72 簡體轉換候選；保留原意；未經使用者接受及母語者審閱；正式採用限制另驗
SHOPTAB#50.5	29fc134776b304b6	玛古卡依纳的酒店	accepted	d51f1499d982c338	Codex	full-20261006	2026-10-06	ICU 72 簡體轉換候選；保留原意；未經使用者接受及母語者審閱；正式採用限制另驗
SHOPTAB#50.6	7bd2e4e05bcfc4d7	诺奇特斯战车	accepted	c64c6be50b148833	Codex	full-20261006	2026-10-06	ICU 72 簡體轉換候選；保留原意；未經使用者接受及母語者審閱；正式採用限制另驗
SHOPTAB#50.7	4efc436da5d3d7bd	比狄亚恩特大炮店	accepted	55499b79e260b587	Codex	full-20261006	2026-10-06	ICU 72 簡體轉換候選；保留原意；未經使用者接受及母語者審閱；正式採用限制另驗
SHOPTAB#51.0	ad030bc58dbd669f	商店０	accepted	4ae3cd3755885b06	Codex	full-20261006	2026-10-06	ICU 72 簡體轉換候選；保留原意；未經使用者接受及母語者審閱；正式採用限制另驗
SHOPTAB#51.1	de2f39ceef3f318c	商店１	accepted	22ac564b39ab3444	Codex	full-20261006	2026-10-06	ICU 72 簡體轉換候選；保留原意；未經使用者接受及母語者審閱；正式採用限制另驗
SHOPTAB#51.2	8559054e97b9c24b	商店２	accepted	53627a69e873c5d5	Codex	full-20261006	2026-10-06	ICU 72 簡體轉換候選；保留原意；未經使用者接受及母語者審閱；正式採用限制另驗
SHOPTAB#51.3	44fc7f12a916fd0a	商店３	accepted	821cc93a08486156	Codex	full-20261006	2026-10-06	ICU 72 簡體轉換候選；保留原意；未經使用者接受及母語者審閱；正式採用限制另驗
SHOPTAB#51.4	0b2d5cbbe7490515	商店４	accepted	2c7e6087c73a9280	Codex	full-20261006	2026-10-06	ICU 72 簡體轉換候選；保留原意；未經使用者接受及母語者審閱；正式採用限制另驗
SHOPTAB#51.5	47f6bc387e7bcb26	商店５	accepted	e5660bdf1776d61f	Codex	full-20261006	2026-10-06	ICU 72 簡體轉換候選；保留原意；未經使用者接受及母語者審閱；正式採用限制另驗
SHOPTAB#51.6	d3625a6681e4211b	商店６	accepted	1c5e3f1f9cf06b79	Codex	full-20261006	2026-10-06	ICU 72 簡體轉換候選；保留原意；未經使用者接受及母語者審閱；正式採用限制另驗
SHOPTAB#51.7	c339cafeadf6c231	商店７	accepted	07fa01ebd39f4510	Codex	full-20261006	2026-10-06	ICU 72 簡體轉換候選；保留原意；未經使用者接受及母語者審閱；正式採用限制另驗
SHOPTAB#52.0	ad030bc58dbd669f	商店０	accepted	4ae3cd3755885b06	Codex	full-20261006	2026-10-06	ICU 72 簡體轉換候選；保留原意；未經使用者接受及母語者審閱；正式採用限制另驗
SHOPTAB#52.1	de2f39ceef3f318c	商店１	accepted	22ac564b39ab3444	Codex	full-20261006	2026-10-06	ICU 72 簡體轉換候選；保留原意；未經使用者接受及母語者審閱；正式採用限制另驗
SHOPTAB#52.2	8559054e97b9c24b	商店２	accepted	53627a69e873c5d5	Codex	full-20261006	2026-10-06	ICU 72 簡體轉換候選；保留原意；未經使用者接受及母語者審閱；正式採用限制另驗
SHOPTAB#52.3	44fc7f12a916fd0a	商店３	accepted	821cc93a08486156	Codex	full-20261006	2026-10-06	ICU 72 簡體轉換候選；保留原意；未經使用者接受及母語者審閱；正式採用限制另驗
SHOPTAB#52.4	0b2d5cbbe7490515	商店４	accepted	2c7e6087c73a9280	Codex	full-20261006	2026-10-06	ICU 72 簡體轉換候選；保留原意；未經使用者接受及母語者審閱；正式採用限制另驗
SHOPTAB#52.5	47f6bc387e7bcb26	商店５	accepted	e5660bdf1776d61f	Codex	full-20261006	2026-10-06	ICU 72 簡體轉換候選；保留原意；未經使用者接受及母語者審閱；正式採用限制另驗
SHOPTAB#52.6	d3625a6681e4211b	商店６	accepted	1c5e3f1f9cf06b79	Codex	full-20261006	2026-10-06	ICU 72 簡體轉換候選；保留原意；未經使用者接受及母語者審閱；正式採用限制另驗
SHOPTAB#52.7	c339cafeadf6c231	商店７	accepted	07fa01ebd39f4510	Codex	full-20261006	2026-10-06	ICU 72 簡體轉換候選；保留原意；未經使用者接受及母語者審閱；正式採用限制另驗
SHOPTAB#53.0	ad030bc58dbd669f	商店０	accepted	4ae3cd3755885b06	Codex	full-20261006	2026-10-06	ICU 72 簡體轉換候選；保留原意；未經使用者接受及母語者審閱；正式採用限制另驗
SHOPTAB#53.1	de2f39ceef3f318c	商店１	accepted	22ac564b39ab3444	Codex	full-20261006	2026-10-06	ICU 72 簡體轉換候選；保留原意；未經使用者接受及母語者審閱；正式採用限制另驗
SHOPTAB#53.2	8559054e97b9c24b	商店２	accepted	53627a69e873c5d5	Codex	full-20261006	2026-10-06	ICU 72 簡體轉換候選；保留原意；未經使用者接受及母語者審閱；正式採用限制另驗
SHOPTAB#53.3	44fc7f12a916fd0a	商店３	accepted	821cc93a08486156	Codex	full-20261006	2026-10-06	ICU 72 簡體轉換候選；保留原意；未經使用者接受及母語者審閱；正式採用限制另驗
SHOPTAB#53.4	0b2d5cbbe7490515	商店４	accepted	2c7e6087c73a9280	Codex	full-20261006	2026-10-06	ICU 72 簡體轉換候選；保留原意；未經使用者接受及母語者審閱；正式採用限制另驗
SHOPTAB#53.5	47f6bc387e7bcb26	商店５	accepted	e5660bdf1776d61f	Codex	full-20261006	2026-10-06	ICU 72 簡體轉換候選；保留原意；未經使用者接受及母語者審閱；正式採用限制另驗
SHOPTAB#53.6	d3625a6681e4211b	商店６	accepted	1c5e3f1f9cf06b79	Codex	full-20261006	2026-10-06	ICU 72 簡體轉換候選；保留原意；未經使用者接受及母語者審閱；正式採用限制另驗
SHOPTAB#53.7	c339cafeadf6c231	商店７	accepted	07fa01ebd39f4510	Codex	full-20261006	2026-10-06	ICU 72 簡體轉換候選；保留原意；未經使用者接受及母語者審閱；正式採用限制另驗
SHOPTAB#54.0	ad030bc58dbd669f	商店０	accepted	4ae3cd3755885b06	Codex	full-20261006	2026-10-06	ICU 72 簡體轉換候選；保留原意；未經使用者接受及母語者審閱；正式採用限制另驗
SHOPTAB#54.1	de2f39ceef3f318c	商店１	accepted	22ac564b39ab3444	Codex	full-20261006	2026-10-06	ICU 72 簡體轉換候選；保留原意；未經使用者接受及母語者審閱；正式採用限制另驗
SHOPTAB#54.2	8559054e97b9c24b	商店２	accepted	53627a69e873c5d5	Codex	full-20261006	2026-10-06	ICU 72 簡體轉換候選；保留原意；未經使用者接受及母語者審閱；正式採用限制另驗
SHOPTAB#54.3	44fc7f12a916fd0a	商店３	accepted	821cc93a08486156	Codex	full-20261006	2026-10-06	ICU 72 簡體轉換候選；保留原意；未經使用者接受及母語者審閱；正式採用限制另驗
SHOPTAB#54.4	0b2d5cbbe7490515	商店４	accepted	2c7e6087c73a9280	Codex	full-20261006	2026-10-06	ICU 72 簡體轉換候選；保留原意；未經使用者接受及母語者審閱；正式採用限制另驗
SHOPTAB#54.5	47f6bc387e7bcb26	商店５	accepted	e5660bdf1776d61f	Codex	full-20261006	2026-10-06	ICU 72 簡體轉換候選；保留原意；未經使用者接受及母語者審閱；正式採用限制另驗
SHOPTAB#54.6	d3625a6681e4211b	商店６	accepted	1c5e3f1f9cf06b79	Codex	full-20261006	2026-10-06	ICU 72 簡體轉換候選；保留原意；未經使用者接受及母語者審閱；正式採用限制另驗
SHOPTAB#54.7	c339cafeadf6c231	商店７	accepted	07fa01ebd39f4510	Codex	full-20261006	2026-10-06	ICU 72 簡體轉換候選；保留原意；未經使用者接受及母語者審閱；正式採用限制另驗
SHOPTAB#55.0	ad030bc58dbd669f	商店０	accepted	4ae3cd3755885b06	Codex	full-20261006	2026-10-06	ICU 72 簡體轉換候選；保留原意；未經使用者接受及母語者審閱；正式採用限制另驗
SHOPTAB#55.1	de2f39ceef3f318c	商店１	accepted	22ac564b39ab3444	Codex	full-20261006	2026-10-06	ICU 72 簡體轉換候選；保留原意；未經使用者接受及母語者審閱；正式採用限制另驗
SHOPTAB#55.2	8559054e97b9c24b	商店２	accepted	53627a69e873c5d5	Codex	full-20261006	2026-10-06	ICU 72 簡體轉換候選；保留原意；未經使用者接受及母語者審閱；正式採用限制另驗
SHOPTAB#55.3	44fc7f12a916fd0a	商店３	accepted	821cc93a08486156	Codex	full-20261006	2026-10-06	ICU 72 簡體轉換候選；保留原意；未經使用者接受及母語者審閱；正式採用限制另驗
SHOPTAB#55.4	0b2d5cbbe7490515	商店４	accepted	2c7e6087c73a9280	Codex	full-20261006	2026-10-06	ICU 72 簡體轉換候選；保留原意；未經使用者接受及母語者審閱；正式採用限制另驗
SHOPTAB#55.5	47f6bc387e7bcb26	商店５	accepted	e5660bdf1776d61f	Codex	full-20261006	2026-10-06	ICU 72 簡體轉換候選；保留原意；未經使用者接受及母語者審閱；正式採用限制另驗
SHOPTAB#55.6	d3625a6681e4211b	商店６	accepted	1c5e3f1f9cf06b79	Codex	full-20261006	2026-10-06	ICU 72 簡體轉換候選；保留原意；未經使用者接受及母語者審閱；正式採用限制另驗
SHOPTAB#55.7	c339cafeadf6c231	商店７	accepted	07fa01ebd39f4510	Codex	full-20261006	2026-10-06	ICU 72 簡體轉換候選；保留原意；未經使用者接受及母語者審閱；正式採用限制另驗
SHOPTAB#56.0	d9d887ea4266b6ba	雷巴米恩武器店	accepted	b045d7e9cc851108	Codex	full-20261006	2026-10-06	ICU 72 簡體轉換候選；保留原意；未經使用者接受及母語者審閱；正式採用限制另驗
SHOPTAB#56.1	fe1d76216075f8bb	贝特尼恩古防具店	accepted	41a0dec0c8542015	Codex	full-20261006	2026-10-06	ICU 72 簡體轉換候選；保留原意；未經使用者接受及母語者審閱；正式採用限制另驗
SHOPTAB#56.2	2fef28f94b605b96	巴利索亚斯契约所	accepted	3363a970b9e57708	Codex	full-20261006	2026-10-06	ICU 72 簡體轉換候選；保留原意；未經使用者接受及母語者審閱；正式採用限制另驗
SHOPTAB#56.3	2287d103e2c71582	玛肯伊药局	accepted	af06eda269c1791d	Codex	full-20261006	2026-10-06	ICU 72 簡體轉換候選；保留原意；未經使用者接受及母語者審閱；正式採用限制另驗
SHOPTAB#56.4	c066d9e519007aac	拉塔伊道具店	accepted	b4419a6ff7b5d354	Codex	full-20261006	2026-10-06	ICU 72 簡體轉換候選；保留原意；未經使用者接受及母語者審閱；正式採用限制另驗
SHOPTAB#56.5	47e68b69bc176e7a	奇艾伊普的酒店	accepted	763c290db87865e8	Codex	full-20261006	2026-10-06	ICU 72 簡體轉換候選；保留原意；未經使用者接受及母語者審閱；正式採用限制另驗
SHOPTAB#56.6	c3c0a4897da7270b	伊奇伊大战车	accepted	7e9f584d1fb0d8fc	Codex	full-20261006	2026-10-06	ICU 72 簡體轉換候選；保留原意；未經使用者接受及母語者審閱；正式採用限制另驗
SHOPTAB#56.7	b0fedd1df9a5f2f0	莎鲁奇贝恩大炮	accepted	0bb532157fd2f987	Codex	full-20261006	2026-10-06	ICU 72 簡體轉換候選；保留原意；未經使用者接受及母語者審閱；正式採用限制另驗
SHOPTAB#57.0	2872c1c1be76d0ec	坷契恩特武器店	accepted	8fd21a9965e8a260	Codex	full-20261006	2026-10-06	ICU 72 簡體轉換候選；保留原意；未經使用者接受及母語者審閱；正式採用限制另驗
SHOPTAB#57.1	5b774f2eae9b1a7b	索艾鲁谷防具店	accepted	4196369dbc01f608	Codex	full-20261006	2026-10-06	ICU 72 簡體轉換候選；保留原意；未經使用者接受及母語者審閱；正式採用限制另驗
SHOPTAB#57.2	2d61ec5b04e3b323	诺立恩契约所	accepted	4c667920db290cbe	Codex	full-20261006	2026-10-06	ICU 72 簡體轉換候選；保留原意；未經使用者接受及母語者審閱；正式採用限制另驗
SHOPTAB#57.3	82c74d546f11bc7b	西拉飞亚战车	accepted	25180680172c9019	Codex	full-20261006	2026-10-06	ICU 72 簡體轉換候選；保留原意；未經使用者接受及母語者審閱；正式採用限制另驗
SHOPTAB#57.4	65b44f7c67b40c3a	玛兹扎亚航空机	accepted	1c61f9788e6dc81b	Codex	full-20261006	2026-10-06	ICU 72 簡體轉換候選；保留原意；未經使用者接受及母語者審閱；正式採用限制另驗
SHOPTAB#57.5	b83563f618bd5b92	可西拉特的酒店	accepted	ead7f1c98cc61446	Codex	full-20261006	2026-10-06	ICU 72 簡體轉換候選；保留原意；未經使用者接受及母語者審閱；正式採用限制另驗
SHOPTAB#57.6	d3625a6681e4211b	商店６	accepted	1c5e3f1f9cf06b79	Codex	full-20261006	2026-10-06	ICU 72 簡體轉換候選；保留原意；未經使用者接受及母語者審閱；正式採用限制另驗
SHOPTAB#57.7	c339cafeadf6c231	商店７	accepted	07fa01ebd39f4510	Codex	full-20261006	2026-10-06	ICU 72 簡體轉換候選；保留原意；未經使用者接受及母語者審閱；正式採用限制另驗
SHOPTAB#58.0	65ae01db62f0e802	姆则卡艾武器店	accepted	aea1358f51253994	Codex	full-20261006	2026-10-06	ICU 72 簡體轉換候選；保留原意；未經使用者接受及母語者審閱；正式採用限制另驗
SHOPTAB#58.1	b45fd722ac8cd239	塔卡鲁斯防具店	accepted	fc6ca6789eba7c1c	Codex	full-20261006	2026-10-06	ICU 72 簡體轉換候選；保留原意；未經使用者接受及母語者審閱；正式採用限制另驗
SHOPTAB#58.2	ea10958c9500d029	巴尼大米亚契约所	accepted	166df762c3fb0527	Codex	full-20261006	2026-10-06	ICU 72 簡體轉換候選；保留原意；未經使用者接受及母語者審閱；正式採用限制另驗
SHOPTAB#58.3	76c532d8d50a190e	谷支诺伊药局	accepted	7e0a71857540a3d6	Codex	full-20261006	2026-10-06	ICU 72 簡體轉換候選；保留原意；未經使用者接受及母語者審閱；正式採用限制另驗
SHOPTAB#58.4	a2ae075eef6a8149	亚纳奇雅道具店	accepted	0eb6ff149e838d24	Codex	full-20261006	2026-10-06	ICU 72 簡體轉換候選；保留原意；未經使用者接受及母語者審閱；正式採用限制另驗
SHOPTAB#58.5	2db53a5ffd8212a9	塔普亚姆的酒店	accepted	f815b5cf9415dfc2	Codex	full-20261006	2026-10-06	ICU 72 簡體轉換候選；保留原意；未經使用者接受及母語者審閱；正式採用限制另驗
SHOPTAB#58.6	5ffab2b09d0ece38	古兹诺伊药局	accepted	dadd094245094b28	Codex	full-20261006	2026-10-06	ICU 72 簡體轉換候選；保留原意；未經使用者接受及母語者審閱；正式採用限制另驗
SHOPTAB#58.7	c339cafeadf6c231	商店７	accepted	07fa01ebd39f4510	Codex	full-20261006	2026-10-06	ICU 72 簡體轉換候選；保留原意；未經使用者接受及母語者審閱；正式採用限制另驗
SHOPTAB#59.0	343b2984ec02d5ef	欧雷亚之道具店	accepted	b8a0467880ed4bf9	Codex	full-20261006	2026-10-06	ICU 72 簡體轉換候選；保留原意；未經使用者接受及母語者審閱；正式採用限制另驗
SHOPTAB#59.1	c089ddfbdfd8cb42	伦亚基道具店	accepted	91222fac690aceb4	Codex	full-20261006	2026-10-06	ICU 72 簡體轉換候選；保留原意；未經使用者接受及母語者審閱；正式採用限制另驗
SHOPTAB#59.2	36da9f8ab1c4a7e2	可鲁恩道具店	accepted	9419fe0dde3fd35a	Codex	full-20261006	2026-10-06	ICU 72 簡體轉換候選；保留原意；未經使用者接受及母語者審閱；正式採用限制另驗
SHOPTAB#59.3	ed6818d362aca5fc	尼特伊亚道具店	accepted	2524a4fd2afa05ba	Codex	full-20261006	2026-10-06	ICU 72 簡體轉換候選；保留原意；未經使用者接受及母語者審閱；正式採用限制另驗
SHOPTAB#59.4	8d3deabc76f46364	古米亚塔道具店	accepted	7d07541ef7d6cd16	Codex	full-20261006	2026-10-06	ICU 72 簡體轉換候選；保留原意；未經使用者接受及母語者審閱；正式採用限制另驗
SHOPTAB#59.5	b3835822fac1c7d0	雷西尼道具店	accepted	adbe6160e32a4cbc	Codex	full-20261006	2026-10-06	ICU 72 簡體轉換候選；保留原意；未經使用者接受及母語者審閱；正式採用限制另驗
SHOPTAB#59.6	8402c383a7b9b2d9	拉立比伊道具店	accepted	993cce2edbbd4133	Codex	full-20261006	2026-10-06	ICU 72 簡體轉換候選；保留原意；未經使用者接受及母語者審閱；正式採用限制另驗
SHOPTAB#59.7	cc0c21b147f276a5	伦欧拉之的酒店	accepted	039902e4b48b7ffe	Codex	full-20261006	2026-10-06	ICU 72 簡體轉換候選；保留原意；未經使用者接受及母語者審閱；正式採用限制另驗
SHOPTAB#60.0	4d9bd225ebe9d492	欧拉特菲武器屋	accepted	78ec90062f0a486a	Codex	full-20261006	2026-10-06	ICU 72 簡體轉換候選；保留原意；未經使用者接受及母語者審閱；正式採用限制另驗
SHOPTAB#60.1	9f207bb65492beae	玛莎狄古防具店	accepted	085661a3808341f5	Codex	full-20261006	2026-10-06	ICU 72 簡體轉換候選；保留原意；未經使用者接受及母語者審閱；正式採用限制另驗
SHOPTAB#60.2	1c023f4c2b3b4e96	伦知尼契约所	accepted	7910b499b0a39853	Codex	full-20261006	2026-10-06	ICU 72 簡體轉換候選；保留原意；未經使用者接受及母語者審閱；正式採用限制另驗
SHOPTAB#60.3	e2cc3368c0467239	羽卡迪谷药局	accepted	8f30347c0bfacc5a	Codex	full-20261006	2026-10-06	ICU 72 簡體轉換候選；保留原意；未經使用者接受及母語者審閱；正式採用限制另驗
SHOPTAB#60.4	6214d423edb7c1a3	哈拉巴斯道具店	accepted	7a1d38986c9885f2	Codex	full-20261006	2026-10-06	ICU 72 簡體轉換候選；保留原意；未經使用者接受及母語者審閱；正式採用限制另驗
SHOPTAB#60.5	3ce4b6d11bb09a78	奇西飞欧伦恩的酒店	accepted	2c0b90299d0e91b5	Codex	full-20261006	2026-10-06	ICU 72 簡體轉換候選；保留原意；未經使用者接受及母語者審閱；正式採用限制另驗
SHOPTAB#60.6	cb1bd1d93011ee99	哈拉巴斯航空机	accepted	86f39b608b19db82	Codex	full-20261006	2026-10-06	ICU 72 簡體轉換候選；保留原意；未經使用者接受及母語者審閱；正式採用限制另驗
SHOPTAB#60.7	81702a741648e94d	古诺斯特巴伊特	accepted	61ee448916cb0035	Codex	full-20261006	2026-10-06	ICU 72 簡體轉換候選；保留原意；未經使用者接受及母語者審閱；正式採用限制另驗
SHOPTAB#61.0	56791ee25a2881e1	利迪纳恩武器店	accepted	b7cd6a966135f9e1	Codex	full-20261006	2026-10-06	ICU 72 簡體轉換候選；保留原意；未經使用者接受及母語者審閱；正式採用限制另驗
SHOPTAB#61.1	bd7c2ec27ee0d291	拉兰恩巴伊特防具店	accepted	30bf27043ccd6377	Codex	full-20261006	2026-10-06	ICU 72 簡體轉換候選；保留原意；未經使用者接受及母語者審閱；正式採用限制另驗
SHOPTAB#61.2	9a3c2e09da694432	拉兰恩巴伊特契约所	accepted	82a7dbcc273d114d	Codex	full-20261006	2026-10-06	ICU 72 簡體轉換候選；保留原意；未經使用者接受及母語者審閱；正式採用限制另驗
SHOPTAB#61.3	3e4335b820c6fc4f	拉兰恩巴伊特药局	accepted	65545979e8faea6a	Codex	full-20261006	2026-10-06	ICU 72 簡體轉換候選；保留原意；未經使用者接受及母語者審閱；正式採用限制另驗
SHOPTAB#61.4	f3c3c97b1399270a	拉兰恩巴伊特道具店	accepted	8e60ae9389129cb8	Codex	full-20261006	2026-10-06	ICU 72 簡體轉換候選；保留原意；未經使用者接受及母語者審閱；正式採用限制另驗
SHOPTAB#61.5	9b6d17cdc1753bc8	巴伊艾之西的酒店	accepted	61d76b83c78fc3e8	Codex	full-20261006	2026-10-06	ICU 72 簡體轉換候選；保留原意；未經使用者接受及母語者審閱；正式採用限制另驗
SHOPTAB#61.6	d3625a6681e4211b	商店６	accepted	1c5e3f1f9cf06b79	Codex	full-20261006	2026-10-06	ICU 72 簡體轉換候選；保留原意；未經使用者接受及母語者審閱；正式採用限制另驗
SHOPTAB#61.7	c339cafeadf6c231	商店７	accepted	07fa01ebd39f4510	Codex	full-20261006	2026-10-06	ICU 72 簡體轉換候選；保留原意；未經使用者接受及母語者審閱；正式採用限制另驗
SHOPTAB#62.0	75f49caa6a0ed201	力可巴特武器屋	accepted	c94c63959f324ade	Codex	full-20261006	2026-10-06	ICU 72 簡體轉換候選；保留原意；未經使用者接受及母語者審閱；正式採用限制另驗
SHOPTAB#62.1	3b016d32a39ac416	力可巴特防具店	accepted	a7b2973f6582ea52	Codex	full-20261006	2026-10-06	ICU 72 簡體轉換候選；保留原意；未經使用者接受及母語者審閱；正式採用限制另驗
SHOPTAB#62.2	66122b8251621a65	力可巴特契约所	accepted	ba1000a371773deb	Codex	full-20261006	2026-10-06	ICU 72 簡體轉換候選；保留原意；未經使用者接受及母語者審閱；正式採用限制另驗
SHOPTAB#62.3	10a9c34d0ae0d6d8	力可巴特药局	accepted	4848ff86a593c4fe	Codex	full-20261006	2026-10-06	ICU 72 簡體轉換候選；保留原意；未經使用者接受及母語者審閱；正式採用限制另驗
SHOPTAB#62.4	8006548464074c0a	力可巴特道具店	accepted	bf41aa9b01c7ca6b	Codex	full-20261006	2026-10-06	ICU 72 簡體轉換候選；保留原意；未經使用者接受及母語者審閱；正式採用限制另驗
SHOPTAB#62.5	a732d71a2354b917	索尼狄伊的酒店	accepted	92c7452dece575a0	Codex	full-20261006	2026-10-06	ICU 72 簡體轉換候選；保留原意；未經使用者接受及母語者審閱；正式採用限制另驗
SHOPTAB#62.6	d3625a6681e4211b	商店６	accepted	1c5e3f1f9cf06b79	Codex	full-20261006	2026-10-06	ICU 72 簡體轉換候選；保留原意；未經使用者接受及母語者審閱；正式採用限制另驗
SHOPTAB#62.7	c339cafeadf6c231	商店７	accepted	07fa01ebd39f4510	Codex	full-20261006	2026-10-06	ICU 72 簡體轉換候選；保留原意；未經使用者接受及母語者審閱；正式採用限制另驗
SHOPTAB#63.0	0a259c0324e33def	奈基妃武器店	accepted	0b2d36189594b678	Codex	full-20261006	2026-10-06	ICU 72 簡體轉換候選；保留原意；未經使用者接受及母語者審閱；正式採用限制另驗
SHOPTAB#63.1	00469230ced51238	塔立诺防具店	accepted	4c17be11dd18f312	Codex	full-20261006	2026-10-06	ICU 72 簡體轉換候選；保留原意；未經使用者接受及母語者審閱；正式採用限制另驗
SHOPTAB#63.2	613d5dd595f12091	卡沙鲁契约所	accepted	86f8c3ff00dfe961	Codex	full-20261006	2026-10-06	ICU 72 簡體轉換候選；保留原意；未經使用者接受及母語者審閱；正式採用限制另驗
SHOPTAB#63.3	ddca01852b28f980	西欧尼哈恩药局	accepted	b42a5da952471c66	Codex	full-20261006	2026-10-06	ICU 72 簡體轉換候選；保留原意；未經使用者接受及母語者審閱；正式採用限制另驗
SHOPTAB#63.4	dd820aa65115167b	拉奈米力道具店	accepted	3f8dc3dfa5a5fb64	Codex	full-20261006	2026-10-06	ICU 72 簡體轉換候選；保留原意；未經使用者接受及母語者審閱；正式採用限制另驗
SHOPTAB#63.5	c0de7071c8d48c02	基柏依鲁的酒店	accepted	ffadbb709c4bd86d	Codex	full-20261006	2026-10-06	ICU 72 簡體轉換候選；保留原意；未經使用者接受及母語者審閱；正式採用限制另驗
SHOPTAB#63.6	897933f974b287fc	拉奈米利航空机	accepted	15f534dcf4e9501d	Codex	full-20261006	2026-10-06	ICU 72 簡體轉換候選；保留原意；未經使用者接受及母語者審閱；正式採用限制另驗
SHOPTAB#63.7	c339cafeadf6c231	商店７	accepted	07fa01ebd39f4510	Codex	full-20261006	2026-10-06	ICU 72 簡體轉換候選；保留原意；未經使用者接受及母語者審閱；正式採用限制另驗
SHOPTAB#64.0	ad030bc58dbd669f	商店０	accepted	4ae3cd3755885b06	Codex	full-20261006	2026-10-06	ICU 72 簡體轉換候選；保留原意；未經使用者接受及母語者審閱；正式採用限制另驗
SHOPTAB#64.1	de2f39ceef3f318c	商店１	accepted	22ac564b39ab3444	Codex	full-20261006	2026-10-06	ICU 72 簡體轉換候選；保留原意；未經使用者接受及母語者審閱；正式採用限制另驗
SHOPTAB#64.2	8559054e97b9c24b	商店２	accepted	53627a69e873c5d5	Codex	full-20261006	2026-10-06	ICU 72 簡體轉換候選；保留原意；未經使用者接受及母語者審閱；正式採用限制另驗
SHOPTAB#64.3	44fc7f12a916fd0a	商店３	accepted	821cc93a08486156	Codex	full-20261006	2026-10-06	ICU 72 簡體轉換候選；保留原意；未經使用者接受及母語者審閱；正式採用限制另驗
SHOPTAB#64.4	0b2d5cbbe7490515	商店４	accepted	2c7e6087c73a9280	Codex	full-20261006	2026-10-06	ICU 72 簡體轉換候選；保留原意；未經使用者接受及母語者審閱；正式採用限制另驗
SHOPTAB#64.5	47f6bc387e7bcb26	商店５	accepted	e5660bdf1776d61f	Codex	full-20261006	2026-10-06	ICU 72 簡體轉換候選；保留原意；未經使用者接受及母語者審閱；正式採用限制另驗
SHOPTAB#64.6	d3625a6681e4211b	商店６	accepted	1c5e3f1f9cf06b79	Codex	full-20261006	2026-10-06	ICU 72 簡體轉換候選；保留原意；未經使用者接受及母語者審閱；正式採用限制另驗
SHOPTAB#64.7	c339cafeadf6c231	商店７	accepted	07fa01ebd39f4510	Codex	full-20261006	2026-10-06	ICU 72 簡體轉換候選；保留原意；未經使用者接受及母語者審閱；正式採用限制另驗
SHOPTAB#65.0	9f3812484e290ebc	沙伊比西武器屋	accepted	274c80723406be80	Codex	full-20261006	2026-10-06	ICU 72 簡體轉換候選；保留原意；未經使用者接受及母語者審閱；正式採用限制另驗
SHOPTAB#65.1	0efc0fbcb7847a53	伦亚尼雷亚防具店	accepted	3ef5a2a978e0ca61	Codex	full-20261006	2026-10-06	ICU 72 簡體轉換候選；保留原意；未經使用者接受及母語者審閱；正式採用限制另驗
SHOPTAB#65.2	1c2fd27dada85f1c	基亚爱特巴契约所	accepted	f8e232cb324a51dc	Codex	full-20261006	2026-10-06	ICU 72 簡體轉換候選；保留原意；未經使用者接受及母語者審閱；正式採用限制另驗
SHOPTAB#65.3	e6a608a95a6363d4	寐狄恩知药局	accepted	522e43369f886146	Codex	full-20261006	2026-10-06	ICU 72 簡體轉換候選；保留原意；未經使用者接受及母語者審閱；正式採用限制另驗
SHOPTAB#65.4	734de781381d0fbb	羽耶诺姆道具店	accepted	1249d401573fe7c6	Codex	full-20261006	2026-10-06	ICU 72 簡體轉換候選；保留原意；未經使用者接受及母語者審閱；正式採用限制另驗
SHOPTAB#65.5	0b3f6ccf9e2b821f	特奇狄诺斯的酒店	accepted	29477a2e182277cf	Codex	full-20261006	2026-10-06	ICU 72 簡體轉換候選；保留原意；未經使用者接受及母語者審閱；正式採用限制另驗
SHOPTAB#65.6	ed209c2edc363abb	克拉姆诺大炮店	accepted	ed041499efd8764a	Codex	full-20261006	2026-10-06	ICU 72 簡體轉換候選；保留原意；未經使用者接受及母語者審閱；正式採用限制另驗
SHOPTAB#65.7	c339cafeadf6c231	商店７	accepted	07fa01ebd39f4510	Codex	full-20261006	2026-10-06	ICU 72 簡體轉換候選；保留原意；未經使用者接受及母語者審閱；正式採用限制另驗
SHOPTAB#66.0	ad030bc58dbd669f	商店０	accepted	4ae3cd3755885b06	Codex	full-20261006	2026-10-06	ICU 72 簡體轉換候選；保留原意；未經使用者接受及母語者審閱；正式採用限制另驗
SHOPTAB#66.1	de2f39ceef3f318c	商店１	accepted	22ac564b39ab3444	Codex	full-20261006	2026-10-06	ICU 72 簡體轉換候選；保留原意；未經使用者接受及母語者審閱；正式採用限制另驗
SHOPTAB#66.2	8559054e97b9c24b	商店２	accepted	53627a69e873c5d5	Codex	full-20261006	2026-10-06	ICU 72 簡體轉換候選；保留原意；未經使用者接受及母語者審閱；正式採用限制另驗
SHOPTAB#66.3	44fc7f12a916fd0a	商店３	accepted	821cc93a08486156	Codex	full-20261006	2026-10-06	ICU 72 簡體轉換候選；保留原意；未經使用者接受及母語者審閱；正式採用限制另驗
SHOPTAB#66.4	0b2d5cbbe7490515	商店４	accepted	2c7e6087c73a9280	Codex	full-20261006	2026-10-06	ICU 72 簡體轉換候選；保留原意；未經使用者接受及母語者審閱；正式採用限制另驗
SHOPTAB#66.5	47f6bc387e7bcb26	商店５	accepted	e5660bdf1776d61f	Codex	full-20261006	2026-10-06	ICU 72 簡體轉換候選；保留原意；未經使用者接受及母語者審閱；正式採用限制另驗
SHOPTAB#66.6	d3625a6681e4211b	商店６	accepted	1c5e3f1f9cf06b79	Codex	full-20261006	2026-10-06	ICU 72 簡體轉換候選；保留原意；未經使用者接受及母語者審閱；正式採用限制另驗
SHOPTAB#66.7	c339cafeadf6c231	商店７	accepted	07fa01ebd39f4510	Codex	full-20261006	2026-10-06	ICU 72 簡體轉換候選；保留原意；未經使用者接受及母語者審閱；正式採用限制另驗
SHOPTAB#67.0	4588f36f7f84eeee	诺斯飞武器店	accepted	090e41b407e9bd3e	Codex	full-20261006	2026-10-06	ICU 72 簡體轉換候選；保留原意；未經使用者接受及母語者審閱；正式採用限制另驗
SHOPTAB#67.1	e1e6fdbd970897a0	狄帝哇斯防具店	accepted	d1ed971f566b27ee	Codex	full-20261006	2026-10-06	ICU 72 簡體轉換候選；保留原意；未經使用者接受及母語者審閱；正式採用限制另驗
SHOPTAB#67.2	9545e5a7ddb1f31e	玛古利西契约所	accepted	042c5266ecb8a39d	Codex	full-20261006	2026-10-06	ICU 72 簡體轉換候選；保留原意；未經使用者接受及母語者審閱；正式採用限制另驗
SHOPTAB#67.3	70c6ccf143bd66c8	特斯卡米鲁契约所	accepted	e9833837a78b2a3e	Codex	full-20261006	2026-10-06	ICU 72 簡體轉換候選；保留原意；未經使用者接受及母語者審閱；正式採用限制另驗
SHOPTAB#67.4	a7b563a41d750dae	诺特力塔恩药局	accepted	f8b70c9f14f8d9e6	Codex	full-20261006	2026-10-06	ICU 72 簡體轉換候選；保留原意；未經使用者接受及母語者審閱；正式採用限制另驗
SHOPTAB#67.5	0c8803eeefa2d421	捷巴伊亚诺道具店	accepted	32756e0a9485a4f9	Codex	full-20261006	2026-10-06	ICU 72 簡體轉換候選；保留原意；未經使用者接受及母語者審閱；正式採用限制另驗
SHOPTAB#67.6	6e87a29f95acbe1b	伦拉妃亚肯恩的酒店	accepted	03248e6deca19db5	Codex	full-20261006	2026-10-06	ICU 72 簡體轉換候選；保留原意；未經使用者接受及母語者審閱；正式採用限制另驗
SHOPTAB#67.7	df70d07711cbe9e8	杰巴伊雅诺战车店	accepted	49d8368fee39e90a	Codex	full-20261006	2026-10-06	ICU 72 簡體轉換候選；保留原意；未經使用者接受及母語者審閱；正式採用限制另驗
SHOPTAB#68.0	ad030bc58dbd669f	商店０	accepted	4ae3cd3755885b06	Codex	full-20261006	2026-10-06	ICU 72 簡體轉換候選；保留原意；未經使用者接受及母語者審閱；正式採用限制另驗
SHOPTAB#68.1	de2f39ceef3f318c	商店１	accepted	22ac564b39ab3444	Codex	full-20261006	2026-10-06	ICU 72 簡體轉換候選；保留原意；未經使用者接受及母語者審閱；正式採用限制另驗
SHOPTAB#68.2	8559054e97b9c24b	商店２	accepted	53627a69e873c5d5	Codex	full-20261006	2026-10-06	ICU 72 簡體轉換候選；保留原意；未經使用者接受及母語者審閱；正式採用限制另驗
SHOPTAB#68.3	44fc7f12a916fd0a	商店３	accepted	821cc93a08486156	Codex	full-20261006	2026-10-06	ICU 72 簡體轉換候選；保留原意；未經使用者接受及母語者審閱；正式採用限制另驗
SHOPTAB#68.4	0b2d5cbbe7490515	商店４	accepted	2c7e6087c73a9280	Codex	full-20261006	2026-10-06	ICU 72 簡體轉換候選；保留原意；未經使用者接受及母語者審閱；正式採用限制另驗
SHOPTAB#68.5	47f6bc387e7bcb26	商店５	accepted	e5660bdf1776d61f	Codex	full-20261006	2026-10-06	ICU 72 簡體轉換候選；保留原意；未經使用者接受及母語者審閱；正式採用限制另驗
SHOPTAB#68.6	d3625a6681e4211b	商店６	accepted	1c5e3f1f9cf06b79	Codex	full-20261006	2026-10-06	ICU 72 簡體轉換候選；保留原意；未經使用者接受及母語者審閱；正式採用限制另驗
SHOPTAB#68.7	c339cafeadf6c231	商店７	accepted	07fa01ebd39f4510	Codex	full-20261006	2026-10-06	ICU 72 簡體轉換候選；保留原意；未經使用者接受及母語者審閱；正式採用限制另驗
SHOPTAB#69.0	ad030bc58dbd669f	商店０	accepted	4ae3cd3755885b06	Codex	full-20261006	2026-10-06	ICU 72 簡體轉換候選；保留原意；未經使用者接受及母語者審閱；正式採用限制另驗
SHOPTAB#69.1	de2f39ceef3f318c	商店１	accepted	22ac564b39ab3444	Codex	full-20261006	2026-10-06	ICU 72 簡體轉換候選；保留原意；未經使用者接受及母語者審閱；正式採用限制另驗
SHOPTAB#69.2	8559054e97b9c24b	商店２	accepted	53627a69e873c5d5	Codex	full-20261006	2026-10-06	ICU 72 簡體轉換候選；保留原意；未經使用者接受及母語者審閱；正式採用限制另驗
SHOPTAB#69.3	44fc7f12a916fd0a	商店３	accepted	821cc93a08486156	Codex	full-20261006	2026-10-06	ICU 72 簡體轉換候選；保留原意；未經使用者接受及母語者審閱；正式採用限制另驗
SHOPTAB#69.4	0b2d5cbbe7490515	商店４	accepted	2c7e6087c73a9280	Codex	full-20261006	2026-10-06	ICU 72 簡體轉換候選；保留原意；未經使用者接受及母語者審閱；正式採用限制另驗
SHOPTAB#69.5	47f6bc387e7bcb26	商店５	accepted	e5660bdf1776d61f	Codex	full-20261006	2026-10-06	ICU 72 簡體轉換候選；保留原意；未經使用者接受及母語者審閱；正式採用限制另驗
SHOPTAB#69.6	d3625a6681e4211b	商店６	accepted	1c5e3f1f9cf06b79	Codex	full-20261006	2026-10-06	ICU 72 簡體轉換候選；保留原意；未經使用者接受及母語者審閱；正式採用限制另驗
SHOPTAB#69.7	c339cafeadf6c231	商店７	accepted	07fa01ebd39f4510	Codex	full-20261006	2026-10-06	ICU 72 簡體轉換候選；保留原意；未經使用者接受及母語者審閱；正式採用限制另驗
SHOPTAB#70.0	c962b35e882ba915	希特肯诺恩武器店	accepted	de1e5f31d51cdd9c	Codex	full-20261006	2026-10-06	ICU 72 簡體轉換候選；保留原意；未經使用者接受及母語者審閱；正式採用限制另驗
SHOPTAB#70.1	fa61279c1237944f	萨基阿知防具店	accepted	fbd29736a90233d9	Codex	full-20261006	2026-10-06	ICU 72 簡體轉換候選；保留原意；未經使用者接受及母語者審閱；正式採用限制另驗
SHOPTAB#70.2	7758063b8dde1c8b	比雷伊塔契约所	accepted	7f2f0dd640a86824	Codex	full-20261006	2026-10-06	ICU 72 簡體轉換候選；保留原意；未經使用者接受及母語者審閱；正式採用限制另驗
SHOPTAB#70.3	5365e643aec105b6	荷知姆恩契约所	accepted	9ecf62ef097cd017	Codex	full-20261006	2026-10-06	ICU 72 簡體轉換候選；保留原意；未經使用者接受及母語者審閱；正式採用限制另驗
SHOPTAB#70.4	c3eb27626fb95156	艾伊普药局	accepted	d72a506ab7cca52f	Codex	full-20261006	2026-10-06	ICU 72 簡體轉換候選；保留原意；未經使用者接受及母語者審閱；正式採用限制另驗
SHOPTAB#70.5	ae2040cb8cebb5ac	柏雷鲁摩道具店	accepted	aabf6d94020797fd	Codex	full-20261006	2026-10-06	ICU 72 簡體轉換候選；保留原意；未經使用者接受及母語者審閱；正式採用限制另驗
SHOPTAB#70.6	c8cedfe82258cb7f	卡姆卡姆酒店	accepted	ad8b0d71133d1a6c	Codex	full-20261006	2026-10-06	ICU 72 簡體轉換候選；保留原意；未經使用者接受及母語者審閱；正式採用限制另驗
SHOPTAB#70.7	383bd9cfc9f480da	西菲阿美伊特大炮店	accepted	c73edeb6cad72b69	Codex	full-20261006	2026-10-06	ICU 72 簡體轉換候選；保留原意；未經使用者接受及母語者審閱；正式採用限制另驗
SHOPTAB#71.0	d07772a2592503a3	其塔大伊武器店	accepted	ed57d60584b0dbb4	Codex	full-20261006	2026-10-06	ICU 72 簡體轉換候選；保留原意；未經使用者接受及母語者審閱；正式採用限制另驗
SHOPTAB#71.1	a25b21135906f89f	巴达兰恩市防具店	accepted	7054cd1cbba67ee8	Codex	full-20261006	2026-10-06	ICU 72 簡體轉換候選；保留原意；未經使用者接受及母語者審閱；正式採用限制另驗
SHOPTAB#71.2	e4a3e360026d937f	巴达兰恩市契约所	accepted	43d317ad1132521a	Codex	full-20261006	2026-10-06	ICU 72 簡體轉換候選；保留原意；未經使用者接受及母語者審閱；正式採用限制另驗
SHOPTAB#71.3	823cfb68ce73ff44	其塔大伊药局	accepted	0298f8564b454053	Codex	full-20261006	2026-10-06	ICU 72 簡體轉換候選；保留原意；未經使用者接受及母語者審閱；正式採用限制另驗
SHOPTAB#71.4	687840b6fec49419	其西利亚病院	accepted	31e00b97ced5cc65	Codex	full-20261006	2026-10-06	ICU 72 簡體轉換候選；保留原意；未經使用者接受及母語者審閱；正式採用限制另驗
SHOPTAB#71.5	68a584b89b5f6e88	巴达兰恩市道具店	accepted	a1df833b059d0d98	Codex	full-20261006	2026-10-06	ICU 72 簡體轉換候選；保留原意；未經使用者接受及母語者審閱；正式採用限制另驗
SHOPTAB#71.6	b770c14a204a63e6	西够米阿的酒店	accepted	6d45d95e1ca52acf	Codex	full-20261006	2026-10-06	ICU 72 簡體轉換候選；保留原意；未經使用者接受及母語者審閱；正式採用限制另驗
SHOPTAB#71.7	c339cafeadf6c231	商店７	accepted	07fa01ebd39f4510	Codex	full-20261006	2026-10-06	ICU 72 簡體轉換候選；保留原意；未經使用者接受及母語者審閱；正式採用限制另驗
SHOPTAB#72.0	ad030bc58dbd669f	商店０	accepted	4ae3cd3755885b06	Codex	full-20261006	2026-10-06	ICU 72 簡體轉換候選；保留原意；未經使用者接受及母語者審閱；正式採用限制另驗
SHOPTAB#72.1	de2f39ceef3f318c	商店１	accepted	22ac564b39ab3444	Codex	full-20261006	2026-10-06	ICU 72 簡體轉換候選；保留原意；未經使用者接受及母語者審閱；正式採用限制另驗
SHOPTAB#72.2	8559054e97b9c24b	商店２	accepted	53627a69e873c5d5	Codex	full-20261006	2026-10-06	ICU 72 簡體轉換候選；保留原意；未經使用者接受及母語者審閱；正式採用限制另驗
SHOPTAB#72.3	44fc7f12a916fd0a	商店３	accepted	821cc93a08486156	Codex	full-20261006	2026-10-06	ICU 72 簡體轉換候選；保留原意；未經使用者接受及母語者審閱；正式採用限制另驗
SHOPTAB#72.4	0b2d5cbbe7490515	商店４	accepted	2c7e6087c73a9280	Codex	full-20261006	2026-10-06	ICU 72 簡體轉換候選；保留原意；未經使用者接受及母語者審閱；正式採用限制另驗
SHOPTAB#72.5	47f6bc387e7bcb26	商店５	accepted	e5660bdf1776d61f	Codex	full-20261006	2026-10-06	ICU 72 簡體轉換候選；保留原意；未經使用者接受及母語者審閱；正式採用限制另驗
SHOPTAB#72.6	d3625a6681e4211b	商店６	accepted	1c5e3f1f9cf06b79	Codex	full-20261006	2026-10-06	ICU 72 簡體轉換候選；保留原意；未經使用者接受及母語者審閱；正式採用限制另驗
SHOPTAB#72.7	c339cafeadf6c231	商店７	accepted	07fa01ebd39f4510	Codex	full-20261006	2026-10-06	ICU 72 簡體轉換候選；保留原意；未經使用者接受及母語者審閱；正式採用限制另驗
SHOPTAB#73.0	2138bbcf36a4871e	杰姆塔武器店	accepted	e3b55264620ee753	Codex	full-20261006	2026-10-06	ICU 72 簡體轉換候選；保留原意；未經使用者接受及母語者審閱；正式採用限制另驗
SHOPTAB#73.1	5df9e8ce39a8c394	巴雷鲁防具店	accepted	4291d89e6bc05edf	Codex	full-20261006	2026-10-06	ICU 72 簡體轉換候選；保留原意；未經使用者接受及母語者審閱；正式採用限制另驗
SHOPTAB#73.2	f1e9dfd4d5b36680	萨瓦亚契约所	accepted	662b9b052de2ecec	Codex	full-20261006	2026-10-06	ICU 72 簡體轉換候選；保留原意；未經使用者接受及母語者審閱；正式採用限制另驗
SHOPTAB#73.3	07db3ec07a0e0b06	阿卡欧拉药局	accepted	d5e37e6aca6e8d7f	Codex	full-20261006	2026-10-06	ICU 72 簡體轉換候選；保留原意；未經使用者接受及母語者審閱；正式採用限制另驗
SHOPTAB#73.4	ca36a54209b6ef58	拉摩基亚伊恩航空机	accepted	9fb9176997546886	Codex	full-20261006	2026-10-06	ICU 72 簡體轉換候選；保留原意；未經使用者接受及母語者審閱；正式採用限制另驗
SHOPTAB#73.5	2b2927f0ed9fd5ce	比伊诺之奇亚的酒店	accepted	de295ded43eb929b	Codex	full-20261006	2026-10-06	ICU 72 簡體轉換候選；保留原意；未經使用者接受及母語者審閱；正式採用限制另驗
SHOPTAB#73.6	d3625a6681e4211b	商店６	accepted	1c5e3f1f9cf06b79	Codex	full-20261006	2026-10-06	ICU 72 簡體轉換候選；保留原意；未經使用者接受及母語者審閱；正式採用限制另驗
SHOPTAB#73.7	c339cafeadf6c231	商店７	accepted	07fa01ebd39f4510	Codex	full-20261006	2026-10-06	ICU 72 簡體轉換候選；保留原意；未經使用者接受及母語者審閱；正式採用限制另驗
SHOPTAB#74.0	7c4ff1cfb27502e0	比萨玛特武器店	accepted	1f7083ac5cf20bc5	Codex	full-20261006	2026-10-06	ICU 72 簡體轉換候選；保留原意；未經使用者接受及母語者審閱；正式採用限制另驗
SHOPTAB#74.1	f950ffd1950c6377	伦亚伊斯防具店	accepted	81949adb90be38b8	Codex	full-20261006	2026-10-06	ICU 72 簡體轉換候選；保留原意；未經使用者接受及母語者審閱；正式採用限制另驗
SHOPTAB#74.2	629068ba723ab95f	巴大亚基亚契约所	accepted	2d887fa4d99cd7c0	Codex	full-20261006	2026-10-06	ICU 72 簡體轉換候選；保留原意；未經使用者接受及母語者審閱；正式採用限制另驗
SHOPTAB#74.3	10ebff07b6fc8e56	米盖瓦药局	accepted	1fd064ff44a2c315	Codex	full-20261006	2026-10-06	ICU 72 簡體轉換候選；保留原意；未經使用者接受及母語者審閱；正式採用限制另驗
SHOPTAB#74.4	2439396d7cfaa527	卡伊牳德病院	accepted	4265ca81d4bb5713	Codex	full-20261006	2026-10-06	ICU 72 簡體轉換候選；保留原意；未經使用者接受及母語者審閱；正式採用限制另驗
SHOPTAB#74.5	3ce92d7ccb1f2df6	鲁其亚斯道具店	accepted	f00703082a3f4d5c	Codex	full-20261006	2026-10-06	ICU 72 簡體轉換候選；保留原意；未經使用者接受及母語者審閱；正式採用限制另驗
SHOPTAB#74.6	8224829ada3cbf1d	斯菲诺的酒店	accepted	350f12be75355659	Codex	full-20261006	2026-10-06	ICU 72 簡體轉換候選；保留原意；未經使用者接受及母語者審閱；正式採用限制另驗
SHOPTAB#74.7	9f531d0c85353b1f	拉奇奈斯战车店	accepted	061e87470b287b9f	Codex	full-20261006	2026-10-06	ICU 72 簡體轉換候選；保留原意；未經使用者接受及母語者審閱；正式採用限制另驗
SHOPTAB#75.0	b461c0c5681c45b4	巴知伊其恩武器店	accepted	e0fb56af049f5842	Codex	full-20261006	2026-10-06	ICU 72 簡體轉換候選；保留原意；未經使用者接受及母語者審閱；正式採用限制另驗
SHOPTAB#75.1	d10fecf4a8c99e01	雷米亚斯市防具店	accepted	50a03a011c7b24e5	Codex	full-20261006	2026-10-06	ICU 72 簡體轉換候選；保留原意；未經使用者接受及母語者審閱；正式採用限制另驗
SHOPTAB#75.2	2ac6448963601c28	巴知伊其恩契约所	accepted	7cbdb023d8480ba1	Codex	full-20261006	2026-10-06	ICU 72 簡體轉換候選；保留原意；未經使用者接受及母語者審閱；正式採用限制另驗
SHOPTAB#75.3	f157d556382bbd9d	奈萨雷斯病院	accepted	96b7a845a0df946b	Codex	full-20261006	2026-10-06	ICU 72 簡體轉換候選；保留原意；未經使用者接受及母語者審閱；正式採用限制另驗
SHOPTAB#75.4	8f0e5683fa0e3746	瓦伊阿艾药局	accepted	2dbf2e7046dfedba	Codex	full-20261006	2026-10-06	ICU 72 簡體轉換候選；保留原意；未經使用者接受及母語者審閱；正式採用限制另驗
SHOPTAB#75.5	6e625d841f1c8257	诺雷之大的酒店	accepted	422271ba9ca0d52e	Codex	full-20261006	2026-10-06	ICU 72 簡體轉換候選；保留原意；未經使用者接受及母語者審閱；正式採用限制另驗
SHOPTAB#75.6	d3625a6681e4211b	商店６	accepted	1c5e3f1f9cf06b79	Codex	full-20261006	2026-10-06	ICU 72 簡體轉換候選；保留原意；未經使用者接受及母語者審閱；正式採用限制另驗
SHOPTAB#75.7	c339cafeadf6c231	商店７	accepted	07fa01ebd39f4510	Codex	full-20261006	2026-10-06	ICU 72 簡體轉換候選；保留原意；未經使用者接受及母語者審閱；正式採用限制另驗
SHOPTAB#76.0	ad030bc58dbd669f	商店０	accepted	4ae3cd3755885b06	Codex	full-20261006	2026-10-06	ICU 72 簡體轉換候選；保留原意；未經使用者接受及母語者審閱；正式採用限制另驗
SHOPTAB#76.1	de2f39ceef3f318c	商店１	accepted	22ac564b39ab3444	Codex	full-20261006	2026-10-06	ICU 72 簡體轉換候選；保留原意；未經使用者接受及母語者審閱；正式採用限制另驗
SHOPTAB#76.2	8559054e97b9c24b	商店２	accepted	53627a69e873c5d5	Codex	full-20261006	2026-10-06	ICU 72 簡體轉換候選；保留原意；未經使用者接受及母語者審閱；正式採用限制另驗
SHOPTAB#76.3	44fc7f12a916fd0a	商店３	accepted	821cc93a08486156	Codex	full-20261006	2026-10-06	ICU 72 簡體轉換候選；保留原意；未經使用者接受及母語者審閱；正式採用限制另驗
SHOPTAB#76.4	0b2d5cbbe7490515	商店４	accepted	2c7e6087c73a9280	Codex	full-20261006	2026-10-06	ICU 72 簡體轉換候選；保留原意；未經使用者接受及母語者審閱；正式採用限制另驗
SHOPTAB#76.5	47f6bc387e7bcb26	商店５	accepted	e5660bdf1776d61f	Codex	full-20261006	2026-10-06	ICU 72 簡體轉換候選；保留原意；未經使用者接受及母語者審閱；正式採用限制另驗
SHOPTAB#76.6	d3625a6681e4211b	商店６	accepted	1c5e3f1f9cf06b79	Codex	full-20261006	2026-10-06	ICU 72 簡體轉換候選；保留原意；未經使用者接受及母語者審閱；正式採用限制另驗
SHOPTAB#76.7	c339cafeadf6c231	商店７	accepted	07fa01ebd39f4510	Codex	full-20261006	2026-10-06	ICU 72 簡體轉換候選；保留原意；未經使用者接受及母語者審閱；正式採用限制另驗
SHOPTAB#77.0	ad030bc58dbd669f	商店０	accepted	4ae3cd3755885b06	Codex	full-20261006	2026-10-06	ICU 72 簡體轉換候選；保留原意；未經使用者接受及母語者審閱；正式採用限制另驗
SHOPTAB#77.1	de2f39ceef3f318c	商店１	accepted	22ac564b39ab3444	Codex	full-20261006	2026-10-06	ICU 72 簡體轉換候選；保留原意；未經使用者接受及母語者審閱；正式採用限制另驗
SHOPTAB#77.2	8559054e97b9c24b	商店２	accepted	53627a69e873c5d5	Codex	full-20261006	2026-10-06	ICU 72 簡體轉換候選；保留原意；未經使用者接受及母語者審閱；正式採用限制另驗
SHOPTAB#77.3	44fc7f12a916fd0a	商店３	accepted	821cc93a08486156	Codex	full-20261006	2026-10-06	ICU 72 簡體轉換候選；保留原意；未經使用者接受及母語者審閱；正式採用限制另驗
SHOPTAB#77.4	0b2d5cbbe7490515	商店４	accepted	2c7e6087c73a9280	Codex	full-20261006	2026-10-06	ICU 72 簡體轉換候選；保留原意；未經使用者接受及母語者審閱；正式採用限制另驗
SHOPTAB#77.5	47f6bc387e7bcb26	商店５	accepted	e5660bdf1776d61f	Codex	full-20261006	2026-10-06	ICU 72 簡體轉換候選；保留原意；未經使用者接受及母語者審閱；正式採用限制另驗
SHOPTAB#77.6	d3625a6681e4211b	商店６	accepted	1c5e3f1f9cf06b79	Codex	full-20261006	2026-10-06	ICU 72 簡體轉換候選；保留原意；未經使用者接受及母語者審閱；正式採用限制另驗
SHOPTAB#77.7	c339cafeadf6c231	商店７	accepted	07fa01ebd39f4510	Codex	full-20261006	2026-10-06	ICU 72 簡體轉換候選；保留原意；未經使用者接受及母語者審閱；正式採用限制另驗
SHOPTAB#78.0	48985380b7c1f0cd	普鲁大武器店	accepted	67e162c16f00a3c7	Codex	full-20261006	2026-10-06	ICU 72 簡體轉換候選；保留原意；未經使用者接受及母語者審閱；正式採用限制另驗
SHOPTAB#78.1	1896b9a625b33f24	萨知瓦巴斯防具店	accepted	8933293e8e60761f	Codex	full-20261006	2026-10-06	ICU 72 簡體轉換候選；保留原意；未經使用者接受及母語者審閱；正式採用限制另驗
SHOPTAB#78.2	5614c40240c8dd30	塔特诺大契约所	accepted	83e4bbfab7576849	Codex	full-20261006	2026-10-06	ICU 72 簡體轉換候選；保留原意；未經使用者接受及母語者審閱；正式採用限制另驗
SHOPTAB#78.3	9aec382579adaaf0	巴恩狄亚药局	accepted	a83cae3f5fb9aa42	Codex	full-20261006	2026-10-06	ICU 72 簡體轉換候選；保留原意；未經使用者接受及母語者審閱；正式採用限制另驗
SHOPTAB#78.4	09d994f83f7db2ca	特肯知亚道具店	accepted	db970fc3dfb7e93f	Codex	full-20261006	2026-10-06	ICU 72 簡體轉換候選；保留原意；未經使用者接受及母語者審閱；正式採用限制另驗
SHOPTAB#78.5	6126b0ac7266b3a5	萨雷亚奇的酒店	accepted	53613640c699e385	Codex	full-20261006	2026-10-06	ICU 72 簡體轉換候選；保留原意；未經使用者接受及母語者審閱；正式採用限制另驗
SHOPTAB#78.6	d3625a6681e4211b	商店６	accepted	1c5e3f1f9cf06b79	Codex	full-20261006	2026-10-06	ICU 72 簡體轉換候選；保留原意；未經使用者接受及母語者審閱；正式採用限制另驗
SHOPTAB#78.7	c339cafeadf6c231	商店７	accepted	07fa01ebd39f4510	Codex	full-20261006	2026-10-06	ICU 72 簡體轉換候選；保留原意；未經使用者接受及母語者審閱；正式採用限制另驗
SHOPTAB#79.0	84663bb3521c350d	卡尼瓦契约所	accepted	2e4b307e20a1d315	Codex	full-20261006	2026-10-06	ICU 72 簡體轉換候選；保留原意；未經使用者接受及母語者審閱；正式採用限制另驗
SHOPTAB#79.1	14117df9b7fecbe6	寇海狄鲁契约所	accepted	c9cb4829da064f56	Codex	full-20261006	2026-10-06	ICU 72 簡體轉換候選；保留原意；未經使用者接受及母語者審閱；正式採用限制另驗
SHOPTAB#79.2	a00e4d4bfb2216d1	亚拉摩尼大炮店	accepted	c5cbed405b418e5d	Codex	full-20261006	2026-10-06	ICU 72 簡體轉換候選；保留原意；未經使用者接受及母語者審閱；正式採用限制另驗
SHOPTAB#79.3	e1678ef5e22a0b51	杰普拉恩战车店	accepted	8b96b55dc4b0f59d	Codex	full-20261006	2026-10-06	ICU 72 簡體轉換候選；保留原意；未經使用者接受及母語者審閱；正式採用限制另驗
SHOPTAB#79.4	f5df2e1a70cfed69	布伦兰恩市药局	accepted	c53f34cf4af93b94	Codex	full-20261006	2026-10-06	ICU 72 簡體轉換候選；保留原意；未經使用者接受及母語者審閱；正式採用限制另驗
SHOPTAB#79.5	64cb77dbc1f9edac	布伦兰恩市道具店	accepted	2fec8c7ae9ea0916	Codex	full-20261006	2026-10-06	ICU 72 簡體轉換候選；保留原意；未經使用者接受及母語者審閱；正式採用限制另驗
SHOPTAB#79.6	16e95593aeae4cab	基伊普鲁的酒店	accepted	335b10ad84a299e8	Codex	full-20261006	2026-10-06	ICU 72 簡體轉換候選；保留原意；未經使用者接受及母語者審閱；正式採用限制另驗
SHOPTAB#79.7	c339cafeadf6c231	商店７	accepted	07fa01ebd39f4510	Codex	full-20261006	2026-10-06	ICU 72 簡體轉換候選；保留原意；未經使用者接受及母語者審閱；正式採用限制另驗
SHOPTAB#80.0	7777a1b3082ecd75	欧利亚恩武器店	accepted	743d31a6d979b72c	Codex	full-20261006	2026-10-06	ICU 72 簡體轉換候選；保留原意；未經使用者接受及母語者審閱；正式採用限制另驗
SHOPTAB#80.1	89aa42ab444ae4f9	奇西大西鲁防具店	accepted	392e370ff1ae7c46	Codex	full-20261006	2026-10-06	ICU 72 簡體轉換候選；保留原意；未經使用者接受及母語者審閱；正式採用限制另驗
SHOPTAB#80.2	543c0fb838672b97	索米狄伊奈契约所	accepted	ad8cfd8bbb0e8d1c	Codex	full-20261006	2026-10-06	ICU 72 簡體轉換候選；保留原意；未經使用者接受及母語者審閱；正式採用限制另驗
SHOPTAB#80.3	ac62d6197f118df2	亚曼市药局	accepted	f7bc84effa44718d	Codex	full-20261006	2026-10-06	ICU 72 簡體轉換候選；保留原意；未經使用者接受及母語者審閱；正式採用限制另驗
SHOPTAB#80.4	ef927a56014daaa8	亚曼市道具店	accepted	f430665bc11d8960	Codex	full-20261006	2026-10-06	ICU 72 簡體轉換候選；保留原意；未經使用者接受及母語者審閱；正式採用限制另驗
SHOPTAB#80.5	496d2ed8ed422c48	奈塔纳欧的酒店	accepted	618eab71ff070a6b	Codex	full-20261006	2026-10-06	ICU 72 簡體轉換候選；保留原意；未經使用者接受及母語者審閱；正式採用限制另驗
SHOPTAB#80.6	d3625a6681e4211b	商店６	accepted	1c5e3f1f9cf06b79	Codex	full-20261006	2026-10-06	ICU 72 簡體轉換候選；保留原意；未經使用者接受及母語者審閱；正式採用限制另驗
SHOPTAB#80.7	c339cafeadf6c231	商店７	accepted	07fa01ebd39f4510	Codex	full-20261006	2026-10-06	ICU 72 簡體轉換候選；保留原意；未經使用者接受及母語者審閱；正式採用限制另驗
SHOPTAB#81.0	61e5dc35d602601c	狄伊塔普武器店	accepted	ab151f8ebea947f5	Codex	full-20261006	2026-10-06	ICU 72 簡體轉換候選；保留原意；未經使用者接受及母語者審閱；正式採用限制另驗
SHOPTAB#81.1	0be3b85c7ea2c4b3	亚伊摩斯武器店	accepted	a07acf17fb501180	Codex	full-20261006	2026-10-06	ICU 72 簡體轉換候選；保留原意；未經使用者接受及母語者審閱；正式採用限制另驗
SHOPTAB#81.2	553acc12c3735eb8	塔恩狄防具店	accepted	1ea648c24c4fdef2	Codex	full-20261006	2026-10-06	ICU 72 簡體轉換候選；保留原意；未經使用者接受及母語者審閱；正式採用限制另驗
SHOPTAB#81.3	90392ae1949d1d5b	西西之大防具店	accepted	8fecd93fbe2ff3ee	Codex	full-20261006	2026-10-06	ICU 72 簡體轉換候選；保留原意；未經使用者接受及母語者審閱；正式採用限制另驗
SHOPTAB#81.4	39f9495c4203aaeb	盖伊杰契约所	accepted	758c17cd9c9b093e	Codex	full-20261006	2026-10-06	ICU 72 簡體轉換候選；保留原意；未經使用者接受及母語者審閱；正式採用限制另驗
SHOPTAB#81.5	f010a02bfd662644	狄伊里病院	accepted	15f925cd319ac6c6	Codex	full-20261006	2026-10-06	ICU 72 簡體轉換候選；保留原意；未經使用者接受及母語者審閱；正式採用限制另驗
SHOPTAB#81.6	1999c098e8dca640	亚雷依姆航空机	accepted	c31cc7ab003ad093	Codex	full-20261006	2026-10-06	ICU 72 簡體轉換候選；保留原意；未經使用者接受及母語者審閱；正式採用限制另驗
SHOPTAB#81.7	50dea9eda36ccb60	合美斯的酒店	accepted	d9efb1e52522ce97	Codex	full-20261006	2026-10-06	ICU 72 簡體轉換候選；保留原意；未經使用者接受及母語者審閱；正式採用限制另驗
SHOPTAB#82.0	11842774b3884628	阿米伦特要塞的酒店	accepted	fcbb211b1b816429	Codex	full-20261006	2026-10-06	ICU 72 簡體轉換候選；保留原意；未經使用者接受及母語者審閱；正式採用限制另驗
SHOPTAB#82.1	de2f39ceef3f318c	商店１	accepted	22ac564b39ab3444	Codex	full-20261006	2026-10-06	ICU 72 簡體轉換候選；保留原意；未經使用者接受及母語者審閱；正式採用限制另驗
SHOPTAB#82.2	8559054e97b9c24b	商店２	accepted	53627a69e873c5d5	Codex	full-20261006	2026-10-06	ICU 72 簡體轉換候選；保留原意；未經使用者接受及母語者審閱；正式採用限制另驗
SHOPTAB#82.3	44fc7f12a916fd0a	商店３	accepted	821cc93a08486156	Codex	full-20261006	2026-10-06	ICU 72 簡體轉換候選；保留原意；未經使用者接受及母語者審閱；正式採用限制另驗
SHOPTAB#82.4	0b2d5cbbe7490515	商店４	accepted	2c7e6087c73a9280	Codex	full-20261006	2026-10-06	ICU 72 簡體轉換候選；保留原意；未經使用者接受及母語者審閱；正式採用限制另驗
SHOPTAB#82.5	47f6bc387e7bcb26	商店５	accepted	e5660bdf1776d61f	Codex	full-20261006	2026-10-06	ICU 72 簡體轉換候選；保留原意；未經使用者接受及母語者審閱；正式採用限制另驗
SHOPTAB#82.6	d3625a6681e4211b	商店６	accepted	1c5e3f1f9cf06b79	Codex	full-20261006	2026-10-06	ICU 72 簡體轉換候選；保留原意；未經使用者接受及母語者審閱；正式採用限制另驗
SHOPTAB#82.7	c339cafeadf6c231	商店７	accepted	07fa01ebd39f4510	Codex	full-20261006	2026-10-06	ICU 72 簡體轉換候選；保留原意；未經使用者接受及母語者審閱；正式採用限制另驗
SHOPTAB#83.0	f9dac9bfef493fb2	萨斯伊斯武器店	accepted	b0838222488aaf57	Codex	full-20261006	2026-10-06	ICU 72 簡體轉換候選；保留原意；未經使用者接受及母語者審閱；正式採用限制另驗
SHOPTAB#83.1	23d405a7795cbdf8	友特沙芝防具店	accepted	ab9cdbee03a3f722	Codex	full-20261006	2026-10-06	ICU 72 簡體轉換候選；保留原意；未經使用者接受及母語者審閱；正式採用限制另驗
SHOPTAB#83.2	96541a7add360b09	贝利欧卡契约所	accepted	3bf27912405eacae	Codex	full-20261006	2026-10-06	ICU 72 簡體轉換候選；保留原意；未經使用者接受及母語者審閱；正式採用限制另驗
SHOPTAB#83.3	66685ae1ec8f4206	诺奇亚拉契约所	accepted	1eefe1a55b386c98	Codex	full-20261006	2026-10-06	ICU 72 簡體轉換候選；保留原意；未經使用者接受及母語者審閱；正式採用限制另驗
SHOPTAB#83.4	7fd8739d01dccde8	古利亚市药局	accepted	007c0024c319ecfb	Codex	full-20261006	2026-10-06	ICU 72 簡體轉換候選；保留原意；未經使用者接受及母語者審閱；正式採用限制另驗
SHOPTAB#83.5	62b1646c22405ec3	古利亚市道具店	accepted	4ef9fcb868882539	Codex	full-20261006	2026-10-06	ICU 72 簡體轉換候選；保留原意；未經使用者接受及母語者審閱；正式採用限制另驗
SHOPTAB#83.6	9a625ddee9b281ea	利瓦的酒店	accepted	3309e418fcdac83d	Codex	full-20261006	2026-10-06	ICU 72 簡體轉換候選；保留原意；未經使用者接受及母語者審閱；正式採用限制另驗
SHOPTAB#83.7	c339cafeadf6c231	商店７	accepted	07fa01ebd39f4510	Codex	full-20261006	2026-10-06	ICU 72 簡體轉換候選；保留原意；未經使用者接受及母語者審閱；正式採用限制另驗
SHOPTAB#84.0	ad030bc58dbd669f	商店０	accepted	4ae3cd3755885b06	Codex	full-20261006	2026-10-06	ICU 72 簡體轉換候選；保留原意；未經使用者接受及母語者審閱；正式採用限制另驗
SHOPTAB#84.1	de2f39ceef3f318c	商店１	accepted	22ac564b39ab3444	Codex	full-20261006	2026-10-06	ICU 72 簡體轉換候選；保留原意；未經使用者接受及母語者審閱；正式採用限制另驗
SHOPTAB#84.2	8559054e97b9c24b	商店２	accepted	53627a69e873c5d5	Codex	full-20261006	2026-10-06	ICU 72 簡體轉換候選；保留原意；未經使用者接受及母語者審閱；正式採用限制另驗
SHOPTAB#84.3	44fc7f12a916fd0a	商店３	accepted	821cc93a08486156	Codex	full-20261006	2026-10-06	ICU 72 簡體轉換候選；保留原意；未經使用者接受及母語者審閱；正式採用限制另驗
SHOPTAB#84.4	0b2d5cbbe7490515	商店４	accepted	2c7e6087c73a9280	Codex	full-20261006	2026-10-06	ICU 72 簡體轉換候選；保留原意；未經使用者接受及母語者審閱；正式採用限制另驗
SHOPTAB#84.5	47f6bc387e7bcb26	商店５	accepted	e5660bdf1776d61f	Codex	full-20261006	2026-10-06	ICU 72 簡體轉換候選；保留原意；未經使用者接受及母語者審閱；正式採用限制另驗
SHOPTAB#84.6	d3625a6681e4211b	商店６	accepted	1c5e3f1f9cf06b79	Codex	full-20261006	2026-10-06	ICU 72 簡體轉換候選；保留原意；未經使用者接受及母語者審閱；正式採用限制另驗
SHOPTAB#84.7	c339cafeadf6c231	商店７	accepted	07fa01ebd39f4510	Codex	full-20261006	2026-10-06	ICU 72 簡體轉換候選；保留原意；未經使用者接受及母語者審閱；正式採用限制另驗
SHOPTAB#85.0	ad030bc58dbd669f	商店０	accepted	4ae3cd3755885b06	Codex	full-20261006	2026-10-06	ICU 72 簡體轉換候選；保留原意；未經使用者接受及母語者審閱；正式採用限制另驗
SHOPTAB#85.1	de2f39ceef3f318c	商店１	accepted	22ac564b39ab3444	Codex	full-20261006	2026-10-06	ICU 72 簡體轉換候選；保留原意；未經使用者接受及母語者審閱；正式採用限制另驗
SHOPTAB#85.2	8559054e97b9c24b	商店２	accepted	53627a69e873c5d5	Codex	full-20261006	2026-10-06	ICU 72 簡體轉換候選；保留原意；未經使用者接受及母語者審閱；正式採用限制另驗
SHOPTAB#85.3	44fc7f12a916fd0a	商店３	accepted	821cc93a08486156	Codex	full-20261006	2026-10-06	ICU 72 簡體轉換候選；保留原意；未經使用者接受及母語者審閱；正式採用限制另驗
SHOPTAB#85.4	0b2d5cbbe7490515	商店４	accepted	2c7e6087c73a9280	Codex	full-20261006	2026-10-06	ICU 72 簡體轉換候選；保留原意；未經使用者接受及母語者審閱；正式採用限制另驗
SHOPTAB#85.5	47f6bc387e7bcb26	商店５	accepted	e5660bdf1776d61f	Codex	full-20261006	2026-10-06	ICU 72 簡體轉換候選；保留原意；未經使用者接受及母語者審閱；正式採用限制另驗
SHOPTAB#85.6	d3625a6681e4211b	商店６	accepted	1c5e3f1f9cf06b79	Codex	full-20261006	2026-10-06	ICU 72 簡體轉換候選；保留原意；未經使用者接受及母語者審閱；正式採用限制另驗
SHOPTAB#85.7	c339cafeadf6c231	商店７	accepted	07fa01ebd39f4510	Codex	full-20261006	2026-10-06	ICU 72 簡體轉換候選；保留原意；未經使用者接受及母語者審閱；正式採用限制另驗
SHOPTAB#86.0	ad030bc58dbd669f	商店０	accepted	4ae3cd3755885b06	Codex	full-20261006	2026-10-06	ICU 72 簡體轉換候選；保留原意；未經使用者接受及母語者審閱；正式採用限制另驗
SHOPTAB#86.1	de2f39ceef3f318c	商店１	accepted	22ac564b39ab3444	Codex	full-20261006	2026-10-06	ICU 72 簡體轉換候選；保留原意；未經使用者接受及母語者審閱；正式採用限制另驗
SHOPTAB#86.2	8559054e97b9c24b	商店２	accepted	53627a69e873c5d5	Codex	full-20261006	2026-10-06	ICU 72 簡體轉換候選；保留原意；未經使用者接受及母語者審閱；正式採用限制另驗
SHOPTAB#86.3	44fc7f12a916fd0a	商店３	accepted	821cc93a08486156	Codex	full-20261006	2026-10-06	ICU 72 簡體轉換候選；保留原意；未經使用者接受及母語者審閱；正式採用限制另驗
SHOPTAB#86.4	0b2d5cbbe7490515	商店４	accepted	2c7e6087c73a9280	Codex	full-20261006	2026-10-06	ICU 72 簡體轉換候選；保留原意；未經使用者接受及母語者審閱；正式採用限制另驗
SHOPTAB#86.5	47f6bc387e7bcb26	商店５	accepted	e5660bdf1776d61f	Codex	full-20261006	2026-10-06	ICU 72 簡體轉換候選；保留原意；未經使用者接受及母語者審閱；正式採用限制另驗
SHOPTAB#86.6	d3625a6681e4211b	商店６	accepted	1c5e3f1f9cf06b79	Codex	full-20261006	2026-10-06	ICU 72 簡體轉換候選；保留原意；未經使用者接受及母語者審閱；正式採用限制另驗
SHOPTAB#86.7	c339cafeadf6c231	商店７	accepted	07fa01ebd39f4510	Codex	full-20261006	2026-10-06	ICU 72 簡體轉換候選；保留原意；未經使用者接受及母語者審閱；正式採用限制另驗
SHOPTAB#87.0	24bd7cf7beb1733d	美卡萨特武器店	accepted	7883c2afd84abb25	Codex	full-20261006	2026-10-06	ICU 72 簡體轉換候選；保留原意；未經使用者接受及母語者審閱；正式採用限制另驗
SHOPTAB#87.1	fc67f9c710e1f7ba	希亚屈鲁防具店	accepted	ae17e2352b8c53f3	Codex	full-20261006	2026-10-06	ICU 72 簡體轉換候選；保留原意；未經使用者接受及母語者審閱；正式採用限制另驗
SHOPTAB#87.2	266baa2f40f67b42	姆雷西恩药局	accepted	e2b73d4953b0b5b4	Codex	full-20261006	2026-10-06	ICU 72 簡體轉換候選；保留原意；未經使用者接受及母語者審閱；正式採用限制另驗
SHOPTAB#87.3	c8eb2afddb17b4e4	又利卡瓦的酒店	accepted	8b59717bf66e9d5a	Codex	full-20261006	2026-10-06	ICU 72 簡體轉換候選；保留原意；未經使用者接受及母語者審閱；正式採用限制另驗
SHOPTAB#87.4	0b2d5cbbe7490515	商店４	accepted	2c7e6087c73a9280	Codex	full-20261006	2026-10-06	ICU 72 簡體轉換候選；保留原意；未經使用者接受及母語者審閱；正式採用限制另驗
SHOPTAB#87.5	47f6bc387e7bcb26	商店５	accepted	e5660bdf1776d61f	Codex	full-20261006	2026-10-06	ICU 72 簡體轉換候選；保留原意；未經使用者接受及母語者審閱；正式採用限制另驗
SHOPTAB#87.6	d3625a6681e4211b	商店６	accepted	1c5e3f1f9cf06b79	Codex	full-20261006	2026-10-06	ICU 72 簡體轉換候選；保留原意；未經使用者接受及母語者審閱；正式採用限制另驗
SHOPTAB#87.7	c339cafeadf6c231	商店７	accepted	07fa01ebd39f4510	Codex	full-20261006	2026-10-06	ICU 72 簡體轉換候選；保留原意；未經使用者接受及母語者審閱；正式採用限制另驗
SHOPTAB#88.0	ad030bc58dbd669f	商店０	accepted	4ae3cd3755885b06	Codex	full-20261006	2026-10-06	ICU 72 簡體轉換候選；保留原意；未經使用者接受及母語者審閱；正式採用限制另驗
SHOPTAB#88.1	de2f39ceef3f318c	商店１	accepted	22ac564b39ab3444	Codex	full-20261006	2026-10-06	ICU 72 簡體轉換候選；保留原意；未經使用者接受及母語者審閱；正式採用限制另驗
SHOPTAB#88.2	8559054e97b9c24b	商店２	accepted	53627a69e873c5d5	Codex	full-20261006	2026-10-06	ICU 72 簡體轉換候選；保留原意；未經使用者接受及母語者審閱；正式採用限制另驗
SHOPTAB#88.3	44fc7f12a916fd0a	商店３	accepted	821cc93a08486156	Codex	full-20261006	2026-10-06	ICU 72 簡體轉換候選；保留原意；未經使用者接受及母語者審閱；正式採用限制另驗
SHOPTAB#88.4	0b2d5cbbe7490515	商店４	accepted	2c7e6087c73a9280	Codex	full-20261006	2026-10-06	ICU 72 簡體轉換候選；保留原意；未經使用者接受及母語者審閱；正式採用限制另驗
SHOPTAB#88.5	47f6bc387e7bcb26	商店５	accepted	e5660bdf1776d61f	Codex	full-20261006	2026-10-06	ICU 72 簡體轉換候選；保留原意；未經使用者接受及母語者審閱；正式採用限制另驗
SHOPTAB#88.6	d3625a6681e4211b	商店６	accepted	1c5e3f1f9cf06b79	Codex	full-20261006	2026-10-06	ICU 72 簡體轉換候選；保留原意；未經使用者接受及母語者審閱；正式採用限制另驗
SHOPTAB#88.7	c339cafeadf6c231	商店７	accepted	07fa01ebd39f4510	Codex	full-20261006	2026-10-06	ICU 72 簡體轉換候選；保留原意；未經使用者接受及母語者審閱；正式採用限制另驗
SHOPTAB#89.0	5e750bacb95adc7b	伊塔贝鲁大炮店	accepted	cd63fd8363daf22b	Codex	full-20261006	2026-10-06	ICU 72 簡體轉換候選；保留原意；未經使用者接受及母語者審閱；正式採用限制另驗
SHOPTAB#89.1	b167a6f156d29231	伊特西鲁大炮店	accepted	7470edd9f767db42	Codex	full-20261006	2026-10-06	ICU 72 簡體轉換候選；保留原意；未經使用者接受及母語者審閱；正式採用限制另驗
SHOPTAB#89.2	267bcf7ccf8b0243	美利撒雷伊大炮店	accepted	b83fe2b5300921c1	Codex	full-20261006	2026-10-06	ICU 72 簡體轉換候選；保留原意；未經使用者接受及母語者審閱；正式採用限制另驗
SHOPTAB#89.3	2dcc407215fe9d67	迪乃支盖大炮店	accepted	319ba5f7a0fe54c7	Codex	full-20261006	2026-10-06	ICU 72 簡體轉換候選；保留原意；未經使用者接受及母語者審閱；正式採用限制另驗
SHOPTAB#89.4	00fa1e5da67c8b1d	德莎伊大炮店	accepted	3d416c1193c26ebb	Codex	full-20261006	2026-10-06	ICU 72 簡體轉換候選；保留原意；未經使用者接受及母語者審閱；正式採用限制另驗
SHOPTAB#89.5	b54698e0fdbdf83c	卡及伊大炮店	accepted	6e5d99f6492fc432	Codex	full-20261006	2026-10-06	ICU 72 簡體轉換候選；保留原意；未經使用者接受及母語者審閱；正式採用限制另驗
SHOPTAB#89.6	3ed8f5327471df20	洛利伊欧斯大炮店	accepted	55ca524fc9ab9ff0	Codex	full-20261006	2026-10-06	ICU 72 簡體轉換候選；保留原意；未經使用者接受及母語者審閱；正式採用限制另驗
SHOPTAB#89.7	c389bd28733c10bf	阿基亚斯的酒店	accepted	7ae5fe37172a72fc	Codex	full-20261006	2026-10-06	ICU 72 簡體轉換候選；保留原意；未經使用者接受及母語者審閱；正式採用限制另驗
SHOPTAB#90.0	25b25334999e4c66	洛立卡帝亚航空机	accepted	db9489334222e2a7	Codex	full-20261006	2026-10-06	ICU 72 簡體轉換候選；保留原意；未經使用者接受及母語者審閱；正式採用限制另驗
SHOPTAB#90.1	b29498a34648dc7f	拉特奇肯航空机	accepted	8c71644fd1a79969	Codex	full-20261006	2026-10-06	ICU 72 簡體轉換候選；保留原意；未經使用者接受及母語者審閱；正式採用限制另驗
SHOPTAB#90.2	36a881447d119894	玛立亚皆航空机	accepted	4ab165a9ec04845f	Codex	full-20261006	2026-10-06	ICU 72 簡體轉換候選；保留原意；未經使用者接受及母語者審閱；正式採用限制另驗
SHOPTAB#90.3	c2c6ac9eafb50f8c	纳古伊特航空机	accepted	6d11a14ec952de36	Codex	full-20261006	2026-10-06	ICU 72 簡體轉換候選；保留原意；未經使用者接受及母語者審閱；正式採用限制另驗
SHOPTAB#90.4	7d28c2f731aa0f98	巴西伊贝航空机	accepted	7778d30127187f9b	Codex	full-20261006	2026-10-06	ICU 72 簡體轉換候選；保留原意；未經使用者接受及母語者審閱；正式採用限制另驗
SHOPTAB#90.5	912c4989c16da543	迪纳欧亚欧航空机	accepted	fffef1648cac15d2	Codex	full-20261006	2026-10-06	ICU 72 簡體轉換候選；保留原意；未經使用者接受及母語者審閱；正式採用限制另驗
SHOPTAB#90.6	9afe944a8504dff1	拉吉亚斯航空机	accepted	0210f828348cde52	Codex	full-20261006	2026-10-06	ICU 72 簡體轉換候選；保留原意；未經使用者接受及母語者審閱；正式採用限制另驗
SHOPTAB#90.7	ad28a76d4e6856e3	可西比伊诺的酒店	accepted	ac422e3d3be5e807	Codex	full-20261006	2026-10-06	ICU 72 簡體轉換候選；保留原意；未經使用者接受及母語者審閱；正式採用限制另驗
SHOPTAB#91.0	50554d2353b4a018	洛奇利大的战车店	accepted	e406002de6a18dfd	Codex	full-20261006	2026-10-06	ICU 72 簡體轉換候選；保留原意；未經使用者接受及母語者審閱；正式採用限制另驗
SHOPTAB#91.1	89fd3cc7e278652a	凯瓦纳伊的战车店	accepted	5a03f8a505a41a59	Codex	full-20261006	2026-10-06	ICU 72 簡體轉換候選；保留原意；未經使用者接受及母語者審閱；正式採用限制另驗
SHOPTAB#91.2	59b12ecc3092c8fe	纳西姆斯的战车店	accepted	89ce0d0d2d0490f1	Codex	full-20261006	2026-10-06	ICU 72 簡體轉換候選；保留原意；未經使用者接受及母語者審閱；正式採用限制另驗
SHOPTAB#91.3	dc905545b5b547e4	依姆柏伊的战车店	accepted	ea221f0c4ea63806	Codex	full-20261006	2026-10-06	ICU 72 簡體轉換候選；保留原意；未經使用者接受及母語者審閱；正式採用限制另驗
SHOPTAB#91.4	87ac619c25e3ca56	鲁诺伊杰的战车店	accepted	b0d9ac624d079bb7	Codex	full-20261006	2026-10-06	ICU 72 簡體轉換候選；保留原意；未經使用者接受及母語者審閱；正式採用限制另驗
SHOPTAB#91.5	f1c5d241078fd1bf	拉知西纳的战车店	accepted	19cc633592a62896	Codex	full-20261006	2026-10-06	ICU 72 簡體轉換候選；保留原意；未經使用者接受及母語者審閱；正式採用限制另驗
SHOPTAB#91.6	4ad8bc359f2e8aab	阿落尼伊的战车店	accepted	4fbbcf3214605cf8	Codex	full-20261006	2026-10-06	ICU 72 簡體轉換候選；保留原意；未經使用者接受及母語者審閱；正式採用限制另驗
SHOPTAB#91.7	9c3ce0bdefa9baee	希迪寐斯的酒店	accepted	e7e3e767b8f9c322	Codex	full-20261006	2026-10-06	ICU 72 簡體轉換候選；保留原意；未經使用者接受及母語者審閱；正式採用限制另驗
SHOPTAB#92.0	a3ea17ceec99b11b	罗米予洛药局	accepted	22dab1bf589ca249	Codex	full-20261006	2026-10-06	ICU 72 簡體轉換候選；保留原意；未經使用者接受及母語者審閱；正式採用限制另驗
SHOPTAB#92.1	6425080bdb1698a3	哈利利杰药局	accepted	8d49e624ef127249	Codex	full-20261006	2026-10-06	ICU 72 簡體轉換候選；保留原意；未經使用者接受及母語者審閱；正式採用限制另驗
SHOPTAB#92.2	469c57fe42f28ffa	狄亚迪羽鲁道具店	accepted	a752bf50881ea109	Codex	full-20261006	2026-10-06	ICU 72 簡體轉換候選；保留原意；未經使用者接受及母語者審閱；正式採用限制另驗
SHOPTAB#92.3	dc996a3a5aa19ed3	倚大奇亚道具店	accepted	20d2e2fc1cca41c9	Codex	full-20261006	2026-10-06	ICU 72 簡體轉換候選；保留原意；未經使用者接受及母語者審閱；正式採用限制另驗
SHOPTAB#92.4	2e4f311af1ef6cc0	塔羽贝道具店	accepted	3bb03e1b977b31ba	Codex	full-20261006	2026-10-06	ICU 72 簡體轉換候選；保留原意；未經使用者接受及母語者審閱；正式採用限制另驗
SHOPTAB#92.5	9b9a677001ca9bf5	鲁贝瓦斯道具店	accepted	272384af09c03ab8	Codex	full-20261006	2026-10-06	ICU 72 簡體轉換候選；保留原意；未經使用者接受及母語者審閱；正式採用限制另驗
SHOPTAB#92.6	ae476636622c4661	比艾鲁卡病院	accepted	404f886acb8a681d	Codex	full-20261006	2026-10-06	ICU 72 簡體轉換候選；保留原意；未經使用者接受及母語者審閱；正式採用限制另驗
SHOPTAB#92.7	621876a3f47cb4ff	卡特艾恩的酒店	accepted	a23df102802d373b	Codex	full-20261006	2026-10-06	ICU 72 簡體轉換候選；保留原意；未經使用者接受及母語者審閱；正式採用限制另驗
SHOPTAB#93.0	3d8d3e2e16851d7d	沙拉之艾塔契约所	accepted	c7272be2009453c2	Codex	full-20261006	2026-10-06	ICU 72 簡體轉換候選；保留原意；未經使用者接受及母語者審閱；正式採用限制另驗
SHOPTAB#93.1	d3e35748abc1c45c	塔塔比鲁契约所	accepted	0f78b8a16106bf16	Codex	full-20261006	2026-10-06	ICU 72 簡體轉換候選；保留原意；未經使用者接受及母語者審閱；正式採用限制另驗
SHOPTAB#93.2	439e979dec216b36	哈巴希契约所	accepted	42a18323b4e2bc6b	Codex	full-20261006	2026-10-06	ICU 72 簡體轉換候選；保留原意；未經使用者接受及母語者審閱；正式採用限制另驗
SHOPTAB#93.3	e966452978db3da9	美雷奈契约所	accepted	28f8b709cacf9d81	Codex	full-20261006	2026-10-06	ICU 72 簡體轉換候選；保留原意；未經使用者接受及母語者審閱；正式採用限制另驗
SHOPTAB#93.4	a47f6ab75f242dd1	迪雷塔依恩契约所	accepted	d53e4125f2fb64fa	Codex	full-20261006	2026-10-06	ICU 72 簡體轉換候選；保留原意；未經使用者接受及母語者審閱；正式採用限制另驗
SHOPTAB#93.5	3a996b58d6eb4000	扎洛塔摩契约所	accepted	5bd0c95ed63fdf87	Codex	full-20261006	2026-10-06	ICU 72 簡體轉換候選；保留原意；未經使用者接受及母語者審閱；正式採用限制另驗
SHOPTAB#93.6	53320cb30ef7d749	拉姆洛病院	accepted	89a472ab16c9f1e8	Codex	full-20261006	2026-10-06	ICU 72 簡體轉換候選；保留原意；未經使用者接受及母語者審閱；正式採用限制另驗
SHOPTAB#93.7	81ddee94746383db	伊大艾斯洛的酒店	accepted	e321032f07d9e82c	Codex	full-20261006	2026-10-06	ICU 72 簡體轉換候選；保留原意；未經使用者接受及母語者審閱；正式採用限制另驗
SHOPTAB#94.0	ea8b43927ca0072e	卡德知希盖契约所	accepted	52d7669251829f4f	Codex	full-20261006	2026-10-06	ICU 72 簡體轉換候選；保留原意；未經使用者接受及母語者審閱；正式採用限制另驗
SHOPTAB#94.1	82f941e003704678	拉巴奈伦塔契约所	accepted	ac025b5b9f824f1a	Codex	full-20261006	2026-10-06	ICU 72 簡體轉換候選；保留原意；未經使用者接受及母語者審閱；正式採用限制另驗
SHOPTAB#94.2	5f976061dd886dbf	古伦斯达亚契约所	accepted	bc9fc575b27196dc	Codex	full-20261006	2026-10-06	ICU 72 簡體轉換候選；保留原意；未經使用者接受及母語者審閱；正式採用限制另驗
SHOPTAB#94.3	0fde96b74160985b	贝鲁契约所	accepted	45c118ba80b238e5	Codex	full-20261006	2026-10-06	ICU 72 簡體轉換候選；保留原意；未經使用者接受及母語者審閱；正式採用限制另驗
SHOPTAB#94.4	21f12fe1b8ae16bb	所亚特恩契约所	accepted	e0db7856ddf81d37	Codex	full-20261006	2026-10-06	ICU 72 簡體轉換候選；保留原意；未經使用者接受及母語者審閱；正式採用限制另驗
SHOPTAB#94.5	c2fe7010e8ad40df	夫拉肯恩契约所	accepted	8dfcb1aae40f9352	Codex	full-20261006	2026-10-06	ICU 72 簡體轉換候選；保留原意；未經使用者接受及母語者審閱；正式採用限制另驗
SHOPTAB#94.6	7856b2f93cd09b05	雷耶亚病院	accepted	82c48bf3a94a287a	Codex	full-20261006	2026-10-06	ICU 72 簡體轉換候選；保留原意；未經使用者接受及母語者審閱；正式採用限制另驗
SHOPTAB#94.7	f6916d1fc40f0484	卡得达鲁酒店	accepted	78eb0ccd344ee2ae	Codex	full-20261006	2026-10-06	ICU 72 簡體轉換候選；保留原意；未經使用者接受及母語者審閱；正式採用限制另驗
SHOPTAB#95.0	b9228e1de3159168	伦哲鲁法防具店	accepted	0b2947274c728692	Codex	full-20261006	2026-10-06	ICU 72 簡體轉換候選；保留原意；未經使用者接受及母語者審閱；正式採用限制另驗
SHOPTAB#95.1	c482bb0ab0246025	伦依哈鲁法防具店	accepted	07cfc6995a253649	Codex	full-20261006	2026-10-06	ICU 72 簡體轉換候選；保留原意；未經使用者接受及母語者審閱；正式採用限制另驗
SHOPTAB#95.2	bd728df45f3b0616	艾鲁玛狄斯防具店	accepted	0b6c331b6fdc3926	Codex	full-20261006	2026-10-06	ICU 72 簡體轉換候選；保留原意；未經使用者接受及母語者審閱；正式採用限制另驗
SHOPTAB#95.3	a5b79db9b4bc4bc5	德奇古鲁诺防具店	accepted	0bbb26f462f5bd0e	Codex	full-20261006	2026-10-06	ICU 72 簡體轉換候選；保留原意；未經使用者接受及母語者審閱；正式採用限制另驗
SHOPTAB#95.4	56804641671db671	普伦玛奇斯防具店	accepted	1eba4f012255d5b1	Codex	full-20261006	2026-10-06	ICU 72 簡體轉換候選；保留原意；未經使用者接受及母語者審閱；正式採用限制另驗
SHOPTAB#95.5	680fc76ccbfe90b0	奇西萨防具店	accepted	d29c02e666eb9ca9	Codex	full-20261006	2026-10-06	ICU 72 簡體轉換候選；保留原意；未經使用者接受及母語者審閱；正式採用限制另驗
SHOPTAB#95.6	398cb06bea413f99	塞依奈尔防具店	accepted	304dcad508528297	Codex	full-20261006	2026-10-06	ICU 72 簡體轉換候選；保留原意；未經使用者接受及母語者審閱；正式採用限制另驗
SHOPTAB#95.7	8bffdfe757aa8918	哈伦斯克特酒店	accepted	27f4309b50d6f683	Codex	full-20261006	2026-10-06	ICU 72 簡體轉換候選；保留原意；未經使用者接受及母語者審閱；正式採用限制另驗
SHOPTAB#96.0	e6988455a38b24e0	塞依奈尔武器店	accepted	bce34866d1035ae2	Codex	full-20261006	2026-10-06	ICU 72 簡體轉換候選；保留原意；未經使用者接受及母語者審閱；正式採用限制另驗
SHOPTAB#96.1	a5d87024426effaf	古鲁洛恩尼克武器店　	accepted	5758dd03441e16e5	Codex	full-20261006	2026-10-06	ICU 72 簡體轉換候選；保留原意；未經使用者接受及母語者審閱；正式採用限制另驗
SHOPTAB#96.2	18aea4b0e45da252	赫利巴伦武器店　	accepted	124973abc606735e	Codex	full-20261006	2026-10-06	ICU 72 簡體轉換候選；保留原意；未經使用者接受及母語者審閱；正式採用限制另驗
SHOPTAB#96.3	5152dcfdf1a03f6b	鲁西鲁武器店　	accepted	680131fdc1ad4937	Codex	full-20261006	2026-10-06	ICU 72 簡體轉換候選；保留原意；未經使用者接受及母語者審閱；正式採用限制另驗
SHOPTAB#96.4	3cbb8407b10a14eb	鲁狄斯武器店　　	accepted	232bdf05a067d60e	Codex	full-20261006	2026-10-06	ICU 72 簡體轉換候選；保留原意；未經使用者接受及母語者審閱；正式採用限制另驗
SHOPTAB#96.5	79635d8651a8e682	巴雷恩戴尔武器店　	accepted	af78970e439cfeea	Codex	full-20261006	2026-10-06	ICU 72 簡體轉換候選；保留原意；未經使用者接受及母語者審閱；正式採用限制另驗
SHOPTAB#96.6	3ccafdbc43545a1b	拉美狄武器店　　	accepted	269b3b39ab4dcef6	Codex	full-20261006	2026-10-06	ICU 72 簡體轉換候選；保留原意；未經使用者接受及母語者審閱；正式採用限制另驗
SHOPTAB#96.7	27490d88f9827130	塞依史鲁酒店　　	accepted	69d71abdaafbab25	Codex	full-20261006	2026-10-06	ICU 72 簡體轉換候選；保留原意；未經使用者接受及母語者審閱；正式採用限制另驗
SHOPTAB#97.0	7356d28340b8b50d	裘特武器店　　　	accepted	e8ba5c3621490fe0	Codex	full-20261006	2026-10-06	ICU 72 簡體轉換候選；保留原意；未經使用者接受及母語者審閱；正式採用限制另驗
SHOPTAB#97.1	e22bfb205f86a628	布拉特防具店　　　	accepted	7f9f764acb40c0e8	Codex	full-20261006	2026-10-06	ICU 72 簡體轉換候選；保留原意；未經使用者接受及母語者審閱；正式採用限制另驗
SHOPTAB#97.2	bbcb054046bcc8a5	鲁雷德摩契约所	accepted	a7df3dd036687f45	Codex	full-20261006	2026-10-06	ICU 72 簡體轉換候選；保留原意；未經使用者接受及母語者審閱；正式採用限制另驗
SHOPTAB#97.3	f860f8489aa71d0f	利玛斯诺飞行机	accepted	3404fcdd52d9db0f	Codex	full-20261006	2026-10-06	ICU 72 簡體轉換候選；保留原意；未經使用者接受及母語者審閱；正式採用限制另驗
SHOPTAB#97.4	14d8d137710f0078	奈达诺战车店	accepted	e3bdd294b970dfa7	Codex	full-20261006	2026-10-06	ICU 72 簡體轉換候選；保留原意；未經使用者接受及母語者審閱；正式採用限制另驗
SHOPTAB#97.5	7ed3e525379b4c6d	邦恩达大炮店　　	accepted	2a3ece65846cc01e	Codex	full-20261006	2026-10-06	ICU 72 簡體轉換候選；保留原意；未經使用者接受及母語者審閱；正式採用限制另驗
SHOPTAB#97.6	a7344617d2d7707f	利达卡病院	accepted	4716a527eab02c7c	Codex	full-20261006	2026-10-06	ICU 72 簡體轉換候選；保留原意；未經使用者接受及母語者審閱；正式採用限制另驗
SHOPTAB#97.7	7a6e5eddbc3a934c	沙德摩酒店　　	accepted	f80609e348234e71	Codex	full-20261006	2026-10-06	ICU 72 簡體轉換候選；保留原意；未經使用者接受及母語者審閱；正式採用限制另驗
SHOPTAB#98.0	ad030bc58dbd669f	商店０	accepted	4ae3cd3755885b06	Codex	full-20261006	2026-10-06	ICU 72 簡體轉換候選；保留原意；未經使用者接受及母語者審閱；正式採用限制另驗
SHOPTAB#98.1	de2f39ceef3f318c	商店１	accepted	22ac564b39ab3444	Codex	full-20261006	2026-10-06	ICU 72 簡體轉換候選；保留原意；未經使用者接受及母語者審閱；正式採用限制另驗
SHOPTAB#98.2	8559054e97b9c24b	商店２	accepted	53627a69e873c5d5	Codex	full-20261006	2026-10-06	ICU 72 簡體轉換候選；保留原意；未經使用者接受及母語者審閱；正式採用限制另驗
SHOPTAB#98.3	44fc7f12a916fd0a	商店３	accepted	821cc93a08486156	Codex	full-20261006	2026-10-06	ICU 72 簡體轉換候選；保留原意；未經使用者接受及母語者審閱；正式採用限制另驗
SHOPTAB#98.4	0b2d5cbbe7490515	商店４	accepted	2c7e6087c73a9280	Codex	full-20261006	2026-10-06	ICU 72 簡體轉換候選；保留原意；未經使用者接受及母語者審閱；正式採用限制另驗
SHOPTAB#98.5	47f6bc387e7bcb26	商店５	accepted	e5660bdf1776d61f	Codex	full-20261006	2026-10-06	ICU 72 簡體轉換候選；保留原意；未經使用者接受及母語者審閱；正式採用限制另驗
SHOPTAB#98.6	d3625a6681e4211b	商店６	accepted	1c5e3f1f9cf06b79	Codex	full-20261006	2026-10-06	ICU 72 簡體轉換候選；保留原意；未經使用者接受及母語者審閱；正式採用限制另驗
SHOPTAB#98.7	c339cafeadf6c231	商店７	accepted	07fa01ebd39f4510	Codex	full-20261006	2026-10-06	ICU 72 簡體轉換候選；保留原意；未經使用者接受及母語者審閱；正式採用限制另驗
